image_index,area,box,file
443,2295,329-138-45-50,cache/1756274247592.png
443,4034,135-86-63-63,cache/1756274247642.png
443,2323,77-130-48-47,cache/1756274247651.png
101,837,141-96-28-29,cache/1756274247932.png
101,1927,260-119-42-45,cache/1756274247942.png
101,9932,306-97-98-101,cache/1756274247950.png
101,546,296-113-17-30,cache/1756274247960.png
168,4825,279-95-68-70,cache/1756274248269.png
168,1850,133-185-42-43,cache/1756274248276.png
168,2995,356-146-54-55,cache/1756274248283.png
168,1095,92-117-33-33,cache/1756274248289.png
168,8973,207-116-83-107,cache/1756274248295.png
168,6554,121-54-82-79,cache/1756274248301.png
168,9122,388-94-91-99,cache/1756274248307.png
168,4263,240-41-62-67,cache/1756274248314.png
168,957,192-108-30-31,cache/1756274248320.png
168,778,219-84-27-28,cache/1756274248326.png
830,6678,97-151-81-81,cache/1756274248599.png
830,4774,180-51-67-70,cache/1756274248606.png
830,2729,363-151-52-52,cache/1756274248613.png
830,5344,79-75-68-78,cache/1756274248620.png
830,1619,277-139-35-45,cache/1756274248625.png
830,1984,388-128-46-42,cache/1756274248631.png
830,1043,245-93-28-36,cache/1756274248637.png
807,7530,152-175-86-87,cache/1756274249008.png
807,1799,353-126-42-42,cache/1756274249015.png
807,7876,195-108-83-94,cache/1756274249020.png
807,860,304-107-29-29,cache/1756274249026.png
807,1322,276-86-35-37,cache/1756274249032.png
288,6225,329-114-79-78,cache/1756274249336.png
288,1846,130-184-42-43,cache/1756274249347.png
288,2796,24-125-52-52,cache/1756274249353.png
288,5951,271-62-69-85,cache/1756274249359.png
288,889,145-84-29-30,cache/1756274249364.png
288,2910,276-191-47-61,cache/1756274249371.png
288,2429,75-155-45-53,cache/1756274249377.png
288,920,184-91-30-30,cache/1756274249382.png
288,1061,206-69-29-36,cache/1756274249387.png
288,1536,224-112-34-44,cache/1756274249392.png
240,16010,105-145-118-134,cache/1756274249714.png
240,1108,95-120-33-33,cache/1756274249723.png
240,8967,290-117-85-105,cache/1756274249729.png
240,9051,168-104-91-98,cache/1756274249736.png
240,4589,198-41-69-66,cache/1756274249743.png
240,4072,224-76-62-65,cache/1756274249749.png
240,817,271-80-23-35,cache/1756274249755.png
240,6736,353-84-74-90,cache/1756274249779.png
111,9610,42-86-100-95,cache/1756274250152.png
111,3820,293-69-61-61,cache/1756274250160.png
111,3368,142-59-57-58,cache/1756274250166.png
111,11304,286-138-95-118,cache/1756274250172.png
111,1029,226-67-30-33,cache/1756274250178.png
111,7604,352-95-79-95,cache/1756274250183.png
111,2359,171-171-42-55,cache/1756274250190.png
356,6103,312-114-78-77,cache/1756274250469.png
356,6858,146-62-79-85,cache/1756274250475.png
356,2599,55-121-52-49,cache/1756274250481.png
356,2002,231-112-43-46,cache/1756274250487.png
356,2346,267-165-42-55,cache/1756274250492.png
934,5245,14-96-74-70,cache/1756274250796.png
934,6115,111-120-78-78,cache/1756274250803.png
934,7348,302-91-78-93,cache/1756274250809.png
934,5663,159-73-67-83,cache/1756274250814.png
934,982,225-84-26-36,cache/1756274250820.png
749,8445,53-81-89-94,cache/1756274251112.png
749,4745,153-103-68-69,cache/1756274251121.png
749,4197,369-89-64-65,cache/1756274251126.png
749,1495,130-175-38-38,cache/1756274251131.png
749,6947,248-154-82-83,cache/1756274251136.png
749,7947,308-105-80-99,cache/1756274251142.png
749,5256,231-70-64-81,cache/1756274251148.png
753,6590,299-85-74-88,cache/1756274251427.png
753,4367,215-40-63-68,cache/1756274251434.png
753,9635,98-96-83-115,cache/1756274251439.png
753,2201,192-165-40-54,cache/1756274251444.png
753,472,132-96-29-16,cache/1756274251449.png
119,2467,314-143-48-50,cache/1756274251745.png
119,9805,126-114-93-105,cache/1756274251752.png
119,7295,210-78-79-92,cache/1756274251757.png
119,3231,255-49-56-56,cache/1756274251762.png
119,609,139-102-30-19,cache/1756274251767.png
119,813,214-64-27-29,cache/1756274251771.png
445,15098,120-145-114-132,cache/1756274252049.png
445,1397,232-181-33-41,cache/1756274252058.png
445,878,275-97-29-29,cache/1756274252064.png
333,979,150-102-31-31,cache/1756274252353.png
333,2412,307-122-47-50,cache/1756274252360.png
333,2307,375-150-44-51,cache/1756274252365.png
333,2430,253-171-43-56,cache/1756274252369.png
333,2216,148-158-41-53,cache/1756274252382.png
333,2168,207-113-45-47,cache/1756274252387.png
333,1327,195-70-35-36,cache/1756274252392.png
333,1332,272-85-35-38,cache/1756274252397.png
333,8384,34-94-86-97,cache/1756274252401.png
333,1205,237-91-30-39,cache/1756274252407.png
530,6276,110-123-79-79,cache/1756274252700.png
530,3547,232-203-54-65,cache/1756274252708.png
530,3370,295-177-56-59,cache/1756274252713.png
530,1182,40-124-34-34,cache/1756274252718.png
530,5897,348-73-72-81,cache/1756274252723.png
530,859,203-74-26-32,cache/1756274252728.png
530,1252,325-140-35-35,cache/1756274252733.png
530,1249,108-99-32-38,cache/1756274252738.png
530,754,178-87-27-27,cache/1756274252743.png
323,11403,341-114-102-111,cache/1756274253036.png
323,4970,214-36-70-70,cache/1756274253043.png
323,1593,273-180-39-40,cache/1756274253048.png
323,1214,302-93-32-37,cache/1756274253053.png
323,5644,72-70-69-80,cache/1756274253058.png
323,13154,124-171-100-131,cache/1756274253064.png
323,6471,381-89-74-86,cache/1756274253070.png
323,756,256-86-27-27,cache/1756274253076.png
323,1656,136-128-36-45,cache/1756274253080.png
832,4760,199-239-61-77,cache/1756274253391.png
832,7021,131-134-83-84,cache/1756274253400.png
832,2675,392-130-53-49,cache/1756274253405.png
832,6879,61-75-77-89,cache/1756274253410.png
832,1076,236-76-29-36,cache/1756274253415.png
832,1345,303-95-33-40,cache/1756274253420.png
832,2031,288-145-39-51,cache/1756274253425.png
832,5094,125-53-65-78,cache/1756274253430.png
174,1142,65-125-34-33,cache/1756274253717.png
174,2539,221-143-48-52,cache/1756274253724.png
174,3910,130-190-60-64,cache/1756274253729.png
174,3106,259-63-53-58,cache/1756274253734.png
174,954,203-110-30-31,cache/1756274253739.png
174,7017,117-95-75-92,cache/1756274253744.png
174,5875,286-77-70-83,cache/1756274253749.png
174,9095,335-112-88-102,cache/1756274253754.png
284,2577,340-162-49-52,cache/1756274254037.png
284,3030,242-50-54-55,cache/1756274254044.png
284,7776,261-102-78-98,cache/1756274254049.png
284,2594,217-186-43-59,cache/1756274254054.png
462,2273,207-223-46-48,cache/1756274254351.png
462,1760,296-179-41-42,cache/1756274254358.png
462,8382,119-88-86-96,cache/1756274254363.png
462,1015,190-80-28-35,cache/1756274254368.png
149,5019,326-111-70-70,cache/1756274254661.png
149,7843,200-181-87-89,cache/1756274254666.png
149,11468,67-114-104-110,cache/1756274254671.png
149,3164,251-61-55-56,cache/1756274254677.png
149,7421,183-86-81-91,cache/1756274254682.png
149,2373,180-67-55-42,cache/1756274254688.png
613,2823,318-163-50-55,cache/1756274254968.png
613,707,235-86-26-26,cache/1756274254975.png
613,1249,201-152-34-35,cache/1756274254981.png
613,996,68-122-32-31,cache/1756274254986.png
613,4422,126-63-60-72,cache/1756274254990.png
684,3337,156-199-52-63,cache/1756274255268.png
684,9580,66-116-90-105,cache/1756274255277.png
684,1826,344-135-39-46,cache/1756274255283.png
684,1471,253-121-33-43,cache/1756274255287.png
684,1292,277-107-31-40,cache/1756274255292.png
684,4542,293-56-61-74,cache/1756274255296.png
956,9887,172-176-98-100,cache/1756274255613.png
956,5520,130-105-74-74,cache/1756274255623.png
956,9772,212-118-91-106,cache/1756274255628.png
956,8687,341-101-86-99,cache/1756274255634.png
956,5701,298-65-71-80,cache/1756274255640.png
956,855,136-90-30-28,cache/1756274255646.png
956,1016,272-84-28-35,cache/1756274255651.png
956,1216,186-109-29-41,cache/1756274255656.png
581,7849,219-85-84-93,cache/1756274255934.png
581,3645,280-178-58-62,cache/1756274255941.png
581,11093,302-98-106-104,cache/1756274255947.png
581,2370,129-154-44-53,cache/1756274255954.png
581,5203,154-69-65-79,cache/1756274255959.png
581,3018,340-76-69-43,cache/1756274255964.png
581,2811,194-50-51-54,cache/1756274255969.png
343,10928,248-128-97-111,cache/1756274256246.png
343,1272,169-161-35-35,cache/1756274256252.png
343,783,285-96-27-28,cache/1756274256257.png
343,887,250-113-29-29,cache/1756274256261.png
343,6442,325-98-72-89,cache/1756274256267.png
343,4683,146-69-61-76,cache/1756274256272.png
343,1160,207-70-33-34,cache/1756274256277.png
343,7113,45-88-85-83,cache/1756274256282.png
188,6604,192-152-80-82,cache/1756274256590.png
188,1436,299-172-37-37,cache/1756274256598.png
188,1959,344-151-40-48,cache/1756274256603.png
188,4887,225-66-62-78,cache/1756274256608.png
188,5969,48-73-72-81,cache/1756274256613.png
188,1792,85-134-38-45,cache/1756274256619.png
188,584,205-84-20-27,cache/1756274256624.png
188,3490,248-39-53-65,cache/1756274256628.png
188,1021,136-122-31-32,cache/1756274256634.png
397,1879,179-152-39-48,cache/1756274256925.png
397,3550,294-71-59-59,cache/1756274256932.png
397,7915,43-72-91-86,cache/1756274256937.png
397,1314,387-146-36-35,cache/1756274256943.png
397,6968,233-152-83-83,cache/1756274256948.png
397,1036,133-124-32-32,cache/1756274256954.png
397,4142,159-53-58-71,cache/1756274256959.png
397,823,227-68-26-31,cache/1756274256964.png
536,2894,31-125-55-51,cache/1756274257240.png
536,4570,158-221-62-73,cache/1756274257262.png
536,5428,216-32-74-73,cache/1756274257267.png
536,1337,160-93-32-40,cache/1756274257272.png
536,1172,280-116-34-34,cache/1756274257277.png
536,3011,329-179-49-61,cache/1756274257282.png
659,6088,264-125-77-78,cache/1756274257596.png
659,1169,44-127-34-33,cache/1756274257602.png
659,1343,82-148-36-36,cache/1756274257607.png
659,5473,185-77-66-82,cache/1756274257613.png
436,1569,289-138-35-43,cache/1756274257906.png
436,716,175-92-26-27,cache/1756274257912.png
436,931,216-121-29-31,cache/1756274257917.png
764,9201,41-82-96-94,cache/1756274258200.png
764,3473,182-68-58-59,cache/1756274258207.png
764,2898,155-158-51-56,cache/1756274258214.png
764,1954,119-145-41-47,cache/1756274258222.png
764,5610,264-49-73-76,cache/1756274258231.png
764,501,251-68-15-32,cache/1756274258237.png
850,12537,292-125-106-118,cache/1756274258579.png
850,13455,53-71-102-130,cache/1756274258587.png
850,3272,152-208-52-62,cache/1756274258594.png
850,4008,251-72-61-65,cache/1756274258600.png
850,6289,125-56-78-80,cache/1756274258606.png
850,1757,217-195-41-42,cache/1756274258611.png
850,1122,249-128-33-33,cache/1756274258618.png
850,1414,203-73-37-38,cache/1756274258623.png
850,6009,77-125-78-76,cache/1756274258629.png
850,573,385-148-13-43,cache/1756274258636.png
850,7610,53-71-91-83,cache/1756274258644.png
146,1451,396-151-38-37,cache/1756274258956.png
146,6393,50-76-75-84,cache/1756274258962.png
146,3294,186-221-49-67,cache/1756274258967.png
146,2155,289-158-41-52,cache/1756274258972.png
146,2364,325-130-46-50,cache/1756274258977.png
146,923,130-101-30-30,cache/1756274258982.png
146,1107,143-125-33-33,cache/1756274258987.png
146,5433,222-41-67-80,cache/1756274258992.png
146,1093,259-86-30-35,cache/1756274258997.png
873,4378,139-214-59-73,cache/1756274259314.png
873,3930,117-58-62-63,cache/1756274259354.png
873,7715,330-132-88-86,cache/1756274259369.png
873,2278,56-105-49-46,cache/1756274259385.png
873,2779,197-180-45-60,cache/1756274259398.png
873,1985,258-97-43-45,cache/1756274259409.png
873,766,232-67-27-28,cache/1756274259417.png
873,1724,298-90-42-40,cache/1756274259423.png
873,1743,287-118-37-46,cache/1756274259428.png
873,957,383-131-34-28,cache/1756274259434.png
654,18423,161-171-126-145,cache/1756274259743.png
654,5030,307-59-64-77,cache/1756274259798.png
654,8057,57-102-83-96,cache/1756274259836.png
654,9723,262-136-86-112,cache/1756274259878.png
654,4324,151-50-59-72,cache/1756274259891.png
654,1481,238-120-33-44,cache/1756274259901.png
654,938,133-109-29-31,cache/1756274259913.png
757,4596,250-44-64-71,cache/1756274260251.png
757,4200,191-90-64-65,cache/1756274260280.png
757,3042,253-219-48-62,cache/1756274260286.png
757,3310,181-202-51-63,cache/1756274260293.png
757,1920,395-135-41-46,cache/1756274260298.png
757,2973,326-153-53-55,cache/1756274260305.png
757,2435,132-181-43-55,cache/1756274260313.png
757,5446,97-69-67-80,cache/1756274260320.png
757,1454,345-127-37-38,cache/1756274260327.png
757,1035,171-85-28-36,cache/1756274260333.png
863,4150,244-41-59-70,cache/1756274260637.png
863,2358,137-135-47-49,cache/1756274260642.png
863,1310,319-96-32-39,cache/1756274260646.png
676,2609,405-132-49-52,cache/1756274260930.png
676,3133,305-190-53-58,cache/1756274260939.png
676,2079,315-103-45-45,cache/1756274260944.png
676,1318,165-85-34-38,cache/1756274260950.png
676,1184,39-119-34-34,cache/1756274260956.png
676,2056,239-120-43-47,cache/1756274260961.png
676,1334,129-96-33-40,cache/1756274260968.png
676,9309,144-182-95-97,cache/1756274260973.png
676,2009,270-148-39-50,cache/1756274260979.png
676,2763,204-171-49-55,cache/1756274260984.png
985,6970,232-141-83-83,cache/1756274261281.png
985,2294,54-115-47-48,cache/1756274261287.png
985,1481,216-74-38-38,cache/1756274261292.png
985,858,152-88-28-29,cache/1756274261297.png
985,8343,370-94-86-96,cache/1756274261301.png
985,1392,289-102-33-41,cache/1756274261307.png
985,1189,275-125-35-33,cache/1756274261311.png
382,8565,301-75-92-92,cache/1756274261607.png
382,16372,48-128-127-128,cache/1756274261613.png
382,4098,161-66-63-64,cache/1756274261619.png
382,2829,233-150-49-57,cache/1756274261625.png
382,1499,94-99-43-34,cache/1756274261630.png
382,2130,415-123-44-48,cache/1756274261635.png
187,776,234-95-27-27,cache/1756274261919.png
187,6187,367-83-74-82,cache/1756274261926.png
187,1397,162-100-36-38,cache/1756274261930.png
170,1445,276-75-37-38,cache/1756274262225.png
170,1617,222-87-39-40,cache/1756274262231.png
170,7970,397-87-82-96,cache/1756274262236.png
170,1655,79-123-36-45,cache/1756274262241.png
170,8488,337-108-84-100,cache/1756274262247.png
170,9686,113-128-88-110,cache/1756274262264.png
170,11593,251-152-94-123,cache/1756274262271.png
170,576,132-115-31-18,cache/1756274262277.png
170,1781,204-140-36-48,cache/1756274262282.png
170,950,185-106-30-31,cache/1756274262287.png
249,2314,332-173-43-53,cache/1756274262559.png
249,4143,178-93-64-64,cache/1756274262566.png
249,3024,216-60-54-55,cache/1756274262571.png
249,9072,178-60-92-97,cache/1756274262575.png
975,3081,301-188-52-58,cache/1756274262861.png
975,6961,179-135-82-84,cache/1756274262867.png
975,2005,82-137-41-48,cache/1756274262873.png
975,4988,145-97-70-71,cache/1756274262877.png
975,6089,248-79-70-86,cache/1756274262883.png
975,3228,225-64-54-59,cache/1756274262888.png
161,2977,217-62-54-55,cache/1756274263188.png
161,7513,253-163-85-87,cache/1756274263198.png
161,10374,294-105-100-102,cache/1756274263204.png
161,4163,159-98-62-66,cache/1756274263213.png
161,6945,32-98-77-89,cache/1756274263221.png
161,2174,186-177-40-53,cache/1756274263227.png
161,8151,105-119-81-100,cache/1756274263234.png
161,611,128-104-36-16,cache/1756274263240.png
782,6139,191-64-74-82,cache/1756274263510.png
782,1675,115-169-41-40,cache/1756274263518.png
782,7361,401-89-78-93,cache/1756274263522.png
782,6229,86-74-73-85,cache/1756274263528.png
224,9417,295-84-95-98,cache/1756274263813.png
224,1940,80-134-40-47,cache/1756274263822.png
224,825,207-85-28-29,cache/1756274263828.png
224,9743,209-128-86-112,cache/1756274263832.png
224,989,265-74-28-34,cache/1756274263839.png
915,7580,136-146-86-87,cache/1756274264133.png
915,7493,204-66-84-88,cache/1756274264140.png
915,4703,292-88-68-68,cache/1756274264146.png
915,2958,356-136-55-53,cache/1756274264151.png
81,3131,165-57-55-56,cache/1756274264427.png
81,1122,366-124-33-33,cache/1756274264433.png
81,2688,224-45-51-52,cache/1756274264440.png
81,11807,229-155-94-124,cache/1756274264446.png
81,1304,192-148-35-36,cache/1756274264453.png
81,5200,310-66-66-78,cache/1756274264458.png
81,9279,88-121-87-106,cache/1756274264463.png
81,2340,96-97-68-34,cache/1756274264470.png
456,2642,377-140-52-50,cache/1756274264749.png
456,3380,192-231-50-66,cache/1756274264756.png
456,1394,180-163-37-37,cache/1756274264762.png
456,944,232-85-27-34,cache/1756274264767.png
456,1597,107-109-39-39,cache/1756274264772.png
456,1061,67-121-32-32,cache/1756274264777.png
456,7225,271-92-83-86,cache/1756274264782.png
456,1077,152-96-29-36,cache/1756274264788.png
456,8797,237-126-82-106,cache/1756274264793.png
456,627,339-101-16-37,cache/1756274264799.png
337,5994,178-83-72-82,cache/1756274265083.png
337,2942,330-154-53-54,cache/1756274265090.png
337,8597,217-126-81-105,cache/1756274265095.png
337,1179,137-99-31-37,cache/1756274265100.png
401,14402,262-138-114-125,cache/1756274265384.png
401,5742,110-62-69-82,cache/1756274265390.png
401,1300,305-90-32-39,cache/1756274265396.png
401,1090,250-114-32-33,cache/1756274265400.png
401,9379,354-107-87-106,cache/1756274265405.png
425,1725,301-184-41-41,cache/1756274265696.png
425,2191,225-128-45-47,cache/1756274265700.png
425,1061,70-119-32-32,cache/1756274265707.png
96,2070,133-148-40-50,cache/1756274266107.png
96,5296,206-40-72-72,cache/1756274266117.png
96,2381,254-131-46-50,cache/1756274266123.png
96,9281,334-115-88-104,cache/1756274266128.png
913,4591,376-101-68-66,cache/1756274266415.png
913,8071,204-182-88-91,cache/1756274266421.png
913,5468,125-127-73-74,cache/1756274266427.png
913,1253,333-103-32-38,cache/1756274266433.png
913,2682,276-164-48-55,cache/1756274266438.png
913,5742,81-83-69-83,cache/1756274266443.png
913,1379,182-91-35-38,cache/1756274266448.png
47,9331,144-136-84-110,cache/1756274266759.png
47,3397,228-38-52-64,cache/1756274266766.png
47,1748,136-105-42-41,cache/1756274266774.png
47,9521,349-113-98-96,cache/1756274266780.png
47,830,218-98-28-29,cache/1756274266786.png
47,1051,290-82-29-35,cache/1756274266790.png
47,1670,357-89-64-26,cache/1756274266795.png
47,11854,349-89-98-120,cache/1756274266800.png
217,4298,339-93-65-65,cache/1756274267117.png
217,6621,167-154-80-82,cache/1756274267125.png
217,2663,115-153-50-52,cache/1756274267132.png
217,2630,278-203-44-58,cache/1756274267140.png
217,1249,281-91-32-38,cache/1756274267149.png
217,2749,229-49-51-52,cache/1756274267156.png
217,1416,91-112-34-40,cache/1756274267164.png
217,4120,150-51-58-70,cache/1756274267173.png
217,946,175-136-32-28,cache/1756274267179.png
217,1169,226-103-30-38,cache/1756274267184.png
103,6365,32-91-75-84,cache/1756274267547.png
103,8590,231-137-81-105,cache/1756274267553.png
103,1156,224-111-30-37,cache/1756274267559.png
586,6518,308-137-80-80,cache/1756274267857.png
586,2138,83-153-42-50,cache/1756274267865.png
586,1142,284-132-33-34,cache/1756274267871.png
586,10242,140-141-88-115,cache/1756274267875.png
586,1069,242-85-29-36,cache/1756274267881.png
586,3918,135-92-66-59,cache/1756274267887.png
359,2042,51-122-44-45,cache/1756274268172.png
359,1772,117-99-41-43,cache/1756274268180.png
359,5744,210-109-75-76,cache/1756274268187.png
359,2719,150-178-45-59,cache/1756274268194.png
359,5896,283-71-69-85,cache/1756274268199.png
359,10492,330-117-94-110,cache/1756274268204.png
359,1514,417-128-32-46,cache/1756274268210.png
173,3271,356-155-57-57,cache/1756274268559.png
173,7007,267-140-83-84,cache/1756274268565.png
173,7220,275-68-88-81,cache/1756274268572.png
173,4980,222-33-70-70,cache/1756274268580.png
173,8572,152-168-91-93,cache/1756274268587.png
173,11851,102-105-105-112,cache/1756274268595.png
173,1281,232-140-35-36,cache/1756274268601.png
173,810,131-87-30-26,cache/1756274268607.png
569,6728,83-69-82-81,cache/1756274268950.png
569,8809,324-103-89-98,cache/1756274268959.png
569,3970,203-43-60-65,cache/1756274268965.png
569,2168,142-131-45-47,cache/1756274268970.png
569,2121,244-177-39-53,cache/1756274268975.png
569,3731,262-52-55-67,cache/1756274268980.png
569,1118,185-94-30-36,cache/1756274268986.png
569,1781,265-152-36-48,cache/1756274268991.png
569,958,406-125-22-41,cache/1756274268995.png
569,1238,304-110-31-39,cache/1756274269000.png
728,2761,364-150-50-54,cache/1756274269326.png
728,772,207-87-27-28,cache/1756274269333.png
728,6543,91-61-80-81,cache/1756274269339.png
728,2653,116-181-45-57,cache/1756274269344.png
728,6009,304-78-70-84,cache/1756274269350.png
728,1475,163-105-36-39,cache/1756274269355.png
728,3543,226-43-53-65,cache/1756274269360.png
728,1307,406-137-36-35,cache/1756274269365.png
728,1617,282-173-39-40,cache/1756274269370.png
728,1814,68-130-39-45,cache/1756274269375.png
494,13780,83-140-115-119,cache/1756274269674.png
494,6874,225-75-80-85,cache/1756274269683.png
494,8451,2-81-93-90,cache/1756274269688.png
494,594,216-78-23-25,cache/1756274269694.png
785,10472,323-92-103-101,cache/1756274269993.png
785,1554,161-168-39-39,cache/1756274270003.png
785,1592,119-120-36-43,cache/1756274270009.png
785,2857,274-194-46-60,cache/1756274270015.png
785,4580,284-57-62-73,cache/1756274270021.png
785,3711,185-45-55-67,cache/1756274270026.png
785,1345,291-149-36-36,cache/1756274270032.png
868,7806,203-86-76-102,cache/1756274270334.png
868,2707,111-156-50-53,cache/1756274270342.png
868,5102,149-66-63-80,cache/1756274270346.png
868,288,240-86-25-11,cache/1756274270351.png
365,10959,283-102-104-104,cache/1756274270638.png
365,698,270-81-26-26,cache/1756274270644.png
365,1064,174-125-32-32,cache/1756274270649.png
365,1036,200-91-28-35,cache/1756274270654.png
365,9629,71-122-90-106,cache/1756274270659.png
365,3140,241-211-48-64,cache/1756274270664.png
365,2917,205-184-49-58,cache/1756274270669.png
365,4664,63-78-70-66,cache/1756274270674.png
365,483,356-106-30-15,cache/1756274270679.png
285,7677,293-151-87-87,cache/1756274270977.png
285,3925,307-69-62-62,cache/1756274270984.png
285,6283,110-126-79-79,cache/1756274270989.png
285,4331,170-82-65-66,cache/1756274270995.png
399,1666,110-171-40-40,cache/1756274271269.png
399,12946,206-158-98-130,cache/1756274271276.png
399,2045,266-116-44-45,cache/1756274271282.png
399,1657,177-128-36-45,cache/1756274271287.png
399,4945,194-65-62-78,cache/1756274271291.png
399,630,177-82-18-34,cache/1756274271296.png
121,12405,170-80-90-136,cache/1756274271580.png
121,5535,311-114-74-73,cache/1756274271589.png
121,1675,114-124-38-43,cache/1756274271594.png
121,2259,124-165-42-53,cache/1756274271599.png
121,4988,274-65-64-77,cache/1756274271604.png
121,719,374-123-21-33,cache/1756274271609.png
121,849,248-70-26-32,cache/1756274271614.png
562,3350,251-70-57-58,cache/1756274271918.png
562,1935,97-135-42-45,cache/1756274271925.png
562,12994,180-124-110-117,cache/1756274271930.png
562,2949,174-59-53-54,cache/1756274271936.png
562,1616,31-119-38-41,cache/1756274271941.png
562,2231,186-223-46-47,cache/1756274271945.png
562,1930,350-144-40-48,cache/1756274271950.png
562,1493,158-127-33-44,cache/1756274271955.png
562,832,95-116-31-26,cache/1756274271960.png
274,8374,199-181-90-92,cache/1756274272253.png
274,2765,310-149-52-52,cache/1756274272262.png
274,8771,231-91-91-95,cache/1756274272267.png
274,2831,256-53-57-49,cache/1756274272273.png
274,1936,157-118-43-44,cache/1756274272278.png
274,5648,175-65-72-77,cache/1756274272283.png
274,1087,134-92-30-35,cache/1756274272289.png
579,5162,375-101-73-70,cache/1756274272568.png
579,6699,242-54-79-83,cache/1756274272576.png
579,1331,105-144-36-36,cache/1756274272582.png
686,3155,121-184-54-58,cache/1756274272907.png
686,5636,108-79-69-81,cache/1756274272917.png
686,1409,188-94-37-38,cache/1756274272926.png
686,2130,246-163-40-52,cache/1756274272931.png
686,2987,250-64-52-56,cache/1756274272936.png
686,2064,75-149-42-49,cache/1756274272942.png
686,1843,355-127-40-45,cache/1756274272947.png
686,5160,275-109-72-71,cache/1756274272952.png
686,6031,296-69-74-80,cache/1756274272958.png
243,8765,112-156-93-93,cache/1756274273279.png
243,5151,41-91-72-71,cache/1756274273286.png
243,5729,195-228-70-81,cache/1756274273292.png
243,719,244-76-26-27,cache/1756274273298.png
243,3554,276-79-65-54,cache/1756274273303.png
243,11899,254-128-98-120,cache/1756274273309.png
243,2455,365-158-45-53,cache/1756274273315.png
243,1245,197-98-31-39,cache/1756274273320.png
243,2577,379-129-52-49,cache/1756274273325.png
243,1912,101-139-39-48,cache/1756274273331.png
282,6885,308-126-83-82,cache/1756274273632.png
282,4227,109-78-65-64,cache/1756274273639.png
282,13907,151-134-109-127,cache/1756274273644.png
282,5037,250-96-70-71,cache/1756274273650.png
282,753,197-81-27-27,cache/1756274273655.png
282,2127,138-133-45-47,cache/1756274273659.png
580,12978,224-157-101-127,cache/1756274273941.png
580,1681,152-92-40-41,cache/1756274273949.png
580,1624,324-99-41-39,cache/1756274273954.png
580,860,226-65-26-32,cache/1756274273959.png
580,8272,271-117-80-102,cache/1756274273963.png
378,10961,203-183-103-106,cache/1756274274262.png
378,9315,44-80-93-99,cache/1756274274270.png
378,4728,307-82-68-68,cache/1756274274277.png
378,1372,255-71-36-37,cache/1756274274282.png
378,6420,131-116-79-80,cache/1756274274287.png
378,1739,312-169-41-42,cache/1756274274293.png
378,9542,377-98-92-103,cache/1756274274299.png
378,3021,102-183-49-61,cache/1756274274305.png
378,1255,208-95-31-39,cache/1756274274310.png
378,1243,129-88-32-38,cache/1756274274315.png
254,9670,363-85-100-96,cache/1756274274596.png
254,5104,236-112-71-71,cache/1756274274608.png
254,5506,72-77-82-66,cache/1756274274618.png
254,12750,74-120-110-115,cache/1756274274628.png
254,11906,156-162-94-125,cache/1756274274639.png
254,710,221-78-26-27,cache/1756274274646.png
254,823,307-92-28-29,cache/1756274274655.png
254,1482,168-102-36-40,cache/1756274274664.png
79,1183,166-129-33-35,cache/1756274275004.png
79,1961,311-133-40-48,cache/1756274275009.png
79,6925,94-125-83-82,cache/1756274275014.png
105,2347,240-171-43-54,cache/1756274275377.png
105,1543,111-163-39-39,cache/1756274275385.png
105,2278,375-133-45-50,cache/1756274275391.png
105,6298,132-77-75-83,cache/1756274275399.png
105,2813,202-45-52-53,cache/1756274275407.png
105,2910,260-54-51-56,cache/1756274275414.png
105,5263,304-63-66-78,cache/1756274275422.png
739,3320,156-55-56-58,cache/1756274275734.png
739,1180,34-123-35-33,cache/1756274275747.png
739,745,275-76-27-27,cache/1756274275758.png
739,3940,147-190-59-65,cache/1756274275763.png
739,3083,232-214-47-64,cache/1756274275772.png
739,995,140-109-31-31,cache/1756274275780.png
739,7927,362-92-83-94,cache/1756274275791.png
739,7702,193-104-77-99,cache/1756274275798.png
739,2436,264-175-43-56,cache/1756274275810.png
739,1259,301-96-31-39,cache/1756274275817.png
203,1850,206-122-40-45,cache/1756274276110.png
203,1064,358-122-32-32,cache/1756274276117.png
203,1460,133-166-38-38,cache/1756274276123.png
203,1695,308-96-41-41,cache/1756274276131.png
203,3789,249-47-55-67,cache/1756274276138.png
203,3941,64-79-63-62,cache/1756274276144.png
203,2298,90-133-46-49,cache/1756274276149.png
124,1705,363-123-38-44,cache/1756274276445.png
124,12240,214-169-95-128,cache/1756274276450.png
124,847,197-90-28-29,cache/1756274276458.png
124,1410,220-114-33-41,cache/1756274276462.png
124,432,145-104-28-14,cache/1756274276467.png
124,8170,129-113-80-102,cache/1756274276471.png
95,8799,151-188-92-94,cache/1756274276760.png
95,7520,264-164-86-87,cache/1756274276767.png
95,6635,27-79-77-85,cache/1756274276775.png
95,2985,108-173-52-56,cache/1756274276782.png
95,875,297-99-29-29,cache/1756274276787.png
95,2409,326-129-48-49,cache/1756274276793.png
95,849,230-59-27-31,cache/1756274276799.png
95,6719,377-81-77-86,cache/1756274276805.png
95,1526,333-101-42-36,cache/1756274276811.png
95,1033,212-84-28-36,cache/1756274276816.png
389,7884,91-95-82-95,cache/1756274277109.png
389,1746,381-126-39-44,cache/1756274277117.png
389,11653,247-146-94-122,cache/1756274277122.png
389,2336,174-147-44-51,cache/1756274277128.png
389,742,282-86-26-27,cache/1756274277134.png
389,2363,121-164-43-54,cache/1756274277139.png
389,1370,64-109-32-42,cache/1756274277144.png
389,820,312-96-28-29,cache/1756274277150.png
389,4824,201-69-62-77,cache/1756274277155.png
389,3222,233-41-51-62,cache/1756274277160.png
596,12947,248-137-108-119,cache/1756274277442.png
596,15505,117-145-116-132,cache/1756274277453.png
596,2656,80-144-49-53,cache/1756274277459.png
596,1646,340-125-37-44,cache/1756274277463.png
596,865,233-99-29-29,cache/1756274277469.png
127,10592,364-94-106-99,cache/1756274277759.png
127,2660,101-182-46-57,cache/1756274277766.png
127,763,281-76-27-27,cache/1756274277771.png
127,1651,59-111-38-43,cache/1756274277776.png
127,13861,201-185-103-133,cache/1756274277781.png
127,6558,139-83-72-90,cache/1756274277788.png
127,8870,253-121-83-106,cache/1756274277793.png
127,4814,189-56-61-78,cache/1756274277799.png
647,1356,371-136-37-36,cache/1756274278096.png
647,3555,133-57-59-60,cache/1756274278104.png
647,771,201-76-27-28,cache/1756274278109.png
647,1667,293-109-38-42,cache/1756274278113.png
647,2974,145-144-53-55,cache/1756274278118.png
647,1783,332-98-42-41,cache/1756274278123.png
647,8582,59-79-88-96,cache/1756274278128.png
647,7268,223-135-84-85,cache/1756274278133.png
153,3171,241-53-54-58,cache/1756274278449.png
153,10229,319-125-92-110,cache/1756274278454.png
153,5849,282-71-69-84,cache/1756274278461.png
758,1966,327-130-43-45,cache/1756274278840.png
758,5670,198-116-74-76,cache/1756274278846.png
758,1007,294-109-31-31,cache/1756274278851.png
758,2018,272-210-43-46,cache/1756274278856.png
758,742,209-74-26-27,cache/1756274278862.png
758,909,246-64-27-33,cache/1756274278867.png
758,677,109-118-32-20,cache/1756274278872.png
758,1654,176-86-40-41,cache/1756274278876.png
758,10493,91-132-92-114,cache/1756274278881.png
791,15202,222-148-117-129,cache/1756274279162.png
791,7796,138-71-87-89,cache/1756274279168.png
791,1106,300-140-33-32,cache/1756274279174.png
884,7496,113-134-86-86,cache/1756274279518.png
884,1395,325-139-37-37,cache/1756274279528.png
884,1558,285-112-35-43,cache/1756274279533.png
884,850,225-87-28-29,cache/1756274279537.png
12,11534,331-106-108-106,cache/1756274279819.png
12,3666,247-45-54-66,cache/1756274279825.png
12,9533,94-129-87-108,cache/1756274279830.png
437,5956,127-65-74-80,cache/1756274280117.png
437,5470,258-49-74-73,cache/1756274280123.png
437,1977,78-133-41-48,cache/1756274280129.png
437,8130,213-76-85-94,cache/1756274280134.png
437,654,216-72-27-23,cache/1756274280140.png
818,7290,121-151-84-86,cache/1756274280460.png
818,9033,71-81-96-93,cache/1756274280470.png
818,970,345-106-31-31,cache/1756274280477.png
818,11149,214-153-91-121,cache/1756274280484.png
818,7545,255-106-77-97,cache/1756274280491.png
70,2254,377-147-46-48,cache/1756274280790.png
70,11792,121-116-103-113,cache/1756274280797.png
70,3543,232-41-53-65,cache/1756274280803.png
70,12736,187-166-98-129,cache/1756274280808.png
70,1287,286-106-32-39,cache/1756274280815.png
357,6690,95-148-81-81,cache/1756274281118.png
357,6305,222-61-77-81,cache/1756274281126.png
357,5356,145-69-66-80,cache/1756274281132.png
357,1379,288-162-36-37,cache/1756274281137.png
357,6116,339-78-72-84,cache/1756274281143.png
357,1798,51-129-39-45,cache/1756274281166.png
357,2609,177-202-44-59,cache/1756274281174.png
357,1769,210-146-36-48,cache/1756274281182.png
990,7252,234-156-84-85,cache/1756274281514.png
990,9710,362-100-101-95,cache/1756274281521.png
990,2550,176-254-49-51,cache/1756274281527.png
990,3853,109-78-60-63,cache/1756274281532.png
990,6655,166-83-76-87,cache/1756274281538.png
990,2451,121-149-48-50,cache/1756274281544.png
990,4992,309-61-65-76,cache/1756274281549.png
990,1234,236-73-33-36,cache/1756274281554.png
743,7054,164-61-82-85,cache/1756274281890.png
743,9547,304-129-88-108,cache/1756274281898.png
743,8134,60-106-83-97,cache/1756274281904.png
743,6059,259-81-69-87,cache/1756274281909.png
743,944,245-80-24-38,cache/1756274281914.png
584,7676,272-163-87-88,cache/1756274282289.png
584,3314,243-64-57-57,cache/1756274282297.png
584,3768,135-76-60-61,cache/1756274282303.png
584,1034,65-113-31-32,cache/1756274282308.png
584,1588,157-183-39-40,cache/1756274282313.png
584,3602,200-41-53-66,cache/1756274282318.png
584,1590,360-119-37-42,cache/1756274282323.png
584,1985,344-158-39-50,cache/1756274282328.png
584,1681,91-128-37-44,cache/1756274282333.png
584,1186,304-138-36-32,cache/1756274282338.png
895,6693,273-154-81-82,cache/1756274282656.png
895,4049,308-91-63-63,cache/1756274282663.png
895,16911,123-163-122-138,cache/1756274282671.png
895,2482,215-53-52-47,cache/1756274282678.png
895,6751,126-74-81-83,cache/1756274282684.png
895,1302,360-158-36-35,cache/1756274282690.png
895,7512,175-93-82-90,cache/1756274282695.png
895,1123,257-100-27-40,cache/1756274282701.png
895,1751,394-138-38-45,cache/1756274282706.png
968,3818,77-76-62-61,cache/1756274282988.png
968,9274,236-85-92-100,cache/1756274282995.png
968,2112,343-158-41-50,cache/1756274283001.png
968,678,206-72-25-26,cache/1756274283006.png
968,2912,230-224-46-63,cache/1756274283011.png
968,2445,131-186-43-55,cache/1756274283015.png
968,430,283-84-27-15,cache/1756274283020.png
854,2739,227-172-47-57,cache/1756274283324.png
854,1379,360-147-37-36,cache/1756274283331.png
854,3749,278-73-61-61,cache/1756274283337.png
854,1783,147-100-42-41,cache/1756274283341.png
854,2577,148-145-49-52,cache/1756274283346.png
854,6998,42-85-78-88,cache/1756274283351.png
854,1255,215-89-33-36,cache/1756274283356.png
854,2878,255-53-52-54,cache/1756274283362.png
954,5459,285-66-68-79,cache/1756274283663.png
954,9581,342-88-96-98,cache/1756274283673.png
954,4702,45-92-69-68,cache/1756274283679.png
954,6938,160-74-80-86,cache/1756274283685.png
954,1355,291-153-36-36,cache/1756274283690.png
954,3058,129-64-53-57,cache/1756274283695.png
954,2522,239-187-43-58,cache/1756274283701.png
954,9169,107-120-86-106,cache/1756274283707.png
954,879,223-73-26-33,cache/1756274283712.png
213,3017,238-53-54-55,cache/1756274284046.png
213,7706,164-93-82-93,cache/1756274284052.png
213,1664,290-94-40-41,cache/1756274284060.png
950,4645,221-51-66-69,cache/1756274284337.png
950,3739,264-189-57-64,cache/1756274284346.png
950,6312,149-63-79-79,cache/1756274284351.png
950,2193,343-162-42-51,cache/1756274284357.png
950,1597,187-178-39-40,cache/1756274284362.png
950,4140,291-87-63-64,cache/1756274284367.png
683,10440,265-141-90-115,cache/1756274284750.png
683,3578,166-76-59-60,cache/1756274284758.png
683,1427,331-112-35-40,cache/1756274284763.png
683,626,254-76-24-25,cache/1756274284768.png
683,977,228-88-28-34,cache/1756274284772.png
683,7826,62-106-82-95,cache/1756274284777.png
683,580,49-122-17-33,cache/1756274284782.png
683,7665,375-100-82-92,cache/1756274284786.png
56,3150,178-57-55-56,cache/1756274285071.png
56,8408,308-101-86-97,cache/1756274285078.png
56,2305,208-219-46-49,cache/1756274285083.png
56,1813,253-184-42-43,cache/1756274285088.png
56,6524,340-73-81-80,cache/1756274285093.png
56,1511,202-120-34-43,cache/1756274285099.png
192,3421,158-66-58-58,cache/1756274285393.png
192,2860,244-50-52-54,cache/1756274285402.png
192,1398,127-162-37-37,cache/1756274285407.png
192,4257,169-224-60-70,cache/1756274285412.png
192,7062,326-93-77-91,cache/1756274285418.png
192,2471,217-190-42-57,cache/1756274285424.png
192,5182,294-68-65-78,cache/1756274285429.png
192,1376,111-107-34-40,cache/1756274285434.png
192,953,56-124-32-28,cache/1756274285439.png
192,2509,64-137-49-51,cache/1756274285444.png
531,3149,253-171-52-59,cache/1756274285744.png
531,1270,335-101-32-38,cache/1756274285752.png
531,4273,177-88-64-65,cache/1756274285756.png
531,3190,222-62-55-57,cache/1756274285761.png
531,1284,115-142-35-36,cache/1756274285766.png
685,11329,276-138-101-111,cache/1756274286049.png
685,5558,108-72-68-81,cache/1756274286057.png
685,1127,56-125-33-33,cache/1756274286062.png
685,7583,336-105-78-97,cache/1756274286066.png
34,7622,307-103-81-93,cache/1756274286351.png
34,7996,149-116-79-100,cache/1756274286360.png
34,4182,208-66-58-71,cache/1756274286366.png
532,17288,162-153-120-142,cache/1756274286699.png
532,1390,359-136-37-37,cache/1756274286709.png
532,7608,79-141-85-89,cache/1756274286715.png
532,796,226-81-28-28,cache/1756274286721.png
532,1734,41-111-39-43,cache/1756274286727.png
532,862,186-90-28-30,cache/1756274286732.png
532,3111,308-188-49-62,cache/1756274286737.png
532,1365,163-102-33-40,cache/1756274286743.png
532,1654,376-114-36-44,cache/1756274286749.png
532,8379,254-101-81-102,cache/1756274286754.png
843,4790,155-211-65-73,cache/1756274287036.png
843,1342,152-98-33-39,cache/1756274287043.png
843,1109,275-86-30-36,cache/1756274287047.png
843,1613,69-114-37-42,cache/1756274287052.png
843,2068,359-142-42-49,cache/1756274287057.png
843,2604,205-183-44-59,cache/1756274287062.png
843,1592,246-125-35-45,cache/1756274287067.png
874,5184,402-99-73-70,cache/1756274287359.png
874,17088,160-159-122-139,cache/1756274287367.png
874,5742,285-63-70-81,cache/1756274287374.png
874,11289,112-105-103-109,cache/1756274287379.png
874,4109,231-48-57-71,cache/1756274287385.png
874,1164,81-129-33-34,cache/1756274287391.png
874,3870,120-58-62-61,cache/1756274287398.png
8,4736,381-90-69-67,cache/1756274287733.png
8,3244,112-178-52-61,cache/1756274287741.png
8,3924,214-189-59-66,cache/1756274287746.png
8,2083,47-110-46-45,cache/1756274287752.png
8,1246,172-138-35-35,cache/1756274287757.png
8,1531,288-165-38-39,cache/1756274287762.png
8,3267,190-62-56-58,cache/1756274287767.png
8,1246,322-96-32-38,cache/1756274287772.png
8,3490,228-40-53-65,cache/1756274287777.png
927,3452,264-50-58-59,cache/1756274288049.png
927,3804,153-58-61-62,cache/1756274288056.png
927,8077,87-90-82-97,cache/1756274288061.png
927,9227,221-110-84-108,cache/1756274288066.png
927,9483,347-101-90-104,cache/1756274288072.png
927,646,430-126-18-34,cache/1756274288077.png
927,732,218-109-25-28,cache/1756274288082.png
379,4963,8-94-72-68,cache/1756274288361.png
379,2244,168-225-46-48,cache/1756274288369.png
379,985,340-108-31-31,cache/1756274288375.png
379,5368,185-50-74-71,cache/1756274288380.png
379,1869,87-101-43-43,cache/1756274288385.png
379,3544,137-182-55-63,cache/1756274288391.png
379,10920,212-95-100-108,cache/1756274288397.png
379,717,269-91-32-21,cache/1756274288403.png
379,7232,382-84-80-89,cache/1756274288408.png
379,2139,99-154-41-51,cache/1756274288413.png
559,2264,245-204-46-48,cache/1756274288695.png
559,825,275-78-28-29,cache/1756274288702.png
559,2475,396-146-46-53,cache/1756274288707.png
559,11163,36-92-109-101,cache/1756274288712.png
559,1865,357-122-40-45,cache/1756274288718.png
559,3881,208-35-56-68,cache/1756274288723.png
559,2539,341-157-45-55,cache/1756274288728.png
559,3959,22-80-62-63,cache/1756274288733.png
559,3911,95-166-61-63,cache/1756274288738.png
559,975,197-97-31-31,cache/1756274288743.png
725,4059,251-209-59-68,cache/1756274289048.png
725,1068,104-112-32-32,cache/1756274289057.png
725,1470,353-152-38-37,cache/1756274289062.png
725,5397,209-35-71-75,cache/1756274289067.png
725,9773,267-125-87-112,cache/1756274289073.png
725,1255,314-84-32-38,cache/1756274289079.png
725,1834,104-189-42-43,cache/1756274289084.png
725,1782,375-117-39-45,cache/1756274289089.png
725,8015,163-62-72-109,cache/1756274289094.png
725,1677,200-125-35-46,cache/1756274289100.png
936,9479,368-91-91-103,cache/1756274289398.png
936,16383,181-126-123-132,cache/1756274289407.png
936,8588,225-84-96-89,cache/1756274289414.png
936,1734,302-169-41-41,cache/1756274289420.png
936,4883,130-87-70-69,cache/1756274289427.png
936,1413,95-97-34-40,cache/1756274289432.png
936,1009,345-111-30-33,cache/1756274289437.png
936,907,319-95-28-31,cache/1756274289442.png
936,2122,157-140-37-56,cache/1756274289447.png
936,4522,188-49-60-74,cache/1756274289453.png
595,4686,26-98-69-67,cache/1756274289761.png
595,5756,228-57-73-78,cache/1756274289769.png
595,1292,101-152-36-35,cache/1756274289785.png
595,3368,175-196-53-63,cache/1756274289796.png
595,2214,208-240-45-48,cache/1756274289814.png
595,8152,351-75-92-88,cache/1756274289827.png
595,8598,304-121-83-102,cache/1756274289847.png
595,3124,219-35-51-60,cache/1756274289864.png
595,4194,158-53-58-72,cache/1756274289882.png
595,1292,136-104-32-39,cache/1756274289900.png
208,912,300-98-30-30,cache/1756274290219.png
208,1453,275-159-38-38,cache/1756274290227.png
208,2791,167-196-45-61,cache/1756274290242.png
208,7118,55-85-78-90,cache/1756274290256.png
208,1286,249-101-31-40,cache/1756274290275.png
465,5363,300-66-66-80,cache/1756274290580.png
465,2628,143-153-49-53,cache/1756274290588.png
465,3981,252-43-56-70,cache/1756274290595.png
465,1625,131-130-36-44,cache/1756274290600.png
623,16971,153-180-121-139,cache/1756274290888.png
623,5318,308-70-67-78,cache/1756274290895.png
623,2570,104-165-46-54,cache/1756274290901.png
623,953,72-114-31-30,cache/1756274290906.png
623,2373,297-185-43-55,cache/1756274290911.png
623,3321,164-67-56-58,cache/1756274290916.png
623,4870,226-45-71-68,cache/1756274290922.png
623,1818,70-148-38-47,cache/1756274290928.png
623,7380,373-97-81-90,cache/1756274290933.png
623,5839,210-88-67-86,cache/1756274290939.png
196,8519,103-169-91-93,cache/1756274291255.png
196,2193,78-140-44-49,cache/1756274291263.png
196,766,235-75-27-27,cache/1756274291268.png
196,14215,262-127-114-124,cache/1756274291273.png
196,1677,147-85-40-41,cache/1756274291280.png
196,6913,312-69-81-85,cache/1756274291285.png
196,4536,249-104-70-64,cache/1756274291290.png
196,1216,397-127-35-34,cache/1756274291296.png
196,932,186-99-29-31,cache/1756274291301.png
196,660,304-81-18-35,cache/1756274291307.png
304,3800,295-83-61-61,cache/1756274291588.png
304,1545,141-128-36-42,cache/1756274291594.png
304,5060,246-50-70-71,cache/1756274291599.png
391,13358,270-128-109-121,cache/1756274291896.png
391,2577,146-144-49-52,cache/1756274291907.png
391,2302,84-158-44-52,cache/1756274291912.png
391,1878,405-131-40-45,cache/1756274291917.png
391,1466,244-89-37-38,cache/1756274291922.png
391,1134,195-73-33-34,cache/1756274291927.png
391,1121,74-124-33-33,cache/1756274291932.png
391,1626,350-103-41-39,cache/1756274291937.png
391,955,323-121-45-21,cache/1756274291941.png
391,1130,295-95-31-35,cache/1756274291946.png
476,5034,305-104-71-70,cache/1756274292223.png
476,6870,228-139-82-83,cache/1756274292230.png
476,3985,141-194-59-67,cache/1756274292235.png
826,4450,24-88-68-65,cache/1756274292539.png
826,3674,302-72-60-60,cache/1756274292545.png
826,4455,117-100-69-64,cache/1756274292551.png
826,1383,371-157-37-36,cache/1756274292556.png
826,10230,207-119-93-109,cache/1756274292561.png
826,11133,127-152-92-120,cache/1756274292566.png
826,1380,298-140-29-47,cache/1756274292573.png
734,2246,390-136-44-50,cache/1756274292878.png
734,1660,270-99-39-42,cache/1756274292883.png
734,2072,165-194-45-45,cache/1756274292888.png
734,865,222-93-29-29,cache/1756274292893.png
734,959,246-73-28-33,cache/1756274292898.png
734,4810,34-84-70-67,cache/1756274292902.png
972,4807,236-55-64-74,cache/1756274293248.png
972,1839,220-189-42-43,cache/1756274293253.png
972,1101,306-123-32-33,cache/1756274293259.png
383,4226,273-73-64-65,cache/1756274293571.png
383,1335,39-129-37-35,cache/1756274293579.png
383,3392,327-156-57-58,cache/1756274293584.png
383,3491,234-54-56-61,cache/1756274293590.png
383,8541,191-104-81-104,cache/1756274293743.png
383,6836,85-77-76-89,cache/1756274293764.png
383,1389,146-139-36-37,cache/1756274293774.png
383,4995,168-57-63-78,cache/1756274293780.png
383,2622,275-172-45-58,cache/1756274293790.png
906,3471,243-55-58-59,cache/1756274294093.png
906,2963,169-155-51-57,cache/1756274294101.png
906,9926,13-75-103-95,cache/1756274294120.png
906,2489,117-135-47-52,cache/1756274294127.png
402,3367,204-234-49-67,cache/1756274294432.png
402,9624,281-91-96-99,cache/1756274294441.png
402,1715,379-119-38-44,cache/1756274294462.png
402,9337,55-116-89-104,cache/1756274294471.png
402,9191,214-127-83-110,cache/1756274294478.png
402,3596,251-71-59-59,cache/1756274294486.png
402,1030,169-77-29-35,cache/1756274294492.png
735,9755,74-118-91-106,cache/1756274294818.png
735,2910,233-50-53-54,cache/1756274294825.png
735,9375,4-90-99-94,cache/1756274294831.png
244,4840,25-99-71-67,cache/1756274295132.png
244,10365,123-101-100-103,cache/1756274295142.png
244,18304,262-109-115-158,cache/1756274295152.png
244,5439,98-69-68-79,cache/1756274295162.png
244,7626,358-81-92-82,cache/1756274295169.png
244,2993,216-215-46-64,cache/1756274295180.png
244,10744,321-112-105-101,cache/1756274295188.png
244,3978,232-55-56-69,cache/1756274295196.png
244,879,195-78-26-32,cache/1756274295204.png
577,13756,144-153-107-127,cache/1756274295492.png
577,4101,276-72-63-64,cache/1756274295500.png
577,7751,72-90-80-95,cache/1756274295507.png
577,5848,158-73-69-83,cache/1756274295512.png
577,1213,243-83-31-39,cache/1756274295522.png
547,955,139-116-31-30,cache/1756274295816.png
547,10668,188-155-89-118,cache/1756274295823.png
547,9450,278-135-86-108,cache/1756274295833.png
547,1841,240-137-43-42,cache/1756274295839.png
967,4551,200-59-62-72,cache/1756274296137.png
967,3253,118-176-52-61,cache/1756274296142.png
967,2117,336-148-41-50,cache/1756274296148.png
238,3801,263-71-61-62,cache/1756274296450.png
238,2193,341-153-42-51,cache/1756274296457.png
238,1103,381-118-33-33,cache/1756274296462.png
238,1952,417-129-42-46,cache/1756274296466.png
238,8252,77-102-83-99,cache/1756274296471.png
238,13037,222-161-99-130,cache/1756274296477.png
238,1077,60-124-24-44,cache/1756274296483.png
238,5730,129-72-68-83,cache/1756274296489.png
238,1978,201-170-32-61,cache/1756274296495.png
238,816,194-79-22-35,cache/1756274296500.png
186,6591,142-98-76-85,cache/1756274296786.png
186,5295,226-76-67-78,cache/1756274296794.png
186,1994,119-167-40-49,cache/1756274296800.png
998,11378,253-111-104-108,cache/1756274297103.png
998,1550,44-123-36-42,cache/1756274297111.png
998,9107,101-124-86-105,cache/1756274297116.png
998,1067,252-86-31-33,cache/1756274297121.png
998,891,207-81-27-32,cache/1756274297126.png
998,1290,238-113-31-40,cache/1756274297130.png
998,1530,73-141-32-46,cache/1756274297135.png
998,1197,172-106-31-38,cache/1756274297139.png
998,700,293-94-29-23,cache/1756274297144.png
802,9611,149-178-96-99,cache/1756274297441.png
802,10703,379-92-99-107,cache/1756274297451.png
802,4556,255-83-67-67,cache/1756274297457.png
802,3445,242-181-53-64,cache/1756274297463.png
802,2208,76-144-43-50,cache/1756274297469.png
802,1378,222-64-37-37,cache/1756274297474.png
802,2236,111-117-47-47,cache/1756274297479.png
802,1402,151-164-38-36,cache/1756274297484.png
802,4644,280-48-61-75,cache/1756274297489.png
344,5899,329-128-77-76,cache/1756274297790.png
344,12289,142-126-106-115,cache/1756274297799.png
344,12153,236-169-95-127,cache/1756274297806.png
344,3024,248-58-53-56,cache/1756274297812.png
344,2781,92-73-61-45,cache/1756274297817.png
344,7424,195-77-86-85,cache/1756274297823.png
344,9559,81-102-96-99,cache/1756274297829.png
649,8801,161-189-93-94,cache/1756274298139.png
649,5552,90-121-75-73,cache/1756274298147.png
649,4031,343-82-64-62,cache/1756274298153.png
649,4346,254-54-59-73,cache/1756274298158.png
649,1714,146-97-40-41,cache/1756274298163.png
609,19492,170-178-137-141,cache/1756274298442.png
609,4008,218-41-59-66,cache/1756274298449.png
609,1398,71-153-37-37,cache/1756274298454.png
609,4827,319-104-69-69,cache/1756274298459.png
609,1450,150-164-38-38,cache/1756274298465.png
609,1954,174-113-43-45,cache/1756274298470.png
609,1448,284-81-38-37,cache/1756274298475.png
609,9803,273-127-88-110,cache/1756274298480.png
609,1568,133-124-35-43,cache/1756274298487.png
609,979,121-110-30-31,cache/1756274298492.png
643,6228,59-125-79-78,cache/1756274298801.png
643,2987,153-206-47-62,cache/1756274298808.png
643,1796,199-141-37-48,cache/1756274298813.png
643,1229,138-138-34-35,cache/1756274298818.png
643,2148,331-115-45-46,cache/1756274298823.png
643,5444,266-69-66-81,cache/1756274298828.png
643,3704,236-38-54-67,cache/1756274298833.png
660,9649,330-113-94-102,cache/1756274299129.png
660,7489,258-75-81-91,cache/1756274299139.png
660,3061,222-46-54-56,cache/1756274299144.png
605,3933,248-54-57-68,cache/1756274299493.png
605,3591,309-174-58-61,cache/1756274299502.png
605,6481,172-64-80-80,cache/1756274299507.png
605,1315,224-149-35-36,cache/1756274299513.png
605,7468,43-95-81-91,cache/1756274299517.png
605,1368,356-107-34-39,cache/1756274299523.png
53,3165,247-48-55-56,cache/1756274299804.png
53,4103,218-227-58-70,cache/1756274299812.png
53,3062,150-205-50-60,cache/1756274299817.png
53,2775,195-159-48-56,cache/1756274299823.png
53,1303,150-86-33-38,cache/1756274299828.png
53,2733,316-186-46-58,cache/1756274299832.png
53,1154,390-118-34-33,cache/1756274299837.png
53,2328,256-171-41-55,cache/1756274299842.png
53,8063,82-99-82-98,cache/1756274299846.png
53,744,72-107-17-42,cache/1756274299852.png
607,9069,142-113-89-100,cache/1756274300157.png
607,9053,281-123-85-106,cache/1756274300165.png
607,1968,74-143-41-47,cache/1756274300170.png
607,884,260-101-29-30,cache/1756274300175.png
607,5808,124-85-68-84,cache/1756274300179.png
607,1226,226-106-30-39,cache/1756274300184.png
607,3451,185-57-58-59,cache/1756274300189.png
766,7513,104-80-79-94,cache/1756274300545.png
766,3845,174-65-61-62,cache/1756274300552.png
766,7360,325-71-80-91,cache/1756274300557.png
766,3532,275-54-58-59,cache/1756274300563.png
766,2931,270-198-47-62,cache/1756274300568.png
766,606,228-75-20-29,cache/1756274300573.png
766,2299,64-151-44-51,cache/1756274300578.png
206,9386,245-99-94-99,cache/1756274300925.png
206,9512,96-129-87-108,cache/1756274300932.png
206,726,235-82-26-27,cache/1756274300938.png
180,15924,260-137-119-132,cache/1756274301260.png
180,1152,367-122-34-33,cache/1756274301269.png
180,3264,151-56-56-57,cache/1756274301274.png
180,2347,234-150-41-56,cache/1756274301279.png
180,4322,114-81-65-65,cache/1756274301284.png
180,1155,222-90-30-37,cache/1756274301289.png
180,1767,329-99-42-41,cache/1756274301294.png
180,7873,22-90-84-93,cache/1756274301298.png
417,3504,153-194-55-62,cache/1756274301617.png
417,1386,111-172-37-37,cache/1756274301625.png
417,3150,262-177-53-58,cache/1756274301629.png
417,3825,208-55-55-69,cache/1756274301634.png
417,6290,36-87-74-83,cache/1756274301639.png
417,1234,152-110-31-39,cache/1756274301645.png
417,10256,288-108-100-101,cache/1756274301651.png
417,2189,396-132-45-47,cache/1756274301658.png
417,715,284-96-27-26,cache/1756274301663.png
417,440,322-99-29-14,cache/1756274301667.png
420,3596,222-38-56-64,cache/1756274302008.png
420,8898,361-92-96-92,cache/1756274302013.png
420,2926,182-162-51-57,cache/1756274302018.png
420,4410,148-53-60-72,cache/1756274302022.png
420,1008,308-107-31-31,cache/1756274302027.png
197,1313,87-125-36-36,cache/1756274302351.png
197,1664,342-108-37-44,cache/1756274302358.png
197,1428,191-99-33-42,cache/1756274302362.png
414,4760,361-104-70-67,cache/1756274302682.png
414,2657,213-205-45-58,cache/1756274302689.png
414,4962,159-63-65-75,cache/1756274302694.png
414,1962,309-141-42-45,cache/1756274302699.png
414,7493,225-115-75-98,cache/1756274302703.png
414,9273,97-131-86-106,cache/1756274302709.png
414,3987,273-87-62-64,cache/1756274302715.png
928,9835,155-173-98-100,cache/1756274303083.png
928,16363,276-126-123-132,cache/1756274303091.png
928,13716,30-104-118-115,cache/1756274303099.png
928,3792,202-61-60-63,cache/1756274303105.png
928,1905,156-96-42-44,cache/1756274303110.png
928,4102,309-96-81-50,cache/1756274303116.png
928,2977,42-80-69-42,cache/1756274303121.png
928,1193,241-120-33-35,cache/1756274303126.png
928,1492,261-75-38-38,cache/1756274303132.png
928,8148,391-85-85-95,cache/1756274303137.png
958,1198,109-138-34-34,cache/1756274303470.png
958,2415,241-148-46-52,cache/1756274303477.png
958,4766,252-64-61-76,cache/1756274303481.png
102,2274,60-121-48-46,cache/1756274303833.png
102,1912,283-98-43-44,cache/1756274303841.png
102,3548,203-55-59-59,cache/1756274303846.png
102,2707,392-130-50-53,cache/1756274303870.png
102,3982,122-63-62-63,cache/1756274303875.png
102,3117,250-192-48-64,cache/1756274303880.png
102,1486,139-147-38-38,cache/1756274303886.png
102,1532,176-109-34-43,cache/1756274303891.png
102,2626,367-159-46-55,cache/1756274303896.png
269,5067,145-68-67-75,cache/1756274304278.png
269,10943,334-107-113-96,cache/1756274304285.png
269,2214,188-226-46-47,cache/1756274304290.png
269,1417,281-163-37-37,cache/1756274304295.png
269,744,333-123-17-42,cache/1756274304299.png
955,20773,110-153-137-151,cache/1756274304658.png
955,7869,299-141-89-88,cache/1756274304667.png
955,3540,198-55-59-59,cache/1756274304674.png
955,9622,23-77-101-95,cache/1756274304680.png
955,4403,224-29-65-66,cache/1756274304686.png
955,9740,61-111-89-109,cache/1756274304692.png
955,4655,148-82-67-68,cache/1756274304698.png
955,2065,273-144-39-51,cache/1756274304704.png
955,1300,363-137-34-37,cache/1756274304709.png
955,1320,318-92-33-39,cache/1756274304715.png
657,2402,205-227-47-50,cache/1756274305067.png
657,3138,132-69-58-54,cache/1756274305073.png
657,2940,251-58-52-55,cache/1756274305079.png
657,3550,285-78-57-61,cache/1756274305084.png
657,8904,108-120-85-104,cache/1756274305089.png
657,6736,335-89-76-87,cache/1756274305095.png
657,7109,32-93-78-90,cache/1756274305100.png
657,962,208-86-28-34,cache/1756274305106.png
657,849,107-110-35-23,cache/1756274305111.png
590,5570,366-123-76-73,cache/1756274305486.png
590,6376,270-147-79-79,cache/1756274305494.png
590,1030,339-120-32-32,cache/1756274305500.png
590,1018,216-81-29-34,cache/1756274305507.png
590,2762,250-213-45-61,cache/1756274305512.png
590,6438,125-91-72-88,cache/1756274305517.png
590,4897,289-62-63-76,cache/1756274305523.png
590,1991,170-162-38-51,cache/1756274305528.png
590,1834,62-137-39-45,cache/1756274305533.png
590,830,109-106-20-39,cache/1756274305538.png
487,5635,400-102-77-73,cache/1756274306040.png
487,9393,146-79-95-98,cache/1756274306048.png
487,1635,361-167-40-39,cache/1756274306054.png
487,3769,111-65-60-62,cache/1756274306059.png
487,1787,320-185-42-42,cache/1756274306065.png
487,5876,257-69-68-85,cache/1756274306070.png
487,4179,221-41-57-72,cache/1756274306076.png
650,3775,152-185-57-65,cache/1756274306435.png
650,10902,181-200-103-105,cache/1756274306441.png
650,1425,328-104-34-41,cache/1756274306451.png
870,2407,369-142-47-51,cache/1756274306956.png
870,2168,288-170-41-52,cache/1756274306963.png
870,8451,178-181-90-93,cache/1756274306968.png
870,2777,245-55-49-55,cache/1756274306973.png
870,5564,311-75-68-81,cache/1756274306978.png
870,4740,212-69-60-77,cache/1756274306984.png
870,7491,125-86-86-86,cache/1756274306990.png
762,13257,271-126-112-118,cache/1756274307579.png
762,8754,83-102-90-96,cache/1756274307587.png
762,3988,220-69-62-63,cache/1756274307593.png
762,7360,320-67-81-90,cache/1756274307597.png
762,2351,172-122-46-50,cache/1756274307603.png
762,847,258-68-26-32,cache/1756274307607.png
90,1240,80-144-35-34,cache/1756274308133.png
90,971,130-114-31-31,cache/1756274308137.png
90,771,193-85-27-28,cache/1756274308141.png
90,1816,245-150-37-49,cache/1756274308145.png
90,2131,192-171-39-53,cache/1756274308149.png
156,3827,196-190-57-67,cache/1756274308658.png
156,8127,97-145-90-90,cache/1756274308665.png
156,11051,1-86-109-100,cache/1756274308671.png
156,4333,326-78-66-65,cache/1756274308677.png
156,931,181-96-30-30,cache/1756274308683.png
156,5113,243-42-74-68,cache/1756274308688.png
156,8485,225-106-81-104,cache/1756274308694.png
156,2060,390-133-42-48,cache/1756274308700.png
156,2512,347-162-45-55,cache/1756274308705.png
156,1253,121-115-36-34,cache/1756274308710.png
823,8386,178-104-84-99,cache/1756274309289.png
823,5142,384-100-73-70,cache/1756274309296.png
823,2796,227-36-51-53,cache/1756274309301.png
823,1651,135-186-40-40,cache/1756274309305.png
823,15964,265-148-133-119,cache/1756274309310.png
823,3369,173-77-62-53,cache/1756274309316.png
823,1282,116-91-32-39,cache/1756274309320.png
823,1606,84-114-37-43,cache/1756274309325.png
823,12568,265-148-105-119,cache/1756274309330.png
823,1038,284-74-28-35,cache/1756274309335.png
823,2558,353-151-45-56,cache/1756274309339.png
837,18170,255-141-129-140,cache/1756274310178.png
837,5540,24-97-76-72,cache/1756274310187.png
837,2602,192-239-50-51,cache/1756274310194.png
837,12236,342-96-110-110,cache/1756274310199.png
837,894,116-94-30-29,cache/1756274310205.png
837,5996,310-69-73-81,cache/1756274310210.png
837,1044,233-72-29-35,cache/1756274310215.png
837,1649,126-114-36-44,cache/1756274310220.png
572,1749,112-106-39-44,cache/1756274311225.png
572,964,155-102-30-31,cache/1756274311229.png
572,6491,265-138-80-80,cache/1756274311234.png
662,1513,95-112-35-42,cache/1756274312058.png
662,10393,177-122-95-109,cache/1756274312065.png
662,1411,97-159-37-37,cache/1756274312071.png
662,799,151-92-27-29,cache/1756274312075.png
662,793,338-95-20-37,cache/1756274312079.png
662,8100,361-102-84-95,cache/1756274312084.png
662,6333,273-88-71-88,cache/1756274312089.png
662,1175,178-101-30-38,cache/1756274312094.png
892,6095,272-88-72-84,cache/1756274312884.png
892,1725,226-191-41-42,cache/1756274312889.png
892,1764,367-136-38-45,cache/1756274312894.png
421,2958,189-60-54-54,cache/1756274313699.png
421,2317,318-165-46-49,cache/1756274313705.png
421,10333,211-158-88-117,cache/1756274313712.png
363,8287,220-166-90-91,cache/1756274315645.png
363,724,204-90-26-27,cache/1756274315655.png
363,1798,401-133-40-44,cache/1756274315661.png
363,1789,307-120-42-42,cache/1756274315666.png
363,769,276-95-27-28,cache/1756274315671.png
363,2511,154-151-48-51,cache/1756274315676.png
363,852,330-111-28-29,cache/1756274315681.png
363,692,123-118-22-30,cache/1756274315686.png
363,7553,46-102-81-92,cache/1756274315691.png
363,2236,104-165-42-52,cache/1756274315697.png
737,4660,39-100-69-67,cache/1756274316113.png
737,4202,182-57-62-67,cache/1756274316123.png
737,3413,152-79-57-59,cache/1756274316130.png
737,9552,266-133-86-110,cache/1756274316136.png
737,2068,109-159-41-49,cache/1756274316145.png
737,1349,237-95-36-37,cache/1756274316151.png
737,6692,294-104-73-90,cache/1756274316158.png
737,5217,324-81-65-79,cache/1756274316165.png
448,3833,258-71-61-62,cache/1756274316588.png
448,7255,26-78-78-92,cache/1756274316593.png
448,15369,128-134-118-129,cache/1756274316599.png
448,1802,358-126-39-45,cache/1756274316606.png
448,1617,316-173-40-40,cache/1756274316612.png
448,878,235-64-26-32,cache/1756274316618.png
448,11479,72-101-105-108,cache/1756274316623.png
448,3506,197-234-50-69,cache/1756274316630.png
969,2118,344-157-42-49,cache/1756274317315.png
969,4371,282-96-65-66,cache/1756274317331.png
969,982,149-119-30-31,cache/1756274317337.png
969,1290,66-147-36-35,cache/1756274317343.png
969,4008,219-208-59-67,cache/1756274317397.png
969,752,259-90-26-28,cache/1756274317425.png
969,3151,164-178-52-59,cache/1756274317431.png
935,11685,237-154-96-121,cache/1756274317853.png
935,9159,324-111-94-97,cache/1756274317861.png
935,1068,415-136-30-35,cache/1756274317868.png
935,858,294-96-28-29,cache/1756274317873.png
935,6184,153-87-69-88,cache/1756274317878.png
935,3545,206-37-53-66,cache/1756274317883.png
935,2304,196-175-42-54,cache/1756274317889.png
935,2198,114-165-42-52,cache/1756274317894.png
935,1303,266-73-35-36,cache/1756274317899.png
935,1534,78-114-36-42,cache/1756274317904.png
141,3733,118-81-61-60,cache/1756274318258.png
141,2728,150-185-47-57,cache/1756274318265.png
141,2195,314-168-41-52,cache/1756274318270.png
141,2308,68-135-48-47,cache/1756274318275.png
128,1407,142-115-34-40,cache/1756274318625.png
128,2353,397-134-47-49,cache/1756274318630.png
128,5348,192-56-71-74,cache/1756274318634.png
574,6744,257-139-82-81,cache/1756274319023.png
574,1869,117-199-43-43,cache/1756274319030.png
574,4888,210-30-69-70,cache/1756274319035.png
574,3240,254-222-48-66,cache/1756274319041.png
574,1674,59-110-38-43,cache/1756274319046.png
574,1784,357-120-38-46,cache/1756274319052.png
574,2082,161-154-40-51,cache/1756274319057.png
574,1139,210-84-30-37,cache/1756274319063.png
574,1956,324-100-43-44,cache/1756274319068.png
574,1657,304-133-39-42,cache/1756274319074.png
395,2799,244-50-51-54,cache/1756274319436.png
395,5190,277-69-65-79,cache/1756274319445.png
395,7070,87-93-77-91,cache/1756274319452.png
395,2449,124-176-44-55,cache/1756274319459.png
395,4603,157-61-61-75,cache/1756274319464.png
553,8482,316-93-91-92,cache/1756274319861.png
553,12363,162-162-96-128,cache/1756274319869.png
553,12645,27-110-114-110,cache/1756274319875.png
553,4454,239-47-60-74,cache/1756274319881.png
553,1595,143-118-35-44,cache/1756274319887.png
553,2776,308-191-46-59,cache/1756274319893.png
672,4525,217-217-62-72,cache/1756274320379.png
672,1291,247-64-35-36,cache/1756274320385.png
672,9651,62-120-90-106,cache/1756274320391.png
672,11409,281-147-95-120,cache/1756274320396.png
672,1139,162-84-30-37,cache/1756274320403.png
672,831,144-128-24-34,cache/1756274320408.png
672,5306,302-61-66-79,cache/1756274320413.png
672,2311,179-175-41-55,cache/1756274320419.png
672,9917,334-94-95-104,cache/1756274320424.png
672,1433,54-113-34-41,cache/1756274320430.png
83,10667,123-103-100-105,cache/1756274320955.png
83,750,239-81-27-27,cache/1756274320963.png
83,1199,393-132-35-34,cache/1756274320970.png
83,2259,212-182-40-55,cache/1756274320976.png
872,7166,79-74-81-88,cache/1756274321313.png
872,1271,199-92-33-37,cache/1756274321328.png
872,10255,238-131-88-115,cache/1756274321333.png
872,1405,134-150-37-37,cache/1756274321339.png
872,6278,275-67-81-77,cache/1756274321351.png
872,7109,321-91-76-92,cache/1756274321357.png
65,15492,124-169-112-137,cache/1756274321782.png
65,742,232-78-27-27,cache/1756274321795.png
65,4433,135-114-77-57,cache/1756274321800.png
503,19612,161-151-132-147,cache/1756274322246.png
503,9134,338-103-88-102,cache/1756274322257.png
503,2829,322-182-47-59,cache/1756274322265.png
503,4457,302-81-65-68,cache/1756274322271.png
503,1157,261-85-30-37,cache/1756274322276.png
503,811,420-127-22-35,cache/1756274322282.png
687,7692,273-110-79-97,cache/1756274322704.png
687,830,141-101-28-29,cache/1756274322723.png
687,6292,236-78-78-80,cache/1756274322736.png
687,2323,227-53-50-46,cache/1756274322749.png
496,1308,53-138-36-35,cache/1756274323160.png
496,2988,216-205-46-63,cache/1756274323166.png
496,3283,259-175-53-61,cache/1756274323172.png
118,1298,413-143-37-34,cache/1756274323572.png
118,911,151-106-30-30,cache/1756274323578.png
118,1842,77-116-40-45,cache/1756274323583.png
118,1999,146-156-39-50,cache/1756274323588.png
477,5662,276-74-73-76,cache/1756274324054.png
477,8412,196-183-90-92,cache/1756274324062.png
477,1159,83-142-34-33,cache/1756274324069.png
477,3812,172-59-55-68,cache/1756274324075.png
477,1600,385-128-37-42,cache/1756274324080.png
477,6985,129-108-74-93,cache/1756274324085.png
477,2069,340-165-41-50,cache/1756274324092.png
477,810,132-96-35-22,cache/1756274324100.png
477,1014,55-120-31-32,cache/1756274324106.png
477,1923,189-175-39-49,cache/1756274324111.png
21,2096,46-115-45-46,cache/1756274324424.png
21,7773,147-72-87-88,cache/1756274324432.png
21,10619,297-127-93-114,cache/1756274324437.png
21,858,232-71-26-32,cache/1756274324442.png
245,2646,255-184-47-55,cache/1756274324806.png
245,4917,144-113-70-70,cache/1756274324815.png
245,2058,175-226-44-46,cache/1756274324820.png
245,6190,106-60-80-77,cache/1756274324826.png
245,961,234-118-30-31,cache/1756274324832.png
245,6272,277-67-76-81,cache/1756274324838.png
245,2012,274-120-43-45,cache/1756274324844.png
245,2103,342-162-41-50,cache/1756274324850.png
245,820,222-72-25-31,cache/1756274324855.png
754,5392,53-116-74-72,cache/1756274325447.png
754,6179,218-138-77-79,cache/1756274325454.png
754,9351,367-92-101-92,cache/1756274325459.png
754,4168,264-92-64-65,cache/1756274325465.png
754,4461,120-61-61-72,cache/1756274325470.png
754,1404,322-102-34-41,cache/1756274325475.png
912,6581,332-81-88-74,cache/1756274325870.png
912,1598,132-193-39-40,cache/1756274325878.png
912,835,256-106-28-29,cache/1756274325884.png
912,8938,321-114-87-101,cache/1756274325897.png
72,6667,93-150-81-81,cache/1756274326333.png
72,1168,58-132-34-33,cache/1756274326345.png
72,8319,206-124-79-104,cache/1756274326353.png
72,4890,260-62-62-77,cache/1756274326362.png
72,1854,325-142-38-47,cache/1756274326373.png
72,6055,322-78-71-84,cache/1756274326382.png
72,2938,151-219-47-62,cache/1756274326397.png
72,887,211-66-26-33,cache/1756274326404.png
72,7885,62-66-89-87,cache/1756274326410.png
72,3042,325-112-39-77,cache/1756274326416.png
673,4965,60-113-71-69,cache/1756274326758.png
673,5927,333-79-71-83,cache/1756274326768.png
673,1714,212-103-40-42,cache/1756274326775.png
673,4803,103-63-63-75,cache/1756274326780.png
673,801,233-62-25-31,cache/1756274326788.png
673,989,256-84-27-35,cache/1756274326794.png
620,5687,254-112-75-75,cache/1756274327162.png
620,2308,355-117-49-47,cache/1756274327169.png
620,1072,209-84-29-36,cache/1756274327174.png
759,3243,222-63-56-57,cache/1756274327544.png
759,3382,182-236-49-68,cache/1756274327551.png
759,2037,282-157-40-50,cache/1756274327556.png
205,5398,137-124-73-73,cache/1756274328129.png
205,12503,267-126-106-117,cache/1756274328139.png
205,1594,102-125-35-44,cache/1756274328145.png
205,6709,208-71-81-81,cache/1756274328150.png
900,8655,178-191-92-94,cache/1756274328547.png
900,10959,133-86-80-135,cache/1756274328555.png
900,1407,141-86-37-37,cache/1756274328564.png
900,8332,134-119-80-103,cache/1756274328572.png
747,3745,305-79-61-61,cache/1756274329013.png
747,2691,297-159-49-54,cache/1756274329028.png
747,1837,156-147-38-47,cache/1756274329040.png
747,4531,214-37-67-67,cache/1756274329049.png
747,1071,365-127-33-32,cache/1756274329061.png
747,1553,202-134-34-44,cache/1756274329078.png
747,1029,266-85-28-35,cache/1756274329085.png
768,8254,264-160-90-91,cache/1756274329504.png
768,2881,373-141-53-53,cache/1756274329523.png
768,2124,125-152-41-51,cache/1756274329537.png
768,5141,178-102-71-72,cache/1756274329546.png
768,5587,294-69-68-81,cache/1756274329555.png
768,1530,243-110-34-43,cache/1756274329562.png
768,4003,168-48-57-69,cache/1756274329573.png
46,977,101-108-30-31,cache/1756274329911.png
46,1065,360-122-32-32,cache/1756274329916.png
46,2164,154-165-40-52,cache/1756274329920.png
46,1161,236-83-32-35,cache/1756274329925.png
46,1122,215-96-29-37,cache/1756274329929.png
46,7752,281-108-79-97,cache/1756274329933.png
828,9597,134-128-89-107,cache/1756274330245.png
828,751,261-92-27-27,cache/1756274330252.png
828,4352,115-103-67-64,cache/1756274330257.png
593,7525,120-169-86-87,cache/1756274330590.png
593,9409,40-97-99-94,cache/1756274330596.png
593,634,242-76-24-25,cache/1756274330602.png
593,6916,240-157-82-83,cache/1756274330607.png
593,4528,109-64-62-72,cache/1756274330614.png
593,4917,296-71-64-76,cache/1756274330619.png
899,4070,78-76-64-63,cache/1756274331027.png
899,5413,182-33-73-74,cache/1756274331035.png
899,1561,250-78-39-39,cache/1756274331040.png
136,14031,139-131-113-124,cache/1756274331398.png
136,5059,378-97-72-70,cache/1756274331409.png
136,1847,120-133-40-45,cache/1756274331413.png
949,2171,364-143-42-50,cache/1756274331754.png
949,11285,101-113-111-101,cache/1756274331764.png
949,7177,9-86-81-88,cache/1756274331770.png
949,5766,265-92-71-80,cache/1756274331775.png
949,1724,225-179-40-42,cache/1756274331780.png
949,12905,126-152-99-129,cache/1756274331785.png
949,478,113-113-27-17,cache/1756274331791.png
949,1146,241-96-30-38,cache/1756274331797.png
949,366,290-92-27-13,cache/1756274331802.png
492,7878,122-85-88-89,cache/1756274332291.png
492,4405,214-105-65-66,cache/1756274332301.png
492,2856,182-218-46-60,cache/1756274332308.png
492,2439,120-63-65-37,cache/1756274332313.png
492,1775,261-206-41-43,cache/1756274332318.png
492,9008,353-104-98-91,cache/1756274332323.png
492,1952,276-155-39-49,cache/1756274332329.png
492,5080,321-75-65-77,cache/1756274332334.png
740,10346,324-96-104-99,cache/1756274332665.png
740,2876,237-174-50-57,cache/1756274332671.png
740,4232,243-86-65-64,cache/1756274332676.png
740,2789,168-193-46-60,cache/1756274332681.png
740,7154,65-93-78-90,cache/1756274332686.png
740,885,206-105-29-29,cache/1756274332693.png
740,1371,147-93-36-37,cache/1756274332698.png
740,484,290-88-20-23,cache/1756274332703.png
287,8527,219-173-91-92,cache/1756274333125.png
287,2458,141-173-46-53,cache/1756274333135.png
287,2683,332-155-48-54,cache/1756274333141.png
287,1795,46-118-40-44,cache/1756274333146.png
287,1995,75-146-41-48,cache/1756274333151.png
287,3921,184-53-56-69,cache/1756274333157.png
287,325,264-102-11-28,cache/1756274333163.png
287,951,129-111-30-31,cache/1756274333168.png
287,7021,264-88-80-87,cache/1756274333173.png
328,6723,296-138-82-81,cache/1756274333594.png
328,3933,172-75-62-62,cache/1756274333601.png
328,2328,107-132-47-48,cache/1756274333607.png
328,2698,115-186-46-58,cache/1756274333612.png
328,6761,354-82-76-88,cache/1756274333617.png
328,4131,244-46-57-71,cache/1756274333623.png
125,11454,131-129-98-116,cache/1756274334054.png
125,8358,64-77-93-89,cache/1756274334063.png
125,7371,278-101-77-95,cache/1756274334069.png
125,2623,225-47-50-51,cache/1756274334075.png
125,1869,353-124-43-43,cache/1756274334079.png
125,3291,313-71-59-55,cache/1756274334085.png
125,1009,160-104-33-30,cache/1756274334092.png
125,741,213-88-26-27,cache/1756274334102.png
772,20499,166-158-146-140,cache/1756274334513.png
772,1141,44-130-34-32,cache/1756274334523.png
772,5875,228-64-74-78,cache/1756274334528.png
772,1783,124-106-42-42,cache/1756274334534.png
772,7461,323-83-89-83,cache/1756274334540.png
772,3979,153-56-57-69,cache/1756274334546.png
772,1329,338-156-36-36,cache/1756274334552.png
772,1217,280-146-34-34,cache/1756274334557.png
772,9775,323-83-89-109,cache/1756274334562.png
772,1379,165-167-35-39,cache/1756274334569.png
360,7185,258-151-84-85,cache/1756274334888.png
360,957,99-103-31-30,cache/1756274334895.png
360,787,198-83-27-28,cache/1756274334899.png
360,1335,161-150-36-36,cache/1756274334904.png
49,5506,361-114-75-72,cache/1756274335310.png
49,4636,212-99-67-68,cache/1756274335318.png
49,1656,194-191-40-41,cache/1756274335324.png
49,9505,90-127-88-107,cache/1756274335329.png
49,1487,181-90-37-40,cache/1756274335334.png
49,1016,332-114-31-32,cache/1756274335339.png
49,789,270-106-25-30,cache/1756274335344.png
49,4607,280-52-61-75,cache/1756274335349.png
644,2830,231-45-52-53,cache/1756274335657.png
644,3835,149-69-61-62,cache/1756274335663.png
644,1877,216-186-42-43,cache/1756274335668.png
644,8069,305-91-87-91,cache/1756274335674.png
644,2237,74-149-43-51,cache/1756274335679.png
644,1762,74-103-43-40,cache/1756274335684.png
644,8562,389-81-90-94,cache/1756274335689.png
644,10065,266-121-89-112,cache/1756274335695.png
644,3273,164-208-49-65,cache/1756274335702.png
644,1496,116-111-35-42,cache/1756274335708.png
811,15266,179-136-118-128,cache/1756274336064.png
811,6533,156-82-79-81,cache/1756274336072.png
811,409,155-92-13-29,cache/1756274336076.png
798,4885,41-96-71-68,cache/1756274336457.png
798,3087,197-59-55-55,cache/1756274336465.png
798,6282,314-122-79-78,cache/1756274336470.png
798,1368,128-149-37-36,cache/1756274336475.png
798,1797,253-104-42-42,cache/1756274336479.png
798,1865,290-189-42-43,cache/1756274336484.png
798,1402,122-96-36-38,cache/1756274336490.png
241,4986,230-31-69-71,cache/1756274336853.png
241,8260,267-167-90-91,cache/1756274336860.png
241,1825,215-101-41-44,cache/1756274336866.png
241,4837,292-94-69-69,cache/1756274336871.png
241,3346,350-165-56-59,cache/1756274336878.png
241,4557,148-48-61-74,cache/1756274336884.png
241,7739,88-93-80-96,cache/1756274336889.png
241,2283,174-229-46-48,cache/1756274336895.png
918,1360,89-157-37-36,cache/1756274337247.png
918,1168,390-136-34-33,cache/1756274337253.png
918,736,191-89-26-27,cache/1756274337260.png
918,806,160-99-28-28,cache/1756274337265.png
918,1899,266-116-42-44,cache/1756274337270.png
918,1528,244-177-38-39,cache/1756274337275.png
918,1185,302-144-34-34,cache/1756274337279.png
918,1410,353-110-34-40,cache/1756274337284.png
918,1196,315-103-31-37,cache/1756274337288.png
918,8816,165-183-92-95,cache/1756274337293.png
996,4626,71-95-67-68,cache/1756274337662.png
996,1396,351-155-36-38,cache/1756274337670.png
996,7646,209-71-86-88,cache/1756274337675.png
996,11018,259-145-92-118,cache/1756274337680.png
996,2996,176-53-53-55,cache/1756274337686.png
996,7578,138-104-77-98,cache/1756274337691.png
996,696,129-98-30-22,cache/1756274337696.png
567,5069,93-97-71-70,cache/1756274338038.png
567,1408,210-107-33-42,cache/1756274338046.png
567,1266,242-60-35-35,cache/1756274338050.png
621,1732,347-167-41-41,cache/1756274338398.png
621,1005,291-106-31-31,cache/1756274338402.png
621,6801,183-88-73-92,cache/1756274338408.png
621,987,241-78-28-35,cache/1756274338412.png
11,13071,226-162-105-124,cache/1756274338730.png
11,2219,385-145-43-50,cache/1756274338738.png
11,1238,184-107-31-39,cache/1756274338743.png
11,8291,93-115-82-100,cache/1756274338748.png
11,1143,318-132-33-34,cache/1756274338753.png
89,10564,339-104-104-100,cache/1756274339132.png
89,3653,196-47-54-67,cache/1756274339140.png
89,1905,275-160-38-49,cache/1756274339144.png
89,1517,70-119-36-41,cache/1756274339149.png
460,5290,40-91-73-71,cache/1756274339486.png
460,5864,149-41-76-76,cache/1756274339492.png
460,3272,299-152-55-58,cache/1756274339497.png
460,3533,168-222-50-69,cache/1756274339503.png
460,1894,259-94-42-44,cache/1756274339508.png
460,9105,379-95-90-100,cache/1756274339516.png
460,913,226-90-29-30,cache/1756274339521.png
864,5745,26-108-77-74,cache/1756274339867.png
864,1770,207-186-41-42,cache/1756274339874.png
864,825,256-88-28-28,cache/1756274339878.png
864,2495,354-163-45-54,cache/1756274339882.png
864,1443,184-154-37-38,cache/1756274339887.png
712,6653,105-136-81-81,cache/1756274340203.png
712,5206,37-104-73-71,cache/1756274340212.png
712,2323,358-142-45-51,cache/1756274340218.png
712,2279,196-228-46-48,cache/1756274340223.png
712,4099,248-201-59-68,cache/1756274340230.png
712,1113,298-130-33-33,cache/1756274340236.png
712,646,130-120-32-19,cache/1756274340241.png
712,1214,176-103-31-38,cache/1756274340246.png
712,5460,248-61-70-77,cache/1756274340251.png
712,3523,221-44-54-65,cache/1756274340256.png
32,3621,190-198-54-66,cache/1756274340596.png
32,5635,49-96-75-74,cache/1756274340604.png
32,2270,334-147-43-52,cache/1756274340609.png
32,4545,173-48-60-74,cache/1756274340616.png
32,2756,256-180-45-60,cache/1756274340621.png
32,1767,367-113-39-45,cache/1756274340625.png
32,2462,94-156-45-54,cache/1756274340630.png
917,929,147-106-30-30,cache/1756274341013.png
917,1604,267-127-35-45,cache/1756274341022.png
917,1153,65-121-34-33,cache/1756274341027.png
917,1521,83-157-39-38,cache/1756274341031.png
369,2793,215-56-52-53,cache/1756274341359.png
369,7547,254-169-86-87,cache/1756274341366.png
369,845,119-104-28-29,cache/1756274341372.png
369,2024,65-126-45-44,cache/1756274341377.png
369,1213,344-148-34-34,cache/1756274341382.png
369,8791,157-134-82-107,cache/1756274341386.png
369,1945,326-163-38-50,cache/1756274341392.png
369,1192,285-105-30-38,cache/1756274341396.png
369,1156,122-141-33-34,cache/1756274341402.png
369,856,168-112-30-27,cache/1756274341409.png
327,11032,342-101-107-102,cache/1756274341772.png
327,4959,34-102-71-69,cache/1756274341778.png
327,3305,217-70-57-57,cache/1756274341783.png
327,12018,84-122-108-110,cache/1756274341788.png
327,2416,278-180-43-56,cache/1756274341794.png
327,1180,172-106-31-38,cache/1756274341800.png
327,3373,198-49-52-63,cache/1756274341804.png
327,1419,302-161-37-38,cache/1756274341810.png
327,791,120-100-30-25,cache/1756274341816.png
327,614,340-116-15-38,cache/1756274341821.png
962,14360,99-135-116-122,cache/1756274342203.png
962,8637,273-90-92-93,cache/1756274342209.png
962,3470,196-70-58-59,cache/1756274342215.png
962,2052,217-215-44-46,cache/1756274342220.png
962,2455,332-164-44-54,cache/1756274342225.png
962,951,156-86-26-35,cache/1756274342230.png
962,5727,91-82-70-80,cache/1756274342235.png
570,1246,294-130-35-35,cache/1756274342542.png
570,2274,162-138-45-50,cache/1756274342547.png
570,1507,152-82-39-38,cache/1756274342552.png
570,920,80-122-32-28,cache/1756274342557.png
570,7134,79-130-84-84,cache/1756274342563.png
570,4821,206-57-62-77,cache/1756274342569.png
652,1407,236-154-37-37,cache/1756274342963.png
652,2491,270-131-48-51,cache/1756274342968.png
652,7999,171-71-87-91,cache/1756274342973.png
652,6799,331-134-83-81,cache/1756274342978.png
902,4600,369-94-68-66,cache/1756274343349.png
902,7013,193-149-82-84,cache/1756274343356.png
902,5455,112-75-67-80,cache/1756274343361.png
346,5363,234-132-72-73,cache/1756274343711.png
346,3379,192-212-52-63,cache/1756274343722.png
346,1573,133-96-39-39,cache/1756274343733.png
346,1652,62-133-37-43,cache/1756274343738.png
346,1711,180-109-40-42,cache/1756274343745.png
346,1812,337-149-38-46,cache/1756274343751.png
346,5518,294-85-67-81,cache/1756274343761.png
346,4152,267-61-58-71,cache/1756274343771.png
992,4805,330-93-69-68,cache/1756274344146.png
992,4772,148-59-63-75,cache/1756274344170.png
992,1460,104-111-35-41,cache/1756274344182.png
628,6163,279-64-75-81,cache/1756274344662.png
628,2833,369-150-50-56,cache/1756274344680.png
628,13101,229-163-99-131,cache/1756274344710.png
628,10972,168-93-101-108,cache/1756274344743.png
628,2857,120-190-47-60,cache/1756274344757.png
628,790,175-87-35-22,cache/1756274344766.png
628,7908,394-87-84-93,cache/1756274344777.png
965,12433,84-102-111-111,cache/1756274345164.png
965,3707,143-187-57-64,cache/1756274345177.png
965,3138,193-46-55-56,cache/1756274345187.png
965,3496,266-56-58-60,cache/1756274345199.png
965,7004,299-82-76-91,cache/1756274345210.png
965,1475,225-111-33-43,cache/1756274345227.png
24,10541,16-95-106-98,cache/1756274345585.png
24,3605,179-229-53-67,cache/1756274345596.png
24,12932,228-119-109-117,cache/1756274345603.png
24,4482,308-91-66-67,cache/1756274345614.png
24,1425,120-111-34-41,cache/1756274345629.png
24,4056,215-52-57-70,cache/1756274345640.png
875,14908,126-145-112-131,cache/1756274346028.png
875,5128,19-94-72-70,cache/1756274346035.png
875,2334,277-151-43-53,cache/1756274346040.png
875,2332,247-175-41-56,cache/1756274346045.png
875,1438,148-102-34-42,cache/1756274346049.png
113,6966,186-65-82-84,cache/1756274346430.png
113,1634,36-115-38-42,cache/1756274346437.png
113,8364,240-117-80-103,cache/1756274346442.png
204,4049,142-88-63-63,cache/1756274346783.png
204,4606,329-101-67-67,cache/1756274346790.png
204,718,198-82-26-27,cache/1756274346795.png
204,900,219-110-29-30,cache/1756274346800.png
204,10401,258-151-89-116,cache/1756274346806.png
204,1829,79-139-39-46,cache/1756274346811.png
204,1121,309-90-30-37,cache/1756274346816.png
250,6012,107-127-78-77,cache/1756274347166.png
250,781,194-87-27-28,cache/1756274347173.png
250,2753,317-147-50-54,cache/1756274347179.png
250,4882,244-63-62-77,cache/1756274347183.png
250,2279,358-121-47-47,cache/1756274347189.png
250,1161,229-137-33-34,cache/1756274347193.png
755,5148,30-105-73-70,cache/1756274347545.png
755,1499,92-168-39-38,cache/1756274347556.png
755,4427,251-94-66-66,cache/1756274347561.png
755,2632,220-43-50-51,cache/1756274347568.png
755,14512,282-132-117-123,cache/1756274347576.png
755,1830,152-105-42-43,cache/1756274347583.png
755,1970,157-209-43-45,cache/1756274347588.png
755,1312,200-82-35-36,cache/1756274347594.png
755,9787,366-103-101-96,cache/1756274347600.png
755,4743,298-63-62-75,cache/1756274347606.png
941,8959,254-163-94-95,cache/1756274347941.png
941,10348,79-94-102-100,cache/1756274347952.png
941,3379,276-64-57-58,cache/1756274347958.png
941,799,61-123-22-34,cache/1756274347963.png
941,9281,342-110-89-103,cache/1756274347968.png
941,4140,225-81-63-64,cache/1756274347974.png
731,4241,144-90-63-66,cache/1756274348300.png
731,11786,212-157-94-124,cache/1756274348307.png
731,2378,110-171-43-54,cache/1756274348313.png
731,7272,295-94-77-94,cache/1756274348319.png
731,823,256-96-28-29,cache/1756274348324.png
731,5469,76-71-69-79,cache/1756274348329.png
731,734,190-82-26-27,cache/1756274348334.png
731,7810,186-114-78-99,cache/1756274348339.png
361,2980,262-175-51-57,cache/1756274348715.png
361,4260,56-88-65-64,cache/1756274348723.png
361,1106,341-128-33-33,cache/1756274348729.png
361,2390,116-136-48-49,cache/1756274348734.png
361,7181,173-107-74-96,cache/1756274348738.png
361,938,219-86-28-32,cache/1756274348743.png
177,6162,106-61-77-79,cache/1756274349153.png
177,7660,119-147-87-87,cache/1756274349158.png
177,1146,296-122-33-34,cache/1756274349163.png
177,1184,209-69-33-35,cache/1756274349168.png
177,3101,255-206-48-64,cache/1756274349172.png
550,2122,55-118-45-46,cache/1756274349502.png
550,6092,182-134-77-78,cache/1756274349510.png
550,7160,133-70-83-85,cache/1756274349516.png
550,875,310-102-29-29,cache/1756274349522.png
550,2268,391-131-49-45,cache/1756274349529.png
550,11197,266-150-93-119,cache/1756274349534.png
550,2573,176-56-51-50,cache/1756274349540.png
550,669,247-75-25-26,cache/1756274349545.png
550,1769,354-140-37-46,cache/1756274349552.png
191,2481,332-159-46-53,cache/1756274349873.png
191,3647,321-79-60-60,cache/1756274349885.png
191,966,96-118-31-30,cache/1756274349890.png
191,1872,406-127-44-42,cache/1756274349895.png
191,1199,372-141-34-34,cache/1756274349900.png
191,1326,137-153-35-36,cache/1756274349905.png
191,2766,234-57-51-53,cache/1756274349910.png
191,12002,187-158-95-125,cache/1756274349915.png
191,1008,269-94-29-34,cache/1756274349921.png
191,1907,161-169-32-58,cache/1756274349926.png
790,7617,194-177-86-87,cache/1756274350280.png
790,4483,124-63-61-72,cache/1756274350289.png
790,1520,274-105-37-41,cache/1756274350294.png
306,1451,146-92-35-41,cache/1756274350600.png
306,1479,187-112-33-43,cache/1756274350606.png
306,2453,205-177-42-57,cache/1756274350610.png
629,6338,289-107-74-84,cache/1756274350956.png
629,5083,397-97-72-69,cache/1756274350963.png
629,2265,170-172-41-54,cache/1756274350968.png
629,1245,248-69-34-36,cache/1756274350973.png
629,1087,152-124-32-33,cache/1756274350978.png
629,3418,232-190-53-63,cache/1756274350983.png
629,3091,200-221-47-65,cache/1756274350989.png
629,1423,130-98-36-39,cache/1756274350994.png
629,551,316-107-32-16,cache/1756274350998.png
882,6776,191-135-81-82,cache/1756274351411.png
882,2849,372-141-54-52,cache/1756274351424.png
882,2037,104-109-45-44,cache/1756274351432.png
882,2092,305-152-41-50,cache/1756274351437.png
882,5642,326-68-70-80,cache/1756274351443.png
882,3152,138-203-49-63,cache/1756274351449.png
882,1206,255-71-34-34,cache/1756274351454.png
882,3375,152-62-57-58,cache/1756274351460.png
882,7093,8-82-81-87,cache/1756274351465.png
882,6336,178-91-72-87,cache/1756274351470.png
271,5502,116-119-74-74,cache/1756274351800.png
271,2891,168-204-48-59,cache/1756274351808.png
271,5154,220-39-70-72,cache/1756274351813.png
271,5080,288-63-64-78,cache/1756274351818.png
271,704,114-115-27-25,cache/1756274351825.png
857,9827,257-95-96-102,cache/1756274352170.png
857,7213,108-79-87-82,cache/1756274352178.png
857,2844,213-48-52-54,cache/1756274352184.png
857,11364,118-147-94-120,cache/1756274352189.png
857,3735,312-81-60-61,cache/1756274352195.png
857,2394,316-172-43-54,cache/1756274352200.png
857,986,256-93-29-33,cache/1756274352205.png
732,4796,126-99-69-69,cache/1756274352498.png
732,3046,192-211-47-64,cache/1756274352505.png
732,4071,169-54-59-68,cache/1756274352510.png
732,8107,343-102-84-96,cache/1756274352515.png
732,856,252-71-26-32,cache/1756274352520.png
732,1082,117-96-29-36,cache/1756274352526.png
732,5539,292-74-67-81,cache/1756274352530.png
185,8980,309-73-94-94,cache/1756274352832.png
185,5531,102-108-74-74,cache/1756274352841.png
185,3320,262-162-55-59,cache/1756274352849.png
185,3752,86-68-63-59,cache/1756274352856.png
185,1225,53-126-35-34,cache/1756274352862.png
185,14386,140-185-107-133,cache/1756274352869.png
185,4598,156-49-61-75,cache/1756274352876.png
185,857,244-58-26-32,cache/1756274352882.png
769,7545,41-69-85-88,cache/1756274353188.png
769,3660,131-64-59-61,cache/1756274353196.png
769,4053,219-47-57-70,cache/1756274353203.png
769,8467,338-98-85-98,cache/1756274353209.png
979,14744,225-151-115-127,cache/1756274353574.png
979,7473,50-75-90-82,cache/1756274353583.png
979,4739,368-98-69-68,cache/1756274353591.png
979,2204,146-137-45-48,cache/1756274353609.png
979,2278,99-150-47-48,cache/1756274353616.png
979,1767,222-118-43-40,cache/1756274353624.png
979,853,312-104-29-29,cache/1756274353630.png
979,800,264-97-27-28,cache/1756274353636.png
979,3497,187-51-53-65,cache/1756274353643.png
979,1650,326-174-29-56,cache/1756274353649.png
997,18306,134-175-126-144,cache/1756274354053.png
997,6226,238-128-78-79,cache/1756274354063.png
997,4168,321-84-64-64,cache/1756274354070.png
997,5691,124-56-78-72,cache/1756274354075.png
997,1191,400-129-35-34,cache/1756274354082.png
997,6603,151-99-75-88,cache/1756274354087.png
997,2459,329-172-44-54,cache/1756274354094.png
997,1025,288-84-29-34,cache/1756274354100.png
997,1266,101-100-33-38,cache/1756274354105.png
997,817,229-69-26-31,cache/1756274354111.png
435,18182,141-147-129-140,cache/1756274354422.png
435,6134,50-76-74-82,cache/1756274354431.png
435,680,255-77-25-26,cache/1756274354441.png
435,2556,112-136-50-50,cache/1756274354446.png
435,5122,317-66-66-76,cache/1756274354451.png
435,1725,286-131-37-46,cache/1756274354456.png
435,964,164-109-30-31,cache/1756274354462.png
305,7254,228-151-84-85,cache/1756274354843.png
305,4927,375-100-71-68,cache/1756274354851.png
305,10179,42-95-103-98,cache/1756274354857.png
305,1237,195-78-35-34,cache/1756274354863.png
305,964,165-114-30-31,cache/1756274354870.png
305,1540,341-170-39-39,cache/1756274354875.png
305,1389,130-94-36-38,cache/1756274354880.png
305,1746,205-145-36-48,cache/1756274354885.png
305,6718,250-67-82-81,cache/1756274354890.png
305,786,232-70-25-30,cache/1756274354896.png
15,3671,174-74-60-61,cache/1756274355202.png
15,5335,91-117-73-72,cache/1756274355212.png
15,3552,121-186-57-61,cache/1756274355218.png
15,4222,247-50-58-72,cache/1756274355225.png
15,855,79-121-26-32,cache/1756274355232.png
15,873,214-68-26-33,cache/1756274355238.png
4,7942,91-138-88-89,cache/1756274355633.png
4,7404,15-76-81-90,cache/1756274355644.png
4,4348,297-71-65-66,cache/1756274355649.png
4,1155,225-83-30-37,cache/1756274355657.png
4,9633,348-101-91-104,cache/1756274355661.png
4,927,90-135-31-29,cache/1756274355667.png
231,7432,240-105-75-97,cache/1756274355970.png
231,5421,201-44-73-74,cache/1756274355979.png
231,8875,334-115-86-102,cache/1756274355985.png
231,1793,176-101-41-42,cache/1756274355991.png
231,5229,261-75-65-79,cache/1756274355995.png
231,3802,355-82-72-52,cache/1756274356000.png
469,10193,171-186-99-101,cache/1756274356308.png
469,8116,48-90-85-94,cache/1756274356317.png
469,1703,108-176-41-41,cache/1756274356323.png
469,1959,353-121-42-45,cache/1756274356328.png
469,2638,258-189-43-59,cache/1756274356334.png
469,3879,263-52-57-68,cache/1756274356340.png
469,1238,125-102-32-38,cache/1756274356346.png
469,1337,313-110-33-40,cache/1756274356351.png
469,1788,187-141-37-47,cache/1756274356356.png
469,976,180-86-28-34,cache/1756274356361.png
816,5643,351-122-75-74,cache/1756274356659.png
816,5959,88-74-72-82,cache/1756274356670.png
816,1574,114-176-39-40,cache/1756274356676.png
816,2582,236-46-48-53,cache/1756274356681.png
816,11970,166-169-94-126,cache/1756274356687.png
816,4463,280-53-60-73,cache/1756274356694.png
816,1882,151-124-41-45,cache/1756274356700.png
816,10089,273-142-88-113,cache/1756274356706.png
55,6404,71-75-74-86,cache/1756274357004.png
55,3586,212-231-52-67,cache/1756274357011.png
55,1604,317-178-40-39,cache/1756274357017.png
55,4738,243-61-61-77,cache/1756274357024.png
55,2646,129-147-49-53,cache/1756274357030.png
55,1681,197-135-36-46,cache/1756274357036.png
851,804,277-93-28-28,cache/1756274357398.png
851,1536,148-181-39-39,cache/1756274357404.png
851,5793,103-78-69-83,cache/1756274357409.png
851,1363,223-97-34-39,cache/1756274357414.png
851,1738,244-146-36-47,cache/1756274357419.png
851,1783,372-133-39-45,cache/1756274357424.png
461,3022,200-60-54-55,cache/1756274357727.png
461,8101,289-95-88-91,cache/1756274357736.png
461,1306,125-163-36-36,cache/1756274357742.png
461,851,165-105-28-29,cache/1756274357746.png
461,937,75-113-31-30,cache/1756274357759.png
461,2097,171-176-39-52,cache/1756274357764.png
461,1302,277-91-35-36,cache/1756274357770.png
461,9741,218-151-85-114,cache/1756274357775.png
461,1296,374-118-31-41,cache/1756274357791.png
461,2544,71-142-50-50,cache/1756274357796.png
694,1301,393-144-36-35,cache/1756274358114.png
694,3003,145-170-51-57,cache/1756274358119.png
694,1154,118-134-33-34,cache/1756274358124.png
694,1389,242-115-32-42,cache/1756274358130.png
694,7603,188-166-86-88,cache/1756274358134.png
694,4962,283-64-63-77,cache/1756274358140.png
694,1817,60-109-43-41,cache/1756274358145.png
694,499,272-78-14-35,cache/1756274358149.png
409,5167,142-102-71-71,cache/1756274358524.png
409,3499,228-53-58-59,cache/1756274358531.png
409,4888,154-231-64-75,cache/1756274358537.png
409,8579,250-112-81-105,cache/1756274358542.png
409,677,292-101-32-20,cache/1756274358547.png
631,5773,85-115-76-75,cache/1756274358852.png
631,3229,196-61-56-57,cache/1756274358858.png
631,1468,241-161-37-38,cache/1756274358867.png
631,10117,311-126-91-110,cache/1756274358874.png
631,958,179-112-30-31,cache/1756274358889.png
73,5149,39-101-72-70,cache/1756274359202.png
73,768,248-87-27-27,cache/1756274359219.png
73,3638,108-69-60-60,cache/1756274359240.png
73,7699,153-154-87-88,cache/1756274359248.png
73,1424,373-153-37-37,cache/1756274359260.png
73,1054,370-115-33-31,cache/1756274359275.png
73,2249,281-165-41-53,cache/1756274359291.png
73,3600,203-40-54-66,cache/1756274359299.png
73,1882,137-137-40-46,cache/1756274359317.png
73,923,310-104-30-30,cache/1756274359331.png
27,3107,279-197-49-62,cache/1756274359649.png
27,6367,288-80-72-87,cache/1756274359658.png
27,6550,204-73-76-85,cache/1756274359677.png
27,5549,113-69-68-81,cache/1756274359686.png
509,2250,61-113-47-47,cache/1756274360007.png
509,1576,213-105-37-42,cache/1756274360015.png
509,5443,344-97-74-73,cache/1756274360024.png
509,671,241-67-25-26,cache/1756274360031.png
509,2407,171-165-43-55,cache/1756274360036.png
509,1252,163-94-32-39,cache/1756274360042.png
509,1991,124-136-40-49,cache/1756274360050.png
509,1517,321-154-38-39,cache/1756274360055.png
509,994,271-74-28-34,cache/1756274360062.png
846,4515,60-94-67-66,cache/1756274360378.png
846,5584,359-113-75-73,cache/1756274360386.png
846,2376,330-166-44-52,cache/1756274360394.png
846,3647,137-190-58-62,cache/1756274360399.png
846,6461,188-97-71-90,cache/1756274360404.png
846,3128,224-47-51-60,cache/1756274360410.png
846,4417,144-68-60-73,cache/1756274360415.png
846,5045,316-73-65-76,cache/1756274360421.png
846,815,289-93-27-29,cache/1756274360428.png
846,1261,259-116-30-41,cache/1756274360433.png
331,4965,4-96-72-68,cache/1756274360728.png
331,2654,305-183-46-57,cache/1756274360736.png
331,6422,319-70-74-85,cache/1756274360741.png
331,4116,166-49-59-69,cache/1756274360747.png
331,13572,206-174-100-134,cache/1756274360752.png
331,8508,117-96-85-98,cache/1756274360758.png
331,1065,243-86-29-36,cache/1756274360764.png
331,2024,198-168-39-51,cache/1756274360769.png
331,1303,323-149-36-36,cache/1756274360774.png
331,1932,118-74-60-32,cache/1756274360780.png
506,3759,101-80-61-61,cache/1756274361061.png
506,3996,176-90-62-63,cache/1756274361068.png
506,2604,135-194-45-57,cache/1756274361073.png
506,1818,344-132-41-43,cache/1756274361079.png
506,1505,222-180-38-39,cache/1756274361084.png
506,2785,257-211-45-61,cache/1756274361089.png
506,1787,293-145-38-46,cache/1756274361094.png
506,6404,381-86-74-85,cache/1756274361099.png
506,4459,290-60-61-72,cache/1756274361105.png
506,1988,112-159-39-49,cache/1756274361111.png
495,4790,239-65-64-74,cache/1756274361444.png
495,7519,128-73-86-87,cache/1756274361451.png
495,2017,49-123-46-43,cache/1756274361456.png
495,7268,321-101-78-93,cache/1756274361461.png
495,1857,216-155-37-49,cache/1756274361466.png
104,3104,170-62-55-55,cache/1756274361774.png
104,4501,89-100-67-66,cache/1756274361783.png
104,8134,193-186-89-90,cache/1756274361788.png
104,5278,277-69-69-76,cache/1756274361794.png
104,1785,326-137-39-45,cache/1756274361800.png
104,2297,144-177-43-52,cache/1756274361805.png
104,1066,350-113-33-31,cache/1756274361811.png
104,5156,231-48-74-69,cache/1756274361816.png
160,6768,292-55-83-80,cache/1756274362114.png
160,8580,350-89-94-90,cache/1756274362123.png
160,1472,305-155-37-38,cache/1756274362129.png
160,802,218-84-28-28,cache/1756274362135.png
160,2310,91-134-45-50,cache/1756274362139.png
160,9755,208-128-86-113,cache/1756274362145.png
160,5283,120-64-66-79,cache/1756274362150.png
160,1372,86-113-35-39,cache/1756274362156.png
160,2861,122-189-47-60,cache/1756274362163.png
160,868,269-74-25-34,cache/1756274362170.png
316,1504,102-178-38-38,cache/1756274362467.png
316,3101,167-61-55-56,cache/1756274362475.png
316,1741,211-205-40-42,cache/1756274362481.png
316,7115,317-101-77-91,cache/1756274362486.png
316,7492,242-77-84-88,cache/1756274362491.png
575,3971,238-206-58-67,cache/1756274362779.png
575,11149,288-133-96-115,cache/1756274362785.png
575,2310,195-188-41-55,cache/1756274362792.png
575,3485,221-65-57-60,cache/1756274362797.png
575,6046,331-82-72-83,cache/1756274362802.png
575,2894,88-154-53-54,cache/1756274362808.png
575,1790,148-146-37-47,cache/1756274362814.png
575,862,149-99-29-29,cache/1756274362820.png
575,6539,255-93-71-90,cache/1756274362825.png
502,6421,231-133-79-80,cache/1756274363185.png
502,2066,113-143-41-49,cache/1756274363192.png
502,3034,186-43-54-56,cache/1756274363197.png
502,1192,378-125-34-34,cache/1756274363202.png
502,1754,148-92-41-42,cache/1756274363206.png
502,6002,291-51-78-76,cache/1756274363211.png
502,6240,267-74-71-87,cache/1756274363216.png
342,5580,80-126-75-74,cache/1756274363502.png
342,5029,226-118-70-71,cache/1756274363510.png
342,2053,373-126-46-44,cache/1756274363514.png
342,780,78-120-29-26,cache/1756274363519.png
916,9603,168-173-97-98,cache/1756274363826.png
916,1526,85-102-36-41,cache/1756274363832.png
916,6044,225-42-77-77,cache/1756274363837.png
916,1430,365-140-38-37,cache/1756274363843.png
916,9248,125-110-85-108,cache/1756274363848.png
916,1985,316-189-44-44,cache/1756274363853.png
916,8617,145-77-95-90,cache/1756274363858.png
916,410,145-94-20-20,cache/1756274363864.png
916,7212,161-77-80-90,cache/1756274363869.png
455,11165,105-131-101-109,cache/1756274364163.png
455,6658,113-51-82-80,cache/1756274364172.png
455,1809,28-121-40-44,cache/1756274364178.png
455,5002,197-108-69-71,cache/1756274364183.png
455,7089,277-71-80-87,cache/1756274364188.png
455,3173,172-229-48-65,cache/1756274364194.png
455,5034,243-42-69-72,cache/1756274364199.png
455,8582,323-109-84-101,cache/1756274364204.png
455,2609,241-197-43-59,cache/1756274364210.png
521,5824,149-133-74-78,cache/1756274364617.png
521,4270,44-88-65-64,cache/1756274364626.png
521,14656,220-139-116-125,cache/1756274364632.png
521,1669,107-133-37-44,cache/1756274364638.png
619,8465,122-166-91-92,cache/1756274364941.png
619,9581,243-117-90-106,cache/1756274364948.png
619,5962,354-80-72-81,cache/1756274364954.png
619,2393,108-146-50-47,cache/1756274364960.png
619,1616,86-131-36-44,cache/1756274364965.png
619,5689,276-89-69-82,cache/1756274364971.png
619,1114,226-96-30-36,cache/1756274364977.png
619,794,246-75-25-31,cache/1756274364982.png
51,5169,303-64-66-78,cache/1756274365270.png
51,1520,319-164-38-39,cache/1756274365277.png
51,7311,28-88-81-89,cache/1756274365282.png
51,9485,175-127-85-110,cache/1756274365287.png
51,1352,154-106-33-40,cache/1756274365293.png
51,3381,222-36-52-64,cache/1756274365297.png
51,1005,255-80-28-35,cache/1756274365302.png
51,367,170-144-8-43,cache/1756274365308.png
761,2123,323-136-42-49,cache/1756274365590.png
761,12316,121-123-105-117,cache/1756274365597.png
761,4046,208-205-59-68,cache/1756274365604.png
761,844,293-92-28-29,cache/1756274365609.png
761,1262,90-149-35-35,cache/1756274365613.png
761,922,260-68-27-33,cache/1756274365618.png
761,1282,207-105-31-40,cache/1756274365623.png
976,2827,111-177-48-58,cache/1756274365948.png
976,5757,191-55-75-75,cache/1756274365955.png
976,1245,323-147-35-35,cache/1756274365960.png
976,1163,185-138-33-34,cache/1756274365965.png
976,1391,250-120-33-41,cache/1756274365969.png
976,1103,277-97-29-37,cache/1756274365974.png
810,4098,112-84-64-63,cache/1756274366270.png
810,8736,295-105-91-95,cache/1756274366277.png
810,7446,376-89-82-90,cache/1756274366284.png
810,1483,134-170-38-38,cache/1756274366299.png
810,1041,210-123-31-32,cache/1756274366314.png
810,3901,177-45-55-69,cache/1756274366320.png
810,1194,242-100-30-39,cache/1756274366326.png
66,9844,76-94-100-97,cache/1756274366623.png
66,1929,222-202-43-44,cache/1756274366631.png
66,2301,174-175-42-54,cache/1756274366636.png
66,2941,270-61-53-54,cache/1756274366642.png
66,8694,310-115-84-102,cache/1756274366648.png
66,7915,389-89-83-94,cache/1756274366653.png
66,7186,217-80-86-83,cache/1756274366659.png
66,355,346-107-27-12,cache/1756274366665.png
66,787,217-96-21-36,cache/1756274366670.png
66,5513,237-80-66-82,cache/1756274366675.png
513,3900,114-183-59-65,cache/1756274366974.png
513,1286,127-95-34-37,cache/1756274366981.png
513,952,215-78-27-34,cache/1756274366985.png
498,4770,200-61-63-74,cache/1756274367322.png
498,2185,320-123-46-47,cache/1756274367330.png
498,2539,261-146-48-52,cache/1756274367335.png
498,1273,121-102-32-38,cache/1756274367340.png
422,6424,117-153-80-79,cache/1756274367645.png
422,5406,62-125-73-73,cache/1756274367659.png
422,2511,208-49-49-50,cache/1756274367667.png
422,1306,327-107-32-39,cache/1756274367674.png
422,4529,181-66-59-75,cache/1756274367682.png
422,1070,141-89-29-35,cache/1756274367692.png
19,4940,197-41-69-70,cache/1756274367980.png
19,1622,266-126-36-44,cache/1756274367986.png
19,9665,157-134-85-112,cache/1756274367991.png
19,7445,56-80-87-84,cache/1756274367997.png
473,10478,318-124-96-108,cache/1756274368299.png
473,10403,190-100-98-105,cache/1756274368307.png
473,5751,80-70-70-81,cache/1756274368313.png
473,3623,328-76-71-50,cache/1756274368318.png
473,2713,142-188-45-59,cache/1756274368324.png
473,1376,286-122-28-48,cache/1756274368329.png
775,1078,218-72-30-35,cache/1756274368640.png
775,4402,270-88-66-66,cache/1756274368647.png
775,10425,378-90-101-102,cache/1756274368652.png
775,10944,148-148-91-119,cache/1756274368658.png
775,725,326-93-24-29,cache/1756274368666.png
775,8132,107-109-79-101,cache/1756274368672.png
775,6436,66-73-74-85,cache/1756274368678.png
775,1591,263-179-39-40,cache/1756274368683.png
349,2907,156-187-49-58,cache/1756274368998.png
349,5591,221-76-69-80,cache/1756274369009.png
349,2093,180-239-44-47,cache/1756274369015.png
349,1093,370-131-33-33,cache/1756274369019.png
349,3119,296-174-54-57,cache/1756274369024.png
349,2264,316-151-48-46,cache/1756274369029.png
349,3642,254-47-54-66,cache/1756274369034.png
349,1622,120-135-36-44,cache/1756274369039.png
349,1197,115-99-31-37,cache/1756274369043.png
260,5656,371-107-76-73,cache/1756274369432.png
260,2006,135-122-44-45,cache/1756274369438.png
260,2227,58-113-48-46,cache/1756274369443.png
260,1529,318-110-37-41,cache/1756274369449.png
260,1502,269-85-38-38,cache/1756274369453.png
260,2341,204-170-42-55,cache/1756274369458.png
260,1307,181-79-36-36,cache/1756274369463.png
260,2244,90-157-43-51,cache/1756274369468.png
388,6577,221-47-81-80,cache/1756274369767.png
388,6794,322-73-75-90,cache/1756274369781.png
388,1080,87-102-32-33,cache/1756274369787.png
388,10573,251-121-90-116,cache/1756274369792.png
388,2943,184-188-47-62,cache/1756274369798.png
388,9097,117-104-85-106,cache/1756274369803.png
522,9192,350-116-93-97,cache/1756274370088.png
522,4326,32-91-67-64,cache/1756274370097.png
522,2562,90-141-50-50,cache/1756274370103.png
522,9772,261-126-93-104,cache/1756274370108.png
522,12732,177-179-97-130,cache/1756274370114.png
522,2230,168-130-45-48,cache/1756274370120.png
522,5998,179-73-74-81,cache/1756274370125.png
522,1150,146-95-30-37,cache/1756274370130.png
522,3279,231-37-51-63,cache/1756274370135.png
522,3224,284-64-56-57,cache/1756274370141.png
904,5938,105-65-76-77,cache/1756274370457.png
904,12978,264-128-107-121,cache/1756274370463.png
904,9236,313-100-96-95,cache/1756274370469.png
904,825,258-90-28-29,cache/1756274370474.png
904,2297,132-123-47-48,cache/1756274370479.png
904,878,226-67-26-33,cache/1756274370483.png
904,985,182-78-28-35,cache/1756274370488.png
69,5853,136-68-73-79,cache/1756274370796.png
69,2963,78-144-54-54,cache/1756274370803.png
69,1391,73-121-40-34,cache/1756274370808.png
69,4575,73-121-59-76,cache/1756274370812.png
457,9563,206-195-96-99,cache/1756274371138.png
457,773,115-100-25-30,cache/1756274371147.png
457,738,186-76-26-27,cache/1756274371152.png
457,8357,239-119-81-102,cache/1756274371157.png
457,4644,292-53-61-75,cache/1756274371163.png
457,2006,200-122-41-48,cache/1756274371169.png
457,1041,270-104-42-24,cache/1756274371174.png
457,8885,30-103-90-98,cache/1756274371179.png
457,10399,80-135-92-112,cache/1756274371186.png
329,6597,161-147-80-81,cache/1756274371490.png
329,4221,231-210-60-69,cache/1756274371498.png
329,3935,61-82-63-61,cache/1756274371504.png
329,2448,70-139-48-50,cache/1756274371510.png
329,1433,290-168-37-38,cache/1756274371515.png
329,5599,208-48-74-75,cache/1756274371520.png
329,4820,323-104-70-68,cache/1756274371526.png
329,5857,128-82-69-84,cache/1756274371531.png
329,5112,288-68-65-78,cache/1756274371537.png
9,11005,132-111-102-107,cache/1756274371842.png
9,1157,218-72-33-34,cache/1756274371849.png
9,6034,273-66-77-78,cache/1756274371854.png
9,1872,63-132-42-44,cache/1756274371859.png
9,776,247-97-27-28,cache/1756274371865.png
9,4998,108-72-64-77,cache/1756274371870.png
9,1065,41-122-31-33,cache/1756274371875.png
9,405,271-81-12-33,cache/1756274371880.png
352,11043,249-136-94-116,cache/1756274372196.png
352,9237,147-128-87-105,cache/1756274372203.png
352,9665,8-84-99-97,cache/1756274372210.png
352,8300,388-88-91-90,cache/1756274372216.png
352,9391,328-105-88-105,cache/1756274372221.png
352,2239,219-231-46-48,cache/1756274372227.png
352,4419,260-53-59-74,cache/1756274372233.png
352,5302,94-64-67-79,cache/1756274372238.png
352,602,135-149-16-37,cache/1756274372244.png
352,1285,233-105-31-40,cache/1756274372249.png
923,6449,339-81-76-84,cache/1756274372542.png
923,779,266-89-27-28,cache/1756274372548.png
923,814,161-95-28-28,cache/1756274372552.png
294,3114,268-191-49-62,cache/1756274372873.png
294,6687,127-82-75-88,cache/1756274372881.png
294,2103,408-133-43-48,cache/1756274372887.png
294,2435,171-228-48-50,cache/1756274372893.png
294,1758,320-179-41-42,cache/1756274372899.png
294,2941,152-149-52-55,cache/1756274372904.png
294,5688,335-69-70-80,cache/1756274372909.png
294,849,215-71-26-32,cache/1756274372915.png
294,1114,238-93-29-37,cache/1756274372920.png
806,706,203-81-26-26,cache/1756274373218.png
806,1349,85-162-37-36,cache/1756274373225.png
806,796,302-93-27-28,cache/1756274373230.png
806,1640,150-106-38-42,cache/1756274373235.png
806,1178,284-146-34-34,cache/1756274373240.png
806,1151,394-136-34-33,cache/1756274373245.png
806,2113,36-113-47-44,cache/1756274373249.png
806,859,264-104-29-29,cache/1756274373254.png
806,2725,197-215-44-61,cache/1756274373258.png
806,2109,230-178-39-53,cache/1756274373264.png
632,5680,244-63-72-78,cache/1756274373629.png
632,3946,336-84-63-62,cache/1756274373637.png
632,4860,123-109-69-70,cache/1756274373642.png
632,2854,239-208-47-60,cache/1756274373647.png
632,1645,53-122-38-43,cache/1756274373653.png
632,2101,315-166-41-51,cache/1756274373657.png
632,9392,154-141-84-110,cache/1756274373662.png
23,6533,350-77-76-85,cache/1756274373970.png
23,5828,247-131-76-76,cache/1756274373985.png
23,1885,224-212-42-44,cache/1756274374007.png
23,1567,304-85-39-40,cache/1756274374025.png
23,1628,117-186-40-40,cache/1756274374040.png
23,2444,85-78-63-38,cache/1756274374053.png
23,1490,195-121-33-44,cache/1756274374072.png
23,825,309-138-24-33,cache/1756274374083.png
23,8011,77-107-82-97,cache/1756274374093.png
540,5695,372-118-76-74,cache/1756274374408.png
540,3036,264-55-54-55,cache/1756274374421.png
540,2843,323-176-51-54,cache/1756274374429.png
540,669,216-72-25-26,cache/1756274374441.png
540,11649,215-163-93-124,cache/1756274374467.png
540,2141,48-114-46-45,cache/1756274374475.png
540,1861,109-104-42-43,cache/1756274374484.png
540,2105,121-161-41-51,cache/1756274374492.png
540,6640,157-96-71-92,cache/1756274374502.png
540,858,258-101-28-29,cache/1756274374509.png
491,9575,238-117-90-106,cache/1756274374848.png
491,1475,72-151-38-38,cache/1756274374862.png
491,4636,213-92-68-68,cache/1756274374868.png
491,2603,197-189-43-59,cache/1756274374880.png
332,10044,305-93-101-99,cache/1756274375172.png
332,1186,191-85-31-37,cache/1756274375191.png
332,1928,289-186-43-44,cache/1756274375199.png
332,10424,19-74-85-121,cache/1756274375205.png
332,7867,19-74-83-93,cache/1756274375212.png
332,1591,64-157-40-39,cache/1756274375217.png
332,990,305-102-23-42,cache/1756274375225.png
110,6926,332-78-82-83,cache/1756274375535.png
110,4430,26-93-67-65,cache/1756274375598.png
110,1866,70-144-40-46,cache/1756274375608.png
110,3390,209-40-52-64,cache/1756274375619.png
110,6418,282-96-71-89,cache/1756274375631.png
110,1302,118-160-35-36,cache/1756274375641.png
110,1100,179-96-29-37,cache/1756274375668.png
110,1259,116-103-32-38,cache/1756274375674.png
110,1031,269-89-28-35,cache/1756274375680.png
110,7058,230-163-83-84,cache/1756274375690.png
787,3135,241-53-55-56,cache/1756274375975.png
787,4475,158-92-66-67,cache/1756274375980.png
787,1523,225-96-36-41,cache/1756274375986.png
746,3017,281-182-51-58,cache/1756274376291.png
746,14020,20-108-120-116,cache/1756274376296.png
746,4605,121-79-67-68,cache/1756274376302.png
746,892,304-86-29-29,cache/1756274376306.png
885,7444,200-157-85-86,cache/1756274376616.png
885,5239,27-104-73-71,cache/1756274376630.png
885,1668,390-119-37-44,cache/1756274376636.png
885,860,209-94-28-29,cache/1756274376641.png
885,1108,148-83-29-36,cache/1756274376646.png
885,9461,321-120-88-106,cache/1756274376652.png
885,2029,100-108-44-45,cache/1756274376658.png
885,956,172-106-30-31,cache/1756274376663.png
885,1540,249-140-36-42,cache/1756274376668.png
184,14368,185-126-114-125,cache/1756274376976.png
184,1826,401-119-40-45,cache/1756274376985.png
184,1388,94-146-37-37,cache/1756274376990.png
184,949,276-101-30-31,cache/1756274376994.png
184,6107,148-77-69-87,cache/1756274376999.png
819,1858,320-109-43-43,cache/1756274377306.png
819,1440,221-80-37-38,cache/1756274377312.png
819,1196,258-141-34-34,cache/1756274377317.png
139,7991,98-143-89-89,cache/1756274377635.png
139,7857,37-86-71-109,cache/1756274377645.png
139,1772,215-93-41-42,cache/1756274377654.png
139,1848,322-125-39-47,cache/1756274377662.png
139,1052,189-80-29-35,cache/1756274377668.png
518,1949,345-104-43-44,cache/1756274377985.png
518,3511,183-58-58-59,cache/1756274377990.png
518,2658,120-137-50-52,cache/1756274377996.png
518,10465,190-131-89-117,cache/1756274378002.png
549,1789,32-113-40-44,cache/1756274378296.png
549,7332,117-132-85-85,cache/1756274378304.png
549,1261,371-126-35-35,cache/1756274378310.png
549,1619,270-159-40-40,cache/1756274378315.png
549,1081,106-108-32-33,cache/1756274378320.png
549,3710,201-38-55-67,cache/1756274378325.png
549,1859,235-135-37-49,cache/1756274378330.png
549,1776,183-93-41-42,cache/1756274378334.png
549,1444,301-87-37-38,cache/1756274378340.png
413,18843,124-165-129-145,cache/1756274378635.png
413,1640,253-197-38-42,cache/1756274378643.png
413,1228,42-127-35-34,cache/1756274378649.png
413,1406,78-154-37-37,cache/1756274378654.png
413,11464,338-121-106-107,cache/1756274378659.png
413,534,232-67-19-27,cache/1756274378665.png
413,5806,67-63-70-81,cache/1756274378670.png
413,5313,164-47-68-77,cache/1756274378675.png
413,1451,152-109-33-42,cache/1756274378681.png
601,3636,230-70-60-60,cache/1756274379049.png
601,3895,106-75-62-62,cache/1756274379062.png
601,2619,299-186-45-57,cache/1756274379073.png
601,2290,104-158-43-53,cache/1756274379078.png
601,13231,167-170-99-133,cache/1756274379083.png
601,1686,178-113-38-43,cache/1756274379089.png
601,1406,329-158-37-37,cache/1756274379094.png
601,2124,142-126-45-46,cache/1756274379099.png
601,820,277-74-23-34,cache/1756274379104.png
888,2932,293-184-50-57,cache/1756274379406.png
888,2209,53-118-48-45,cache/1756274379412.png
888,5446,170-72-65-82,cache/1756274379417.png
164,4870,364-92-70-68,cache/1756274379715.png
164,1327,112-146-36-36,cache/1756274379725.png
164,2881,175-204-46-62,cache/1756274379731.png
164,8742,245-116-82-106,cache/1756274379736.png
164,1654,223-106-38-42,cache/1756274379742.png
164,1262,321-92-32-38,cache/1756274379747.png
943,19218,153-186-144-132,cache/1756274380113.png
943,5846,329-62-70-82,cache/1756274380123.png
943,2410,350-159-44-53,cache/1756274380129.png
943,1400,280-152-37-37,cache/1756274380134.png
943,892,230-57-27-32,cache/1756274380139.png
943,1555,294-109-35-43,cache/1756274380145.png
943,5255,164-107-72-72,cache/1756274380150.png
943,5156,128-57-65-78,cache/1756274380155.png
943,10876,117-136-91-118,cache/1756274380161.png
943,9718,67-84-95-101,cache/1756274380167.png
157,4191,230-200-60-68,cache/1756274380488.png
157,3415,244-64-58-58,cache/1756274380496.png
157,7201,13-84-81-88,cache/1756274380501.png
157,1980,196-153-38-51,cache/1756274380507.png
157,1370,152-101-33-40,cache/1756274380512.png
157,10156,295-127-90-111,cache/1756274380517.png
157,6483,360-79-74-86,cache/1756274380523.png
157,1719,119-130-37-45,cache/1756274380529.png
157,774,191-83-27-28,cache/1756274380537.png
157,1097,319-95-32-34,cache/1756274380542.png
129,10277,129-98-97-105,cache/1756274380833.png
129,1265,389-135-36-34,cache/1756274380841.png
129,2833,129-61-58-48,cache/1756274380846.png
129,1465,375-158-38-37,cache/1756274380852.png
129,5939,291-74-70-84,cache/1756274380857.png
129,4982,235-43-68-72,cache/1756274380862.png
129,2555,291-179-44-57,cache/1756274380869.png
129,3654,222-72-59-61,cache/1756274380874.png
129,1100,224-120-25-43,cache/1756274380879.png
426,1354,63-147-37-36,cache/1756274381213.png
426,3472,236-173-56-61,cache/1756274381219.png
426,11937,286-110-107-111,cache/1756274381225.png
426,4419,147-59-60-73,cache/1756274381231.png
426,1147,185-133-33-34,cache/1756274381236.png
426,1204,219-104-30-39,cache/1756274381242.png
426,498,356-112-32-15,cache/1756274381247.png
426,2998,248-57-54-55,cache/1756274381252.png
555,6108,137-65-75-80,cache/1756274381561.png
555,6859,238-95-73-93,cache/1756274381574.png
555,2535,181-146-48-52,cache/1756274381579.png
555,1208,284-78-34-34,cache/1756274381583.png
546,2204,121-132-44-49,cache/1756274381876.png
546,714,214-79-26-26,cache/1756274381883.png
546,14328,157-167-103-137,cache/1756274381888.png
546,2617,389-136-53-48,cache/1756274381896.png
546,4504,271-57-62-72,cache/1756274381901.png
546,2377,345-161-44-53,cache/1756274381906.png
546,1128,238-128-33-33,cache/1756274381912.png
546,6097,336-77-73-83,cache/1756274381917.png
546,685,166-160-34-20,cache/1756274381922.png
546,1601,251-106-37-42,cache/1756274381927.png
463,7850,249-141-88-88,cache/1756274382231.png
463,1874,165-134-38-48,cache/1756274382237.png
463,6825,101-58-82-82,cache/1756274382242.png
463,1270,82-128-35-35,cache/1756274382247.png
463,1439,193-111-33-42,cache/1756274382252.png
463,4624,265-53-61-74,cache/1756274382257.png
463,767,219-79-27-28,cache/1756274382264.png
220,6205,295-89-71-87,cache/1756274382573.png
220,1874,166-157-38-49,cache/1756274382581.png
220,4545,196-63-59-76,cache/1756274382586.png
220,2886,281-172-50-57,cache/1756274382591.png
220,1002,162-83-28-35,cache/1756274382596.png
154,1396,292-161-37-37,cache/1756274382904.png
154,10361,174-148-88-116,cache/1756274382910.png
154,6787,92-96-75-90,cache/1756274382915.png
394,2938,250-44-53-54,cache/1756274383221.png
394,5275,24-106-73-71,cache/1756274383226.png
394,3903,184-77-62-62,cache/1756274383232.png
394,3308,262-197-52-63,cache/1756274383237.png
394,1780,234-145-37-47,cache/1756274383243.png
394,10023,280-114-91-109,cache/1756274383248.png
394,3750,98-68-61-61,cache/1756274383254.png
394,1090,130-123-32-33,cache/1756274383260.png
394,1140,174-74-32-34,cache/1756274383266.png
449,3676,275-66-60-60,cache/1756274383588.png
449,2328,87-120-49-47,cache/1756274383595.png
449,1047,229-81-29-35,cache/1756274383600.png
675,12481,143-109-109-113,cache/1756274383919.png
675,2137,204-202-45-46,cache/1756274383932.png
675,7120,30-82-79-89,cache/1756274383937.png
675,4508,267-53-61-73,cache/1756274383944.png
675,1103,261-118-32-33,cache/1756274383949.png
675,2532,98-138-48-52,cache/1756274383954.png
675,1385,337-102-34-40,cache/1756274383959.png
736,7169,120-156-84-85,cache/1756274384283.png
736,7075,46-91-78-89,cache/1756274384295.png
736,3747,206-74-59-62,cache/1756274384301.png
736,10103,335-92-101-99,cache/1756274384306.png
736,5062,113-62-65-77,cache/1756274384315.png
736,3004,195-221-46-64,cache/1756274384321.png
736,7909,255-113-78-100,cache/1756274384326.png
736,1512,343-173-38-38,cache/1756274384332.png
736,4888,276-73-64-75,cache/1756274384337.png
736,966,182-80-27-35,cache/1756274384342.png
847,8571,191-190-91-93,cache/1756274384693.png
847,3516,119-192-56-61,cache/1756274384702.png
847,756,277-82-27-27,cache/1756274384708.png
847,2849,324-152-51-54,cache/1756274384714.png
847,1779,71-128-38-45,cache/1756274384721.png
847,2348,253-139-45-51,cache/1756274384726.png
847,3417,171-62-57-59,cache/1756274384734.png
847,2056,294-116-43-47,cache/1756274384740.png
847,1708,195-167-39-43,cache/1756274384745.png
847,5480,326-68-67-81,cache/1756274384751.png
578,9878,271-92-99-99,cache/1756274385064.png
578,1306,36-131-36-35,cache/1756274385072.png
578,6602,85-81-75-87,cache/1756274385077.png
585,2854,225-52-52-53,cache/1756274385415.png
585,1229,207-107-31-39,cache/1756274385422.png
585,2153,143-127-45-47,cache/1756274385427.png
411,4535,45-96-68-66,cache/1756274385743.png
411,9129,257-94-94-96,cache/1756274385749.png
411,1308,357-152-36-35,cache/1756274385756.png
411,1005,376-120-32-31,cache/1756274385761.png
411,2046,88-155-41-49,cache/1756274385766.png
411,4366,155-62-59-73,cache/1756274385771.png
411,1192,228-167-22-52,cache/1756274385776.png
411,5029,216-46-70-71,cache/1756274385782.png
411,10941,140-153-91-119,cache/1756274385787.png
610,5986,151-67-72-82,cache/1756274386097.png
610,6694,316-85-75-88,cache/1756274386103.png
610,7810,66-99-81-95,cache/1756274386108.png
497,8690,289-114-86-100,cache/1756274386474.png
497,5196,228-54-72-71,cache/1756274386483.png
497,12575,162-142-104-120,cache/1756274386488.png
497,4663,144-104-69-67,cache/1756274386494.png
497,5232,325-77-66-78,cache/1756274386500.png
745,7005,214-157-83-84,cache/1756274386849.png
745,736,200-81-26-27,cache/1756274386854.png
745,6196,343-79-73-84,cache/1756274386860.png
745,8059,141-118-79-101,cache/1756274386865.png
745,1923,104-141-40-47,cache/1756274386870.png
745,1257,286-103-31-39,cache/1756274386875.png
745,1068,307-88-29-36,cache/1756274386880.png
774,4010,131-79-63-63,cache/1756274387208.png
774,3175,192-213-48-65,cache/1756274387215.png
774,1966,67-133-41-47,cache/1756274387220.png
729,2902,197-192-49-59,cache/1756274387552.png
729,3663,142-76-60-60,cache/1756274387559.png
729,3330,291-66-57-57,cache/1756274387564.png
729,1009,357-117-31-31,cache/1756274387569.png
729,1134,81-131-33-33,cache/1756274387574.png
729,1192,170-142-34-34,cache/1756274387580.png
729,1449,104-166-37-38,cache/1756274387585.png
729,3923,208-40-60-64,cache/1756274387590.png
729,1366,249-81-36-36,cache/1756274387595.png
856,1801,353-132-39-45,cache/1756274387903.png
856,10961,111-145-92-117,cache/1756274387910.png
856,6998,200-72-82-84,cache/1756274387916.png
856,1388,314-158-37-37,cache/1756274387922.png
856,2033,262-162-39-51,cache/1756274387927.png
856,2981,269-65-52-57,cache/1756274387933.png
856,1216,143-116-38-31,cache/1756274387938.png
856,1155,118-96-30-37,cache/1756274387943.png
856,2700,195-51-55-48,cache/1756274387951.png
856,3441,195-51-55-62,cache/1756274387956.png
793,5569,300-59-68-80,cache/1756274388276.png
793,1825,251-192-42-43,cache/1756274388284.png
793,1184,172-87-31-38,cache/1756274388288.png
793,1963,403-126-42-46,cache/1756274388293.png
13,1827,68-135-41-43,cache/1756274388617.png
13,6420,112-66-80-80,cache/1756274388624.png
13,3894,185-89-61-63,cache/1756274388629.png
13,3629,143-193-57-63,cache/1756274388635.png
13,1309,368-155-36-36,cache/1756274388640.png
13,5878,280-88-69-84,cache/1756274388645.png
13,2031,273-166-39-51,cache/1756274388651.png
68,2590,255-143-48-53,cache/1756274388945.png
68,6240,341-74-74-84,cache/1756274388953.png
68,5678,251-47-75-75,cache/1756274388960.png
68,1306,159-142-35-36,cache/1756274388969.png
68,3618,203-231-51-70,cache/1756274388977.png
68,1640,223-93-40-40,cache/1756274388986.png
68,3874,179-45-55-69,cache/1756274388997.png
558,15043,222-152-116-128,cache/1756274389397.png
558,712,182-85-26-26,cache/1756274389415.png
558,1324,91-155-36-36,cache/1756274389425.png
558,1493,216-94-38-39,cache/1756274389433.png
558,8996,148-134-82-108,cache/1756274389445.png
558,8346,303-120-82-101,cache/1756274389455.png
558,3428,316-78-66-51,cache/1756274389466.png
558,356,294-134-13-26,cache/1756274389478.png
813,8998,261-98-89-100,cache/1756274389777.png
813,7195,106-160-84-85,cache/1756274389795.png
813,1446,204-122-33-43,cache/1756274389809.png
201,11153,16-98-106-104,cache/1756274390144.png
201,4007,303-79-63-63,cache/1756274390152.png
201,3629,204-180-57-63,cache/1756274390158.png
201,891,245-102-29-30,cache/1756274390164.png
201,2111,157-158-40-51,cache/1756274390173.png
201,7203,379-86-80-89,cache/1756274390178.png
201,927,267-76-27-33,cache/1756274390189.png
201,1076,119-125-32-33,cache/1756274390199.png
201,1190,187-82-33-35,cache/1756274390206.png
286,7263,62-84-79-91,cache/1756274390524.png
286,3341,236-60-57-58,cache/1756274390533.png
286,1929,239-204-43-44,cache/1756274390538.png
286,1396,298-104-33-41,cache/1756274390543.png
655,1571,108-164-39-39,cache/1756274390834.png
655,2794,303-184-47-59,cache/1756274390840.png
655,7911,19-74-93-84,cache/1756274390845.png
655,1415,204-153-36-38,cache/1756274390850.png
655,931,164-106-30-30,cache/1756274390856.png
655,1186,247-135-34-34,cache/1756274390862.png
655,764,193-85-27-28,cache/1756274390867.png
655,6738,330-85-76-88,cache/1756274390872.png
655,4536,250-59-61-74,cache/1756274390878.png
655,1240,99-142-36-34,cache/1756274390883.png
268,3710,239-47-56-65,cache/1756274391180.png
268,8552,158-114-81-104,cache/1756274391195.png
268,4899,298-64-64-75,cache/1756274391201.png
268,1113,104-121-33-33,cache/1756274391206.png
268,1205,298-134-34-35,cache/1756274391211.png
268,4596,123-61-62-73,cache/1756274391215.png
948,2836,113-146-53-53,cache/1756274391550.png
948,6930,298-135-83-83,cache/1756274391556.png
948,4979,68-98-70-70,cache/1756274391564.png
948,4721,170-65-61-76,cache/1756274391572.png
17,8552,46-96-86-99,cache/1756274391901.png
17,4435,139-88-66-66,cache/1756274391909.png
17,3281,270-58-56-57,cache/1756274391915.png
17,3103,148-209-48-64,cache/1756274391921.png
17,1479,331-110-35-42,cache/1756274391927.png
17,7633,397-92-81-93,cache/1756274391933.png
17,2407,243-178-42-56,cache/1756274391938.png
17,1118,208-92-29-37,cache/1756274391944.png
17,839,230-65-26-31,cache/1756274391948.png
17,1424,320-155-37-38,cache/1756274391953.png
514,9023,140-171-94-95,cache/1756274392267.png
514,11652,224-127-99-116,cache/1756274392275.png
514,9753,370-90-103-93,cache/1756274392282.png
514,1406,340-149-37-37,cache/1756274392288.png
514,5704,273-80-68-83,cache/1756274392293.png
514,4752,190-64-61-76,cache/1756274392299.png
514,7674,55-68-89-85,cache/1756274392304.png
908,14279,137-133-112-126,cache/1756274392627.png
908,2065,364-122-42-48,cache/1756274392636.png
908,3746,304-69-60-61,cache/1756274392642.png
908,1533,79-108-36-41,cache/1756274392653.png
908,1454,268-78-37-38,cache/1756274392658.png
908,1623,161-86-39-40,cache/1756274392663.png
908,1203,23-125-35-33,cache/1756274392668.png
908,7214,205-97-74-96,cache/1756274392673.png
908,2205,86-154-42-51,cache/1756274392678.png
908,973,206-69-28-33,cache/1756274392683.png
961,5892,64-119-77-75,cache/1756274392999.png
961,1936,143-199-43-44,cache/1756274393005.png
961,1200,194-75-34-34,cache/1756274393012.png
961,1518,410-125-33-44,cache/1756274393019.png
961,1016,236-116-31-32,cache/1756274393025.png
961,9527,330-119-90-105,cache/1756274393029.png
961,1695,268-136-36-46,cache/1756274393035.png
961,1205,287-101-31-38,cache/1756274393040.png
222,7561,192-145-85-87,cache/1756274393347.png
222,1197,37-122-35-34,cache/1756274393354.png
222,2768,224-44-52-52,cache/1756274393359.png
222,5292,117-65-66-79,cache/1756274393365.png
222,1557,298-162-39-39,cache/1756274393370.png
222,2067,140-143-42-48,cache/1756274393379.png
222,3481,183-224-50-68,cache/1756274393387.png
222,1371,298-86-36-37,cache/1756274393396.png
222,6750,243-89-73-92,cache/1756274393401.png
815,4012,151-94-63-63,cache/1756274393693.png
815,11745,213-172-93-125,cache/1756274393699.png
815,1009,310-102-39-25,cache/1756274393705.png
815,8216,293-125-80-101,cache/1756274393709.png
930,10964,152-196-103-106,cache/1756274394111.png
930,5969,104-68-71-84,cache/1756274394118.png
930,8577,218-109-81-105,cache/1756274394124.png
930,6597,281-81-72-91,cache/1756274394129.png
143,7497,137-167-86-87,cache/1756274394478.png
143,1267,137-99-32-39,cache/1756274394486.png
143,1285,220-109-32-40,cache/1756274394493.png
143,1062,294-87-29-36,cache/1756274394498.png
143,1227,421-138-35-34,cache/1756274394504.png
143,1548,75-119-36-42,cache/1756274394509.png
143,8104,340-110-83-97,cache/1756274394515.png
750,5043,384-95-72-69,cache/1756274394859.png
750,10372,212-187-101-102,cache/1756274394865.png
750,4489,296-88-67-66,cache/1756274394871.png
750,2496,344-138-50-49,cache/1756274394877.png
750,1560,311-166-39-39,cache/1756274394882.png
750,1494,134-90-38-39,cache/1756274394887.png
750,4785,245-62-62-76,cache/1756274394894.png
750,1354,113-105-33-39,cache/1756274394903.png
750,1646,190-195-36-44,cache/1756274394927.png
386,6413,62-128-80-79,cache/1756274395295.png
386,9610,246-128-86-111,cache/1756274395304.png
386,4077,194-42-57-71,cache/1756274395310.png
386,1096,329-153-28-37,cache/1756274395316.png
386,8140,388-92-86-94,cache/1756274395321.png
386,4861,271-55-63-76,cache/1756274395328.png
386,949,72-112-34-27,cache/1756274395333.png
907,1048,322-112-32-32,cache/1756274395643.png
907,9385,201-82-95-98,cache/1756274395650.png
907,926,205-68-30-30,cache/1756274395656.png
907,670,286-93-22-30,cache/1756274395660.png
907,1064,177-98-26-40,cache/1756274395664.png
91,7695,256-65-86-88,cache/1756274396032.png
91,9893,177-133-86-114,cache/1756274396061.png
91,7992,90-97-81-97,cache/1756274396071.png
91,547,80-120-16-33,cache/1756274396078.png
914,5708,309-114-75-75,cache/1756274396412.png
914,14878,167-163-110-134,cache/1756274396427.png
914,4954,377-94-70-69,cache/1756274396434.png
914,693,234-73-25-26,cache/1756274396440.png
914,4909,162-63-63-77,cache/1756274396445.png
914,1064,129-118-32-32,cache/1756274396452.png
641,4686,286-95-68-68,cache/1756274396770.png
641,2740,141-192-46-59,cache/1756274396779.png
641,10955,356-103-108-100,cache/1756274396785.png
641,8197,180-114-79-103,cache/1756274396793.png
641,6255,86-77-72-86,cache/1756274396801.png
641,2422,337-170-44-54,cache/1756274396808.png
641,1019,155-91-26-38,cache/1756274396815.png
641,1095,255-84-29-36,cache/1756274396821.png
641,3588,220-35-54-66,cache/1756274396828.png
641,923,343-103-22-40,cache/1756274396841.png
202,1779,161-126-37-47,cache/1756274397195.png
202,1394,320-96-34-40,cache/1756274397206.png
202,936,231-62-27-34,cache/1756274397215.png
430,3177,126-69-56-56,cache/1756274397582.png
430,1224,213-101-32-37,cache/1756274397592.png
430,4438,42-98-66-67,cache/1756274397597.png
430,888,252-76-27-32,cache/1756274397603.png
430,1606,367-115-36-43,cache/1756274397608.png
430,8666,276-132-82-104,cache/1756274397612.png
430,4053,308-111-65-61,cache/1756274397618.png
430,5363,70-126-74-72,cache/1756274397623.png
276,13503,268-120-109-123,cache/1756274398038.png
276,1544,213-72-38-40,cache/1756274398045.png
276,1839,251-89-41-44,cache/1756274398050.png
276,2129,378-137-42-49,cache/1756274398055.png
944,15011,78-131-120-124,cache/1756274398419.png
944,3621,122-66-60-60,cache/1756274398428.png
944,11937,268-104-107-111,cache/1756274398437.png
944,5211,196-42-73-71,cache/1756274398443.png
944,5009,251-77-83-59,cache/1756274398449.png
944,7542,376-86-82-91,cache/1756274398454.png
944,1735,235-134-35-49,cache/1756274398460.png
933,3562,121-192-57-62,cache/1756274398838.png
933,1397,235-71-36-37,cache/1756274398850.png
933,4875,162-59-62-78,cache/1756274398856.png
933,7197,357-80-84-85,cache/1756274398862.png
933,11909,210-165-94-126,cache/1756274398867.png
933,2210,51-133-44-49,cache/1756274398874.png
933,1305,101-149-36-36,cache/1756274398884.png
933,971,94-107-31-31,cache/1756274398890.png
933,9078,319-119-86-104,cache/1756274398895.png
30,16037,194-164-115-138,cache/1756274399333.png
30,3996,306-69-62-63,cache/1756274399342.png
30,3363,158-48-57-58,cache/1756274399347.png
30,1432,263-85-35-39,cache/1756274399353.png
30,2938,117-146-52-55,cache/1756274399358.png
30,1316,409-135-36-35,cache/1756274399364.png
30,1625,98-110-37-43,cache/1756274399368.png
30,941,196-166-27-34,cache/1756274399373.png
824,6293,329-117-79-79,cache/1756274399690.png
824,7455,127-140-85-86,cache/1756274399698.png
824,5114,235-54-69-73,cache/1756274399704.png
824,2015,60-126-42-47,cache/1756274399709.png
824,1165,288-126-34-34,cache/1756274399714.png
824,971,217-109-31-31,cache/1756274399720.png
824,1087,128-136-35-30,cache/1756274399725.png
702,8377,176-169-90-92,cache/1756274400020.png
702,2595,32-118-52-49,cache/1756274400026.png
702,3534,109-181-57-61,cache/1756274400031.png
702,5484,280-106-74-73,cache/1756274400037.png
702,893,194-89-29-30,cache/1756274400042.png
702,1098,170-115-32-33,cache/1756274400047.png
702,6670,286-57-86-77,cache/1756274400051.png
702,1031,264-64-29-35,cache/1756274400057.png
702,1091,229-75-29-37,cache/1756274400062.png
702,2249,82-154-42-52,cache/1756274400066.png
966,9652,352-108-90-106,cache/1756274400374.png
966,3045,241-47-54-55,cache/1756274400382.png
966,1604,97-181-40-39,cache/1756274400387.png
966,4062,197-81-63-64,cache/1756274400391.png
966,1660,162-127-37-44,cache/1756274400396.png
126,6531,90-121-81-79,cache/1756274400717.png
126,8981,9-89-88-101,cache/1756274400727.png
126,1030,212-80-29-35,cache/1756274400734.png
126,2131,356-141-42-50,cache/1756274400740.png
126,2404,230-169-42-57,cache/1756274400747.png
126,14651,127-162-106-138,cache/1756274400752.png
126,1468,288-110-34-42,cache/1756274400760.png
126,1252,263-93-32-38,cache/1756274400764.png
126,1790,151-119-39-44,cache/1756274400769.png
311,7083,87-69-84-83,cache/1756274401139.png
311,1687,129-199-40-41,cache/1756274401147.png
311,4383,243-99-65-66,cache/1756274401152.png
311,1862,348-142-39-47,cache/1756274401157.png
311,1740,227-150-36-48,cache/1756274401162.png
311,1032,369-122-32-31,cache/1756274401167.png
311,3904,265-50-56-68,cache/1756274401172.png
311,1143,190-93-29-38,cache/1756274401177.png
311,3660,199-42-53-67,cache/1756274401182.png
410,6865,41-80-78-87,cache/1756274401482.png
410,3257,205-59-56-57,cache/1756274401490.png
410,1002,337-112-31-31,cache/1756274401495.png
410,2701,135-192-46-58,cache/1756274401499.png
410,2102,303-159-40-51,cache/1756274401504.png
297,6981,249-80-78-89,cache/1756274401868.png
297,7299,286-135-85-85,cache/1756274401877.png
297,7187,87-60-84-84,cache/1756274401883.png
297,2013,200-147-39-51,cache/1756274401888.png
297,2968,241-195-47-63,cache/1756274401893.png
297,1085,191-82-29-36,cache/1756274401898.png
297,1722,333-110-40-42,cache/1756274401903.png
297,6667,410-91-69-96,cache/1756274401908.png
86,5776,340-121-76-75,cache/1756274402300.png
86,1273,272-81-34-37,cache/1756274402308.png
86,3463,244-204-54-63,cache/1756274402314.png
86,6124,100-81-71-85,cache/1756274402318.png
86,4702,153-60-61-76,cache/1756274402324.png
86,3299,194-234-48-67,cache/1756274402329.png
86,1972,172-157-39-50,cache/1756274402334.png
270,2488,395-127-48-51,cache/1756274402705.png
270,3608,177-59-59-60,cache/1756274402710.png
270,1385,251-64-36-37,cache/1756274402716.png
270,2552,235-190-43-58,cache/1756274402721.png
270,6437,74-70-74-86,cache/1756274402725.png
270,2043,143-217-44-46,cache/1756274402731.png
270,1897,134-140-38-48,cache/1756274402736.png
270,2395,347-164-44-53,cache/1756274402740.png
132,978,272-84-29-33,cache/1756274403074.png
132,1873,201-202-43-43,cache/1756274403082.png
132,6190,98-82-72-85,cache/1756274403087.png
132,11123,134-111-103-107,cache/1756274403092.png
403,8045,181-83-85-94,cache/1756274403409.png
403,1544,83-103-36-42,cache/1756274403418.png
403,2013,303-201-44-45,cache/1756274403423.png
403,3126,248-157-53-58,cache/1756274403427.png
403,1293,375-134-36-35,cache/1756274403432.png
403,1773,125-91-42-41,cache/1756274403437.png
403,2729,214-46-54-50,cache/1756274403442.png
403,1931,323-108-44-43,cache/1756274403447.png
403,1364,321-145-36-37,cache/1756274403452.png
403,1032,174-82-28-35,cache/1756274403456.png
690,10057,336-105-93-107,cache/1756274403808.png
690,8424,90-94-88-95,cache/1756274403814.png
690,2489,13-117-50-48,cache/1756274403819.png
690,2307,137-211-47-48,cache/1756274403824.png
690,1472,273-104-36-40,cache/1756274403829.png
690,1198,300-89-31-38,cache/1756274403835.png
690,1030,209-79-28-35,cache/1756274403840.png
720,4369,316-97-66-66,cache/1756274404145.png
720,3144,313-168-55-56,cache/1756274404152.png
720,3447,141-186-56-61,cache/1756274404161.png
720,6745,164-103-72-92,cache/1756274404168.png
720,1088,149-105-26-40,cache/1756274404174.png
616,7055,40-80-79-88,cache/1756274404493.png
616,3043,181-161-52-57,cache/1756274404505.png
616,1500,232-101-36-41,cache/1756274404587.png
616,1559,283-83-38-40,cache/1756274404596.png
616,4846,154-102-69-69,cache/1756274404606.png
338,3290,278-63-56-57,cache/1756274404951.png
338,4546,134-93-67-67,cache/1756274404956.png
338,1528,251-111-36-42,cache/1756274404974.png
338,1292,335-142-35-35,cache/1756274405012.png
338,2978,181-54-53-55,cache/1756274405028.png
338,937,126-96-25-36,cache/1756274405038.png
952,8611,180-194-91-94,cache/1756274405414.png
952,4271,18-94-66-63,cache/1756274405421.png
952,1511,133-183-38-39,cache/1756274405433.png
952,8939,239-109-89-100,cache/1756274405442.png
952,6708,345-96-76-87,cache/1756274405450.png
952,1104,185-79-32-34,cache/1756274405456.png
952,5392,94-79-67-79,cache/1756274405469.png
952,5973,281-63-78-75,cache/1756274405479.png
952,818,232-74-25-31,cache/1756274405495.png
542,3719,273-71-60-61,cache/1756274405838.png
542,7690,59-69-88-86,cache/1756274405847.png
542,1124,369-121-33-33,cache/1756274405852.png
542,6396,90-127-79-79,cache/1756274405857.png
542,2251,229-136-44-50,cache/1756274405864.png
542,3345,191-183-53-62,cache/1756274405869.png
542,1675,275-179-40-41,cache/1756274405874.png
542,995,193-82-28-35,cache/1756274405879.png
814,5473,351-124-75-72,cache/1756274406310.png
814,6700,282-66-80-82,cache/1756274406316.png
814,7344,136-96-79-92,cache/1756274406321.png
814,5331,76-77-65-80,cache/1756274406327.png
814,1972,238-222-43-45,cache/1756274406332.png
814,954,214-84-27-34,cache/1756274406337.png
779,8762,389-85-88-98,cache/1756274406824.png
779,12692,82-106-109-115,cache/1756274406831.png
779,5588,272-45-69-80,cache/1756274406837.png
779,6493,228-78-72-89,cache/1756274406843.png
779,934,227-65-33-28,cache/1756274406848.png
779,3325,144-184-54-61,cache/1756274406852.png
370,4125,337-85-64-63,cache/1756274407265.png
370,2897,247-52-53-54,cache/1756274407272.png
370,6880,120-63-83-82,cache/1756274407278.png
370,1793,112-126-39-45,cache/1756274407284.png
370,2036,320-152-40-50,cache/1756274407289.png
370,1817,165-176-33-54,cache/1756274407296.png
370,12179,192-165-95-127,cache/1756274407302.png
300,4702,373-94-70-66,cache/1756274407701.png
300,5555,132-63-78-70,cache/1756274407709.png
300,5041,147-106-70-71,cache/1756274407714.png
300,1686,296-184-40-41,cache/1756274407719.png
300,10921,199-145-91-119,cache/1756274407726.png
300,909,257-77-27-32,cache/1756274407732.png
300,900,209-87-25-35,cache/1756274407736.png
20,3048,187-52-54-55,cache/1756274408093.png
20,15289,132-186-114-133,cache/1756274408100.png
20,12652,80-112-109-115,cache/1756274408107.png
20,1422,284-100-36-39,cache/1756274408113.png
20,1838,317-188-42-43,cache/1756274408118.png
20,1962,262-202-43-44,cache/1756274408123.png
20,7363,34-94-77-94,cache/1756274408128.png
20,7626,357-91-81-93,cache/1756274408134.png
20,1387,227-155-36-37,cache/1756274408139.png
227,5716,177-38-74-76,cache/1756274408455.png
227,2521,71-123-50-49,cache/1756274408461.png
227,1451,366-150-38-37,cache/1756274408466.png
227,3164,144-157-53-58,cache/1756274408472.png
227,13284,197-169-99-133,cache/1756274408480.png
227,1822,121-134-38-47,cache/1756274408486.png
227,1260,253-93-31-40,cache/1756274408491.png
227,5859,292-66-69-84,cache/1756274408496.png
910,12883,257-155-100-128,cache/1756274408792.png
910,7899,59-68-87-90,cache/1756274408799.png
910,788,236-81-27-28,cache/1756274408808.png
910,1422,213-158-37-38,cache/1756274408813.png
910,2619,141-188-45-58,cache/1756274408818.png
910,7306,379-83-81-89,cache/1756274408823.png
910,1312,339-144-35-36,cache/1756274408829.png
645,4946,161-229-65-75,cache/1756274409163.png
645,1802,325-91-42-42,cache/1756274409169.png
645,2838,280-201-46-61,cache/1756274409173.png
645,1749,160-132-37-47,cache/1756274409178.png
645,1063,298-117-32-32,cache/1756274409183.png
236,5221,355-109-73-71,cache/1756274409493.png
236,1953,190-208-43-44,cache/1756274409502.png
236,1671,314-182-41-40,cache/1756274409507.png
236,1139,111-131-33-33,cache/1756274409512.png
236,5192,311-67-66-78,cache/1756274409517.png
236,4383,131-56-60-72,cache/1756274409522.png
236,1327,158-152-36-36,cache/1756274409527.png
236,1431,246-113-34-41,cache/1756274409532.png
236,6324,201-59-79-79,cache/1756274409537.png
236,448,278-75-13-33,cache/1756274409544.png
371,8103,135-91-88-91,cache/1756274409867.png
371,12270,175-172-95-128,cache/1756274409877.png
371,2115,294-163-40-51,cache/1756274409882.png
371,1331,252-112-32-41,cache/1756274409887.png
334,3714,170-202-56-66,cache/1756274410210.png
334,1153,166-79-32-35,cache/1756274410217.png
334,7518,88-97-79-95,cache/1756274410222.png
334,6592,263-86-83-78,cache/1756274410229.png
334,9674,246-135-86-112,cache/1756274410234.png
334,2703,330-148-49-54,cache/1756274410240.png
334,6118,342-73-72-84,cache/1756274410245.png
18,11467,113-110-105-108,cache/1756274410564.png
18,6084,261-87-70-86,cache/1756274410570.png
18,7791,365-98-83-93,cache/1756274410575.png
18,3280,226-71-54-59,cache/1756274410581.png
18,2728,196-52-50-53,cache/1756274410586.png
18,636,184-104-30-20,cache/1756274410591.png
416,706,204-73-26-26,cache/1756274410896.png
416,1940,254-115-42-45,cache/1756274410904.png
416,853,141-93-28-29,cache/1756274410908.png
416,1401,160-161-36-37,cache/1756274410912.png
416,931,225-106-30-31,cache/1756274410916.png
713,6138,296-81-71-85,cache/1756274411234.png
713,4965,153-102-70-70,cache/1756274411242.png
713,4560,126-60-61-74,cache/1756274411248.png
713,8505,41-105-86-98,cache/1756274411253.png
713,1006,256-83-28-34,cache/1756274411259.png
713,1159,212-98-30-38,cache/1756274411264.png
165,16829,136-134-124-135,cache/1756274411595.png
165,16329,299-114-134-121,cache/1756274411604.png
165,6418,311-59-90-70,cache/1756274411612.png
165,4396,103-74-65-66,cache/1756274411619.png
165,4892,236-36-70-69,cache/1756274411626.png
165,777,287-87-26-29,cache/1756274411632.png
165,8145,18-85-86-94,cache/1756274411637.png
165,5691,198-74-69-81,cache/1756274411644.png
165,1180,411-148-23-50,cache/1756274411650.png
165,1020,140-135-36-27,cache/1756274411655.png
106,13170,277-144-109-119,cache/1756274411963.png
106,9350,147-183-95-97,cache/1756274411972.png
106,5044,37-97-71-70,cache/1756274411978.png
106,12544,101-117-112-111,cache/1756274411984.png
106,11716,349-103-109-107,cache/1756274411990.png
106,742,233-78-26-27,cache/1756274411996.png
106,4811,109-58-64-74,cache/1756274412001.png
106,5238,317-73-71-73,cache/1756274412007.png
106,1186,204-96-30-38,cache/1756274412012.png
107,1314,346-144-36-36,cache/1756274412310.png
107,1176,56-127-34-33,cache/1756274412317.png
107,4415,228-38-67-65,cache/1756274412321.png
107,12030,132-154-96-124,cache/1756274412327.png
107,7708,243-71-87-88,cache/1756274412332.png
107,943,113-179-22-41,cache/1756274412337.png
107,558,325-94-14-37,cache/1756274412342.png
508,5897,200-137-76-77,cache/1756274412640.png
508,4352,47-94-66-64,cache/1756274412649.png
508,2512,334-154-50-50,cache/1756274412654.png
508,6815,120-71-81-84,cache/1756274412659.png
508,756,293-89-26-28,cache/1756274412666.png
508,1160,165-144-33-34,cache/1756274412671.png
508,1044,241-91-28-36,cache/1756274412675.png
508,6613,350-93-74-88,cache/1756274412680.png
508,1126,205-98-29-38,cache/1756274412685.png
3,4301,266-86-65-65,cache/1756274413055.png
3,3092,221-52-54-56,cache/1756274413063.png
3,2181,173-223-45-47,cache/1756274413068.png
3,9581,36-109-94-101,cache/1756274413073.png
3,4292,286-53-59-71,cache/1756274413078.png
3,1667,133-128-36-45,cache/1756274413084.png
3,1257,164-100-31-39,cache/1756274413088.png
61,1379,68-146-37-36,cache/1756274413389.png
61,2727,280-156-50-54,cache/1756274413397.png
61,2693,160-188-45-59,cache/1756274413402.png
61,884,204-72-27-32,cache/1756274413406.png
61,2055,118-150-40-50,cache/1756274413411.png
61,3206,250-212-48-65,cache/1756274413415.png
137,6973,244-54-83-83,cache/1756274413769.png
137,2355,43-122-50-46,cache/1756274413779.png
137,1141,110-113-33-34,cache/1756274413785.png
137,1344,377-133-36-36,cache/1756274413790.png
137,850,211-87-28-29,cache/1756274413795.png
137,5602,124-126-81-69,cache/1756274413800.png
137,1528,321-152-38-39,cache/1756274413806.png
137,16871,134-155-118-142,cache/1756274413811.png
137,22460,134-155-156-143,cache/1756274413818.png
137,1835,251-191-40-45,cache/1756274413826.png
137,990,333-101-31-31,cache/1756274413833.png
137,674,304-88-21-31,cache/1756274413839.png
845,4489,29-99-68-65,cache/1756274414284.png
845,9666,328-104-95-101,cache/1756274414293.png
845,3833,276-88-61-62,cache/1756274414299.png
845,8356,166-132-80-103,cache/1756274414304.png
845,3432,236-45-52-65,cache/1756274414311.png
845,1071,143-91-29-35,cache/1756274414316.png
845,8597,189-191-91-93,cache/1756274414320.png
355,3768,143-77-61-61,cache/1756274414661.png
355,6027,81-129-77-77,cache/1756274414669.png
355,8045,122-166-88-90,cache/1756274414675.png
355,6098,31-78-73-82,cache/1756274414681.png
355,9522,236-93-95-99,cache/1756274414686.png
355,4034,232-42-62-64,cache/1756274414693.png
355,1725,369-128-38-44,cache/1756274414698.png
355,2373,287-176-43-55,cache/1756274414703.png
355,1048,313-90-29-35,cache/1756274414708.png
169,11345,273-139-99-113,cache/1756274415035.png
169,5027,151-106-70-71,cache/1756274415062.png
169,6475,74-132-81-79,cache/1756274415071.png
169,4484,178-226-61-72,cache/1756274415081.png
169,4591,209-62-60-75,cache/1756274415099.png
169,4474,56-93-69-64,cache/1756274415106.png
169,8261,357-108-81-100,cache/1756274415114.png
169,1110,300-86-30-36,cache/1756274415121.png
482,1075,70-117-33-32,cache/1756274415446.png
482,1131,118-126-33-33,cache/1756274415455.png
482,7432,323-91-80-91,cache/1756274415460.png
482,7259,234-100-75-96,cache/1756274415465.png
482,884,217-74-26-32,cache/1756274415471.png
482,4678,281-62-61-75,cache/1756274415475.png
715,8164,32-84-87-93,cache/1756274415827.png
715,4667,168-212-63-72,cache/1756274415835.png
715,4895,192-42-70-69,cache/1756274415841.png
715,1608,312-166-40-40,cache/1756274415846.png
715,902,143-101-29-30,cache/1756274415851.png
715,4608,291-59-62-73,cache/1756274415856.png
715,948,274-110-30-30,cache/1756274415862.png
715,10584,221-136-89-117,cache/1756274415867.png
651,1191,65-127-34-34,cache/1756274416240.png
651,4175,294-79-64-64,cache/1756274416247.png
651,1854,272-131-40-45,cache/1756274416252.png
651,3174,222-219-48-65,cache/1756274416256.png
651,1353,357-145-37-36,cache/1756274416261.png
390,5161,157-113-73-70,cache/1756274416570.png
390,2585,46-127-52-49,cache/1756274416577.png
390,6463,238-79-73-88,cache/1756274416582.png
390,13001,173-167-98-131,cache/1756274416587.png
390,1961,324-102-45-43,cache/1756274416593.png
390,739,308-93-19-38,cache/1756274416598.png
239,2056,69-133-42-48,cache/1756274416896.png
239,2564,358-158-46-54,cache/1756274416904.png
239,2107,290-122-44-47,cache/1756274416909.png
239,2454,182-168-43-56,cache/1756274416913.png
239,6002,201-71-68-87,cache/1756274416918.png
239,5138,113-54-66-77,cache/1756274416923.png
312,12999,204-116-107-120,cache/1756274417355.png
312,9220,352-75-93-98,cache/1756274417363.png
312,6213,261-65-71-86,cache/1756274417369.png
312,8360,96-96-82-100,cache/1756274417379.png
312,1100,222-74-29-37,cache/1756274417384.png
210,1580,112-172-39-39,cache/1756274417762.png
210,3000,260-57-54-55,cache/1756274417769.png
210,675,219-78-25-26,cache/1756274417774.png
210,987,319-114-31-31,cache/1756274417779.png
210,1633,179-133-35-45,cache/1756274417783.png
781,4631,106-90-68-68,cache/1756274418111.png
781,2904,232-43-53-54,cache/1756274418119.png
781,931,281-101-30-30,cache/1756274418124.png
920,7139,198-61-80-88,cache/1756274418456.png
920,8792,249-171-93-94,cache/1756274418464.png
920,16032,317-106-119-133,cache/1756274418470.png
920,1893,129-194-43-43,cache/1756274418477.png
920,1176,288-76-30-38,cache/1756274418482.png
920,1903,122-130-39-48,cache/1756274418487.png
920,1347,122-88-33-40,cache/1756274418492.png
920,3724,177-237-52-71,cache/1756274418498.png
920,969,375-106-35-27,cache/1756274418503.png
789,9832,159-126-87-112,cache/1756274418814.png
789,2127,254-156-40-52,cache/1756274418827.png
789,4494,205-58-60-74,cache/1756274418832.png
265,8534,281-108-85-99,cache/1756274419147.png
265,819,238-96-27-29,cache/1756274419154.png
265,3780,264-80-62-60,cache/1756274419163.png
84,5625,273-109-75-74,cache/1756274419502.png
84,2974,219-52-54-54,cache/1756274419514.png
84,855,184-96-28-29,cache/1756274419522.png
84,1635,200-128-35-45,cache/1756274419529.png
84,5260,94-66-66-78,cache/1756274419542.png
84,2175,131-117-46-46,cache/1756274419552.png
84,2437,351-157-45-53,cache/1756274419568.png
84,5692,332-71-69-81,cache/1756274419577.png
681,5811,94-72-71-81,cache/1756274419898.png
681,5936,338-132-77-76,cache/1756274419911.png
681,4201,282-95-64-65,cache/1756274419918.png
681,2618,147-199-45-58,cache/1756274419925.png
681,2231,264-181-41-54,cache/1756274419931.png
681,1479,399-137-32-45,cache/1756274419965.png
681,619,239-68-24-25,cache/1756274419974.png
123,8306,51-96-85-97,cache/1756274420332.png
123,1942,272-127-42-46,cache/1756274420341.png
123,1357,312-88-36-37,cache/1756274420346.png
123,797,163-85-27-28,cache/1756274420350.png
123,4921,237-61-62-78,cache/1756274420355.png
123,2107,212-163-39-53,cache/1756274420360.png
93,6490,337-73-80-81,cache/1756274420777.png
93,1624,249-98-38-41,cache/1756274420784.png
93,9158,110-124-85-106,cache/1756274420789.png
145,1322,271-159-36-36,cache/1756274421109.png
145,4271,273-54-58-72,cache/1756274421114.png
145,1456,246-116-34-41,cache/1756274421119.png
175,7696,136-98-82-93,cache/1756274421474.png
175,3793,323-81-61-61,cache/1756274421481.png
175,5950,186-56-83-71,cache/1756274421487.png
175,6365,97-77-75-84,cache/1756274421492.png
175,10054,358-108-103-97,cache/1756274421499.png
175,1979,292-162-39-50,cache/1756274421505.png
175,412,254-78-16-25,cache/1756274421511.png
175,4886,186-56-68-71,cache/1756274421515.png
548,12237,275-80-93-131,cache/1756274421829.png
548,2179,139-165-41-52,cache/1756274421837.png
548,9231,275-112-92-99,cache/1756274421841.png
548,2634,294-80-61-42,cache/1756274421846.png
841,14462,335-108-123-117,cache/1756274422203.png
841,7736,137-135-87-88,cache/1756274422212.png
841,2387,46-108-51-46,cache/1756274422217.png
841,5484,278-54-67-81,cache/1756274422222.png
841,1801,217-125-37-48,cache/1756274422227.png
841,1554,98-99-36-42,cache/1756274422233.png
604,6493,94-139-81-80,cache/1756274422602.png
604,2084,340-157-41-49,cache/1756274422609.png
604,6288,75-83-76-81,cache/1756274422614.png
604,753,267-91-27-27,cache/1756274422619.png
604,2165,286-126-46-46,cache/1756274422624.png
604,4982,166-77-63-78,cache/1756274422628.png
604,3328,203-47-52-63,cache/1756274422633.png
604,415,148-100-14-28,cache/1756274422638.png
246,3767,113-78-61-61,cache/1756274422978.png
246,754,186-89-26-27,cache/1756274422983.png
246,1980,190-209-43-45,cache/1756274422989.png
246,1942,384-141-41-47,cache/1756274422993.png
246,7697,280-109-78-98,cache/1756274422998.png
246,3297,235-175-54-60,cache/1756274423006.png
116,1457,263-154-38-38,cache/1756274423386.png
116,3337,273-53-57-58,cache/1756274423400.png
116,2872,63-135-53-53,cache/1756274423413.png
116,1289,35-132-35-36,cache/1756274423425.png
116,5238,155-61-64-80,cache/1756274423432.png
116,1462,217-109-33-43,cache/1756274423442.png
925,1873,61-126-40-45,cache/1756274423879.png
925,2615,146-159-49-53,cache/1756274423887.png
925,4488,173-64-61-72,cache/1756274423893.png
925,1081,121-124-32-33,cache/1756274423899.png
925,2749,190-199-44-61,cache/1756274423904.png
925,463,234-82-17-26,cache/1756274423909.png
925,9464,234-129-85-110,cache/1756274423913.png
925,7270,324-97-78-92,cache/1756274423926.png
925,5250,288-75-65-80,cache/1756274423933.png
925,725,268-84-21-34,cache/1756274423938.png
831,7970,62-78-85-93,cache/1756274424246.png
831,1440,315-158-38-37,cache/1756274424253.png
831,1689,175-108-38-44,cache/1756274424259.png
831,1700,108-184-41-41,cache/1756274424264.png
831,7619,359-89-81-93,cache/1756274424268.png
831,774,224-78-27-28,cache/1756274424274.png
831,1303,327-95-32-39,cache/1756274424279.png
820,6013,144-53-76-78,cache/1756274424675.png
820,752,280-84-27-27,cache/1756274424682.png
820,12997,172-187-98-131,cache/1756274424687.png
820,1195,113-143-34-34,cache/1756274424693.png
869,9789,343-103-92-105,cache/1756274425068.png
869,9081,96-83-94-95,cache/1756274425077.png
869,1779,281-102-40-43,cache/1756274425084.png
869,665,228-65-25-26,cache/1756274425090.png
869,831,258-90-28-29,cache/1756274425094.png
809,7283,258-147-85-85,cache/1756274425436.png
809,10930,35-103-106-102,cache/1756274425444.png
809,4882,215-54-62-78,cache/1756274425450.png
809,8515,357-96-86-98,cache/1756274425455.png
809,2937,129-198-47-61,cache/1756274425461.png
809,2647,172-254-50-52,cache/1756274425466.png
809,6038,104-68-71-84,cache/1756274425471.png
809,1348,329-97-32-41,cache/1756274425477.png
809,1346,295-119-35-37,cache/1756274425482.png
776,9408,67-101-97-96,cache/1756274425949.png
776,861,306-108-29-29,cache/1756274425955.png
776,3340,220-44-52-64,cache/1756274425959.png
776,1258,180-114-31-39,cache/1756274425964.png
98,4906,26-99-71-68,cache/1756274426292.png
98,1319,381-145-36-35,cache/1756274426298.png
98,5459,163-122-73-73,cache/1756274426304.png
98,10342,240-145-88-116,cache/1756274426310.png
98,3472,157-75-60-57,cache/1756274426315.png
98,3678,205-43-54-67,cache/1756274426320.png
656,4196,214-80-64-65,cache/1756274426691.png
656,914,130-96-30-30,cache/1756274426697.png
656,3824,266-193-58-65,cache/1756274426702.png
656,4429,194-208-62-71,cache/1756274426707.png
656,2119,325-143-44-48,cache/1756274426712.png
656,4303,270-45-59-72,cache/1756274426717.png
439,4504,130-61-61-73,cache/1756274427006.png
439,1628,138-193-39-40,cache/1756274427014.png
439,2569,229-158-48-53,cache/1756274427020.png
439,1502,54-115-36-40,cache/1756274427025.png
439,1529,344-124-36-42,cache/1756274427029.png
439,2937,179-227-46-63,cache/1756274427034.png
439,1581,271-137-34-45,cache/1756274427039.png
439,892,318-113-29-30,cache/1756274427044.png
439,979,291-83-28-34,cache/1756274427048.png
37,1307,196-147-35-36,cache/1756274427395.png
37,961,301-105-31-30,cache/1756274427403.png
37,1523,279-171-38-39,cache/1756274427407.png
257,9185,274-118-85-106,cache/1756274427797.png
257,1267,389-132-36-35,cache/1756274427804.png
257,3606,237-44-54-65,cache/1756274427808.png
257,5942,144-80-69-85,cache/1756274427814.png
257,4617,116-61-61-75,cache/1756274427820.png
195,1899,66-117-40-46,cache/1756274428129.png
195,11623,243-126-98-117,cache/1756274428136.png
195,3006,225-48-54-55,cache/1756274428143.png
195,7023,124-63-83-84,cache/1756274428148.png
195,4045,294-80-65-61,cache/1756274428154.png
195,1320,398-135-36-36,cache/1756274428159.png
195,14505,179-185-108-134,cache/1756274428164.png
195,351,206-78-10-34,cache/1756274428170.png
195,481,286-91-16-28,cache/1756274428175.png
423,4733,150-105-68-68,cache/1756274428659.png
423,8711,295-84-92-94,cache/1756274428666.png
423,765,260-88-27-27,cache/1756274428672.png
423,2511,295-152-48-51,cache/1756274428678.png
423,3247,137-71-58-55,cache/1756274428682.png
423,1881,200-209-42-44,cache/1756274428687.png
423,567,81-110-30-18,cache/1756274428694.png
423,1143,240-63-34-33,cache/1756274428699.png
423,9045,67-121-87-103,cache/1756274428703.png
977,8840,159-166-92-95,cache/1756274429057.png
977,2909,233-54-53-54,cache/1756274429063.png
977,1054,144-119-32-32,cache/1756274429069.png
977,780,183-88-27-28,cache/1756274429073.png
977,2630,283-175-47-55,cache/1756274429078.png
977,2934,295-63-64-45,cache/1756274429083.png
977,1505,218-124-34-43,cache/1756274429088.png
977,7534,283-100-78-95,cache/1756274429093.png
5,4295,314-91-65-65,cache/1756274429476.png
5,4830,150-104-69-69,cache/1756274429484.png
5,5735,63-121-76-75,cache/1756274429490.png
5,2876,260-55-53-53,cache/1756274429495.png
5,1613,248-98-39-40,cache/1756274429501.png
5,1176,141-107-29-40,cache/1756274429506.png
5,3580,176-189-56-63,cache/1756274429511.png
653,5693,305-127-75-75,cache/1756274429814.png
653,6936,155-104-76-90,cache/1756274429821.png
653,797,247-98-27-28,cache/1756274429826.png
653,9055,78-127-86-104,cache/1756274429831.png
653,6504,30-94-73-87,cache/1756274429836.png
653,4170,97-69-63-65,cache/1756274429841.png
653,331,230-110-9-36,cache/1756274429846.png
663,3781,105-177-58-64,cache/1756274430226.png
663,5880,171-113-76-77,cache/1756274430234.png
663,3640,163-75-63-57,cache/1756274430239.png
663,2268,363-111-48-46,cache/1756274430245.png
663,7659,66-90-81-94,cache/1756274430249.png
663,5738,240-45-76-75,cache/1756274430255.png
663,1513,238-120-34-44,cache/1756274430261.png
663,3811,315-68-61-61,cache/1756274430266.png
674,5779,192-80-67-85,cache/1756274430558.png
674,2392,366-157-47-50,cache/1756274430565.png
674,1766,102-131-38-46,cache/1756274430570.png
674,2311,311-168-43-53,cache/1756274430574.png
865,4831,33-103-71-68,cache/1756274430862.png
865,4113,113-88-64-64,cache/1756274430878.png
865,1204,218-78-33-35,cache/1756274430886.png
488,4225,328-78-65-64,cache/1756274431242.png
488,5174,263-54-67-76,cache/1756274431250.png
488,8248,116-160-90-91,cache/1756274431256.png
488,3102,229-210-47-65,cache/1756274431263.png
488,1756,57-120-39-44,cache/1756274431268.png
488,1078,119-117-32-32,cache/1756274431274.png
488,1359,407-136-37-36,cache/1756274431279.png
488,5277,197-40-72-72,cache/1756274431284.png
488,1829,185-141-37-48,cache/1756274431289.png
488,1013,116-160-33-29,cache/1756274431294.png
849,11636,236-153-96-120,cache/1756274431593.png
849,1741,125-193-41-41,cache/1756274431602.png
849,3168,207-53-55-57,cache/1756274431607.png
849,5817,164-76-67-85,cache/1756274431612.png
849,7451,46-89-80-92,cache/1756274431618.png
849,7702,322-99-79-97,cache/1756274431623.png
849,1262,296-93-31-39,cache/1756274431629.png
849,616,119-105-19-31,cache/1756274431636.png
16,1656,177-189-40-41,cache/1756274431997.png
16,1435,336-112-34-41,cache/1756274432005.png
16,1138,143-91-30-36,cache/1756274432009.png
120,8295,148-171-90-91,cache/1756274432323.png
120,2343,242-140-45-51,cache/1756274432329.png
120,9723,334-121-90-106,cache/1756274432335.png
120,1364,122-101-33-40,cache/1756274432341.png
179,11680,224-135-101-114,cache/1756274432617.png
179,928,142-120-30-30,cache/1756274432625.png
179,4532,265-70-60-74,cache/1756274432630.png
179,2361,158-151-46-50,cache/1756274432635.png
179,1437,192-133-33-43,cache/1756274432639.png
291,16604,97-150-135-122,cache/1756274432994.png
291,1821,326-186-42-42,cache/1756274433004.png
291,2838,37-131-54-51,cache/1756274433008.png
291,4235,318-74-65-65,cache/1756274433013.png
291,1433,227-75-36-38,cache/1756274433019.png
291,928,264-95-30-30,cache/1756274433024.png
291,6034,99-73-73-81,cache/1756274433029.png
291,2064,294-146-40-50,cache/1756274433034.png
291,1846,373-123-40-46,cache/1756274433039.png
291,1758,199-158-32-53,cache/1756274433044.png
291,12965,97-150-105-122,cache/1756274433049.png
302,4863,341-91-70-68,cache/1756274433334.png
302,1028,125-111-32-31,cache/1756274433341.png
302,1136,266-85-31-36,cache/1756274433345.png
302,1786,176-135-37-47,cache/1756274433349.png
315,5092,69-100-73-68,cache/1756274433647.png
315,3417,203-63-57-59,cache/1756274433654.png
315,12452,190-167-96-129,cache/1756274433659.png
315,6401,257-87-71-89,cache/1756274433665.png
315,9026,357-112-88-101,cache/1756274433670.png
315,2374,296-168-44-53,cache/1756274433676.png
697,1432,75-143-38-37,cache/1756274434035.png
697,4268,294-72-65-65,cache/1756274434043.png
697,2014,287-197-44-44,cache/1756274434049.png
697,2388,252-227-48-49,cache/1756274434054.png
697,2291,359-119-45-49,cache/1756274434060.png
876,4318,63-90-65-65,cache/1756274434355.png
876,1132,349-133-33-33,cache/1756274434362.png
876,1105,230-87-31-35,cache/1756274434371.png
876,1451,202-170-36-39,cache/1756274434376.png
876,11241,237-152-92-121,cache/1756274434382.png
876,5587,93-120-75-74,cache/1756274434389.png
876,694,126-100-27-24,cache/1756274434395.png
876,1299,306-111-32-39,cache/1756274434400.png
838,8782,143-123-82-106,cache/1756274434743.png
838,1913,338-141-39-47,cache/1756274434761.png
838,1145,284-85-30-37,cache/1756274434773.png
701,6200,314-129-79-78,cache/1756274435099.png
701,5911,143-52-76-77,cache/1756274435117.png
701,1025,78-112-32-31,cache/1756274435138.png
701,3760,223-69-59-62,cache/1756274435156.png
701,2576,201-192-43-58,cache/1756274435168.png
701,786,352-116-32-24,cache/1756274435193.png
701,1955,114-145-39-48,cache/1756274435204.png
701,2217,273-120-45-48,cache/1756274435216.png
88,7257,328-67-86-84,cache/1756274435622.png
88,9039,276-87-91-98,cache/1756274435637.png
88,11683,220-155-93-124,cache/1756274435643.png
251,6033,100-119-78-77,cache/1756274436003.png
251,7433,180-153-85-86,cache/1756274436010.png
251,1965,289-128-40-48,cache/1756274436017.png
251,1332,257-98-32-40,cache/1756274436022.png
400,2862,217-54-52-54,cache/1756274436393.png
400,1229,109-149-35-34,cache/1756274436398.png
400,1208,149-102-31-38,cache/1756274436404.png
400,1537,277-130-34-44,cache/1756274436408.png
400,1418,315-119-33-41,cache/1756274436418.png
375,1740,142-191-41-41,cache/1756274436704.png
375,1000,322-112-31-31,cache/1756274436711.png
375,3363,167-62-57-58,cache/1756274436719.png
375,2741,222-150-50-54,cache/1756274436724.png
375,5636,85-69-69-80,cache/1756274436729.png
375,1468,250-121-34-43,cache/1756274436734.png
375,7502,376-90-82-91,cache/1756274436738.png
40,1737,178-213-41-41,cache/1756274437124.png
40,4290,345-103-66-64,cache/1756274437131.png
40,3848,80-89-62-61,cache/1756274437136.png
40,813,182-103-27-29,cache/1756274437141.png
40,1225,335-158-35-34,cache/1756274437146.png
40,627,241-77-24-25,cache/1756274437151.png
40,1106,150-146-33-33,cache/1756274437155.png
40,1630,288-106-40-40,cache/1756274437160.png
40,696,270-88-26-26,cache/1756274437165.png
122,4687,115-89-68-68,cache/1756274437497.png
122,7181,339-66-80-89,cache/1756274437505.png
122,1261,186-138-35-35,cache/1756274437510.png
122,1651,236-85-39-41,cache/1756274437515.png
122,3711,206-32-54-67,cache/1756274437520.png
122,1396,174-72-37-37,cache/1756274437525.png
198,9110,0-83-96-94,cache/1756274437937.png
198,2820,375-141-54-51,cache/1756274437971.png
198,2388,128-170-43-54,cache/1756274437981.png
198,5091,241-125-77-65,cache/1756274437989.png
198,1391,337-106-34-40,cache/1756274437997.png
198,1817,92-102-43-41,cache/1756274438005.png
198,1633,200-136-35-45,cache/1756274438023.png
198,1132,279-92-30-37,cache/1756274438030.png
198,13113,207-164-99-132,cache/1756274438036.png
14,2884,97-154-50-57,cache/1756274438481.png
14,3770,192-40-55-67,cache/1756274438486.png
14,1715,367-115-38-44,cache/1756274438491.png
444,4638,155-89-67-68,cache/1756274438861.png
444,2023,263-199-44-45,cache/1756274438868.png
444,2556,67-133-51-49,cache/1756274438873.png
444,4555,271-54-61-74,cache/1756274438877.png
897,1892,54-110-41-45,cache/1756274439306.png
897,1277,243-94-32-39,cache/1756274439313.png
897,1815,372-125-39-46,cache/1756274439317.png
897,9417,156-79-76-122,cache/1756274439321.png
897,788,172-79-29-26,cache/1756274439326.png
897,7669,156-102-76-99,cache/1756274439330.png
350,1285,337-147-36-35,cache/1756274439652.png
350,1788,219-200-41-43,cache/1756274439658.png
350,1852,236-123-40-45,cache/1756274439663.png
350,5462,94-68-68-80,cache/1756274439667.png
350,1043,179-121-31-32,cache/1756274439672.png
350,3633,189-40-54-67,cache/1756274439676.png
724,6076,229-135-77-78,cache/1756274440040.png
724,6956,152-97-73-94,cache/1756274440048.png
724,844,291-93-28-29,cache/1756274440053.png
724,730,266-78-26-27,cache/1756274440057.png
314,5087,350-87-72-70,cache/1756274440369.png
314,4386,205-75-65-66,cache/1756274440376.png
314,1604,279-164-39-40,cache/1756274440381.png
314,1060,188-72-29-36,cache/1756274440385.png
723,4415,244-47-65-67,cache/1756274440743.png
723,1334,316-155-36-36,cache/1756274440759.png
723,1249,201-110-31-39,cache/1756274440763.png
277,5378,19-103-75-71,cache/1756274441186.png
277,1845,279-192-42-43,cache/1756274441194.png
277,8779,149-169-93-94,cache/1756274441199.png
277,669,216-73-25-26,cache/1756274441205.png
277,4055,283-78-62-65,cache/1756274441209.png
277,1467,156-89-38-38,cache/1756274441214.png
277,8048,323-102-82-97,cache/1756274441219.png
277,1203,235-99-31-38,cache/1756274441225.png
277,1561,118-119-35-43,cache/1756274441231.png
878,5349,382-109-74-71,cache/1756274441674.png
878,2306,307-152-44-52,cache/1756274441682.png
878,12730,65-116-111-113,cache/1756274441687.png
878,1475,223-125-33-43,cache/1756274441692.png
878,3968,201-50-56-70,cache/1756274441697.png
878,1209,163-100-31-38,cache/1756274441702.png
307,2937,245-54-54-54,cache/1756274442102.png
307,1935,165-150-38-49,cache/1756274442109.png
307,1743,73-127-39-44,cache/1756274442113.png
307,1173,237-98-30-38,cache/1756274442117.png
171,16082,184-155-118-135,cache/1756274442438.png
171,4509,174-88-66-67,cache/1756274442445.png
171,1095,409-131-31-35,cache/1756274442451.png
171,1517,103-97-37-40,cache/1756274442456.png
171,1506,123-163-38-39,cache/1756274442467.png
171,457,300-88-27-16,cache/1756274442472.png
171,2571,137-188-44-57,cache/1756274442477.png
171,7365,264-98-75-96,cache/1756274442483.png
171,3899,234-34-55-69,cache/1756274442489.png
171,10191,329-126-92-109,cache/1756274442494.png
318,5159,296-118-72-71,cache/1756274442831.png
318,4712,62-104-69-67,cache/1756274442838.png
318,3242,193-63-56-57,cache/1756274442843.png
318,1350,252-167-36-36,cache/1756274442848.png
318,1822,220-119-40-44,cache/1756274442852.png
318,2140,127-169-41-51,cache/1756274442859.png
74,13046,222-141-108-120,cache/1756274443184.png
74,4571,323-109-68-67,cache/1756274443193.png
74,2472,213-45-49-50,cache/1756274443199.png
74,5307,88-128-73-72,cache/1756274443204.png
74,1404,168-126-33-42,cache/1756274443209.png
74,1048,204-96-28-36,cache/1756274443214.png
261,4065,322-78-64-63,cache/1756274443543.png
261,4925,174-63-65-75,cache/1756274443549.png
261,1319,401-136-36-35,cache/1756274443554.png
261,9885,92-124-89-109,cache/1756274443559.png
261,10575,217-137-90-117,cache/1756274443564.png
261,1638,288-138-34-47,cache/1756274443570.png
261,859,206-147-17-48,cache/1756274443574.png
565,5208,139-55-70-74,cache/1756274443899.png
565,3261,200-169-54-60,cache/1756274443906.png
565,2091,43-110-47-43,cache/1756274443912.png
565,11235,282-106-102-109,cache/1756274443917.png
565,5229,247-42-72-72,cache/1756274443923.png
565,1269,382-140-35-35,cache/1756274443928.png
565,1492,184-121-34-43,cache/1756274443933.png
565,1235,242-97-31-39,cache/1756274443938.png
58,3278,271-168-55-59,cache/1756274444298.png
58,5430,101-70-68-79,cache/1756274444306.png
58,1367,226-111-32-41,cache/1756274444310.png
627,2512,113-130-49-51,cache/1756274444691.png
627,1516,305-154-38-39,cache/1756274444698.png
627,1157,177-91-30-37,cache/1756274444703.png
627,11899,197-142-95-124,cache/1756274444708.png
627,1833,319-119-39-46,cache/1756274444714.png
627,1937,345-104-44-43,cache/1756274444718.png
931,8051,128-172-89-90,cache/1756274445075.png
931,11091,237-108-101-108,cache/1756274445083.png
931,1802,109-93-42-42,cache/1756274445089.png
931,1307,72-146-36-35,cache/1756274445095.png
931,698,283-90-28-24,cache/1756274445100.png
931,771,344-114-31-24,cache/1756274445104.png
931,2018,331-126-42-47,cache/1756274445109.png
931,1030,225-79-28-35,cache/1756274445114.png
840,4698,345-86-68-68,cache/1756274445460.png
840,9018,207-166-94-95,cache/1756274445468.png
840,1574,103-159-39-39,cache/1756274445473.png
840,6851,192-68-80-85,cache/1756274445478.png
840,1773,285-131-37-47,cache/1756274445484.png
41,8685,187-170-92-93,cache/1756274445893.png
41,7158,97-144-84-84,cache/1756274445902.png
41,2969,216-53-54-54,cache/1756274445908.png
41,6372,136-87-74-86,cache/1756274445913.png
41,5912,264-121-76-77,cache/1756274445919.png
41,1736,364-126-38-45,cache/1756274445924.png
41,4972,98-64-63-78,cache/1756274445929.png
41,767,278-86-27-27,cache/1756274445935.png
41,785,309-111-29-26,cache/1756274445940.png
172,6838,320-121-82-82,cache/1756274446289.png
172,2523,160-224-49-51,cache/1756274446296.png
172,2363,32-109-50-46,cache/1756274446301.png
172,2685,220-132-50-53,cache/1756274446306.png
172,2614,260-176-44-58,cache/1756274446311.png
172,7452,85-83-79-93,cache/1756274446316.png
172,1197,292-83-31-38,cache/1756274446322.png
172,807,159-97-19-40,cache/1756274446327.png
289,9045,155-103-88-101,cache/1756274446705.png
289,8391,20-77-95-87,cache/1756274446714.png
289,11044,230-134-92-119,cache/1756274446719.png
289,8797,381-95-89-98,cache/1756274446725.png
289,5299,280-59-68-77,cache/1756274446731.png
289,2530,97-164-45-55,cache/1756274446736.png
289,5295,210-50-71-74,cache/1756274446741.png
500,4944,66-109-71-69,cache/1756274447056.png
500,6126,197-91-68-88,cache/1756274447064.png
500,2298,165-183-41-55,cache/1756274447069.png
829,6004,185-49-76-78,cache/1756274447425.png
829,1164,92-133-34-33,cache/1756274447432.png
829,2712,286-159-50-53,cache/1756274447437.png
829,941,161-106-30-31,cache/1756274447442.png
829,864,321-97-29-29,cache/1756274447447.png
829,4402,368-90-68-64,cache/1756274447452.png
829,2739,359-142-51-52,cache/1756274447457.png
829,3108,197-227-47-65,cache/1756274447463.png
829,3023,227-196-49-61,cache/1756274447469.png
773,13260,211-163-104-127,cache/1756274447797.png
773,2317,100-167-43-53,cache/1756274447805.png
773,2565,165-189-44-58,cache/1756274447809.png
404,4579,171-215-62-72,cache/1756274448107.png
404,1344,226-111-33-40,cache/1756274448114.png
404,5373,144-51-73-73,cache/1756274448119.png
404,1140,127-128-33-33,cache/1756274448124.png
404,1076,298-90-29-36,cache/1756274448129.png
404,1958,264-201-43-45,cache/1756274448133.png
376,2149,112-152-45-47,cache/1756274448490.png
376,2452,235-47-49-49,cache/1756274448503.png
376,1430,207-130-33-43,cache/1756274448508.png
376,5451,253-87-65-83,cache/1756274448513.png
376,4868,315-72-63-77,cache/1756274448518.png
199,4374,69-96-66-65,cache/1756274448845.png
199,11243,270-86-83-134,cache/1756274448852.png
199,3059,218-61-54-56,cache/1756274448858.png
199,2873,142-173-51-56,cache/1756274448863.png
199,2367,286-86-62-37,cache/1756274448868.png
199,8426,270-120-83-100,cache/1756274448872.png
636,731,241-75-26-27,cache/1756274449238.png
636,1119,325-125-33-33,cache/1756274449245.png
636,6143,96-78-71-85,cache/1756274449249.png
636,2386,160-179-42-55,cache/1756274449254.png
25,4523,263-105-66-67,cache/1756274449589.png
25,9275,167-141-84-110,cache/1756274449598.png
25,5839,72-82-71-82,cache/1756274449607.png
25,703,236-85-26-26,cache/1756274449619.png
25,4523,170-69-60-74,cache/1756274449626.png
25,1022,308-93-28-35,cache/1756274449632.png
25,2083,131-144-41-50,cache/1756274449643.png
733,5620,68-114-75-74,cache/1756274449989.png
733,3448,127-63-58-59,cache/1756274450002.png
733,1644,337-122-37-44,cache/1756274450021.png
733,744,286-84-26-28,cache/1756274450035.png
733,1222,242-65-35-34,cache/1756274450049.png
733,5964,42-75-71-83,cache/1756274450080.png
733,2587,159-189-44-58,cache/1756274450096.png
733,2045,193-160-39-52,cache/1756274450114.png
733,1283,309-99-32-39,cache/1756274450130.png
733,1156,267-93-30-38,cache/1756274450148.png
597,8217,233-170-89-91,cache/1756274450562.png
597,731,215-86-26-27,cache/1756274450571.png
597,5282,95-72-66-79,cache/1756274450578.png
597,8296,106-115-82-100,cache/1756274450585.png
181,2247,192-164-42-53,cache/1756274450881.png
181,972,308-109-30-31,cache/1756274450887.png
181,4949,231-44-70-70,cache/1756274450891.png
181,4919,69-97-70-69,cache/1756274450896.png
181,2709,290-186-45-58,cache/1756274450901.png
181,1021,168-118-31-32,cache/1756274450906.png
181,1286,199-79-35-36,cache/1756274450911.png
181,2161,381-149-43-49,cache/1756274450916.png
181,2216,337-157-42-52,cache/1756274450920.png
181,4691,116-59-62-74,cache/1756274450925.png
499,5309,188-34-71-73,cache/1756274451327.png
499,2608,347-141-48-53,cache/1756274451335.png
499,11006,60-116-104-105,cache/1756274451341.png
499,6983,7-80-77-89,cache/1756274451360.png
499,3575,136-61-59-60,cache/1756274451368.png
499,9893,229-133-86-114,cache/1756274451374.png
499,1063,284-74-29-35,cache/1756274451380.png
499,12281,107-156-98-125,cache/1756274451385.png
499,640,98-100-32-19,cache/1756274451392.png
1,6183,343-128-79-77,cache/1756274451767.png
1,2039,112-154-40-50,cache/1756274451776.png
1,2742,263-198-45-60,cache/1756274451781.png
1,1333,181-73-36-36,cache/1756274451786.png
1,687,280-82-37-18,cache/1756274451791.png
1,6761,44-84-77-87,cache/1756274451796.png
1,6646,384-85-75-87,cache/1756274451801.png
1,2443,150-182-43-56,cache/1756274451808.png
1,1132,211-95-29-37,cache/1756274451813.png
1,7690,263-96-80-96,cache/1756274451818.png
215,8567,210-91-89-95,cache/1756274452109.png
215,5718,52-74-70-81,cache/1756274452118.png
215,9299,102-125-86-107,cache/1756274452123.png
215,6091,291-84-73-82,cache/1756274452129.png
215,2025,281-153-40-50,cache/1756274452134.png
215,712,186-88-25-27,cache/1756274452138.png
215,896,205-95-26-33,cache/1756274452143.png
215,1312,349-144-37-35,cache/1756274452147.png
100,5151,87-109-71-71,cache/1756274452463.png
100,1369,296-103-36-37,cache/1756274452471.png
100,961,231-117-30-31,cache/1756274452477.png
100,1061,182-126-32-32,cache/1756274452482.png
367,8754,24-80-95-91,cache/1756274452869.png
367,1523,358-160-39-38,cache/1756274452878.png
367,2728,231-50-51-53,cache/1756274452885.png
367,5670,147-53-75-74,cache/1756274452890.png
367,2409,306-172-43-55,cache/1756274452896.png
367,1725,406-120-39-43,cache/1756274452901.png
367,1814,132-138-38-47,cache/1756274452906.png
367,2116,80-149-42-49,cache/1756274452911.png
367,972,219-113-30-31,cache/1756274452919.png
909,6822,187-160-81-83,cache/1756274453288.png
909,4846,130-58-65-74,cache/1756274453297.png
909,1183,165-144-33-34,cache/1756274453302.png
909,7723,283-114-79-97,cache/1756274453307.png
909,1605,257-114-37-42,cache/1756274453313.png
909,6176,348-91-70-87,cache/1756274453317.png
528,2282,194-148-45-50,cache/1756274453680.png
528,1479,308-177-38-38,cache/1756274453686.png
528,3790,248-52-55-67,cache/1756274453691.png
528,1598,92-129-36-43,cache/1756274453696.png
896,5845,189-125-76-76,cache/1756274454048.png
896,3712,236-192-57-64,cache/1756274454057.png
896,7878,257-67-87-89,cache/1756274454062.png
896,8152,347-74-87-92,cache/1756274454068.png
896,4813,38-91-70-68,cache/1756274454074.png
896,6198,145-46-78-79,cache/1756274454079.png
896,1218,119-90-31-38,cache/1756274454085.png
852,6136,148-128-77-78,cache/1756274454397.png
852,5362,237-67-65-82,cache/1756274454410.png
852,3259,182-224-48-66,cache/1756274454417.png
852,1169,309-130-34-34,cache/1756274454427.png
852,2099,409-138-43-48,cache/1756274454433.png
852,5951,123-75-69-85,cache/1756274454438.png
852,6312,148-50-79-78,cache/1756274454445.png
717,9250,244-75-94-97,cache/1756274454847.png
717,8513,94-99-83-101,cache/1756274454854.png
717,1930,351-128-40-47,cache/1756274454860.png
717,696,236-73-26-26,cache/1756274454864.png
839,1279,290-146-35-36,cache/1756274455165.png
839,1061,253-79-29-36,cache/1756274455171.png
839,910,189-98-29-30,cache/1756274455176.png
504,11522,360-99-106-108,cache/1756274455478.png
504,7704,122-75-86-89,cache/1756274455487.png
504,1399,302-82-35-39,cache/1756274455493.png
504,3216,222-221-49-64,cache/1756274455498.png
504,2170,168-164-40-53,cache/1756274455503.png
504,1956,50-132-41-47,cache/1756274455508.png
504,1588,270-121-34-45,cache/1756274455513.png
504,1637,85-103-40-40,cache/1756274455518.png
504,3178,191-51-55-56,cache/1756274455523.png
504,667,245-65-25-26,cache/1756274455528.png
622,10388,146-127-100-103,cache/1756274455910.png
622,2153,379-118-48-44,cache/1756274455918.png
622,2735,220-53-51-52,cache/1756274455923.png
622,1793,281-194-41-42,cache/1756274455928.png
622,1882,296-110-43-43,cache/1756274455933.png
622,9308,20-92-100-92,cache/1756274455937.png
622,1020,163-89-29-35,cache/1756274455943.png
622,939,115-105-24-38,cache/1756274455948.png
622,2016,101-153-40-49,cache/1756274455952.png
622,745,230-140-16-45,cache/1756274455957.png
970,8305,215-158-90-92,cache/1756274456275.png
970,1833,354-106-41-43,cache/1756274456286.png
970,8852,391-93-87-101,cache/1756274456291.png
290,5394,101-111-74-72,cache/1756274456629.png
290,1722,236-184-40-42,cache/1756274456636.png
290,6357,262-86-71-89,cache/1756274456640.png
290,1114,171-89-30-36,cache/1756274456645.png
290,692,330-102-22-30,cache/1756274456650.png
353,6448,224-123-80-80,cache/1756274456980.png
353,7925,287-66-85-92,cache/1756274456987.png
353,15363,162-176-107-142,cache/1756274456994.png
353,5888,112-61-70-83,cache/1756274457001.png
353,1250,383-122-35-34,cache/1756274457007.png
353,1340,182-135-36-37,cache/1756274457012.png
326,3714,153-76-60-61,cache/1756274457378.png
326,4868,96-100-69-69,cache/1756274457386.png
326,5429,255-113-73-74,cache/1756274457391.png
326,1702,227-183-40-42,cache/1756274457396.png
326,4002,286-87-63-62,cache/1756274457401.png
341,14287,255-133-115-123,cache/1756274457687.png
341,3631,237-72-59-60,cache/1756274457697.png
341,7814,322-68-88-87,cache/1756274457703.png
341,13018,152-174-98-131,cache/1756274457710.png
341,2178,80-150-44-49,cache/1756274457717.png
341,4048,133-57-60-67,cache/1756274457723.png
341,4323,141-91-65-66,cache/1756274457729.png
341,1978,68-125-41-47,cache/1756274457734.png
341,541,224-83-19-27,cache/1756274457740.png
744,3460,170-202-53-64,cache/1756274458067.png
744,11547,250-127-100-115,cache/1756274458075.png
744,4708,199-105-67-69,cache/1756274458081.png
744,2612,351-144-51-50,cache/1756274458087.png
744,4838,290-63-64-74,cache/1756274458092.png
744,651,227-67-25-25,cache/1756274458098.png
744,4993,106-61-75-65,cache/1756274458103.png
744,6542,66-90-73-89,cache/1756274458110.png
744,8549,121-121-82-103,cache/1756274458115.png
599,13027,148-169-102-127,cache/1756274458429.png
599,4251,222-80-64-65,cache/1756274458436.png
599,1547,269-174-39-39,cache/1756274458444.png
599,6638,160-48-80-82,cache/1756274458449.png
599,1738,325-91-40-43,cache/1756274458455.png
599,4872,408-99-68-70,cache/1756274458461.png
599,9564,352-115-90-105,cache/1756274458467.png
599,2037,65-138-42-48,cache/1756274458473.png
599,1704,107-187-40-41,cache/1756274458479.png
87,6894,104-121-82-83,cache/1756274458840.png
87,2566,254-224-49-51,cache/1756274458851.png
87,3538,268-53-58-59,cache/1756274458856.png
87,5414,15-89-75-72,cache/1756274458862.png
87,8950,392-87-87-102,cache/1756274458867.png
87,2740,326-168-47-57,cache/1756274458873.png
87,6022,179-69-69-87,cache/1756274458879.png
87,1193,117-95-33-35,cache/1756274458887.png
87,3782,216-35-55-68,cache/1756274458892.png
92,16178,153-154-119-135,cache/1756274459239.png
92,14672,259-137-115-127,cache/1756274459248.png
92,6413,84-141-79-80,cache/1756274459255.png
92,2032,39-116-43-46,cache/1756274459261.png
92,4749,380-96-70-67,cache/1756274459266.png
92,832,185-93-28-29,cache/1756274459272.png
92,3593,232-36-53-66,cache/1756274459277.png
92,951,302-108-30-31,cache/1756274459282.png
92,809,366-159-21-36,cache/1756274459287.png
92,1284,149-137-36-35,cache/1756274459293.png
727,8193,248-162-90-90,cache/1756274459679.png
727,9576,41-107-91-104,cache/1756274459704.png
727,11346,247-130-92-122,cache/1756274459710.png
727,1808,301-130-37-47,cache/1756274459717.png
978,5360,225-48-73-73,cache/1756274460031.png
978,4851,286-108-69-69,cache/1756274460041.png
978,2707,163-203-45-60,cache/1756274460046.png
978,3723,126-76-60-61,cache/1756274460051.png
978,998,220-122-31-31,cache/1756274460056.png
978,618,320-96-27-22,cache/1756274460060.png
978,5682,286-96-69-81,cache/1756274460065.png
38,4581,226-49-62-72,cache/1756274460409.png
38,6074,117-58-74-81,cache/1756274460417.png
38,1649,357-118-37-43,cache/1756274460422.png
38,1029,66-111-32-31,cache/1756274460427.png
38,2007,159-150-39-50,cache/1756274460431.png
183,3838,151-198-58-65,cache/1756274460758.png
183,1777,118-126-41-43,cache/1756274460766.png
183,3776,153-80-61-61,cache/1756274460771.png
183,1914,350-116-44-42,cache/1756274460776.png
183,803,293-95-28-28,cache/1756274460780.png
183,2197,323-146-43-50,cache/1756274460785.png
183,2144,272-156-42-50,cache/1756274460790.png
183,1184,216-142-34-34,cache/1756274460794.png
183,1128,242-99-29-37,cache/1756274460799.png
372,3008,80-153-54-54,cache/1756274461236.png
372,1156,290-130-33-34,cache/1756274461243.png
372,11532,147-154-93-123,cache/1756274461247.png
372,2241,227-141-44-50,cache/1756274461252.png
372,1336,260-107-32-41,cache/1756274461257.png
229,12213,148-135-99-123,cache/1756274461629.png
229,2866,70-142-51-55,cache/1756274461637.png
229,5724,238-55-72-79,cache/1756274461642.png
229,1049,298-110-32-32,cache/1756274461647.png
229,556,220-81-19-28,cache/1756274461652.png
568,4784,96-93-69-69,cache/1756274461968.png
568,2739,344-144-50-54,cache/1756274461976.png
568,7245,196-151-85-85,cache/1756274461981.png
568,5375,288-56-68-78,cache/1756274461987.png
568,1508,249-100-36-41,cache/1756274461992.png
568,807,201-86-28-28,cache/1756274461997.png
568,1746,164-136-36-47,cache/1756274462002.png
415,6397,267-114-88-72,cache/1756274462327.png
415,3303,97-167-56-58,cache/1756274462336.png
415,991,190-76-28-35,cache/1756274462340.png
415,776,285-84-27-28,cache/1756274462345.png
415,5209,223-69-63-81,cache/1756274462349.png
452,12120,204-146-100-120,cache/1756274462681.png
452,3897,72-75-62-62,cache/1756274462688.png
452,5641,291-120-74-75,cache/1756274462693.png
452,7694,341-82-82-93,cache/1756274462698.png
452,1661,140-92-40-40,cache/1756274462706.png
507,6116,168-66-78-78,cache/1756274463009.png
507,2191,331-164-42-51,cache/1756274463016.png
507,1088,166-135-33-32,cache/1756274463021.png
507,1725,264-144-36-46,cache/1756274463025.png
50,5985,326-74-71-83,cache/1756274463384.png
50,9963,170-201-98-101,cache/1756274463392.png
50,1217,266-139-34-35,cache/1756274463398.png
50,705,226-76-26-26,cache/1756274463402.png
50,1345,394-147-37-35,cache/1756274463409.png
50,1054,179-82-29-36,cache/1756274463415.png
485,8536,282-84-90-93,cache/1756274463788.png
485,734,261-101-24-29,cache/1756274463796.png
485,3338,135-57-63-52,cache/1756274463801.png
485,1729,59-128-39-44,cache/1756274463809.png
485,7094,133-102-75-94,cache/1756274463814.png
611,6242,69-68-75-82,cache/1756274464193.png
611,8454,193-166-91-92,cache/1756274464200.png
611,1276,272-141-35-36,cache/1756274464205.png
611,1634,143-170-39-41,cache/1756274464210.png
279,1943,184-196-43-44,cache/1756274464515.png
279,2426,367-153-45-53,cache/1756274464525.png
279,6026,126-67-70-86,cache/1756274464532.png
279,1574,232-90-37-41,cache/1756274464542.png
0,14597,140-130-115-126,cache/1756274464953.png
0,3413,307-166-58-58,cache/1756274464966.png
0,3571,252-69-59-59,cache/1756274464976.png
0,6735,79-87-75-89,cache/1756274465001.png
0,992,150-98-25-38,cache/1756274465012.png
207,11257,220-141-96-116,cache/1756274465374.png
207,10737,312-121-93-114,cache/1756274465389.png
207,8262,75-98-83-98,cache/1756274465395.png
689,2028,326-144-40-49,cache/1756274465716.png
689,1749,170-134-37-47,cache/1756274465725.png
689,3058,268-203-48-63,cache/1756274465737.png
689,4254,245-47-60-69,cache/1756274465743.png
78,5417,268-73-67-79,cache/1756274466081.png
78,6379,86-65-81-78,cache/1756274466088.png
78,2146,212-237-45-47,cache/1756274466118.png
78,1832,263-157-37-48,cache/1756274466125.png
78,1779,340-144-38-46,cache/1756274466131.png
78,2426,156-194-43-56,cache/1756274466136.png
78,3437,220-44-52-65,cache/1756274466141.png
78,1434,356-125-34-41,cache/1756274466148.png
808,8476,24-89-87-97,cache/1756274466473.png
808,7232,214-65-84-85,cache/1756274466478.png
808,4265,336-80-65-64,cache/1756274466483.png
808,2528,183-175-43-57,cache/1756274466488.png
808,1549,323-160-39-39,cache/1756274466493.png
159,3504,143-62-59-59,cache/1756274466886.png
159,1742,313-104-40-43,cache/1756274466894.png
159,2199,298-159-41-52,cache/1756274466900.png
159,13132,133-160-100-131,cache/1756274466906.png
159,1764,211-138-36-47,cache/1756274466913.png
678,8437,21-84-87-96,cache/1756274467296.png
678,11895,107-115-106-112,cache/1756274467311.png
678,3019,187-220-46-64,cache/1756274467317.png
678,6221,149-55-82-75,cache/1756274467323.png
678,914,238-101-30-30,cache/1756274467329.png
678,9951,317-100-100-98,cache/1756274467335.png
678,1711,322-189-41-41,cache/1756274467340.png
678,1206,267-136-34-35,cache/1756274467345.png
678,603,230-72-17-35,cache/1756274467350.png
678,555,117-115-25-22,cache/1756274467355.png
957,14779,150-161-111-132,cache/1756274467689.png
957,8708,128-117-88-98,cache/1756274467696.png
957,9591,269-134-86-110,cache/1756274467704.png
957,1961,90-132-42-46,cache/1756274467710.png
957,1327,350-146-27-48,cache/1756274467715.png
957,994,133-111-38-25,cache/1756274467720.png
957,1457,218-120-33-43,cache/1756274467724.png
957,1222,241-95-31-38,cache/1756274467729.png
957,3971,244-43-56-70,cache/1756274467734.png
991,1784,286-178-42-42,cache/1756274468076.png
991,2624,62-148-50-51,cache/1756274468084.png
991,984,313-96-31-31,cache/1756274468089.png
991,992,135-106-32-30,cache/1756274468094.png
991,6390,156-43-79-80,cache/1756274468099.png
991,1607,224-118-35-45,cache/1756274468104.png
991,14585,154-169-104-139,cache/1756274468109.png
991,1865,142-132-38-48,cache/1756274468116.png
991,3867,234-32-55-69,cache/1756274468121.png
706,8414,58-58-92-90,cache/1756274468478.png
706,4425,240-79-66-66,cache/1756274468490.png
706,2021,398-126-42-47,cache/1756274468496.png
706,2499,104-141-46-53,cache/1756274468503.png
706,9869,183-129-86-114,cache/1756274468508.png
706,1132,167-121-33-34,cache/1756274468514.png
303,12423,269-128-102-121,cache/1756274468847.png
303,3197,244-58-56-56,cache/1756274468854.png
303,1670,230-101-40-41,cache/1756274468859.png
303,2807,364-153-49-57,cache/1756274468864.png
303,4737,118-58-63-74,cache/1756274468869.png
190,6391,191-133-79-80,cache/1756274469213.png
190,1211,264-82-34-35,cache/1756274469221.png
190,2250,173-222-46-48,cache/1756274469226.png
190,824,159-97-28-28,cache/1756274469231.png
190,1065,129-123-32-32,cache/1756274469235.png
247,6539,252-47-80-81,cache/1756274469587.png
247,935,212-98-30-31,cache/1756274469595.png
247,2357,340-148-43-53,cache/1756274469600.png
247,10248,73-126-92-110,cache/1756274469605.png
247,10208,255-135-88-114,cache/1756274469611.png
247,14830,255-135-128-115,cache/1756274469617.png
247,935,61-141-20-46,cache/1756274469623.png
42,3939,125-85-62-63,cache/1756274469937.png
42,2039,277-154-41-48,cache/1756274469945.png
42,1152,322-97-31-36,cache/1756274469949.png
42,7033,191-106-73-95,cache/1756274469953.png
42,498,197-95-26-18,cache/1756274469958.png
858,1995,188-107-43-45,cache/1756274470270.png
858,1756,350-115-38-45,cache/1756274470277.png
858,2025,319-136-40-49,cache/1756274470281.png
587,9092,252-108-91-99,cache/1756274470654.png
587,4926,79-102-70-69,cache/1756274470662.png
587,5314,186-75-64-81,cache/1756274470667.png
587,3027,254-212-47-63,cache/1756274470672.png
867,2729,231-38-51-52,cache/1756274471038.png
867,1557,223-174-39-39,cache/1756274471043.png
867,1113,368-122-33-33,cache/1756274471049.png
867,2520,144-185-44-56,cache/1756274471054.png
867,6770,286-88-74-91,cache/1756274471059.png
867,8058,75-102-82-97,cache/1756274471064.png
150,11337,345-100-109-103,cache/1756274471453.png
150,4261,152-88-64-65,cache/1756274471460.png
150,8673,219-85-91-94,cache/1756274471466.png
150,6131,273-60-79-77,cache/1756274471471.png
529,4419,270-201-63-70,cache/1756274471866.png
529,4588,179-91-67-68,cache/1756274471874.png
529,4967,286-97-70-70,cache/1756274471881.png
529,5645,218-45-75-74,cache/1756274471887.png
529,1591,132-169-39-40,cache/1756274471893.png
529,519,178-90-22-23,cache/1756274471898.png
529,634,332-98-25-25,cache/1756274471903.png
666,9012,281-127-85-105,cache/1756274472266.png
666,5039,117-63-64-78,cache/1756274472277.png
666,1015,176-122-31-32,cache/1756274472282.png
75,17003,153-172-116-145,cache/1756274472628.png
75,3642,86-168-58-62,cache/1756274472635.png
75,2229,73-109-48-46,cache/1756274472641.png
75,4127,274-193-60-68,cache/1756274472647.png
75,1836,331-129-38-47,cache/1756274472652.png
75,5443,172-67-66-82,cache/1756274472658.png
75,1534,304-162-39-39,cache/1756274472663.png
75,4032,215-44-56-70,cache/1756274472668.png
75,413,160-89-14-29,cache/1756274472674.png
317,1485,138-112-35-42,cache/1756274473076.png
317,1907,225-194-43-44,cache/1756274473082.png
317,972,292-107-30-31,cache/1756274473087.png
545,7191,283-149-84-84,cache/1756274473413.png
545,878,245-98-29-29,cache/1756274473421.png
545,1444,179-108-35-41,cache/1756274473425.png
626,4503,352-95-67-66,cache/1756274473873.png
626,1859,54-116-45-41,cache/1756274473882.png
626,9019,243-125-84-107,cache/1756274473886.png
626,8699,192-95-91-94,cache/1756274473891.png
626,1294,107-149-35-36,cache/1756274473896.png
626,736,279-94-26-28,cache/1756274473901.png
626,829,185-104-22-36,cache/1756274473905.png
859,2400,221-195-42-56,cache/1756274474261.png
859,1434,349-119-34-41,cache/1756274474269.png
859,1076,263-82-31-34,cache/1756274474274.png
859,7391,133-112-76-96,cache/1756274474279.png
859,1881,295-128-41-45,cache/1756274474284.png
859,809,197-108-27-29,cache/1756274474288.png
859,3325,121-86-60-54,cache/1756274474293.png
366,3198,94-155-55-58,cache/1756274474666.png
366,4300,325-79-65-65,cache/1756274474674.png
366,5080,240-63-65-77,cache/1756274474679.png
366,8214,383-90-86-94,cache/1756274474684.png
366,7970,192-102-78-101,cache/1756274474690.png
366,2866,182-50-54-52,cache/1756274474696.png
366,8717,129-76-92-94,cache/1756274474702.png
692,2922,347-151-54-53,cache/1756274475005.png
692,9669,186-137-85-112,cache/1756274475013.png
692,5362,214-51-72-73,cache/1756274475019.png
692,5805,259-84-68-85,cache/1756274475024.png
267,9437,159-85-93-101,cache/1756274475304.png
267,6314,336-67-74-85,cache/1756274475310.png
267,2385,90-146-45-52,cache/1756274475315.png
267,1654,267-86-40-40,cache/1756274475319.png
267,1304,58-121-35-36,cache/1756274475324.png
354,8355,226-175-90-92,cache/1756274475654.png
354,1436,69-156-37-37,cache/1756274475662.png
354,1243,362-136-35-35,cache/1756274475667.png
354,2230,39-113-49-45,cache/1756274475672.png
354,1279,264-88-33-38,cache/1756274475677.png
354,6724,181-43-75-89,cache/1756274475683.png
354,10803,107-142-92-116,cache/1756274475689.png
354,1563,291-122-35-43,cache/1756274475695.png
233,1545,271-165-39-39,cache/1756274476128.png
233,851,218-67-26-32,cache/1756274476135.png
233,2437,32-124-49-49,cache/1756274476139.png
396,15222,255-136-116-130,cache/1756274476470.png
396,8985,181-79-92-97,cache/1756274476485.png
396,6625,299-66-80-81,cache/1756274476491.png
396,8642,42-104-86-99,cache/1756274476497.png
396,5536,98-62-68-80,cache/1756274476503.png
262,1523,120-161-38-39,cache/1756274476912.png
262,7013,202-141-83-84,cache/1756274476918.png
262,2577,239-47-53-48,cache/1756274476924.png
262,7676,384-89-83-91,cache/1756274476930.png
262,2332,181-229-47-49,cache/1756274476936.png
262,4215,227-89-66-63,cache/1756274476941.png
573,4477,215-213-62-71,cache/1756274477274.png
573,6581,322-72-89-73,cache/1756274477283.png
573,5865,321-123-76-76,cache/1756274477289.png
573,1181,69-135-34-33,cache/1756274477295.png
573,5922,187-86-68-86,cache/1756274477300.png
573,1001,136-119-31-31,cache/1756274477306.png
573,4200,247-48-62-67,cache/1756274477311.png
573,3836,169-54-56-68,cache/1756274477316.png
557,8528,221-76-90-94,cache/1756274477715.png
557,10737,51-95-104-102,cache/1756274477722.png
557,10821,87-129-93-115,cache/1756274477728.png
557,3250,275-59-55-58,cache/1756274477734.png
557,1260,197-67-35-35,cache/1756274477739.png
557,1711,174-90-41-41,cache/1756274477744.png
945,8936,183-96-88-100,cache/1756274478145.png
945,2027,88-106-45-44,cache/1756274478155.png
945,1849,276-182-42-43,cache/1756274478159.png
151,1775,50-125-39-44,cache/1756274478490.png
151,2780,263-194-48-57,cache/1756274478495.png
151,2229,330-146-46-48,cache/1756274478500.png
151,871,125-101-29-29,cache/1756274478505.png
151,1432,204-168-37-38,cache/1756274478510.png
151,1301,282-105-32-40,cache/1756274478515.png
442,8800,193-106-88-99,cache/1756274478873.png
442,2016,332-157-40-49,cache/1756274478881.png
442,1461,95-118-34-42,cache/1756274478886.png
442,1088,301-132-32-33,cache/1756274478892.png
442,762,267-94-27-27,cache/1756274478896.png
442,7537,378-99-82-91,cache/1756274478901.png
442,2025,174-57-51-39,cache/1756274478907.png
442,817,243-72-25-31,cache/1756274478912.png
442,5197,177-74-81-63,cache/1756274478916.png
442,8717,114-125-83-104,cache/1756274478922.png
767,6754,342-136-83-81,cache/1756274479384.png
767,7974,110-64-88-89,cache/1756274479392.png
767,7163,129-155-84-84,cache/1756274479398.png
767,1256,270-88-32-38,cache/1756274479403.png
767,3930,232-37-56-70,cache/1756274479408.png
36,6678,97-127-82-81,cache/1756274479851.png
36,4742,163-215-64-73,cache/1756274479862.png
36,1354,230-103-32-41,cache/1756274479869.png
36,1263,180-93-31-39,cache/1756274479880.png
36,1592,83-130-34-46,cache/1756274479886.png
36,12733,276-83-127-99,cache/1756274479895.png
36,10129,302-84-101-99,cache/1756274479907.png
36,1377,276-85-34-40,cache/1756274479914.png
602,2855,264-154-51-55,cache/1756274480280.png
602,5070,113-60-67-74,cache/1756274480287.png
602,5240,209-43-73-71,cache/1756274480297.png
602,1692,315-186-41-41,cache/1756274480305.png
602,6090,182-85-68-88,cache/1756274480318.png
510,2272,50-109-49-46,cache/1756274480662.png
510,3988,109-71-63-63,cache/1756274480667.png
510,1383,324-149-37-37,cache/1756274480673.png
510,1119,264-121-33-33,cache/1756274480678.png
510,1974,372-132-41-48,cache/1756274480683.png
510,13124,229-165-99-132,cache/1756274480689.png
510,1200,202-80-31-37,cache/1756274480695.png
510,2934,157-202-47-62,cache/1756274480701.png
510,1722,139-181-40-42,cache/1756274480712.png
510,868,220-62-26-32,cache/1756274480721.png
523,2351,63-137-46-50,cache/1756274481034.png
523,8924,280-82-101-88,cache/1756274481039.png
523,10552,274-119-91-114,cache/1756274481045.png
523,8869,112-76-96-91,cache/1756274481050.png
924,19975,162-179-142-140,cache/1756274481364.png
924,2585,129-153-46-55,cache/1756274481371.png
924,1335,355-139-37-35,cache/1756274481377.png
924,7235,85-83-77-92,cache/1756274481382.png
924,6827,245-53-81-83,cache/1756274481388.png
924,2228,287-111-46-48,cache/1756274481394.png
924,827,256-183-35-23,cache/1756274481399.png
924,4195,181-40-58-72,cache/1756274481404.png
76,16521,136-157-121-136,cache/1756274481764.png
76,3645,113-69-60-60,cache/1756274481774.png
76,5725,195-47-74-76,cache/1756274481780.png
76,1968,124-162-39-50,cache/1756274481785.png
76,6170,273-82-70-87,cache/1756274481790.png
76,5619,290-55-75-74,cache/1756274481796.png
76,1711,242-142-36-47,cache/1756274481801.png
76,4948,41-101-71-69,cache/1756274481807.png
556,8187,257-86-86-94,cache/1756274482130.png
556,5079,245-60-67-74,cache/1756274482138.png
556,2664,225-187-44-59,cache/1756274482143.png
556,2245,174-134-45-49,cache/1756274482148.png
556,4889,152-64-63-76,cache/1756274482152.png
710,4065,224-191-59-67,cache/1756274482482.png
710,2600,362-160-48-53,cache/1756274482490.png
710,12964,80-122-107-120,cache/1756274482496.png
710,3908,273-68-61-63,cache/1756274482502.png
710,5989,59-68-73-81,cache/1756274482507.png
710,787,183-78-27-28,cache/1756274482513.png
710,2507,183-141-47-52,cache/1756274482518.png
710,954,223-69-28-34,cache/1756274482523.png
710,1625,315-115-36-44,cache/1756274482529.png
710,1969,397-129-41-47,cache/1756274482534.png
406,5331,394-103-74-71,cache/1756274482852.png
406,1697,313-176-40-41,cache/1756274482862.png
406,6306,151-61-80-78,cache/1756274482868.png
406,1516,237-112-36-41,cache/1756274482874.png
406,8556,198-168-91-93,cache/1756274482879.png
406,2509,185-152-50-49,cache/1756274482885.png
406,6944,13-85-79-86,cache/1756274482890.png
406,1282,105-103-33-38,cache/1756274482895.png
322,7302,71-84-86-84,cache/1756274483205.png
322,872,200-104-29-29,cache/1756274483213.png
322,11123,112-153-93-119,cache/1756274483218.png
583,1928,127-115-44-43,cache/1756274483536.png
583,1048,269-84-30-34,cache/1756274483542.png
583,6071,333-77-72-83,cache/1756274483546.png
64,3350,231-61-57-58,cache/1756274483888.png
64,1775,218-187-41-42,cache/1756274483894.png
64,1255,102-137-35-35,cache/1756274483898.png
64,4014,153-77-62-63,cache/1756274483903.png
64,6836,304-137-82-82,cache/1756274483908.png
64,6689,295-59-83-80,cache/1756274483913.png
64,1910,283-115-42-45,cache/1756274483918.png
7,7362,15-89-86-85,cache/1756274484209.png
7,1579,188-135-35-45,cache/1756274484217.png
7,1209,247-91-33-36,cache/1756274484221.png
7,1004,291-123-31-31,cache/1756274484225.png
709,10643,75-125-94-112,cache/1756274484539.png
709,7100,216-94-74-95,cache/1756274484547.png
709,2931,243-40-53-54,cache/1756274484552.png
709,2280,343-157-43-52,cache/1756274484557.png
709,7382,345-85-80-91,cache/1756274484561.png
709,1390,158-104-33-41,cache/1756274484567.png
433,7873,373-97-84-93,cache/1756274484877.png
433,1051,208-76-30-34,cache/1756274484885.png
433,9660,88-128-88-108,cache/1756274484889.png
433,1244,262-98-31-39,cache/1756274484894.png
433,4626,115-58-63-73,cache/1756274484899.png
665,1225,359-130-35-34,cache/1756274485204.png
665,2030,87-101-44-46,cache/1756274485211.png
665,1554,128-169-39-39,cache/1756274485216.png
665,923,234-95-29-30,cache/1756274485221.png
665,1616,175-75-39-40,cache/1756274485226.png
665,12632,234-148-94-134,cache/1756274485231.png
665,957,213-62-27-34,cache/1756274485237.png
665,1886,277-148-39-47,cache/1756274485242.png
756,6053,181-132-77-78,cache/1756274485621.png
756,10407,262-141-89-115,cache/1756274485628.png
756,1747,180-100-42-41,cache/1756274485633.png
756,1805,378-125-39-45,cache/1756274485638.png
598,4159,75-77-64-64,cache/1756274485987.png
598,3440,293-59-58-58,cache/1756274485995.png
598,4609,371-88-69-66,cache/1756274486000.png
598,755,223-76-26-28,cache/1756274486006.png
598,1584,246-175-39-40,cache/1756274486014.png
598,1213,106-136-35-34,cache/1756274486020.png
598,1728,147-188-41-41,cache/1756274486025.png
598,1504,374-161-39-38,cache/1756274486032.png
598,2906,270-203-46-61,cache/1756274486038.png
598,892,149-94-29-30,cache/1756274486044.png
730,5558,241-42-75-73,cache/1756274486389.png
730,1629,186-173-39-40,cache/1756274486395.png
730,3081,214-208-47-64,cache/1756274486401.png
730,1728,337-124-37-45,cache/1756274486406.png
730,1232,52-123-34-35,cache/1756274486410.png
730,1300,303-100-32-39,cache/1756274486415.png
730,8333,86-104-83-100,cache/1756274486420.png
730,1093,159-84-29-36,cache/1756274486425.png
80,19641,190-166-130-150,cache/1756274486747.png
80,6974,286-65-80-86,cache/1756274486761.png
80,6735,19-75-78-85,cache/1756274486768.png
80,852,186-90-28-29,cache/1756274486776.png
80,11746,97-147-95-123,cache/1756274486781.png
80,1759,367-123-38-45,cache/1756274486788.png
80,1003,220-79-28-35,cache/1756274486794.png
80,359,127-139-31-11,cache/1756274486799.png
80,1598,271-144-38-41,cache/1756274486804.png
80,1233,85-158-23-52,cache/1756274486810.png
80,5284,85-139-73-71,cache/1756274486815.png
138,12848,88-131-105-121,cache/1756274487356.png
138,3886,286-75-62-62,cache/1756274487362.png
138,1281,188-144-35-36,cache/1756274487367.png
138,6973,49-89-77-90,cache/1756274487371.png
138,1042,361-114-32-32,cache/1756274487376.png
138,1394,245-91-36-38,cache/1756274487380.png
453,3481,271-178-56-61,cache/1756274487761.png
453,5716,345-118-76-74,cache/1756274487769.png
453,3632,227-40-54-66,cache/1756274487774.png
453,1920,65-140-40-47,cache/1756274487779.png
453,6027,288-81-70-85,cache/1756274487784.png
453,5588,88-71-69-80,cache/1756274487789.png
453,4401,151-54-59-73,cache/1756274487795.png
453,1560,196-129-34-45,cache/1756274487804.png
453,1972,221-160-38-51,cache/1756274487811.png
112,5636,273-51-72-78,cache/1756274488147.png
112,2200,369-114-48-45,cache/1756274488155.png
112,10420,143-96-98-105,cache/1756274488160.png
112,3914,71-77-64-60,cache/1756274488165.png
112,10293,79-128-92-111,cache/1756274488170.png
167,2142,57-115-48-44,cache/1756274488502.png
167,8774,218-120-82-106,cache/1756274488507.png
167,4510,185-60-60-74,cache/1756274488513.png
167,722,267-81-26-27,cache/1756274488518.png
167,1783,135-136-37-47,cache/1756274488524.png
167,5610,335-71-70-80,cache/1756274488528.png
167,7579,396-92-82-91,cache/1756274488533.png
890,5865,72-131-76-76,cache/1756274488867.png
890,2546,357-147-51-49,cache/1756274488874.png
890,7818,192-80-85-91,cache/1756274488879.png
890,2678,141-202-45-58,cache/1756274488886.png
890,2528,185-58-54-46,cache/1756274488890.png
163,3459,184-209-53-65,cache/1756274489271.png
163,3862,215-80-61-62,cache/1756274489280.png
163,2818,84-151-53-53,cache/1756274489285.png
163,1060,150-86-29-35,cache/1756274489290.png
163,843,288-99-28-29,cache/1756274489297.png
163,1632,271-136-35-45,cache/1756274489303.png
163,1728,134-191-41-42,cache/1756274489308.png
163,1997,365-149-41-48,cache/1756274489313.png
163,1014,318-121-31-32,cache/1756274489319.png
163,2032,371-123-47-42,cache/1756274489323.png
938,5907,365-115-77-75,cache/1756274489728.png
938,4617,103-92-67-67,cache/1756274489736.png
938,1661,224-180-40-41,cache/1756274489742.png
938,1399,81-153-37-37,cache/1756274489748.png
938,1220,301-139-34-35,cache/1756274489753.png
938,3308,155-222-49-66,cache/1756274489759.png
938,5538,312-69-68-80,cache/1756274489768.png
938,2806,118-192-46-59,cache/1756274489774.png
938,1529,55-109-37-41,cache/1756274489779.png
938,3873,209-46-55-69,cache/1756274489785.png
511,5326,233-119-72-73,cache/1756274490119.png
511,3805,255-50-58-64,cache/1756274490128.png
511,1633,116-184-40-40,cache/1756274490133.png
511,1257,391-142-35-35,cache/1756274490138.png
511,3319,182-71-57-58,cache/1756274490143.png
511,3507,211-187-55-62,cache/1756274490148.png
511,1804,311-107-42-42,cache/1756274490153.png
511,5885,79-82-71-82,cache/1756274490159.png
114,2893,235-194-48-59,cache/1756274490474.png
114,2542,340-129-50-50,cache/1756274490480.png
114,5798,100-115-76-76,cache/1756274490484.png
114,828,300-87-28-28,cache/1756274490489.png
114,1236,212-67-35-35,cache/1756274490494.png
114,2310,280-171-41-55,cache/1756274490498.png
114,5972,149-78-69-86,cache/1756274490503.png
505,3516,296-189-56-62,cache/1756274490856.png
505,7014,82-133-84-83,cache/1756274490863.png
505,8959,173-169-93-95,cache/1756274490869.png
505,1527,392-149-39-38,cache/1756274490875.png
505,4589,230-41-66-69,cache/1756274490880.png
505,5889,253-72-68-85,cache/1756274490885.png
505,1220,159-133-34-35,cache/1756274490891.png
505,6165,71-77-74-82,cache/1756274490896.png
505,1219,194-94-31-39,cache/1756274490902.png
988,1002,143-104-31-32,cache/1756274491242.png
988,2007,186-209-44-45,cache/1756274491249.png
988,2248,165-165-41-54,cache/1756274491253.png
560,4392,241-37-63-69,cache/1756274491627.png
560,6191,325-63-73-84,cache/1756274491635.png
560,3911,99-63-63-61,cache/1756274491640.png
560,1640,333-155-40-40,cache/1756274491645.png
560,3568,142-208-52-68,cache/1756274491650.png
560,2664,135-128-50-52,cache/1756274491656.png
560,1570,198-79-39-39,cache/1756274491661.png
560,2556,229-168-43-58,cache/1756274491666.png
560,2044,122-110-47-43,cache/1756274491671.png
551,1732,351-112-41-41,cache/1756274492050.png
551,771,232-88-27-28,cache/1756274492054.png
551,1155,68-128-33-34,cache/1756274492058.png
109,4185,62-85-65-64,cache/1756274492426.png
109,2765,235-43-51-53,cache/1756274492434.png
109,2722,211-181-47-56,cache/1756274492439.png
109,4892,139-52-67-72,cache/1756274492445.png
109,1228,309-145-34-35,cache/1756274492450.png
109,1416,169-167-37-38,cache/1756274492455.png
109,4484,177-224-62-72,cache/1756274492460.png
109,1577,375-117-36-42,cache/1756274492465.png
109,1097,278-89-29-37,cache/1756274492470.png
109,1333,342-101-33-40,cache/1756274492475.png
812,12355,238-146-104-117,cache/1756274492883.png
812,6822,318-72-80-84,cache/1756274492892.png
812,4689,145-108-67-69,cache/1756274492898.png
812,3531,211-46-53-66,cache/1756274492903.png
812,6033,67-83-72-83,cache/1756274492908.png
812,2912,141-63-55-52,cache/1756274492913.png
812,1329,104-159-36-36,cache/1756274492920.png
812,1141,284-100-30-37,cache/1756274492925.png
812,1278,336-167-33-37,cache/1756274492930.png
459,2287,140-154-43-52,cache/1756274493326.png
459,1208,242-137-34-34,cache/1756274493333.png
459,4912,190-68-62-78,cache/1756274493338.png
459,6255,87-82-73-85,cache/1756274493342.png
459,1058,155-88-29-35,cache/1756274493347.png
842,11585,171-153-97-119,cache/1756274493670.png
842,2152,50-107-47-44,cache/1756274493678.png
842,4936,296-99-70-70,cache/1756274493684.png
842,5747,306-63-74-76,cache/1756274493689.png
842,803,191-85-28-28,cache/1756274493694.png
842,2487,265-160-42-58,cache/1756274493699.png
842,8706,382-103-88-98,cache/1756274493704.png
471,13132,284-131-110-119,cache/1756274494111.png
471,1761,79-114-41-42,cache/1756274494120.png
471,2022,117-120-44-45,cache/1756274494126.png
471,1146,234-75-32-34,cache/1756274494130.png
471,860,323-107-29-29,cache/1756274494135.png
471,2138,193-137-46-46,cache/1756274494140.png
471,11386,129-162-93-121,cache/1756274494145.png
471,7416,354-109-77-96,cache/1756274494151.png
471,1030,158-90-28-35,cache/1756274494157.png
471,1089,262-95-29-36,cache/1756274494162.png
603,8251,107-113-81-101,cache/1756274494474.png
603,12127,240-120-105-115,cache/1756274494482.png
603,1937,381-140-41-47,cache/1756274494487.png
603,5966,219-88-68-86,cache/1756274494492.png
603,1277,319-112-32-39,cache/1756274494497.png
278,4050,189-192-59-68,cache/1756274494880.png
278,2477,40-127-48-51,cache/1756274494887.png
278,1265,347-128-35-35,cache/1756274494895.png
278,8817,214-72-92-94,cache/1756274494904.png
278,2960,115-139-53-55,cache/1756274494913.png
278,4149,84-70-64-64,cache/1756274494927.png
278,5735,266-48-72-79,cache/1756274494934.png
989,1922,374-143-40-47,cache/1756274495366.png
989,1360,265-117-32-41,cache/1756274495383.png
989,1350,189-82-36-37,cache/1756274495401.png
989,1217,210-108-30-39,cache/1756274495425.png
679,2657,309-178-45-57,cache/1756274495805.png
679,981,144-104-31-31,cache/1756274495814.png
679,1164,331-126-34-33,cache/1756274495828.png
679,19491,156-171-132-147,cache/1756274495839.png
679,1329,240-158-37-35,cache/1756274495858.png
486,7436,266-90-82-90,cache/1756274496219.png
486,2696,124-192-47-57,cache/1756274496238.png
486,4873,186-106-69-69,cache/1756274496245.png
486,8543,88-76-92-92,cache/1756274496266.png
486,4829,217-32-69-69,cache/1756274496278.png
483,3995,350-88-63-62,cache/1756274496625.png
483,1740,293-134-39-43,cache/1756274496631.png
483,8697,178-135-81-106,cache/1756274496635.png
483,802,236-64-25-31,cache/1756274496643.png
848,12372,66-112-110-112,cache/1756274497007.png
848,4474,180-63-60-74,cache/1756274497015.png
848,4093,255-54-58-70,cache/1756274497020.png
848,1719,245-179-41-41,cache/1756274497026.png
642,6768,271-143-82-82,cache/1756274497342.png
642,1336,400-145-37-35,cache/1756274497348.png
642,7149,285-91-82-86,cache/1756274497352.png
642,8725,109-119-83-104,cache/1756274497358.png
642,5181,173-72-64-80,cache/1756274497363.png
642,346,236-86-12-27,cache/1756274497370.png
387,4508,344-94-68-66,cache/1756274497680.png
387,4739,222-102-68-69,cache/1756274497688.png
387,1711,213-184-40-42,cache/1756274497694.png
387,1799,303-143-38-46,cache/1756274497699.png
387,7986,118-112-80-99,cache/1756274497705.png
67,7097,74-143-84-83,cache/1756274498121.png
67,6395,300-130-80-79,cache/1756274498130.png
67,4286,136-211-60-70,cache/1756274498135.png
67,1616,66-144-34-46,cache/1756274498141.png
67,1028,336-112-34-29,cache/1756274498146.png
67,11616,203-70-96-120,cache/1756274498151.png
67,9933,203-87-96-103,cache/1756274498159.png
67,712,251-70-28-25,cache/1756274498165.png
67,436,273-89-26-16,cache/1756274498170.png
6,10196,290-78-100-101,cache/1756274498599.png
6,11298,44-90-104-108,cache/1756274498607.png
6,2183,203-198-45-47,cache/1756274498613.png
308,4839,199-32-68-70,cache/1756274499025.png
308,3001,75-133-55-54,cache/1756274499031.png
308,2424,412-124-51-47,cache/1756274499036.png
308,1682,134-162-41-41,cache/1756274499042.png
308,6901,323-74-76-90,cache/1756274499047.png
308,1162,293-79-31-37,cache/1756274499053.png
308,12961,265-141-100-128,cache/1756274499057.png
534,6456,100-77-76-84,cache/1756274499430.png
534,9223,0-85-99-92,cache/1756274499439.png
534,2053,400-135-42-47,cache/1756274499446.png
534,9010,217-181-93-96,cache/1756274499451.png
534,4619,261-45-64-71,cache/1756274499458.png
534,1366,301-101-34-40,cache/1756274499465.png
534,9180,148-123-83-109,cache/1756274499470.png
534,3279,157-62-54-59,cache/1756274499476.png
534,1451,70-158-38-37,cache/1756274499481.png
964,4632,161-61-60-76,cache/1756274499849.png
964,1991,239-127-42-46,cache/1756274499857.png
964,1304,262-76-35-36,cache/1756274499861.png
964,8851,339-120-86-102,cache/1756274499866.png
301,8214,157-170-89-91,cache/1756274500192.png
301,1592,72-115-39-40,cache/1756274500200.png
301,12539,237-121-109-114,cache/1756274500206.png
301,2113,150-124-45-46,cache/1756274500211.png
301,4749,200-108-67-70,cache/1756274500216.png
301,520,251-108-23-21,cache/1756274500222.png
479,9555,306-113-89-106,cache/1756274500613.png
479,4557,218-40-65-69,cache/1756274500621.png
479,5280,89-111-73-72,cache/1756274500627.png
479,4400,35-84-66-65,cache/1756274500633.png
479,2442,181-244-47-50,cache/1756274500638.png
479,1125,169-80-31-35,cache/1756274500643.png
479,1703,255-123-37-45,cache/1756274500647.png
447,3898,323-77-62-62,cache/1756274501116.png
447,1441,289-115-34-42,cache/1756274501124.png
447,10358,80-135-91-112,cache/1756274501128.png
447,5143,150-111-70-73,cache/1756274501133.png
887,6771,134-152-82-82,cache/1756274501434.png
887,3442,222-69-58-59,cache/1756274501441.png
887,8676,344-100-94-91,cache/1756274501446.png
887,2700,88-151-49-54,cache/1756274501452.png
887,8104,256-118-79-101,cache/1756274501457.png
393,3323,213-60-57-58,cache/1756274501907.png
393,1994,262-118-43-45,cache/1756274501915.png
393,2058,155-129-42-48,cache/1756274501919.png
393,2425,327-149-48-49,cache/1756274501924.png
393,2619,375-135-50-51,cache/1756274501929.png
393,963,133-105-30-31,cache/1756274501934.png
393,2563,191-190-43-58,cache/1756274501939.png
582,10712,269-89-102-104,cache/1756274502301.png
582,4703,104-81-70-66,cache/1756274502309.png
582,1403,21-127-38-36,cache/1756274502314.png
582,3245,237-43-55-58,cache/1756274502319.png
582,1393,214-92-34-40,cache/1756274502324.png
582,13948,94-143-105-132,cache/1756274502329.png
582,2495,306-74-63-39,cache/1756274502335.png
408,1386,219-149-37-37,cache/1756274502760.png
408,2140,145-115-45-47,cache/1756274502767.png
408,6684,32-73-77-85,cache/1756274502771.png
408,929,254-97-30-30,cache/1756274502777.png
408,10517,323-124-93-112,cache/1756274502781.png
408,4221,184-45-58-72,cache/1756274502787.png
408,6925,405-87-73-93,cache/1756274502792.png
493,4169,274-51-63-66,cache/1756274503130.png
493,4471,189-42-63-69,cache/1756274503138.png
493,3521,135-71-59-59,cache/1756274503143.png
493,3961,332-80-63-62,cache/1756274503149.png
493,8233,228-183-89-91,cache/1756274503154.png
493,7216,259-106-75-95,cache/1756274503160.png
778,7052,295-72-85-82,cache/1756274503484.png
778,12241,73-127-112-108,cache/1756274503492.png
778,1305,218-97-34-37,cache/1756274503498.png
778,1620,176-122-37-43,cache/1756274503503.png
778,9737,95-127-90-107,cache/1756274503507.png
778,981,256-89-28-34,cache/1756274503512.png
778,1312,73-134-26-49,cache/1756274503517.png
608,3776,337-168-60-62,cache/1756274503920.png
608,1958,258-194-44-44,cache/1756274503928.png
608,7042,407-90-71-98,cache/1756274503933.png
608,13834,129-163-102-134,cache/1756274503938.png
608,8138,203-103-79-102,cache/1756274503944.png
571,12596,95-130-109-115,cache/1756274504385.png
571,1957,237-198-43-44,cache/1756274504394.png
571,1345,306-148-36-36,cache/1756274504399.png
571,6224,328-83-72-85,cache/1756274504403.png
571,3865,233-54-56-68,cache/1756274504408.png
571,3406,112-85-64-53,cache/1756274504413.png
571,1066,201-93-29-36,cache/1756274504418.png
571,989,85-138-30-32,cache/1756274504423.png
932,18579,159-171-127-145,cache/1756274504799.png
932,5253,329-111-73-71,cache/1756274504807.png
932,1615,108-179-40-40,cache/1756274504814.png
932,3073,297-182-53-57,cache/1756274504819.png
932,2165,63-121-48-45,cache/1756274504825.png
932,4048,149-53-57-70,cache/1756274504830.png
932,5501,289-75-67-81,cache/1756274504836.png
932,795,256-93-27-28,cache/1756274504842.png
932,5093,89-66-66-77,cache/1756274504847.png
932,1545,241-131-34-44,cache/1756274504853.png
862,3417,301-92-74-45,cache/1756274505396.png
862,6497,53-111-77-83,cache/1756274505402.png
862,9966,203-190-98-100,cache/1756274505408.png
862,4118,373-88-62-65,cache/1756274505414.png
862,2732,140-191-46-59,cache/1756274505420.png
862,6595,219-66-80-81,cache/1756274505425.png
862,9324,291-123-86-108,cache/1756274505431.png
862,938,195-87-25-36,cache/1756274505438.png
216,989,276-77-28-34,cache/1756274505763.png
216,1983,349-147-40-48,cache/1756274505770.png
216,9016,174-132-82-108,cache/1756274505775.png
216,1048,254-137-30-34,cache/1756274505780.png
216,4744,114-59-63-75,cache/1756274505784.png
527,8544,238-79-90-94,cache/1756274506184.png
527,5447,153-113-73-74,cache/1756274506192.png
527,3238,97-163-56-57,cache/1756274506197.png
527,1796,358-130-39-45,cache/1756274506202.png
527,698,326-105-22-30,cache/1756274506207.png
527,645,218-99-21-30,cache/1756274506212.png
711,7427,222-160-85-86,cache/1756274506649.png
711,8110,40-96-84-96,cache/1756274506660.png
711,1642,150-110-37-44,cache/1756274506669.png
711,846,191-89-28-29,cache/1756274506674.png
711,4136,250-40-57-72,cache/1756274506679.png
711,9675,343-119-90-106,cache/1756274506684.png
711,5785,302-66-69-83,cache/1756274506690.png
624,7986,84-145-89-89,cache/1756274506972.png
624,3159,340-152-55-57,cache/1756274506978.png
624,7212,158-65-84-85,cache/1756274506984.png
624,1268,409-128-36-34,cache/1756274506989.png
624,1888,306-108-43-43,cache/1756274506994.png
624,1284,245-72-36-35,cache/1756274506999.png
223,4554,62-103-68-66,cache/1756274507445.png
223,2034,357-146-44-46,cache/1756274507452.png
223,729,237-88-26-27,cache/1756274507457.png
140,6344,94-78-82-77,cache/1756274507740.png
140,8942,244-118-93-95,cache/1756274507748.png
140,5916,343-85-71-82,cache/1756274507753.png
140,10952,216-164-90-120,cache/1756274507759.png
140,1821,75-145-39-46,cache/1756274507765.png
140,1090,209-101-29-37,cache/1756274507770.png
140,9325,114-142-85-108,cache/1756274507775.png
566,2527,370-122-50-50,cache/1756274508165.png
566,2620,63-133-49-52,cache/1756274508173.png
566,3533,198-177-55-63,cache/1756274508177.png
566,1154,235-82-30-38,cache/1756274508182.png
566,1535,149-112-35-43,cache/1756274508186.png
698,5147,341-115-72-70,cache/1756274508481.png
698,3181,124-181-54-58,cache/1756274508489.png
698,736,286-91-26-27,cache/1756274508495.png
698,1310,225-161-35-36,cache/1756274508500.png
698,3612,103-78-60-60,cache/1756274508505.png
698,1487,180-115-35-41,cache/1756274508509.png
698,1400,244-95-36-38,cache/1756274508514.png
698,806,208-74-25-31,cache/1756274508519.png
698,2082,79-125-45-46,cache/1756274508524.png
292,2517,420-128-48-52,cache/1756274508894.png
292,2934,101-185-49-59,cache/1756274508902.png
292,9678,15-80-96-100,cache/1756274508907.png
292,4710,160-211-63-73,cache/1756274508915.png
292,1782,117-86-42-42,cache/1756274508921.png
292,1410,211-149-37-37,cache/1756274508926.png
292,1709,163-100-38-44,cache/1756274508931.png
292,10072,254-128-88-114,cache/1756274508936.png
292,1062,242-69-29-36,cache/1756274508942.png
292,1946,308-109-45-42,cache/1756274508947.png
797,14466,208-146-113-127,cache/1756274509245.png
797,4668,171-100-67-69,cache/1756274509254.png
797,4125,256-88-63-64,cache/1756274509260.png
797,4898,118-61-63-77,cache/1756274509265.png
797,5262,196-48-70-75,cache/1756274509270.png
797,1784,340-136-38-46,cache/1756274509275.png
54,3530,218-37-53-66,cache/1756274509679.png
54,2954,168-220-46-63,cache/1756274509686.png
54,7494,310-102-79-94,cache/1756274509691.png
54,833,288-110-26-30,cache/1756274509697.png
54,12996,75-128-105-122,cache/1756274509702.png
512,7257,62-86-79-90,cache/1756274510068.png
512,6964,297-134-83-83,cache/1756274510077.png
512,5413,142-108-73-73,cache/1756274510087.png
512,3745,296-72-61-61,cache/1756274510095.png
512,2783,179-192-46-60,cache/1756274510102.png
921,3365,251-59-57-58,cache/1756274510404.png
921,7338,195-158-85-86,cache/1756274510417.png
921,4988,107-101-70-70,cache/1756274510432.png
921,9609,5-78-101-94,cache/1756274510443.png
921,1941,164-153-38-50,cache/1756274510449.png
664,19524,146-171-132-147,cache/1756274510779.png
664,2190,364-144-43-50,cache/1756274510791.png
664,4075,168-50-59-68,cache/1756274510799.png
664,6609,204-63-80-82,cache/1756274510807.png
664,6381,284-89-72-88,cache/1756274510821.png
664,1360,141-110-33-40,cache/1756274510828.png
664,2132,263-171-40-53,cache/1756274510834.png
664,1700,401-133-37-45,cache/1756274510841.png
664,1815,132-194-31-57,cache/1756274510847.png
380,1609,147-95-40-40,cache/1756274511128.png
380,1575,278-183-39-39,cache/1756274511137.png
380,2643,193-206-44-59,cache/1756274511144.png
189,945,206-102-30-30,cache/1756274511454.png
189,10125,71-120-91-110,cache/1756274511459.png
189,2841,289-190-46-60,cache/1756274511465.png
189,4205,289-81-63-66,cache/1756274511469.png
189,1226,238-83-32-38,cache/1756274511480.png
189,8633,321-101-85-100,cache/1756274511487.png
189,1573,400-121-34-45,cache/1756274511493.png
147,6520,93-58-77-84,cache/1756274511806.png
147,12876,151-159-98-130,cache/1756274511815.png
147,1283,284-137-35-35,cache/1756274511824.png
147,2013,242-150-38-51,cache/1756274511829.png
844,4714,365-98-69-67,cache/1756274512113.png
844,6034,300-61-75-80,cache/1756274512121.png
844,5675,107-124-75-75,cache/1756274512128.png
844,2941,194-218-46-63,cache/1756274512134.png
844,1691,254-140-36-46,cache/1756274512139.png
844,5724,75-76-69-82,cache/1756274512143.png
539,5242,297-105-72-72,cache/1756274512444.png
539,4740,155-60-63-74,cache/1756274512451.png
539,2225,104-119-47-46,cache/1756274512457.png
539,1958,235-200-43-44,cache/1756274512462.png
539,2329,185-173-42-55,cache/1756274512469.png
539,7625,356-77-89-85,cache/1756274512474.png
903,1110,88-127-33-32,cache/1756274512775.png
903,1178,142-136-34-34,cache/1756274512782.png
903,977,247-74-27-35,cache/1756274512786.png
94,9459,255-75-95-98,cache/1756274513096.png
94,2102,123-142-41-50,cache/1756274513104.png
94,1141,180-81-30-37,cache/1756274513109.png
45,3036,180-56-54-55,cache/1756274513394.png
45,1719,350-127-38-45,cache/1756274513401.png
45,1000,140-114-31-32,cache/1756274513405.png
115,9820,278-143-88-111,cache/1756274513713.png
115,1838,237-157-37-49,cache/1756274513718.png
115,5242,96-72-66-78,cache/1756274513724.png
115,1551,137-129-35-43,cache/1756274513728.png
434,8788,305-110-88-99,cache/1756274514053.png
434,5377,81-110-74-72,cache/1756274514059.png
434,863,232-74-27-31,cache/1756274514064.png
434,1808,39-128-40-44,cache/1756274514069.png
434,1406,272-115-33-41,cache/1756274514074.png
434,2295,163-170-42-54,cache/1756274514079.png
434,1290,193-79-36-35,cache/1756274514083.png
434,5477,118-76-68-80,cache/1756274514088.png
434,1119,217-97-30-37,cache/1756274514094.png
618,1543,371-166-39-39,cache/1756274514421.png
618,2196,215-144-43-50,cache/1756274514426.png
618,3947,181-75-62-63,cache/1756274514431.png
618,11202,261-147-93-120,cache/1756274514436.png
618,1522,247-82-38-40,cache/1756274514442.png
618,2137,320-118-46-45,cache/1756274514447.png
618,1734,126-89-41-41,cache/1756274514452.png
618,1197,141-135-34-34,cache/1756274514457.png
618,4038,169-44-57-69,cache/1756274514461.png
929,4723,228-216-63-74,cache/1756274514769.png
929,6955,69-134-84-82,cache/1756274514778.png
929,5821,286-71-71-80,cache/1756274514789.png
929,5405,71-80-75-71,cache/1756274514796.png
929,5037,142-63-64-78,cache/1756274514801.png
929,4277,231-49-60-70,cache/1756274514807.png
929,2185,368-147-43-50,cache/1756274514812.png
929,1440,374-119-40-35,cache/1756274514817.png
929,1737,206-136-36-47,cache/1756274514822.png
751,7982,130-68-89-89,cache/1756274515145.png
751,3579,274-62-59-60,cache/1756274515154.png
751,2123,257-204-45-47,cache/1756274515164.png
751,9561,358-107-91-104,cache/1756274515175.png
319,1341,391-138-37-35,cache/1756274515530.png
319,7388,133-152-85-86,cache/1756274515537.png
319,1398,115-96-35-39,cache/1756274515544.png
319,2799,225-201-45-61,cache/1756274515548.png
319,6168,192-80-69-88,cache/1756274515553.png
319,1175,125-147-33-35,cache/1756274515558.png
340,851,270-91-29-29,cache/1756274515844.png
340,3090,219-182-50-61,cache/1756274515854.png
340,1426,316-150-37-38,cache/1756274515859.png
340,942,149-103-30-30,cache/1756274515863.png
340,7088,2-79-81-87,cache/1756274515868.png
340,1470,108-107-35-41,cache/1756274515873.png
258,6201,137-105-74-83,cache/1756274516190.png
258,10342,347-117-97-106,cache/1756274516199.png
258,1896,251-198-42-44,cache/1756274516204.png
258,4740,289-98-66-70,cache/1756274516209.png
544,4151,298-185-62-66,cache/1756274516529.png
544,1149,263-123-33-34,cache/1756274516540.png
544,6042,122-69-75-80,cache/1756274516545.png
544,2405,172-167-43-55,cache/1756274516550.png
544,4730,191-47-66-71,cache/1756274516555.png
544,2345,73-135-45-51,cache/1756274516560.png
544,1590,55-113-36-43,cache/1756274516565.png
544,8382,339-98-85-98,cache/1756274516570.png
221,6445,59-117-83-77,cache/1756274516921.png
221,3307,243-65-57-57,cache/1756274516928.png
221,940,148-110-30-30,cache/1756274516934.png
221,10334,308-114-99-103,cache/1756274516939.png
221,12141,164-151-96-126,cache/1756274516945.png
221,747,180-88-26-27,cache/1756274516953.png
221,626,234-70-20-30,cache/1756274516958.png
221,1251,58-117-31-39,cache/1756274516963.png
680,2354,390-141-45-51,cache/1756274517264.png
680,6676,222-76-78-84,cache/1756274517270.png
680,9050,54-108-88-102,cache/1756274517276.png
680,15974,177-157-116-137,cache/1756274517281.png
680,969,318-107-31-30,cache/1756274517287.png
680,19543,152-157-142-137,cache/1756274517292.png
680,3203,190-59-54-58,cache/1756274517298.png
680,2128,151-164-38-55,cache/1756274517303.png
953,7334,55-73-86-84,cache/1756274517699.png
953,1910,281-208-43-44,cache/1756274517706.png
953,4919,355-98-71-68,cache/1756274517711.png
953,2229,349-156-42-52,cache/1756274517716.png
22,8183,23-94-92-88,cache/1756274518000.png
22,4500,258-49-64-69,cache/1756274518008.png
22,6171,211-139-77-79,cache/1756274518013.png
22,3297,198-65-56-57,cache/1756274518019.png
22,1193,320-94-31-37,cache/1756274518023.png
273,8336,168-181-90-92,cache/1756274518324.png
273,1874,344-108-42-44,cache/1756274518332.png
273,1682,117-189-40-41,cache/1756274518341.png
273,2076,61-110-45-45,cache/1756274518347.png
273,1620,283-91-40-40,cache/1756274518352.png
273,1776,259-125-38-45,cache/1756274518357.png
273,1260,86-147-35-35,cache/1756274518362.png
273,5718,159-46-75-76,cache/1756274518368.png
273,2518,230-39-48-51,cache/1756274518373.png
273,904,194-103-29-30,cache/1756274518379.png
63,7887,13-87-90-87,cache/1756274518677.png
63,1991,389-141-41-48,cache/1756274518686.png
63,12477,185-172-96-129,cache/1756274518691.png
63,937,202-109-30-30,cache/1756274518697.png
63,3588,244-37-54-66,cache/1756274518702.png
63,748,295-84-27-27,cache/1756274518707.png
193,12810,129-150-102-124,cache/1756274519049.png
193,8501,105-96-94-90,cache/1756274519069.png
193,1011,252-119-31-32,cache/1756274519088.png
193,4855,290-70-80-60,cache/1756274519094.png
193,10314,269-115-94-109,cache/1756274519099.png
193,2143,227-175-39-53,cache/1756274519106.png
606,5429,329-96-74-73,cache/1756274519446.png
606,7261,136-134-85-85,cache/1756274519454.png
606,1082,240-112-32-32,cache/1756274519460.png
606,1232,88-119-34-35,cache/1756274519465.png
963,3741,169-201-55-67,cache/1756274519804.png
963,10814,264-129-92-117,cache/1756274519812.png
963,683,226-70-26-26,cache/1756274519818.png
963,11295,70-104-106-105,cache/1756274519823.png
963,4099,54-89-64-63,cache/1756274519829.png
963,828,292-87-28-28,cache/1756274519834.png
351,2060,329-149-44-46,cache/1756274520165.png
351,2930,212-176-50-58,cache/1756274520172.png
351,8241,138-84-89-92,cache/1756274520177.png
351,1052,192-76-36-29,cache/1756274520183.png
162,9014,362-76-98-91,cache/1756274520512.png
162,10777,177-97-99-108,cache/1756274520518.png
162,7440,68-86-79-93,cache/1756274520524.png
162,5229,244-59-64-81,cache/1756274520531.png
162,2531,338-175-45-55,cache/1756274520536.png
162,2680,143-188-45-58,cache/1756274520541.png
658,4849,127-61-63-76,cache/1756274520887.png
658,3830,231-77-61-62,cache/1756274520895.png
658,5683,381-114-76-74,cache/1756274520900.png
658,11646,257-153-94-122,cache/1756274520906.png
658,1558,306-121-37-41,cache/1756274520911.png
786,1977,199-209-43-45,cache/1756274521234.png
786,5128,312-70-67-76,cache/1756274521242.png
786,5138,177-51-72-71,cache/1756274521248.png
786,2110,259-165-40-52,cache/1756274521254.png
786,5978,47-80-73-81,cache/1756274521259.png
786,6183,112-61-79-77,cache/1756274521265.png
786,7439,357-98-80-91,cache/1756274521271.png
786,1505,168-107-37-39,cache/1756274521277.png
786,1812,300-147-37-47,cache/1756274521282.png
298,2973,236-197-48-60,cache/1756274521663.png
298,7448,114-144-85-86,cache/1756274521671.png
298,12009,32-102-117-102,cache/1756274521677.png
298,1783,187-126-39-45,cache/1756274521682.png
298,872,141-101-29-29,cache/1756274521687.png
796,4521,100-96-67-67,cache/1756274522028.png
796,6524,219-141-79-81,cache/1756274522034.png
796,5189,288-112-71-72,cache/1756274522039.png
796,766,169-91-27-27,cache/1756274522045.png
796,2775,166-156-50-54,cache/1756274522050.png
796,827,214-71-26-31,cache/1756274522054.png
796,1080,267-91-29-36,cache/1756274522059.png
877,5601,221-108-74-74,cache/1756274522370.png
877,1282,77-131-36-35,cache/1756274522378.png
877,3168,263-48-55-56,cache/1756274522382.png
877,5236,107-56-66-78,cache/1756274522387.png
648,16051,185-164-118-135,cache/1756274522766.png
648,1372,76-113-34-39,cache/1756274522775.png
648,2780,174-59-52-53,cache/1756274522780.png
648,892,127-109-29-30,cache/1756274522786.png
648,1896,192-134-45-41,cache/1756274522791.png
648,7553,296-110-79-95,cache/1756274522795.png
648,946,268-87-27-34,cache/1756274522802.png
648,5674,348-87-68-83,cache/1756274522807.png
648,697,266-165-26-26,cache/1756274522812.png
648,390,319-98-29-13,cache/1756274522817.png
275,855,131-98-29-29,cache/1756274523163.png
275,2019,119-150-40-49,cache/1756274523169.png
275,948,216-84-27-33,cache/1756274523175.png
424,6769,323-120-83-81,cache/1756274523516.png
424,4980,159-87-70-71,cache/1756274523522.png
424,1039,128-97-31-32,cache/1756274523527.png
424,1076,225-60-30-34,cache/1756274523531.png
263,9000,180-107-87-102,cache/1756274523863.png
263,5402,48-105-74-72,cache/1756274523871.png
263,6943,220-58-82-84,cache/1756274523877.png
263,4197,120-79-63-65,cache/1756274523883.png
263,2295,346-119-47-48,cache/1756274523889.png
263,3280,333-163-56-57,cache/1756274523894.png
263,1717,299-129-37-46,cache/1756274523899.png
263,960,190-79-28-33,cache/1756274523904.png
805,5036,397-103-72-69,cache/1756274524289.png
805,5019,216-110-70-71,cache/1756274524296.png
805,2718,206-56-51-52,cache/1756274524301.png
805,4390,286-96-65-66,cache/1756274524306.png
458,9424,100-83-96-97,cache/1756274524639.png
458,5103,226-102-71-71,cache/1756274524647.png
458,1506,299-160-38-38,cache/1756274524652.png
458,6725,355-78-77-87,cache/1756274524656.png
458,1401,216-83-37-37,cache/1756274524661.png
537,11011,70-130-96-114,cache/1756274524976.png
537,8831,213-110-86-102,cache/1756274524984.png
537,865,155-93-29-29,cache/1756274524990.png
537,797,281-106-25-30,cache/1756274524996.png
537,1194,196-95-30-39,cache/1756274525003.png
148,5045,29-96-72-69,cache/1756274525344.png
148,8191,217-159-89-91,cache/1756274525356.png
148,6305,154-127-78-79,cache/1756274525366.png
148,6135,251-82-70-87,cache/1756274525380.png
148,1403,345-146-37-37,cache/1756274525397.png
148,1124,173-90-30-37,cache/1756274525416.png
321,6369,192-149-78-80,cache/1756274525768.png
321,8705,291-109-86-100,cache/1756274525777.png
321,4683,84-105-68-68,cache/1756274525786.png
321,5235,158-52-70-73,cache/1756274525793.png
321,3316,235-40-52-63,cache/1756274525806.png
321,1146,280-99-30-38,cache/1756274525818.png
35,1543,339-165-39-39,cache/1756274526220.png
35,5432,102-111-74-73,cache/1756274526236.png
35,10965,230-144-91-119,cache/1756274526248.png
35,1050,229-88-29-36,cache/1756274526264.png
35,1238,193-103-31-39,cache/1756274526272.png
35,1356,83-117-31-42,cache/1756274526287.png
999,2444,38-132-48-50,cache/1756274526667.png
999,1257,226-74-34-35,cache/1756274526679.png
999,1704,304-181-41-41,cache/1756274526685.png
999,6394,106-131-79-80,cache/1756274526695.png
999,798,183-88-27-28,cache/1756274526707.png
999,4318,87-87-66-64,cache/1756274526718.png
999,963,322-106-31-30,cache/1756274526726.png
999,1970,374-139-41-47,cache/1756274526736.png
999,1605,397-119-36-43,cache/1756274526758.png
999,12985,162-165-98-131,cache/1756274526765.png
407,1906,75-115-43-44,cache/1756274527063.png
407,1161,264-144-33-34,cache/1756274527067.png
407,6814,357-93-77-88,cache/1756274527073.png
283,14270,212-138-113-125,cache/1756274527421.png
283,5229,247-53-71-73,cache/1756274527428.png
283,1062,126-124-32-32,cache/1756274527435.png
283,5488,313-75-69-78,cache/1756274527440.png
283,7568,357-100-81-92,cache/1756274527445.png
283,1285,322-169-32-39,cache/1756274527451.png
283,1055,215-93-28-36,cache/1756274527455.png
612,8388,265-162-91-91,cache/1756274527740.png
612,5086,185-38-71-70,cache/1756274527751.png
612,906,325-98-29-30,cache/1756274527758.png
612,1351,181-148-36-37,cache/1756274527763.png
612,1554,229-123-34-44,cache/1756274527768.png
612,1927,402-130-41-46,cache/1756274527775.png
612,1513,121-114-35-42,cache/1756274527787.png
612,2368,152-171-42-55,cache/1756274527794.png
612,1219,312-154-39-31,cache/1756274527800.png
374,11161,50-112-106-104,cache/1756274528095.png
374,2498,337-144-49-50,cache/1756274528103.png
374,1408,201-108-35-39,cache/1756274528109.png
374,825,302-104-28-29,cache/1756274528115.png
374,756,171-96-27-27,cache/1756274528141.png
374,2468,266-168-45-54,cache/1756274528149.png
374,1970,209-229-43-45,cache/1756274528155.png
374,1973,373-123-43-45,cache/1756274528163.png
374,2307,236-193-41-55,cache/1756274528183.png
374,1467,50-114-36-40,cache/1756274528190.png
564,5706,203-70-71-79,cache/1756274528493.png
564,8836,313-86-96-91,cache/1756274528499.png
564,2171,262-152-43-49,cache/1756274528505.png
564,2566,96-143-48-52,cache/1756274528510.png
564,11164,143-145-92-120,cache/1756274528515.png
237,6023,258-125-77-78,cache/1756274528818.png
237,14557,68-129-119-122,cache/1756274528825.png
237,2720,189-198-44-60,cache/1756274528832.png
237,1445,333-110-34-41,cache/1756274528837.png
237,728,226-73-21-33,cache/1756274528842.png
237,4788,165-61-62-77,cache/1756274528847.png
237,740,288-106-30-24,cache/1756274528852.png
237,574,87-130-31-18,cache/1756274528857.png
634,2647,315-130-49-53,cache/1756274529171.png
634,9272,64-75-94-98,cache/1756274529180.png
634,1950,176-144-39-49,cache/1756274529187.png
634,9401,200-184-95-98,cache/1756274529192.png
634,4378,199-40-58-74,cache/1756274529198.png
634,1612,125-170-39-40,cache/1756274529205.png
634,2558,283-184-43-58,cache/1756274529211.png
428,6353,79-61-81-77,cache/1756274529538.png
428,10036,321-93-104-96,cache/1756274529544.png
428,2682,335-164-47-56,cache/1756274529550.png
428,2354,235-125-47-50,cache/1756274529556.png
428,1002,162-111-31-31,cache/1756274529568.png
428,2915,239-42-53-54,cache/1756274529576.png
428,13063,163-163-99-131,cache/1756274529583.png
428,1593,268-85-39-40,cache/1756274529589.png
428,2063,112-117-43-47,cache/1756274529594.png
252,8009,171-163-89-89,cache/1756274529931.png
252,3034,88-169-54-55,cache/1756274529938.png
252,12433,349-103-114-108,cache/1756274529944.png
252,1093,97-118-33-32,cache/1756274529952.png
252,3342,150-55-56-58,cache/1756274529958.png
252,5582,328-65-69-79,cache/1756274529963.png
252,1789,177-105-40-44,cache/1756274529970.png
252,8711,223-91-88-98,cache/1756274529976.png
252,3645,224-40-55-65,cache/1756274529983.png
252,1122,286-88-29-38,cache/1756274529989.png
256,4004,208-224-58-68,cache/1756274530300.png
256,1609,272-124-38-42,cache/1756274530307.png
256,6590,144-106-72-91,cache/1756274530311.png
209,4725,218-63-62-75,cache/1756274530609.png
209,1004,111-115-31-31,cache/1756274530617.png
209,1685,75-127-37-44,cache/1756274530622.png
209,2179,213-176-40-54,cache/1756274530627.png
209,8004,285-114-80-99,cache/1756274530634.png
209,3658,271-194-57-63,cache/1756274530641.png
625,1057,344-120-32-32,cache/1756274530936.png
625,1564,194-130-35-43,cache/1756274530944.png
625,811,244-73-26-31,cache/1756274530949.png
625,1398,173-99-36-38,cache/1756274530954.png
348,4110,95-78-64-63,cache/1756274531265.png
348,6836,150-146-81-83,cache/1756274531272.png
348,2081,256-216-45-46,cache/1756274531278.png
348,2570,228-153-46-54,cache/1756274531283.png
348,2118,271-116-44-47,cache/1756274531288.png
348,1387,394-149-37-37,cache/1756274531293.png
348,816,173-86-28-29,cache/1756274531298.png
348,2132,344-127-43-49,cache/1756274531303.png
348,5004,282-60-63-78,cache/1756274531309.png
993,4072,261-77-63-64,cache/1756274531644.png
993,8922,92-112-85-103,cache/1756274531651.png
993,1044,182-83-29-35,cache/1756274531658.png
384,8528,258-121-81-104,cache/1756274531966.png
384,13079,157-176-98-132,cache/1756274531974.png
384,1955,153-135-42-46,cache/1756274531980.png
99,4504,339-88-67-66,cache/1756274532260.png
99,5274,276-105-72-72,cache/1756274532268.png
99,772,176-85-27-28,cache/1756274532273.png
99,2011,83-126-44-44,cache/1756274532277.png
99,1765,190-185-41-42,cache/1756274532282.png
670,923,127-100-30-30,cache/1756274532602.png
670,8815,167-120-82-106,cache/1756274532609.png
670,967,240-108-30-31,cache/1756274532614.png
670,1531,275-83-39-39,cache/1756274532618.png
219,11254,363-99-100-111,cache/1756274532916.png
219,8034,245-152-89-90,cache/1756274532927.png
219,3579,178-53-59-60,cache/1756274532934.png
219,4157,281-67-64-64,cache/1756274532939.png
219,2146,89-129-44-47,cache/1756274532946.png
219,6749,47-68-77-87,cache/1756274532951.png
484,4340,48-85-66-64,cache/1756274533256.png
484,9015,361-104-88-101,cache/1756274533263.png
484,9487,224-92-95-99,cache/1756274533269.png
484,6232,147-88-70-88,cache/1756274533275.png
484,1277,213-82-34-36,cache/1756274533281.png
464,7008,245-83-79-88,cache/1756274533601.png
464,6630,213-141-81-81,cache/1756274533610.png
464,2795,365-134-52-52,cache/1756274533616.png
994,4405,241-87-66-66,cache/1756274533905.png
994,1378,218-156-36-37,cache/1756274533912.png
994,1623,140-96-38-42,cache/1756274533916.png
889,6655,108-54-82-80,cache/1756274534235.png
889,1649,198-118-37-43,cache/1756274534241.png
889,5022,232-43-74-67,cache/1756274534246.png
889,3851,227-73-61-62,cache/1756274534252.png
833,5664,189-67-72-78,cache/1756274534562.png
833,1228,130-152-34-35,cache/1756274534570.png
833,1059,353-129-32-32,cache/1756274534576.png
788,1692,339-117-38-43,cache/1756274534940.png
788,2570,296-171-48-52,cache/1756274534946.png
788,2713,120-158-49-54,cache/1756274534951.png
788,1927,166-215-42-44,cache/1756274534956.png
788,1113,218-136-32-33,cache/1756274534960.png
788,1667,160-103-39-41,cache/1756274534965.png
142,7187,102-137-85-84,cache/1756274535259.png
142,2484,246-156-46-53,cache/1756274535265.png
142,5983,373-110-79-75,cache/1756274535270.png
142,2002,304-103-45-44,cache/1756274535276.png
142,1307,120-95-33-39,cache/1756274535280.png
142,1624,218-123-35-45,cache/1756274535285.png
142,4591,251-53-60-75,cache/1756274535290.png
822,5994,115-73-73-81,cache/1756274535588.png
822,7711,203-160-86-88,cache/1756274535593.png
822,2166,347-121-47-46,cache/1756274535598.png
264,11843,92-116-104-113,cache/1756274535895.png
264,1038,298-119-32-32,cache/1756274535901.png
264,862,195-99-28-29,cache/1756274535906.png
264,1371,223-152-36-37,cache/1756274535911.png
777,2504,104-160-46-53,cache/1756274536217.png
777,1069,332-132-32-32,cache/1756274536222.png
777,1257,293-89-33-37,cache/1756274536227.png
777,8949,242-133-83-107,cache/1756274536231.png
777,1229,178-152-34-35,cache/1756274536236.png
777,1321,200-115-32-40,cache/1756274536241.png
71,1677,208-172-40-41,cache/1756274536561.png
71,11013,22-87-108-101,cache/1756274536567.png
71,2111,138-206-45-46,cache/1756274536573.png
71,766,205-78-27-27,cache/1756274536579.png
71,1152,141-121-33-34,cache/1756274536584.png
71,2064,326-108-44-46,cache/1756274536588.png
71,5149,229-32-72-71,cache/1756274536593.png
71,9300,375-101-91-101,cache/1756274536599.png
71,1255,279-94-31-39,cache/1756274536605.png
71,1081,298-81-29-36,cache/1756274536610.png
313,8372,230-160-91-91,cache/1756274536931.png
313,1486,98-157-38-38,cache/1756274536940.png
313,971,320-107-31-31,cache/1756274536945.png
313,3021,135-165-51-58,cache/1756274536950.png
313,1654,319-180-39-41,cache/1756274536955.png
313,1064,174-88-29-36,cache/1756274536959.png
313,914,203-76-27-33,cache/1756274536964.png
313,1469,258-118-34-42,cache/1756274536968.png
313,1895,365-135-40-46,cache/1756274536973.png
313,1811,407-124-40-44,cache/1756274536978.png
272,3736,126-75-60-61,cache/1756274537265.png
272,1220,238-142-34-35,cache/1756274537273.png
272,1046,261-86-29-35,cache/1756274537277.png
696,2323,402-130-47-49,cache/1756274537585.png
696,7126,256-81-76-92,cache/1756274537590.png
696,1499,113-99-35-42,cache/1756274537596.png
696,765,239-71-26-28,cache/1756274537600.png
373,4384,75-97-66-65,cache/1756274537886.png
373,5310,219-49-72-73,cache/1756274537891.png
373,1550,281-95-38-39,cache/1756274537896.png
853,4782,377-92-70-67,cache/1756274538183.png
853,13521,131-174-105-127,cache/1756274538190.png
853,3817,158-71-61-62,cache/1756274538196.png
853,1202,211-148-35-34,cache/1756274538201.png
946,14821,166-149-112-132,cache/1756274538488.png
946,7679,286-151-87-87,cache/1756274538494.png
946,1875,110-126-39-47,cache/1756274538500.png
946,1318,381-140-36-36,cache/1756274538505.png
946,982,260-75-28-34,cache/1756274538510.png
617,1180,61-117-34-33,cache/1756274538847.png
617,840,237-81-28-29,cache/1756274538851.png
617,947,315-95-30-30,cache/1756274538855.png
617,2911,161-198-46-62,cache/1756274538859.png
795,9114,238-172-94-96,cache/1756274539161.png
795,7506,144-148-85-87,cache/1756274539169.png
795,6099,279-83-71-85,cache/1756274539175.png
795,8285,356-102-85-96,cache/1756274539180.png
741,13136,149-155-105-124,cache/1756274539499.png
741,5498,84-63-68-79,cache/1756274539505.png
741,13846,257-131-123-112,cache/1756274539510.png
741,10051,291-131-89-112,cache/1756274539516.png
588,1187,31-121-35-33,cache/1756274539816.png
588,7927,166-66-87-90,cache/1756274539822.png
588,3355,127-59-55-60,cache/1756274539828.png
588,10203,220-131-88-115,cache/1756274539834.png
588,1236,147-133-34-35,cache/1756274539840.png
588,9413,354-108-90-103,cache/1756274539845.png
588,1337,314-94-33-39,cache/1756274539850.png
214,755,239-81-27-27,cache/1756274540146.png
214,6648,74-86-75-88,cache/1756274540151.png
214,1945,346-145-40-48,cache/1756274540156.png
214,1856,184-153-37-49,cache/1756274540161.png
695,3793,159-59-61-62,cache/1756274540455.png
695,5133,227-36-70-72,cache/1756274540462.png
695,3538,358-159-57-61,cache/1756274540470.png
695,12809,40-95-114-112,cache/1756274540479.png
695,5539,310-95-74-74,cache/1756274540492.png
695,15947,176-178-113-140,cache/1756274540501.png
695,1987,293-184-44-45,cache/1756274540510.png
695,721,140-108-22-31,cache/1756274540527.png
901,9378,350-85-100-93,cache/1756274540862.png
901,3184,209-56-55-56,cache/1756274540870.png
901,6422,55-77-75-85,cache/1756274540876.png
901,2851,87-158-53-53,cache/1756274540886.png
901,1267,176-141-35-35,cache/1756274540893.png
901,956,153-106-30-31,cache/1756274540902.png
398,5322,249-112-72-73,cache/1756274541246.png
398,2626,325-174-46-56,cache/1756274541254.png
398,4528,175-92-66-67,cache/1756274541259.png
429,2117,219-208-45-46,cache/1756274541541.png
429,7665,321-71-89-86,cache/1756274541546.png
429,7491,115-145-85-87,cache/1756274541552.png
429,1243,58-132-35-34,cache/1756274541559.png
429,1550,77-160-39-39,cache/1756274541564.png
429,4460,182-60-60-74,cache/1756274541571.png
429,6978,250-96-74-93,cache/1756274541578.png
336,4913,174-54-64-75,cache/1756274541874.png
336,2554,268-173-45-55,cache/1756274541881.png
336,2460,193-250-48-51,cache/1756274541894.png
336,1743,387-125-39-44,cache/1756274541901.png
336,1432,245-113-33-42,cache/1756274541907.png
336,1835,141-205-42-43,cache/1756274541913.png
336,7735,75-102-80-95,cache/1756274541919.png
336,1350,227-161-36-37,cache/1756274541925.png
336,3575,266-68-59-60,cache/1756274541930.png
336,1362,342-103-33-40,cache/1756274541936.png
986,6597,67-62-81-80,cache/1756274542224.png
986,9383,305-89-96-97,cache/1756274542230.png
986,1754,112-179-42-41,cache/1756274542236.png
986,1155,260-76-31-36,cache/1756274542240.png
299,9422,85-108-96-98,cache/1756274542525.png
299,7056,163-148-83-84,cache/1756274542536.png
299,1204,224-79-35-34,cache/1756274542543.png
299,4677,295-69-62-74,cache/1756274542548.png
926,5796,267-60-73-78,cache/1756274542862.png
926,5696,80-67-75-75,cache/1756274542868.png
926,2961,207-157-52-56,cache/1756274542873.png
926,4976,180-51-68-72,cache/1756274542878.png
926,1009,336-114-31-31,cache/1756274542884.png
926,1779,133-138-38-46,cache/1756274542889.png
926,1572,104-125-35-44,cache/1756274542894.png
639,9075,282-97-92-98,cache/1756274543232.png
639,6823,144-60-82-83,cache/1756274543242.png
639,2856,220-155-50-56,cache/1756274543247.png
980,5472,194-38-72-75,cache/1756274543534.png
980,4694,273-45-62-74,cache/1756274543542.png
980,1353,115-149-33-40,cache/1756274543549.png
980,10346,145-119-89-115,cache/1756274543553.png
980,935,139-121-28-32,cache/1756274543560.png
325,5824,297-69-69-83,cache/1756274543922.png
325,1672,376-118-37-44,cache/1756274543929.png
325,7637,167-106-76-99,cache/1756274543934.png
325,1100,230-82-29-37,cache/1756274543938.png
242,4854,113-101-69-69,cache/1756274544226.png
242,3487,266-70-59-58,cache/1756274544234.png
242,7436,346-78-89-83,cache/1756274544239.png
242,5848,228-125-76-76,cache/1756274544244.png
894,6332,63-131-80-78,cache/1756274544542.png
894,5647,325-116-75-74,cache/1756274544547.png
894,1742,244-135-36-47,cache/1756274544552.png
405,5387,392-102-74-71,cache/1756274544850.png
405,1920,204-193-43-44,cache/1756274544858.png
405,1597,83-165-40-39,cache/1756274544863.png
405,1062,73-117-33-32,cache/1756274544868.png
405,3091,139-65-58-53,cache/1756274544873.png
405,2479,337-166-45-54,cache/1756274544878.png
405,5650,135-114-74-75,cache/1756274544884.png
405,874,288-101-29-29,cache/1756274544889.png
405,989,265-80-29-33,cache/1756274544894.png
405,1481,236-122-33-43,cache/1756274544899.png
614,9826,188-89-96-101,cache/1756274545178.png
614,3375,269-189-53-63,cache/1756274545187.png
614,2651,307-145-50-52,cache/1756274545192.png
614,1063,180-95-27-38,cache/1756274545197.png
748,6443,332-72-74-86,cache/1756274545479.png
748,5497,116-66-67-81,cache/1756274545489.png
748,4561,214-28-66-68,cache/1756274545497.png
748,1748,275-196-41-42,cache/1756274545503.png
748,2135,182-157-42-50,cache/1756274545509.png
748,1071,285-77-29-36,cache/1756274545515.png
748,1318,338-149-36-36,cache/1756274545520.png
748,1190,160-133-33-35,cache/1756274545526.png
905,7502,165-78-83-89,cache/1756274545819.png
905,1135,310-90-30-36,cache/1756274545825.png
905,2360,244-173-42-55,cache/1756274545829.png
905,1723,226-136-36-46,cache/1756274545834.png
85,5023,216-61-65-76,cache/1756274546132.png
85,2074,331-139-41-49,cache/1756274546139.png
85,735,184-82-26-27,cache/1756274546143.png
589,1026,352-129-32-31,cache/1756274546442.png
589,1752,305-149-37-47,cache/1756274546451.png
589,5895,165-71-80-73,cache/1756274546456.png
589,12006,32-101-120-99,cache/1756274546461.png
589,7744,183-125-76-100,cache/1756274546468.png
589,4775,235-43-68-69,cache/1756274546475.png
589,1293,273-97-34-37,cache/1756274546481.png
589,1063,126-117-26-40,cache/1756274546488.png
589,1447,166-58-50-28,cache/1756274546494.png
589,10106,32-101-101-99,cache/1756274546500.png
589,742,244-90-21-35,cache/1756274546506.png
784,14585,95-136-117-124,cache/1756274546797.png
784,4409,329-94-66-66,cache/1756274546807.png
784,9087,289-116-86-105,cache/1756274546812.png
784,3466,174-67-58-59,cache/1756274546818.png
784,10358,195-98-99-104,cache/1756274546823.png
784,5806,88-74-70-81,cache/1756274546829.png
784,1202,243-69-35-33,cache/1756274546834.png
784,754,269-101-29-25,cache/1756274546839.png
784,59396,87-67-307-192,cache/1756274546844.png
466,6498,104-127-80-80,cache/1756274547135.png
466,1791,320-185-42-41,cache/1756274547145.png
466,13929,174-190-107-129,cache/1756274547150.png
466,1130,190-67-31-35,cache/1756274547156.png
466,949,123-96-30-30,cache/1756274547162.png
466,7904,262-97-79-99,cache/1756274547168.png
466,1184,237-84-30-38,cache/1756274547173.png
466,1759,75-122-37-46,cache/1756274547178.png
526,2349,57-111-49-47,cache/1756274547482.png
526,3251,244-218-48-67,cache/1756274547488.png
526,1418,217-104-33-42,cache/1756274547494.png
60,2003,316-126-42-47,cache/1756274547779.png
60,849,251-93-28-29,cache/1756274547786.png
60,3474,105-72-62-55,cache/1756274547791.png
60,8559,119-112-83-102,cache/1756274547795.png
60,1088,65-116-33-32,cache/1756274547800.png
133,3619,179-65-59-60,cache/1756274548083.png
133,4303,348-80-66-64,cache/1756274548091.png
133,1357,230-152-36-36,cache/1756274548096.png
133,6961,306-147-84-82,cache/1756274548101.png
133,1005,269-72-28-35,cache/1756274548106.png
635,2123,287-201-45-46,cache/1756274548401.png
635,7604,125-143-86-87,cache/1756274548409.png
635,5954,62-110-77-76,cache/1756274548414.png
635,3802,139-67-61-61,cache/1756274548420.png
635,9203,222-82-93-98,cache/1756274548425.png
635,6794,356-123-83-81,cache/1756274548431.png
635,1458,330-104-34-41,cache/1756274548437.png
635,804,233-65-26-30,cache/1756274548442.png
635,1221,294-84-33-36,cache/1756274548447.png
635,570,384-113-35-16,cache/1756274548452.png
971,13039,87-129-111-117,cache/1756274548751.png
971,3322,341-159-57-57,cache/1756274548763.png
971,11732,370-98-108-108,cache/1756274548769.png
971,6482,104-59-85-75,cache/1756274548775.png
971,1876,51-123-40-46,cache/1756274548781.png
971,2846,202-39-51-54,cache/1756274548786.png
971,4903,251-55-62-78,cache/1756274548793.png
971,872,188-80-23-37,cache/1756274548798.png
971,780,91-133-27-27,cache/1756274548804.png
971,1474,250-113-33-43,cache/1756274548808.png
472,785,198-85-27-28,cache/1756274549108.png
472,1950,288-154-39-49,cache/1756274549117.png
472,5117,228-70-63-80,cache/1756274549121.png
472,10014,89-136-89-111,cache/1756274549126.png
451,1636,309-168-40-40,cache/1756274549431.png
451,11292,86-97-105-106,cache/1756274549439.png
451,1147,254-124-33-34,cache/1756274549444.png
451,1939,309-102-44-43,cache/1756274549449.png
451,5170,163-62-64-80,cache/1756274549453.png
501,5381,327-71-68-78,cache/1756274549739.png
501,3087,289-161-54-57,cache/1756274549757.png
501,4163,206-56-57-72,cache/1756274549763.png
501,3995,169-198-59-67,cache/1756274549770.png
501,8774,76-100-88-99,cache/1756274549779.png
501,1922,162-152-39-48,cache/1756274549798.png
335,9353,143-196-95-97,cache/1756274550093.png
335,7153,42-90-79-90,cache/1756274550109.png
335,950,116-110-30-31,cache/1756274550115.png
335,754,280-81-27-27,cache/1756274550120.png
335,777,180-85-27-28,cache/1756274550125.png
228,12133,40-108-112-107,cache/1756274550420.png
228,3584,180-178-56-63,cache/1756274550426.png
228,1401,368-151-37-37,cache/1756274550432.png
228,1314,308-105-33-39,cache/1756274550437.png
228,2188,179-125-45-48,cache/1756274550442.png
228,3743,226-47-55-67,cache/1756274550447.png
228,2310,254-170-42-54,cache/1756274550452.png
228,878,149-98-29-29,cache/1756274550457.png
228,3740,44-76-70-52,cache/1756274550462.png
392,8789,255-116-83-105,cache/1756274550755.png
392,3220,185-53-55-57,cache/1756274550761.png
392,7762,128-97-77-99,cache/1756274550766.png
392,1263,305-92-33-37,cache/1756274550771.png
392,434,148-87-28-15,cache/1756274550777.png
880,5169,237-104-71-72,cache/1756274551082.png
880,3099,282-176-53-58,cache/1756274551089.png
880,7129,56-75-80-88,cache/1756274551094.png
880,4461,201-213-61-72,cache/1756274551100.png
880,3372,146-51-57-58,cache/1756274551106.png
880,2859,355-141-53-53,cache/1756274551111.png
880,2095,183-117-43-47,cache/1756274551117.png
880,987,304-102-31-31,cache/1756274551122.png
880,9494,85-118-88-107,cache/1756274551128.png
880,3938,216-30-57-68,cache/1756274551134.png
947,855,247-90-28-29,cache/1756274551417.png
947,1692,292-170-40-41,cache/1756274551425.png
947,5464,342-101-74-73,cache/1756274551430.png
947,1548,122-157-39-39,cache/1756274551436.png
947,6636,95-80-74-88,cache/1756274551441.png
947,3188,134-203-49-64,cache/1756274551446.png
947,1712,317-105-39-43,cache/1756274551451.png
947,10259,178-128-88-115,cache/1756274551456.png
637,5326,237-55-74-71,cache/1756274551749.png
637,1579,233-173-39-39,cache/1756274551757.png
637,2154,45-122-47-45,cache/1756274551762.png
637,4144,161-62-58-70,cache/1756274551771.png
637,3096,187-211-47-64,cache/1756274551776.png
637,1294,74-145-36-35,cache/1756274551780.png
364,4987,21-99-72-68,cache/1756274552060.png
364,1429,364-160-38-37,cache/1756274552066.png
364,15075,167-194-120-124,cache/1756274552071.png
364,4957,277-105-70-70,cache/1756274552077.png
364,790,177-82-27-28,cache/1756274552083.png
364,3474,230-61-58-59,cache/1756274552087.png
364,1082,122-121-32-32,cache/1756274552093.png
364,2620,210-39-50-51,cache/1756274552098.png
364,1312,102-101-32-40,cache/1756274552104.png
364,2564,132-188-44-57,cache/1756274552109.png
561,8522,274-88-87-97,cache/1756274552405.png
561,6425,199-55-80-79,cache/1756274552413.png
561,998,177-107-31-31,cache/1756274552417.png
881,4736,25-82-68-68,cache/1756274552698.png
881,4159,225-78-64-64,cache/1756274552706.png
881,3170,262-205-48-64,cache/1756274552711.png
881,9233,110-105-87-105,cache/1756274552717.png
881,3103,201-56-55-56,cache/1756274552722.png
881,7003,326-85-77-90,cache/1756274552728.png
881,694,308-94-23-30,cache/1756274552733.png
881,2829,148-188-46-60,cache/1756274552738.png
881,633,124-95-38-16,cache/1756274552743.png
881,2756,414-130-53-51,cache/1756274552748.png
519,4857,344-84-70-69,cache/1756274553059.png
519,3908,281-66-62-62,cache/1756274553068.png
519,3433,160-56-58-59,cache/1756274553073.png
519,1212,221-74-33-35,cache/1756274553078.png
519,9756,97-112-89-109,cache/1756274553083.png
519,8164,48-63-92-88,cache/1756274553088.png
524,5738,255-70-67-84,cache/1756274553388.png
524,7283,150-59-85-85,cache/1756274553395.png
524,2098,59-124-42-49,cache/1756274553401.png
524,2152,92-145-42-50,cache/1756274553405.png
524,831,234-87-21-38,cache/1756274553410.png
266,3976,169-195-58-68,cache/1756274553714.png
266,1480,123-91-36-40,cache/1756274553722.png
266,4918,246-94-69-70,cache/1756274553727.png
266,2291,77-115-48-47,cache/1756274553733.png
266,1345,388-139-37-36,cache/1756274553738.png
266,10487,296-124-92-113,cache/1756274553743.png
266,2206,135-157-41-52,cache/1756274553750.png
266,4273,224-50-59-72,cache/1756274553757.png
266,549,327-109-31-17,cache/1756274553765.png
995,17062,205-180-122-139,cache/1756274554047.png
995,5011,30-91-71-69,cache/1756274554058.png
995,2327,369-146-45-51,cache/1756274554064.png
995,7905,185-69-87-89,cache/1756274554069.png
995,4236,261-39-58-72,cache/1756274554076.png
995,7974,244-118-82-96,cache/1756274554082.png
995,10362,143-136-88-116,cache/1756274554088.png
995,1256,111-134-35-35,cache/1756274554094.png
995,917,163-81-24-38,cache/1756274554099.png
940,12308,259-105-108-113,cache/1756274554406.png
940,2100,68-136-42-49,cache/1756274554416.png
940,2453,223-181-42-57,cache/1756274554421.png
940,906,332-99-31-28,cache/1756274554426.png
940,1514,131-110-34-44,cache/1756274554430.png
940,9890,131-86-103-95,cache/1756274554435.png
10,9507,26-92-93-101,cache/1756274554777.png
10,6986,267-61-83-83,cache/1756274554784.png
10,9830,377-83-101-96,cache/1756274554790.png
10,1744,199-102-40-42,cache/1756274554798.png
10,2043,260-149-39-51,cache/1756274554803.png
295,1061,130-117-32-32,cache/1756274555148.png
295,4737,245-45-67-70,cache/1756274555155.png
295,1518,342-161-39-38,cache/1756274555161.png
295,1162,298-129-33-34,cache/1756274555166.png
295,1820,159-140-38-47,cache/1756274555171.png
295,10109,182-187-99-101,cache/1756274555176.png
295,1575,256-181-38-40,cache/1756274555182.png
834,5911,393-111-78-75,cache/1756274555502.png
834,1884,117-196-43-43,cache/1756274555514.png
834,1185,208-85-30-38,cache/1756274555531.png
2,1852,44-124-44-42,cache/1756274555859.png
2,5602,315-73-69-80,cache/1756274555874.png
2,9920,135-131-89-110,cache/1756274555884.png
2,2982,196-58-54-55,cache/1756274555894.png
2,12239,194-171-94-129,cache/1756274555903.png
2,8068,363-108-84-95,cache/1756274555915.png
2,1086,150-92-29-36,cache/1756274555939.png
2,766,256-168-31-24,cache/1756274555953.png
794,14022,248-143-110-126,cache/1756274556284.png
794,1512,316-103-38-38,cache/1756274556302.png
794,10799,109-120-101-106,cache/1756274556310.png
794,4383,64-91-66-66,cache/1756274556321.png
794,4273,175-63-59-72,cache/1756274556336.png
552,9975,157-122-91-108,cache/1756274556640.png
552,1866,258-141-38-48,cache/1756274556650.png
552,3607,196-75-63-56,cache/1756274556657.png
419,7821,177-85-86-90,cache/1756274556963.png
419,3486,219-44-55-62,cache/1756274556969.png
419,1508,366-155-39-38,cache/1756274556976.png
419,1319,409-138-36-35,cache/1756274556982.png
419,3116,244-160-53-57,cache/1756274556988.png
419,6788,67-71-88-76,cache/1756274556994.png
419,7651,85-99-80-94,cache/1756274557001.png
419,2267,176-61-55-41,cache/1756274557008.png
419,4608,283-61-62-73,cache/1756274557014.png
419,1051,328-120-32-32,cache/1756274557019.png
525,7367,233-148-85-86,cache/1756274557364.png
525,6667,343-79-76-87,cache/1756274557370.png
525,8333,210-96-85-97,cache/1756274557376.png
525,2965,127-158-51-57,cache/1756274557381.png
525,889,130-96-29-30,cache/1756274557387.png
525,3284,260-59-57-57,cache/1756274557391.png
525,3848,164-76-60-63,cache/1756274557396.png
525,1705,81-122-38-44,cache/1756274557403.png
525,3851,187-43-68-56,cache/1756274557408.png
131,16186,106-154-121-133,cache/1756274557705.png
131,6454,257-130-80-80,cache/1756274557750.png
131,2333,35-119-50-46,cache/1756274557756.png
131,2092,101-110-46-45,cache/1756274557762.png
131,1373,159-92-34-39,cache/1756274557767.png
131,1135,198-134-34-33,cache/1756274557772.png
541,6698,276-131-81-82,cache/1756274558112.png
541,1661,116-123-37-44,cache/1756274558118.png
541,2020,226-203-44-45,cache/1756274558124.png
541,1083,308-113-37-29,cache/1756274558129.png
541,8180,276-113-81-100,cache/1756274558134.png
33,2351,227-126-46-50,cache/1756274558450.png
33,1397,361-145-37-37,cache/1756274558457.png
33,1860,121-187-42-43,cache/1756274558462.png
33,1081,99-113-32-32,cache/1756274558469.png
33,1866,312-97-43-42,cache/1756274558477.png
33,2869,285-191-47-60,cache/1756274558491.png
226,6862,40-80-78-87,cache/1756274558839.png
226,1463,333-106-35-41,cache/1756274558845.png
226,7303,224-99-75-96,cache/1756274558849.png
226,1082,218-76-30-35,cache/1756274558854.png
792,6172,67-84-73-83,cache/1756274559225.png
792,10133,171-134-92-109,cache/1756274559258.png
792,4476,300-104-66-66,cache/1756274559283.png
792,2374,266-191-42-55,cache/1756274559288.png
440,10139,244-93-85-118,cache/1756274559609.png
440,7310,52-84-80-90,cache/1756274559624.png
440,2393,238-227-47-49,cache/1756274559632.png
440,2251,185-129-46-48,cache/1756274559639.png
440,5776,156-50-76-75,cache/1756274559644.png
440,6140,342-73-73-83,cache/1756274559651.png
440,2736,115-183-47-58,cache/1756274559657.png
440,1658,133-97-39-41,cache/1756274559663.png
440,561,284-93-29-19,cache/1756274559670.png
440,753,232-71-22-33,cache/1756274559677.png
440,8618,244-111-85-101,cache/1756274559685.png
43,6178,315-123-78-78,cache/1756274559984.png
43,3297,217-64-55-59,cache/1756274559991.png
43,7755,84-99-80-96,cache/1756274559996.png
43,2040,201-147-41-49,cache/1756274560002.png
43,5939,260-78-69-85,cache/1756274560007.png
43,1176,173-129-33-35,cache/1756274560013.png
43,1106,150-85-30-36,cache/1756274560017.png
446,3428,250-55-58-58,cache/1756274560319.png
446,4773,45-83-69-68,cache/1756274560327.png
446,10435,148-194-100-103,cache/1756274560332.png
871,7073,158-145-83-84,cache/1756274560644.png
871,6229,61-76-73-84,cache/1756274560657.png
871,9483,319-120-88-106,cache/1756274560663.png
871,7192,349-89-78-91,cache/1756274560669.png
871,4499,138-91-66-67,cache/1756274560674.png
871,797,238-89-27-28,cache/1756274560680.png
871,879,280-98-29-29,cache/1756274560684.png
871,1883,218-146-39-48,cache/1756274560689.png
381,12570,73-122-105-118,cache/1756274561006.png
381,2079,341-108-46-44,cache/1756274561015.png
381,4396,171-53-59-73,cache/1756274561020.png
381,1290,258-103-31-40,cache/1756274561025.png
194,11387,54-112-103-109,cache/1756274561332.png
194,1176,297-134-34-34,cache/1756274561339.png
194,5188,154-73-64-80,cache/1756274561344.png
911,10883,249-141-91-118,cache/1756274561649.png
911,10892,115-99-102-106,cache/1756274561657.png
911,2592,135-70-61-42,cache/1756274561663.png
911,3639,205-36-54-67,cache/1756274561668.png
911,7529,339-92-79-94,cache/1756274561674.png
911,1180,237-89-31-37,cache/1756274561679.png
911,1147,103-114-26-42,cache/1756274561688.png
911,1018,300-113-32-31,cache/1756274561694.png
911,1253,300-113-32-37,cache/1756274561698.png
719,11286,264-107-104-107,cache/1756274562009.png
719,2212,162-223-45-48,cache/1756274562020.png
719,6617,96-59-80-81,cache/1756274562025.png
719,6474,29-78-76-84,cache/1756274562031.png
719,7047,136-88-77-91,cache/1756274562037.png
719,1579,110-174-39-39,cache/1756274562043.png
719,1906,364-139-40-47,cache/1756274562049.png
719,895,225-67-25-34,cache/1756274562055.png
719,3689,249-56-59-61,cache/1756274562060.png
719,1301,246-108-32-40,cache/1756274562066.png
368,4964,362-93-71-69,cache/1756274562367.png
368,8899,127-180-93-95,cache/1756274562379.png
368,1940,245-205-43-44,cache/1756274562395.png
368,3366,280-48-72-46,cache/1756274562401.png
368,2082,110-146-40-50,cache/1756274562412.png
368,2370,348-162-44-53,cache/1756274562418.png
368,4892,176-59-62-77,cache/1756274562423.png
368,8052,266-73-87-91,cache/1756274562429.png
368,7045,193-94-73-95,cache/1756274562436.png
454,8627,24-73-92-92,cache/1756274562726.png
454,15022,196-141-115-129,cache/1756274562735.png
454,3323,105-159-56-58,cache/1756274562742.png
454,3897,149-65-60-64,cache/1756274562747.png
454,7985,183-101-80-98,cache/1756274562753.png
454,12652,305-104-90-139,cache/1756274562760.png
454,825,252-86-28-29,cache/1756274562766.png
454,800,346-104-32-25,cache/1756274562772.png
454,10893,305-124-90-120,cache/1756274562777.png
82,4107,210-216-59-69,cache/1756274563057.png
82,2303,92-133-47-48,cache/1756274563064.png
82,1419,291-85-37-37,cache/1756274563071.png
82,861,241-110-28-30,cache/1756274563076.png
82,1234,200-74-34-35,cache/1756274563082.png
82,1485,259-121-35-42,cache/1756274563088.png
82,1296,174-115-31-40,cache/1756274563095.png
538,4272,50-83-66-64,cache/1756274563419.png
538,11389,330-108-108-104,cache/1756274563429.png
538,5346,128-53-68-78,cache/1756274563436.png
538,2777,95-142-52-52,cache/1756274563451.png
538,6239,210-63-77-80,cache/1756274563460.png
538,3099,279-169-52-59,cache/1756274563473.png
538,10071,188-141-87-115,cache/1756274563481.png
538,4307,283-87-65-66,cache/1756274563498.png
538,4956,156-104-70-70,cache/1756274563513.png
538,79217,50-52-388-203,cache/1756274563525.png
835,7698,304-83-90-84,cache/1756274563858.png
835,4148,93-83-64-64,cache/1756274563867.png
835,2495,368-146-47-52,cache/1756274563880.png
835,6948,192-69-82-84,cache/1756274563899.png
835,1626,171-176-39-40,cache/1756274563911.png
835,1183,158-136-34-34,cache/1756274563922.png
835,10739,263-138-92-116,cache/1756274563929.png
835,2028,226-55-50-39,cache/1756274563942.png
385,5842,167-48-76-76,cache/1756274564301.png
385,4870,293-59-66-73,cache/1756274564310.png
385,6149,287-122-78-78,cache/1756274564319.png
385,4115,260-194-61-67,cache/1756274564325.png
385,2002,352-108-44-44,cache/1756274564331.png
385,1124,222-126-33-33,cache/1756274564337.png
883,4423,69-80-67-65,cache/1756274564631.png
883,2324,233-131-45-50,cache/1756274564639.png
883,3607,180-185-56-63,cache/1756274564651.png
883,4669,158-92-68-68,cache/1756274564659.png
230,4340,69-74-66-65,cache/1756274564949.png
230,1642,200-164-40-40,cache/1756274564957.png
230,9472,329-99-88-106,cache/1756274564964.png
230,3884,282-82-63-61,cache/1756274564975.png
230,1797,232-94-41-42,cache/1756274564982.png
230,12873,268-141-100-128,cache/1756274564988.png
230,1655,173-121-36-45,cache/1756274564995.png
984,7224,152-162-84-85,cache/1756274565307.png
984,10141,81-112-95-106,cache/1756274565315.png
984,6660,132-68-81-81,cache/1756274565324.png
984,8948,291-129-84-105,cache/1756274565330.png
984,806,74-113-28-28,cache/1756274565336.png
984,756,268-92-26-28,cache/1756274565342.png
984,865,248-75-26-32,cache/1756274565347.png
984,1063,310-95-30-35,cache/1756274565352.png
984,1580,212-139-34-45,cache/1756274565358.png
984,6625,357-90-74-88,cache/1756274565363.png
345,15261,84-133-118-128,cache/1756274565674.png
345,5967,299-122-77-76,cache/1756274565685.png
345,3179,165-59-55-56,cache/1756274565693.png
345,6742,186-95-72-92,cache/1756274565699.png
345,2952,233-52-53-55,cache/1756274565705.png
345,1872,350-108-44-42,cache/1756274565711.png
345,1500,108-101-38-39,cache/1756274565716.png
345,2058,275-119-43-47,cache/1756274565721.png
232,3531,196-224-51-68,cache/1756274566008.png
232,5864,249-119-76-77,cache/1756274566016.png
232,3611,309-72-60-60,cache/1756274566021.png
232,1815,84-111-44-40,cache/1756274566027.png
232,1258,106-139-35-35,cache/1756274566032.png
232,716,179-86-26-26,cache/1756274566037.png
232,4663,210-43-68-67,cache/1756274566042.png
232,6565,376-83-77-84,cache/1756274566047.png
760,14645,122-140-116-125,cache/1756274566330.png
760,6975,356-82-84-82,cache/1756274566339.png
760,1348,339-153-37-36,cache/1756274566345.png
760,4732,57-98-69-68,cache/1756274566350.png
760,4533,271-62-60-74,cache/1756274566355.png
760,4049,154-53-57-69,cache/1756274566361.png
760,2225,260-174-41-54,cache/1756274566366.png
760,1597,231-100-38-41,cache/1756274566371.png
760,2011,85-152-40-50,cache/1756274566376.png
855,3386,277-65-58-58,cache/1756274566658.png
855,8942,198-167-93-95,cache/1756274566668.png
855,1941,158-112-43-44,cache/1756274566673.png
699,2332,174-240-47-49,cache/1756274566968.png
699,5461,283-69-66-82,cache/1756274566976.png
699,1745,251-124-38-45,cache/1756274566980.png
771,4273,229-53-62-68,cache/1756274567267.png
771,6297,343-88-73-85,cache/1756274567275.png
771,3187,152-173-54-58,cache/1756274567280.png
771,1433,306-106-37-38,cache/1756274567284.png
771,2108,140-143-47-44,cache/1756274567288.png
982,4627,373-90-68-67,cache/1756274567574.png
982,12400,127-119-108-114,cache/1756274567580.png
982,1931,219-201-43-44,cache/1756274567588.png
982,1915,79-137-40-47,cache/1756274567594.png
982,2999,325-174-53-56,cache/1756274567599.png
982,844,197-96-29-29,cache/1756274567604.png
982,2162,349-150-41-52,cache/1756274567610.png
982,711,135-115-28-25,cache/1756274567617.png
982,1156,252-132-33-34,cache/1756274567622.png
982,7992,252-68-81-98,cache/1756274567628.png
982,5834,261-68-71-81,cache/1756274567636.png
982,862,269-102-28-30,cache/1756274567642.png
533,2189,30-123-49-44,cache/1756274567932.png
533,7758,183-76-86-89,cache/1756274567937.png
533,1293,137-140-35-36,cache/1756274567942.png
533,1666,238-176-40-41,cache/1756274567947.png
533,10232,296-102-86-118,cache/1756274567960.png
533,1903,180-145-38-49,cache/1756274567966.png
533,513,332-102-29-17,cache/1756274567971.png
633,7474,60-82-80-92,cache/1756274568249.png
633,6421,272-120-80-79,cache/1756274568269.png
633,5770,391-102-77-74,cache/1756274568277.png
633,4346,262-198-62-69,cache/1756274568285.png
633,11998,92-136-98-122,cache/1756274568292.png
633,2982,184-47-52-57,cache/1756274568310.png
633,5143,299-58-66-77,cache/1756274568319.png
633,1030,364-114-31-32,cache/1756274568326.png
633,5499,209-67-66-82,cache/1756274568331.png
633,5323,115-54-70-75,cache/1756274568337.png
615,5939,317-126-77-77,cache/1756274568620.png
615,7605,4-89-83-90,cache/1756274568627.png
615,4606,241-57-60-75,cache/1756274568632.png
615,2220,218-173-40-54,cache/1756274568637.png
615,737,177-80-27-27,cache/1756274568642.png
480,1456,210-75-37-38,cache/1756274568933.png
480,2315,104-116-48-47,cache/1756274568941.png
480,3081,131-151-54-57,cache/1756274568946.png
922,2882,272-153-51-55,cache/1756274569224.png
922,2160,52-115-46-46,cache/1756274569232.png
922,1033,362-113-32-31,cache/1756274569236.png
152,3196,98-167-53-59,cache/1756274569532.png
152,1406,57-143-37-37,cache/1756274569540.png
152,4474,246-89-66-67,cache/1756274569546.png
152,882,332-101-28-30,cache/1756274569554.png
152,2684,208-190-44-59,cache/1756274569560.png
152,1945,298-144-39-49,cache/1756274569565.png
152,6232,159-127-78-79,cache/1756274569570.png
152,7291,355-88-80-90,cache/1756274569576.png
152,807,167-111-31-25,cache/1756274569581.png
152,963,233-77-27-34,cache/1756274569586.png
861,5307,99-70-67-79,cache/1756274569867.png
861,6617,175-156-80-82,cache/1756274569876.png
861,3284,262-66-57-57,cache/1756274569913.png
861,1338,338-100-33-39,cache/1756274569918.png
861,1829,382-128-41-43,cache/1756274569928.png
861,2395,147-144-47-50,cache/1756274569934.png
638,10974,138-113-102-107,cache/1756274570224.png
638,2028,107-121-44-45,cache/1756274570233.png
638,7206,253-155-84-85,cache/1756274570238.png
668,18147,155-159-127-141,cache/1756274570542.png
668,6690,34-90-77-86,cache/1756274570555.png
668,5743,278-63-76-75,cache/1756274570561.png
668,5010,165-77-63-78,cache/1756274570567.png
668,9878,281-137-87-112,cache/1756274570572.png
722,2307,181-236-47-48,cache/1756274570890.png
722,1651,383-117-38-43,cache/1756274570899.png
722,2198,114-159-42-52,cache/1756274570905.png
432,1271,393-142-35-35,cache/1756274571194.png
432,1049,121-126-32-32,cache/1756274571202.png
432,1026,85-117-31-32,cache/1756274571208.png
432,915,176-107-29-30,cache/1756274571213.png
432,848,216-69-26-32,cache/1756274571218.png
432,10936,237-154-91-119,cache/1756274571223.png
432,7166,213-109-75-95,cache/1756274571229.png
432,2383,181-187-42-56,cache/1756274571235.png
432,1802,325-172-33-53,cache/1756274571240.png
441,6773,216-48-81-83,cache/1756274571529.png
441,1561,364-162-40-38,cache/1756274571536.png
441,12292,135-157-96-127,cache/1756274571542.png
441,1549,362-104-36-42,cache/1756274571548.png
441,1882,121-142-38-49,cache/1756274571553.png
765,2261,300-161-43-52,cache/1756274571833.png
765,6976,389-90-80-87,cache/1756274571838.png
765,2792,224-58-51-53,cache/1756274571844.png
765,5075,150-56-74-68,cache/1756274571849.png
765,6948,171-103-74-93,cache/1756274571856.png
765,986,335-118-31-31,cache/1756274571862.png
235,3542,116-70-59-59,cache/1756274572151.png
235,9914,368-96-97-101,cache/1756274572157.png
235,984,258-81-28-34,cache/1756274572163.png
62,3939,139-66-62-62,cache/1756274572448.png
62,1221,277-126-34-35,cache/1756274572456.png
62,828,213-79-28-29,cache/1756274572460.png
178,5002,63-88-71-69,cache/1756274572742.png
178,14712,178-168-104-140,cache/1756274572754.png
178,4116,175-73-63-64,cache/1756274572761.png
178,12055,263-118-101-119,cache/1756274572766.png
178,1584,360-160-39-39,cache/1756274572773.png
178,1288,248-93-32-39,cache/1756274572778.png
178,1983,376-133-40-48,cache/1756274572783.png
178,1169,146-86-30-37,cache/1756274572788.png
470,3900,114-69-62-62,cache/1756274573104.png
470,9253,224-190-95-96,cache/1756274573110.png
470,7340,264-96-76-96,cache/1756274573115.png
470,1563,337-112-36-42,cache/1756274573121.png
983,11965,280-134-101-117,cache/1756274573402.png
983,6070,99-111-78-77,cache/1756274573411.png
983,4747,241-42-65-72,cache/1756274573416.png
983,1493,239-113-34-43,cache/1756274573422.png
983,1666,298-84-41-40,cache/1756274573427.png
959,17310,280-137-128-134,cache/1756274573708.png
959,4211,203-37-58-72,cache/1756274573722.png
959,10444,48-113-94-110,cache/1756274573727.png
960,1177,375-136-34-34,cache/1756274574019.png
960,3833,185-59-55-68,cache/1756274574026.png
960,1760,90-139-38-45,cache/1756274574031.png
960,2046,138-163-40-50,cache/1756274574036.png
320,3299,226-221-50-65,cache/1756274574335.png
320,3637,163-73-62-58,cache/1756274574343.png
320,6533,71-130-80-80,cache/1756274574348.png
320,845,247-91-29-29,cache/1756274574353.png
320,747,264-75-27-27,cache/1756274574358.png
320,728,90-117-39-18,cache/1756274574362.png
320,8310,320-102-83-99,cache/1756274574367.png
320,9483,166-126-85-111,cache/1756274574373.png
320,3285,345-80-64-51,cache/1756274574378.png
320,1525,142-133-32-47,cache/1756274574383.png
77,10641,369-93-105-100,cache/1756274574688.png
77,4657,279-98-68-68,cache/1756274574697.png
77,9090,60-105-95-95,cache/1756274574703.png
77,3169,266-180-52-60,cache/1756274574709.png
77,2675,153-197-45-58,cache/1756274574714.png
77,3887,204-79-61-63,cache/1756274574719.png
77,6308,128-54-61-102,cache/1756274574724.png
77,606,242-72-24-24,cache/1756274574730.png
77,583,325-97-23-24,cache/1756274574735.png
77,4375,204-72-62-69,cache/1756274574740.png
520,967,151-111-30-31,cache/1756274575047.png
520,7995,274-86-91-87,cache/1756274575052.png
520,966,274-97-24-39,cache/1756274575062.png
520,6232,294-86-71-86,cache/1756274575067.png
898,8598,243-171-92-93,cache/1756274575364.png
898,18412,111-166-125-147,cache/1756274575373.png
898,8056,40-86-81-98,cache/1756274575380.png
898,5702,100-134-81-70,cache/1756274575387.png
898,8247,219-111-80-102,cache/1756274575393.png
898,1388,217-81-36-38,cache/1756274575399.png
898,8027,320-96-82-97,cache/1756274575405.png
898,1695,394-115-35-47,cache/1756274575411.png
898,1242,284-89-31-39,cache/1756274575416.png
478,2167,290-129-44-48,cache/1756274575736.png
478,5996,326-81-70-85,cache/1756274575742.png
478,10868,201-158-90-120,cache/1756274575748.png
478,1709,108-99-43-39,cache/1756274575755.png
478,998,262-77-28-34,cache/1756274575761.png
478,9865,88-137-89-110,cache/1756274575766.png
478,642,171-152-17-36,cache/1756274575771.png
594,2628,204-158-48-53,cache/1756274576095.png
594,3995,220-88-63-63,cache/1756274576102.png
594,2329,170-142-45-50,cache/1756274576107.png
594,6546,297-94-73-88,cache/1756274576112.png
594,931,278-98-24-37,cache/1756274576117.png
594,867,253-72-29-29,cache/1756274576121.png
671,4757,295-62-64-73,cache/1756274576405.png
671,3403,213-213-53-64,cache/1756274576413.png
671,6724,8-85-78-85,cache/1756274576418.png
671,1462,241-177-38-38,cache/1756274576423.png
671,1566,139-131-35-44,cache/1756274576428.png
671,2052,99-161-40-50,cache/1756274576434.png
671,886,195-107-29-29,cache/1756274576438.png
671,941,253-81-27-34,cache/1756274576443.png
770,1036,102-108-32-32,cache/1756274576724.png
770,1860,330-130-39-47,cache/1756274576729.png
770,1168,228-123-34-34,cache/1756274576733.png
669,9567,45-79-100-95,cache/1756274577044.png
669,7101,321-137-82-86,cache/1756274577070.png
669,6568,203-87-71-91,cache/1756274577092.png
669,4679,186-44-65-70,cache/1756274577122.png
669,1198,259-79-32-36,cache/1756274577130.png
669,1382,155-106-33-41,cache/1756274577141.png
669,11867,366-98-109-108,cache/1756274577150.png
669,12552,232-151-97-128,cache/1756274577158.png
669,1223,288-96-31-38,cache/1756274577169.png
704,2753,71-135-53-51,cache/1756274577485.png
704,12618,337-107-108-116,cache/1756274577491.png
704,12520,260-147-99-126,cache/1756274577497.png
704,10103,165-126-88-114,cache/1756274577504.png
704,4588,217-84-66-68,cache/1756274577510.png
704,5158,127-93-70-73,cache/1756274577516.png
704,1567,314-96-37-41,cache/1756274577522.png
704,859,184-93-27-31,cache/1756274577527.png
253,4127,119-85-63-64,cache/1756274577826.png
253,12605,170-129-106-118,cache/1756274577834.png
253,1861,348-140-39-46,cache/1756274577840.png
253,5550,220-86-67-81,cache/1756274577844.png
211,861,177-89-28-29,cache/1756274578177.png
211,1172,194-133-34-34,cache/1756274578182.png
211,967,287-106-30-31,cache/1756274578188.png
211,1818,269-141-37-48,cache/1756274578197.png
691,2743,214-38-52-52,cache/1756274578502.png
691,4047,329-73-64-63,cache/1756274578510.png
691,1751,107-185-41-42,cache/1756274578531.png
691,2342,63-138-45-51,cache/1756274578564.png
691,2250,322-159-42-52,cache/1756274578577.png
691,1558,185-121-35-44,cache/1756274578590.png
450,4072,212-77-63-64,cache/1756274578917.png
450,14864,73-130-115-128,cache/1756274578926.png
450,3482,193-225-50-69,cache/1756274578948.png
450,7890,362-90-83-94,cache/1756274578953.png
450,1406,165-78-37-37,cache/1756274578966.png
450,1009,88-116-35-28,cache/1756274578985.png
490,13946,190-180-104-133,cache/1756274579353.png
490,5721,305-124-75-75,cache/1756274579360.png
490,4474,228-95-66-67,cache/1756274579372.png
490,5406,64-114-73-73,cache/1756274579384.png
490,3005,189-49-54-55,cache/1756274579393.png
490,830,165-92-28-28,cache/1756274579407.png
490,2308,111-169-43-53,cache/1756274579421.png
490,5529,324-72-70-78,cache/1756274579433.png
490,1262,282-99-29-42,cache/1756274579443.png
358,9860,230-90-97-101,cache/1756274579744.png
358,1216,41-125-35-34,cache/1756274579751.png
358,802,167-84-28-28,cache/1756274579756.png
974,10510,16-94-105-99,cache/1756274580058.png
974,5373,187-65-67-79,cache/1756274580064.png
974,4968,215-37-69-71,cache/1756274580072.png
591,11420,196-154-96-118,cache/1756274580374.png
591,8483,261-108-84-99,cache/1756274580382.png
591,1647,169-103-40-40,cache/1756274580390.png
591,5464,329-79-67-81,cache/1756274580394.png
591,975,246-86-28-34,cache/1756274580399.png
708,11607,99-152-97-118,cache/1756274580689.png
708,2993,328-157-54-55,cache/1756274580700.png
708,1921,363-113-44-42,cache/1756274580706.png
708,818,148-93-28-28,cache/1756274580712.png
708,3614,274-72-59-60,cache/1756274580717.png
708,1620,199-103-38-41,cache/1756274580723.png
708,1515,246-179-38-39,cache/1756274580728.png
708,1199,89-137-34-34,cache/1756274580733.png
708,883,264-73-26-33,cache/1756274580738.png
708,2910,214-219-46-63,cache/1756274580743.png
937,4922,150-56-64-76,cache/1756274581066.png
937,1339,332-96-33-39,cache/1756274581073.png
937,2381,377-149-49-48,cache/1756274581077.png
937,2413,158-183-43-56,cache/1756274581082.png
937,1062,227-126-32-32,cache/1756274581086.png
801,10867,262-134-94-115,cache/1756274581405.png
801,1087,116-125-33-32,cache/1756274581413.png
801,1077,354-134-31-34,cache/1756274581417.png
801,1339,222-150-35-37,cache/1756274581422.png
801,1095,307-90-30-36,cache/1756274581426.png
801,1227,169-102-31-38,cache/1756274581431.png
259,2362,200-166-43-54,cache/1756274581721.png
259,3644,257-65-59-60,cache/1756274581727.png
259,1732,184-135-36-47,cache/1756274581731.png
176,1954,135-190-44-44,cache/1756274582025.png
176,5569,362-100-76-73,cache/1756274582029.png
176,4148,223-47-58-70,cache/1756274582034.png
176,1334,344-105-32-41,cache/1756274582039.png
677,1439,389-147-38-37,cache/1756274582350.png
677,2512,106-128-49-50,cache/1756274582356.png
677,2288,229-167-41-54,cache/1756274582360.png
431,13097,129-154-102-128,cache/1756274582660.png
431,4694,55-92-69-67,cache/1756274582667.png
431,4317,196-47-61-69,cache/1756274582673.png
431,3256,243-171-53-60,cache/1756274582679.png
431,4453,271-56-60-73,cache/1756274582684.png
431,1516,225-98-37-40,cache/1756274582690.png
431,8693,352-93-95-91,cache/1756274582695.png
431,1467,338-157-38-38,cache/1756274582701.png
431,11217,338-93-109-102,cache/1756274582706.png
981,4347,295-82-65-66,cache/1756274582995.png
981,2951,224-47-53-54,cache/1756274583005.png
981,4108,279-188-62-66,cache/1756274583011.png
981,6589,108-127-80-82,cache/1756274583016.png
981,17274,142-150-122-140,cache/1756274583022.png
981,1649,67-113-37-43,cache/1756274583029.png
981,778,186-83-27-28,cache/1756274583034.png
981,2018,364-136-41-48,cache/1756274583041.png
981,8357,238-107-80-103,cache/1756274583046.png
981,1137,107-122-34-32,cache/1756274583052.png
987,6161,163-77-74-82,cache/1756274583387.png
987,6585,250-147-80-81,cache/1756274583392.png
987,1639,307-141-35-46,cache/1756274583397.png
707,10009,29-84-96-103,cache/1756274583721.png
707,1176,262-65-32-36,cache/1756274583728.png
707,2047,241-99-44-45,cache/1756274583732.png
707,1516,166-81-37-40,cache/1756274583737.png
377,10995,120-135-99-110,cache/1756274584043.png
377,5124,186-48-72-71,cache/1756274584059.png
377,11981,298-114-110-108,cache/1756274584064.png
377,5749,107-88-70-81,cache/1756274584070.png
377,3767,271-56-57-66,cache/1756274584076.png
377,6050,38-80-73-82,cache/1756274584081.png
377,6593,247-95-74-88,cache/1756274584087.png
377,2096,238-168-39-52,cache/1756274584092.png
377,73481,38-48-370-198,cache/1756274584097.png
427,8538,13-83-96-88,cache/1756274584450.png
427,18823,152-161-130-144,cache/1756274584459.png
427,6090,110-67-79-76,cache/1756274584466.png
427,5860,222-91-68-85,cache/1756274584472.png
427,3081,281-185-51-60,cache/1756274584478.png
427,4209,273-58-62-67,cache/1756274584484.png
427,6433,118-144-78-81,cache/1756274584490.png
427,903,347-110-29-30,cache/1756274584496.png
427,1356,344-156-37-36,cache/1756274584501.png
427,756,182-144-29-25,cache/1756274584507.png
97,3509,286-63-58-59,cache/1756274584805.png
97,1295,356-139-36-35,cache/1756274584812.png
97,11589,115-149-95-121,cache/1756274584818.png
97,7450,16-86-82-90,cache/1756274584824.png
97,8784,235-120-82-106,cache/1756274584829.png
97,5117,173-66-63-80,cache/1756274584835.png
97,1480,108-109-35-41,cache/1756274584840.png
475,2962,176-195-48-61,cache/1756274585127.png
475,3883,87-71-62-62,cache/1756274585135.png
475,1500,372-161-38-38,cache/1756274585140.png
475,6219,153-53-77-80,cache/1756274585146.png
475,1237,142-140-35-35,cache/1756274585152.png
475,1749,329-126-38-45,cache/1756274585157.png
475,5920,205-79-67-87,cache/1756274585161.png
475,925,258-69-26-34,cache/1756274585167.png
535,8043,127-114-81-98,cache/1756274585487.png
535,2623,307-168-49-52,cache/1756274585495.png
535,9735,368-98-99-98,cache/1756274585499.png
535,7361,60-88-85-85,cache/1756274585505.png
535,1088,273-135-32-33,cache/1756274585511.png
535,2195,209-180-40-54,cache/1756274585516.png
535,4552,176-59-64-70,cache/1756274585521.png
535,1204,349-108-31-38,cache/1756274585527.png
535,647,145-95-27-23,cache/1756274585531.png
535,613,240-71-20-30,cache/1756274585536.png
817,11417,65-128-100-113,cache/1756274585915.png
817,9392,379-83-100-93,cache/1756274585923.png
817,10947,196-194-102-106,cache/1756274585930.png
817,5527,264-46-78-70,cache/1756274585936.png
817,8529,247-109-81-104,cache/1756274585942.png
817,5502,156-67-66-82,cache/1756274585948.png
817,1332,348-138-36-36,cache/1756274585954.png
135,3064,202-164-52-58,cache/1756274586287.png
135,12287,68-101-111-110,cache/1756274586294.png
135,1360,363-136-36-36,cache/1756274586300.png
135,1234,261-92-31-39,cache/1756274586305.png
515,4687,276-60-64-72,cache/1756274586637.png
515,2170,344-145-43-49,cache/1756274586645.png
515,1578,143-100-39-39,cache/1756274586651.png
515,13942,181-178-105-132,cache/1756274586656.png
515,7033,33-98-79-88,cache/1756274586663.png
515,2095,147-191-36-56,cache/1756274586668.png
515,18530,147-177-139-132,cache/1756274586673.png
515,610,106-117-19-30,cache/1756274586680.png
39,5822,79-115-76-75,cache/1756274587041.png
39,6504,294-63-81-80,cache/1756274587050.png
39,2556,281-179-44-57,cache/1756274587055.png
39,1580,350-118-36-42,cache/1756274587060.png
158,5767,287-134-75-75,cache/1756274587417.png
158,1608,100-129-36-43,cache/1756274587426.png
158,3037,148-59-54-55,cache/1756274587431.png
158,11109,147-163-91-121,cache/1756274587437.png
158,773,245-93-27-28,cache/1756274587442.png
158,615,228-67-24-25,cache/1756274587447.png
158,1055,207-147-33-31,cache/1756274587452.png
158,8692,358-109-87-99,cache/1756274587457.png
158,914,139-109-29-30,cache/1756274587464.png
158,875,328-117-30-28,cache/1756274587468.png
218,10681,69-100-104-102,cache/1756274587864.png
218,1155,316-134-34-33,cache/1756274587883.png
218,11459,170-152-93-122,cache/1756274587888.png
218,3811,249-81-61-61,cache/1756274587894.png
218,827,190-99-28-29,cache/1756274587899.png
218,4402,222-50-64-68,cache/1756274587905.png
218,378,170-120-12-29,cache/1756274587910.png
467,9404,203-120-85-110,cache/1756274588204.png
467,3030,140-193-48-62,cache/1756274588211.png
467,5399,244-72-66-81,cache/1756274588216.png
467,2233,110-117-47-46,cache/1756274588230.png
225,10795,131-116-98-109,cache/1756274588571.png
225,2714,388-142-50-54,cache/1756274588582.png
225,9595,24-92-100-95,cache/1756274588591.png
225,8486,235-83-89-95,cache/1756274588597.png
225,10252,275-129-89-114,cache/1756274588609.png
225,1887,343-99-43-43,cache/1756274588619.png
225,1379,147-87-40-33,cache/1756274588647.png
225,3314,215-58-57-57,cache/1756274588655.png
225,549,322-116-27-19,cache/1756274588670.png
763,5509,220-106-73-74,cache/1756274589026.png
763,7646,33-71-91-83,cache/1756274589034.png
763,5202,323-99-72-72,cache/1756274589043.png
166,5499,303-69-68-80,cache/1756274589365.png
166,1154,228-70-33-34,cache/1756274589373.png
166,2286,236-165-41-54,cache/1756274589380.png
166,2668,295-178-45-58,cache/1756274589388.png
166,2198,360-148-43-50,cache/1756274589399.png
166,12452,101-145-99-125,cache/1756274589406.png
166,1334,196-110-32-41,cache/1756274589414.png
166,5240,117-91-78-66,cache/1756274589421.png
166,4410,108-60-62-70,cache/1756274589428.png
836,4529,37-95-68-66,cache/1756274589747.png
836,2361,142-176-43-54,cache/1756274589755.png
836,2491,209-152-47-52,cache/1756274589764.png
836,815,205-102-28-28,cache/1756274589769.png
836,4362,289-62-60-71,cache/1756274589774.png
836,2071,340-145-44-46,cache/1756274589779.png
836,3616,239-51-54-66,cache/1756274589787.png
836,1237,347-108-33-36,cache/1756274589793.png
738,1354,256-149-36-37,cache/1756274590084.png
738,1192,179-86-31-38,cache/1756274590089.png
738,7408,401-89-78-94,cache/1756274590093.png
803,3893,195-76-61-63,cache/1756274590399.png
803,2934,93-161-51-57,cache/1756274590405.png
803,2271,40-116-48-47,cache/1756274590410.png
803,3637,272-189-57-63,cache/1756274590415.png
803,1193,302-93-31-38,cache/1756274590420.png
803,1385,244-156-36-37,cache/1756274590425.png
803,7366,334-93-79-93,cache/1756274590429.png
803,1041,167-82-29-35,cache/1756274590434.png
330,1238,371-129-35-35,cache/1756274590762.png
330,1045,323-109-32-32,cache/1756274590771.png
330,12419,52-107-107-115,cache/1756274590777.png
330,4124,251-36-57-71,cache/1756274590783.png
330,7520,179-99-76-98,cache/1756274590788.png
330,12219,121-154-97-125,cache/1756274590794.png
330,4256,125-88-62-68,cache/1756274590799.png
330,838,239-89-28-29,cache/1756274590804.png
134,3955,322-83-63-62,cache/1756274591107.png
134,4333,55-91-66-65,cache/1756274591115.png
134,2740,240-49-51-53,cache/1756274591121.png
134,2150,287-137-45-47,cache/1756274591127.png
134,4621,112-60-62-74,cache/1756274591135.png
134,5407,163-45-73-73,cache/1756274591141.png
134,2540,208-200-43-58,cache/1756274591147.png
362,3296,254-183-54-60,cache/1756274591459.png
362,4936,218-66-66-74,cache/1756274591469.png
362,7547,131-170-86-87,cache/1756274591474.png
362,768,152-95-27-28,cache/1756274591480.png
362,1661,191-133-37-43,cache/1756274591484.png
362,5375,296-80-66-80,cache/1756274591490.png
362,1522,366-122-36-41,cache/1756274591495.png
362,426,283-88-15-27,cache/1756274591500.png
718,2700,291-175-48-55,cache/1756274591808.png
718,7992,185-93-86-92,cache/1756274591816.png
718,1300,115-165-35-36,cache/1756274591822.png
718,1486,313-108-38-38,cache/1756274591826.png
718,1407,85-120-34-40,cache/1756274591831.png
718,1171,393-145-34-33,cache/1756274591836.png
718,2286,236-193-41-55,cache/1756274591840.png
718,1079,255-78-32-33,cache/1756274591845.png
718,5716,161-65-75-75,cache/1756274591850.png
212,9331,218-125-89-104,cache/1756274592145.png
212,4838,189-224-64-74,cache/1756274592152.png
212,5467,329-73-68-79,cache/1756274592158.png
212,10780,121-108-101-106,cache/1756274592163.png
212,6182,65-86-71-86,cache/1756274592169.png
212,1060,258-89-30-35,cache/1756274592175.png
212,960,147-92-38-24,cache/1756274592180.png
117,7280,221-133-84-86,cache/1756274592480.png
117,2569,381-121-53-48,cache/1756274592488.png
117,1163,344-118-34-34,cache/1756274592493.png
117,1813,152-128-38-47,cache/1756274592498.png
117,1306,196-82-34-37,cache/1756274592502.png
117,1400,127-101-34-40,cache/1756274592506.png
592,8195,184-148-89-91,cache/1756274592835.png
592,6014,264-46-78-76,cache/1756274592843.png
592,3220,356-148-57-56,cache/1756274592849.png
592,8107,151-85-83-96,cache/1756274592854.png
592,1490,115-105-35-42,cache/1756274592859.png
592,860,237-89-28-29,cache/1756274592864.png
280,3172,169-49-56-56,cache/1756274593149.png
280,7355,267-80-79-93,cache/1756274593156.png
280,8686,369-101-88-98,cache/1756274593161.png
752,11095,221-169-90-122,cache/1756274593462.png
752,7610,88-113-79-96,cache/1756274593470.png
752,788,160-118-25-30,cache/1756274593477.png
752,1084,212-75-31-34,cache/1756274593484.png
752,4783,309-70-64-73,cache/1756274593490.png
752,792,187-99-27-28,cache/1756274593496.png
752,1004,261-88-28-35,cache/1756274593505.png
752,1536,356-123-36-42,cache/1756274593511.png
752,2467,307-179-42-58,cache/1756274593517.png
752,1844,316-136-39-46,cache/1756274593523.png
942,3914,328-80-62-62,cache/1756274593900.png
942,2343,207-182-41-56,cache/1756274593906.png
942,1858,51-122-43-42,cache/1756274593917.png
942,2615,71-143-50-52,cache/1756274593924.png
942,2255,333-166-42-52,cache/1756274593936.png
942,973,174-81-28-34,cache/1756274593945.png
942,7305,390-90-81-89,cache/1756274593958.png
942,5459,218-78-65-83,cache/1756274593982.png
281,1286,244-109-33-38,cache/1756274594286.png
281,6740,109-68-82-81,cache/1756274594291.png
281,1932,58-122-42-45,cache/1756274594298.png
281,2173,161-158-43-49,cache/1756274594304.png
28,4466,27-91-68-65,cache/1756274594629.png
28,3950,216-195-59-66,cache/1756274594636.png
28,7411,126-151-85-86,cache/1756274594641.png
28,3302,130-68-57-57,cache/1756274594648.png
28,10099,355-95-102-98,cache/1756274594656.png
28,1401,271-158-37-37,cache/1756274594663.png
28,859,204-77-27-31,cache/1756274594668.png
28,10002,271-90-94-105,cache/1756274594676.png
28,8056,279-90-86-93,cache/1756274594683.png
28,948,240-83-28-33,cache/1756274594689.png
800,3600,235-66-59-60,cache/1756274595023.png
800,10915,126-149-95-113,cache/1756274595029.png
800,9322,126-165-95-97,cache/1756274595035.png
800,1788,132-149-48-36,cache/1756274595040.png
646,16165,255-145-119-134,cache/1756274595352.png
646,11898,148-129-102-115,cache/1756274595362.png
646,2367,102-155-46-50,cache/1756274595368.png
646,1073,72-111-32-32,cache/1756274595373.png
646,4346,206-49-58-73,cache/1756274595381.png
646,1603,160-88-39-40,cache/1756274595386.png
646,8615,367-104-86-100,cache/1756274595391.png
646,5670,294-85-72-78,cache/1756274595397.png
866,5497,371-115-75-72,cache/1756274595688.png
866,2802,204-41-52-53,cache/1756274595696.png
866,831,296-88-28-29,cache/1756274595701.png
866,2585,250-198-44-58,cache/1756274595706.png
866,1961,82-119-41-47,cache/1756274595711.png
866,5036,136-67-66-76,cache/1756274595716.png
866,9894,118-138-87-112,cache/1756274595721.png
866,1284,102-148-25-49,cache/1756274595727.png
296,5086,159-47-68-74,cache/1756274596001.png
296,10280,241-112-96-106,cache/1756274596008.png
296,9822,377-89-99-99,cache/1756274596014.png
296,1679,227-191-40-41,cache/1756274596020.png
296,1442,85-108-35-40,cache/1756274596025.png
296,4290,271-53-60-71,cache/1756274596030.png
296,1464,348-112-34-42,cache/1756274596035.png
481,7761,115-147-88-88,cache/1756274596312.png
481,3366,196-51-57-58,cache/1756274596321.png
481,2298,368-146-44-51,cache/1756274596327.png
481,1080,85-107-32-32,cache/1756274596332.png
481,1647,71-164-40-40,cache/1756274596338.png
481,10254,196-188-100-102,cache/1756274596343.png
481,734,254-69-26-27,cache/1756274596349.png
481,6639,281-77-73-90,cache/1756274596354.png
481,2023,35-126-42-47,cache/1756274596360.png
481,1446,127-89-37-38,cache/1756274596366.png
821,3810,197-220-56-66,cache/1756274596647.png
821,4986,154-61-76-65,cache/1756274596655.png
821,2713,277-190-48-55,cache/1756274596661.png
821,8227,165-94-88-93,cache/1756274596667.png
821,2865,231-172-50-56,cache/1756274596673.png
821,10466,326-110-102-102,cache/1756274596678.png
821,2658,271-59-49-53,cache/1756274596684.png
821,8211,16-82-92-88,cache/1756274596690.png
821,4825,305-73-63-75,cache/1756274596696.png
821,1143,83-146-34-33,cache/1756274596701.png
799,8271,243-162-90-91,cache/1756274597064.png
799,10555,58-123-100-105,cache/1756274597070.png
799,1095,364-121-33-32,cache/1756274597076.png
799,1170,300-93-31-37,cache/1756274597080.png
799,3909,210-51-56-69,cache/1756274597085.png
799,1734,160-136-37-46,cache/1756274597090.png
630,4414,249-54-59-73,cache/1756274597381.png
630,2297,336-162-43-52,cache/1756274597388.png
630,1003,224-117-31-31,cache/1756274597393.png
630,5005,372-96-71-69,cache/1756274597397.png
630,1283,203-79-34-37,cache/1756274597401.png
474,884,207-90-29-30,cache/1756274597676.png
474,10141,266-134-89-113,cache/1756274597681.png
474,2045,164-154-39-51,cache/1756274597687.png
309,6623,279-59-82-80,cache/1756274597963.png
309,1017,167-115-31-32,cache/1756274597968.png
309,679,245-74-25-26,cache/1756274597972.png
468,3855,209-244-54-70,cache/1756274598259.png
468,10986,339-108-107-102,cache/1756274598268.png
468,2184,154-123-45-48,cache/1756274598274.png
468,983,113-109-30-31,cache/1756274598281.png
468,2202,261-175-40-53,cache/1756274598290.png
468,1835,120-144-38-47,cache/1756274598295.png
468,5872,276-79-68-85,cache/1756274598300.png
468,1151,231-94-29-38,cache/1756274598305.png
468,1014,191-81-28-35,cache/1756274598310.png
891,5036,251-104-70-71,cache/1756274598603.png
891,2129,238-223-45-47,cache/1756274598610.png
891,8712,32-81-90-96,cache/1756274598616.png
891,8819,357-107-87-100,cache/1756274598622.png
891,9456,115-124-86-108,cache/1756274598627.png
891,5649,188-74-66-84,cache/1756274598633.png
827,4824,336-97-70-68,cache/1756274598916.png
827,3471,321-173-58-59,cache/1756274598924.png
827,1072,102-116-32-32,cache/1756274598929.png
827,4104,225-40-61-67,cache/1756274598934.png
827,11320,155-149-92-121,cache/1756274598939.png
827,1199,282-80-32-36,cache/1756274598945.png
827,4401,145-65-63-69,cache/1756274598950.png
827,868,255-98-29-29,cache/1756274598956.png
827,5139,151-108-78-65,cache/1756274598960.png
667,4432,45-95-67-65,cache/1756274599258.png
667,2319,287-177-42-54,cache/1756274599266.png
667,3300,189-207-51-63,cache/1756274599271.png
667,2580,162-159-47-54,cache/1756274599276.png
667,1270,314-102-32-39,cache/1756274599281.png
667,1777,357-137-38-45,cache/1756274599285.png
667,1078,217-93-29-36,cache/1756274599290.png
248,20012,163-170-134-148,cache/1756274599565.png
248,3213,267-68-56-56,cache/1756274599576.png
248,6912,115-145-82-83,cache/1756274599582.png
248,1027,192-153-33-30,cache/1756274599588.png
248,1466,242-127-34-43,cache/1756274599593.png
29,9585,23-83-101-94,cache/1756274599878.png
29,2230,328-125-46-48,cache/1756274599885.png
29,3618,213-70-59-60,cache/1756274599891.png
29,777,272-88-27-28,cache/1756274599896.png
182,8067,303-76-89-89,cache/1756274600176.png
182,9909,154-100-94-105,cache/1756274600183.png
182,7188,76-147-85-84,cache/1756274600188.png
182,3625,198-196-55-64,cache/1756274600194.png
182,1076,249-66-30-34,cache/1756274600199.png
714,1981,408-131-42-46,cache/1756274600484.png
714,2657,202-199-44-59,cache/1756274600490.png
714,5797,123-81-68-84,cache/1756274600494.png
714,4215,172-56-58-72,cache/1756274600499.png
48,8311,123-174-90-91,cache/1756274600792.png
48,1089,285-123-32-33,cache/1756274600799.png
48,1933,262-153-38-50,cache/1756274600804.png
48,1589,198-129-34-45,cache/1756274600808.png
939,5678,119-59-74-75,cache/1756274601161.png
939,2033,375-145-41-48,cache/1756274601166.png
939,5494,261-77-66-82,cache/1756274601171.png
939,3977,253-195-59-66,cache/1756274601176.png
939,1699,80-127-38-44,cache/1756274601181.png
939,877,221-103-29-29,cache/1756274601186.png
26,1701,108-180-41-41,cache/1756274601462.png
26,2414,357-128-50-48,cache/1756274601469.png
26,1604,50-116-37-42,cache/1756274601474.png
26,1578,403-120-36-43,cache/1756274601479.png
26,1815,143-142-38-47,cache/1756274601483.png
26,10597,185-142-90-117,cache/1756274601488.png
26,4893,174-69-62-77,cache/1756274601495.png
886,17044,200-146-121-140,cache/1756274601785.png
886,4912,171-46-68-71,cache/1756274601796.png
886,2740,344-161-49-55,cache/1756274601801.png
886,4083,336-85-64-63,cache/1756274601807.png
886,1226,301-86-33-36,cache/1756274601812.png
886,6922,33-87-78-87,cache/1756274601817.png
886,1257,382-139-35-35,cache/1756274601823.png
886,1280,156-92-33-38,cache/1756274601828.png
886,1245,270-103-31-39,cache/1756274601833.png
886,1195,209-145-39-30,cache/1756274601838.png
825,1204,249-82-33-35,cache/1756274602134.png
825,10137,177-134-88-114,cache/1756274602140.png
825,1468,164-101-37-39,cache/1756274602148.png
688,7334,204-156-85-85,cache/1756274602438.png
688,5176,376-99-73-70,cache/1756274602445.png
688,7765,95-65-88-87,cache/1756274602451.png
688,2529,25-120-52-48,cache/1756274602456.png
688,3011,152-156-52-57,cache/1756274602462.png
688,3192,180-53-55-57,cache/1756274602467.png
688,4580,243-51-60-75,cache/1756274602473.png
688,1040,309-112-31-32,cache/1756274602478.png
516,8877,340-92-91-96,cache/1756274602748.png
516,6672,189-50-81-81,cache/1756274602756.png
516,1809,280-90-42-42,cache/1756274602762.png
919,2170,335-133-43-49,cache/1756274603069.png
919,2633,158-158-47-55,cache/1756274603074.png
919,4132,125-79-63-64,cache/1756274603079.png
919,5095,203-66-65-78,cache/1756274603084.png
919,4197,266-50-58-71,cache/1756274603089.png
703,6471,284-61-79-81,cache/1756274603382.png
703,9241,368-92-93-98,cache/1756274603390.png
703,5851,207-124-75-77,cache/1756274603396.png
703,1387,113-103-35-39,cache/1756274603401.png
703,1348,194-79-36-36,cache/1756274603406.png
517,5167,273-43-69-74,cache/1756274603696.png
517,7021,45-68-78-88,cache/1756274603704.png
517,8067,114-149-89-90,cache/1756274603710.png
517,5822,354-101-77-75,cache/1756274603716.png
517,6617,190-76-71-92,cache/1756274603722.png
517,10072,242-182-99-101,cache/1756274603728.png
517,2065,231-146-39-52,cache/1756274603735.png
517,2598,340-161-46-56,cache/1756274603742.png
517,1032,142-101-31-32,cache/1756274603747.png
517,691,192-68-38-18,cache/1756274603753.png
563,5897,314-58-71-82,cache/1756274604037.png
563,2182,52-135-43-49,cache/1756274604044.png
563,5641,394-95-76-73,cache/1756274604049.png
563,1225,266-78-32-37,cache/1756274604054.png
563,3825,201-172-58-65,cache/1756274604059.png
563,3592,244-219-51-70,cache/1756274604064.png
563,1197,322-121-34-34,cache/1756274604068.png
563,816,166-90-29-28,cache/1756274604075.png
563,1901,174-101-42-44,cache/1756274604081.png
742,10600,48-104-96-109,cache/1756274604358.png
742,2353,175-224-47-49,cache/1756274604366.png
742,1107,325-113-33-33,cache/1756274604371.png
742,1877,240-141-37-49,cache/1756274604375.png
742,980,229-73-28-34,cache/1756274604379.png
554,17751,163-155-123-144,cache/1756274604662.png
554,1891,356-106-44-42,cache/1756274604672.png
554,1894,340-180-43-43,cache/1756274604677.png
554,4918,160-57-63-77,cache/1756274604683.png
554,1198,93-124-34-34,cache/1756274604691.png
554,2829,107-140-53-53,cache/1756274604697.png
554,2501,258-150-47-52,cache/1756274604703.png
554,1336,275-100-32-40,cache/1756274604708.png
554,1078,237-81-29-36,cache/1756274604714.png
310,9899,221-128-91-107,cache/1756274605008.png
310,2735,201-55-51-52,cache/1756274605018.png
310,4746,164-112-67-70,cache/1756274605023.png
310,2571,329-148-50-51,cache/1756274605028.png
310,1788,79-106-43-41,cache/1756274605032.png
310,1885,348-124-44-42,cache/1756274605037.png
310,993,153-88-28-34,cache/1756274605042.png
310,1271,295-117-31-40,cache/1756274605046.png
716,3415,228-55-57-58,cache/1756274605338.png
716,6873,119-146-82-82,cache/1756274605346.png
716,1167,397-123-34-33,cache/1756274605352.png
716,2055,210-222-44-46,cache/1756274605357.png
716,2115,333-129-42-49,cache/1756274605362.png
716,2667,296-187-45-58,cache/1756274605366.png
716,4528,86-85-67-67,cache/1756274605371.png
716,2625,309-156-51-51,cache/1756274605376.png
716,3983,164-73-62-63,cache/1756274605381.png
255,2841,103-168-48-58,cache/1756274605664.png
255,6294,332-126-80-78,cache/1756274605673.png
255,1924,160-208-43-44,cache/1756274605678.png
255,1195,92-125-34-34,cache/1756274605683.png
255,7019,174-51-81-85,cache/1756274605688.png
255,7175,268-70-81-87,cache/1756274605693.png
255,7426,221-97-75-98,cache/1756274605699.png
255,4703,242-31-69-67,cache/1756274605704.png
893,2587,197-178-46-55,cache/1756274606006.png
893,2098,386-127-44-47,cache/1756274606018.png
893,2349,72-138-47-49,cache/1756274606022.png
130,6336,171-58-77-81,cache/1756274606335.png
130,7739,37-93-82-93,cache/1756274606343.png
130,3739,116-186-58-63,cache/1756274606349.png
130,7602,276-101-77-97,cache/1756274606354.png
130,2680,151-152-49-53,cache/1756274606361.png
130,1367,123-103-33-40,cache/1756274606366.png
130,5988,324-77-69-86,cache/1756274606371.png
879,5035,90-104-71-70,cache/1756274606673.png
879,2167,390-117-47-45,cache/1756274606681.png
879,847,209-101-28-29,cache/1756274606685.png
721,8351,0-86-87-95,cache/1756274607012.png
721,12242,289-133-106-115,cache/1756274607025.png
721,7252,152-136-84-85,cache/1756274607037.png
721,5771,368-118-72-79,cache/1756274607043.png
721,2175,244-205-46-47,cache/1756274607048.png
721,1062,320-97-28-37,cache/1756274607054.png
721,5736,128-72-68-83,cache/1756274607059.png
721,8369,250-98-86-96,cache/1756274607078.png
347,11270,145-138-93-120,cache/1756274607410.png
347,9635,245-83-83-114,cache/1756274607418.png
347,1348,131-105-33-40,cache/1756274607423.png
347,1551,87-114-36-42,cache/1756274607427.png
347,731,304-98-24-29,cache/1756274607431.png
347,537,270-83-28-18,cache/1756274607436.png
339,994,197-110-31-31,cache/1756274607743.png
339,953,289-101-30-31,cache/1756274607751.png
339,2866,274-200-46-61,cache/1756274607757.png
339,4738,369-86-69-68,cache/1756274607762.png
339,1356,142-83-35-37,cache/1756274607767.png
339,2291,64-122-50-45,cache/1756274607771.png
339,2095,332-148-41-50,cache/1756274607779.png
339,1792,152-135-37-47,cache/1756274607786.png
339,2381,76-162-44-53,cache/1756274607791.png
339,4277,217-45-58-73,cache/1756274607796.png
543,15107,126-166-112-133,cache/1756274608100.png
543,7905,36-90-85-92,cache/1756274608107.png
543,2477,384-141-48-50,cache/1756274608114.png
543,1382,304-168-36-37,cache/1756274608119.png
543,1645,310-95-40-40,cache/1756274608124.png
543,686,229-79-25-26,cache/1756274608129.png
543,1375,169-85-36-38,cache/1756274608134.png
543,1349,144-107-34-38,cache/1756274608139.png
726,3807,94-69-62-61,cache/1756274608439.png
726,4856,182-40-67-71,cache/1756274608447.png
726,1049,365-115-32-31,cache/1756274608452.png
726,1792,155-195-42-42,cache/1756274608456.png
726,1234,272-141-34-35,cache/1756274608461.png
726,2262,119-165-42-53,cache/1756274608466.png
726,2206,350-147-44-49,cache/1756274608471.png
804,1285,373-148-36-35,cache/1756274608771.png
804,4760,92-107-69-68,cache/1756274608785.png
804,5289,166-54-73-72,cache/1756274608797.png
804,1358,148-162-37-36,cache/1756274608807.png
804,1557,70-108-37-41,cache/1756274608818.png
489,12946,318-100-115-111,cache/1756274609143.png
489,1235,192-125-35-35,cache/1756274609167.png
489,4715,255-199-65-72,cache/1756274609184.png
489,11895,63-126-99-119,cache/1756274609192.png
489,635,101-111-35-17,cache/1756274609203.png
489,1571,157-91-37-41,cache/1756274609211.png
489,4273,337-64-82-51,cache/1756274609219.png
489,1335,427-136-35-37,cache/1756274609228.png
489,4823,265-53-62-76,cache/1756274609236.png
489,1078,229-79-29-36,cache/1756274609243.png
576,1575,318-182-39-39,cache/1756274609538.png
576,2718,211-51-51-52,cache/1756274609547.png
576,3521,237-81-58-60,cache/1756274609559.png
576,7578,264-101-83-91,cache/1756274609571.png
576,1043,90-132-33-31,cache/1756274609584.png
576,725,181-88-26-27,cache/1756274609592.png
576,10798,167-158-90-119,cache/1756274609598.png
576,2191,133-162-40-54,cache/1756274609610.png
576,1161,307-90-38-30,cache/1756274609631.png
576,1792,100-151-37-47,cache/1756274609644.png
234,12903,77-143-109-117,cache/1756274609933.png
234,7483,338-83-84-88,cache/1756274609942.png
234,11465,221-105-103-110,cache/1756274609953.png
234,5246,91-86-77-67,cache/1756274609962.png
234,2100,185-220-45-46,cache/1756274609971.png
234,1578,345-173-40-39,cache/1756274609978.png
234,3880,258-69-66-58,cache/1756274609985.png
234,5956,272-46-77-77,cache/1756274609997.png
234,1261,229-71-32-38,cache/1756274610003.png
234,3598,166-61-59-60,cache/1756274610013.png
108,4676,367-93-69-67,cache/1756274610317.png
108,1017,127-118-31-31,cache/1756274610323.png
108,922,236-76-28-32,cache/1756274610328.png
108,1230,182-106-31-38,cache/1756274610332.png
293,1866,301-188-42-43,cache/1756274610615.png
293,2983,80-158-51-57,cache/1756274610621.png
293,1016,317-104-31-32,cache/1756274610628.png
293,1946,408-122-41-46,cache/1756274610633.png
293,6617,70-71-75-87,cache/1756274610638.png
293,2033,44-136-41-49,cache/1756274610643.png
293,929,184-72-25-35,cache/1756274610650.png
293,5900,208-57-72-81,cache/1756274610655.png
293,3755,236-35-55-67,cache/1756274610660.png
412,5850,145-114-76-76,cache/1756274610951.png
412,4242,294-74-64-65,cache/1756274610957.png
412,12083,206-152-95-126,cache/1756274610962.png
412,1317,48-135-37-35,cache/1756274610970.png
951,1028,97-110-32-31,cache/1756274611253.png
951,7879,247-76-87-89,cache/1756274611261.png
951,2446,347-163-45-54,cache/1756274611266.png
951,2674,381-146-51-51,cache/1756274611271.png
951,2725,224-45-51-52,cache/1756274611276.png
951,9126,165-86-93-97,cache/1756274611281.png
951,1728,166-70-56-30,cache/1756274611288.png
860,12214,307-107-109-111,cache/1756274611567.png
860,1923,99-105-43-43,cache/1756274611576.png
860,3992,141-197-58-67,cache/1756274611581.png
860,4105,220-51-57-71,cache/1756274611586.png
438,3109,264-52-55-55,cache/1756274611890.png
438,5859,53-125-77-75,cache/1756274611898.png
438,2732,208-40-51-53,cache/1756274611903.png
438,8195,135-182-90-90,cache/1756274611909.png
438,3577,115-64-59-60,cache/1756274611915.png
438,4711,141-103-68-68,cache/1756274611920.png
438,9752,292-132-88-109,cache/1756274611926.png
438,1959,376-145-38-50,cache/1756274611932.png
438,1412,335-98-36-39,cache/1756274611937.png
438,955,256-110-30-31,cache/1756274611942.png
59,5784,115-129-76-75,cache/1756274612263.png
59,8761,369-94-97-90,cache/1756274612271.png
59,4824,195-38-69-69,cache/1756274612277.png
59,4102,257-90-63-64,cache/1756274612282.png
59,939,186-112-30-30,cache/1756274612287.png
59,970,247-91-26-36,cache/1756274612292.png
59,960,300-84-28-34,cache/1756274612297.png
783,9817,301-88-100-97,cache/1756274612631.png
783,4616,171-55-60-75,cache/1756274612639.png
783,1433,265-74-37-37,cache/1756274612645.png
783,2175,267-217-46-47,cache/1756274612651.png
783,2106,228-162-39-52,cache/1756274612656.png
783,1077,163-119-32-33,cache/1756274612661.png
783,1717,320-184-41-41,cache/1756274612666.png
783,2045,96-145-41-49,cache/1756274612671.png
783,5925,75-71-72-82,cache/1756274612677.png
783,1869,320-70-61-30,cache/1756274612684.png
155,5541,44-113-75-73,cache/1756274612971.png
155,3750,107-76-61-61,cache/1756274612977.png
155,13079,242-123-111-116,cache/1756274612983.png
155,7465,322-80-83-89,cache/1756274612990.png
155,5790,274-56-77-75,cache/1756274612996.png
155,3611,201-49-54-66,cache/1756274613002.png
155,2977,228-208-46-63,cache/1756274613008.png
155,2589,151-185-44-58,cache/1756274613016.png
780,7739,91-155-88-87,cache/1756274613302.png
780,2488,339-170-45-55,cache/1756274613310.png
780,4954,10-89-71-68,cache/1756274613315.png
31,9124,358-77-99-92,cache/1756274613630.png
31,6596,58-70-76-86,cache/1756274613639.png
31,1234,273-135-34-35,cache/1756274613644.png
31,1578,347-167-40-39,cache/1756274613649.png
31,2622,103-176-46-56,cache/1756274613653.png
31,1262,234-93-31-40,cache/1756274613658.png
31,2178,189-141-43-50,cache/1756274613663.png
31,1418,173-83-35-39,cache/1756274613667.png
44,6276,135-67-75-83,cache/1756274613939.png
44,2272,272-120-47-48,cache/1756274613946.png
44,3061,188-201-47-64,cache/1756274613950.png
44,1525,347-111-36-42,cache/1756274613955.png
44,1396,311-146-37-37,cache/1756274613959.png
44,697,225-73-25-26,cache/1756274613963.png
682,5455,20-92-75-72,cache/1756274614245.png
682,3310,254-51-57-57,cache/1756274614254.png
682,1713,71-163-41-40,cache/1756274614260.png
682,1182,326-117-34-34,cache/1756274614266.png
682,10566,222-179-101-103,cache/1756274614272.png
682,2133,393-131-43-49,cache/1756274614284.png
682,5017,156-56-64-78,cache/1756274614289.png
682,3623,180-170-56-64,cache/1756274614297.png
682,3498,311-185-55-62,cache/1756274614303.png
682,711,223-69-26-27,cache/1756274614308.png
52,2504,86-132-50-49,cache/1756274614600.png
52,5644,308-70-68-81,cache/1756274614605.png
52,1931,229-156-38-50,cache/1756274614610.png
52,1643,182-94-39-41,cache/1756274614615.png
52,1503,204-121-34-43,cache/1756274614620.png
52,1297,283-152-35-36,cache/1756274614625.png
418,10538,259-143-90-116,cache/1756274614902.png
418,8265,149-119-80-102,cache/1756274614908.png
418,5123,92-71-65-77,cache/1756274614913.png
418,6737,181-89-77-87,cache/1756274614919.png
418,5843,315-80-70-82,cache/1756274614926.png
418,952,164-88-28-33,cache/1756274614931.png
57,3269,136-177-54-59,cache/1756274615209.png
57,13155,266-146-108-120,cache/1756274615215.png
57,2770,203-46-52-53,cache/1756274615221.png
57,8917,222-100-90-98,cache/1756274615226.png
57,1472,366-163-37-39,cache/1756274615232.png
57,1627,73-117-37-43,cache/1756274615238.png
57,4274,349-82-65-65,cache/1756274615243.png
57,1080,158-86-29-36,cache/1756274615248.png
57,710,311-126-33-21,cache/1756274615252.png
973,3782,228-172-58-64,cache/1756274615558.png
973,1596,264-91-38-41,cache/1756274615566.png
973,1628,151-82-40-39,cache/1756274615570.png
640,5297,32-93-73-71,cache/1756274615862.png
640,3806,162-203-55-68,cache/1756274615872.png
640,4726,193-56-63-74,cache/1756274615877.png
640,7562,311-61-89-84,cache/1756274615883.png
640,6156,251-117-77-78,cache/1756274615888.png
640,4252,259-46-59-70,cache/1756274615894.png
640,2040,233-197-44-45,cache/1756274615900.png
144,12740,61-122-107-118,cache/1756274616189.png
144,8594,209-172-91-93,cache/1756274616198.png
144,8809,348-104-87-100,cache/1756274616203.png
144,4470,144-86-66-67,cache/1756274616209.png
144,781,110-102-31-24,cache/1756274616215.png
144,1323,209-63-36-36,cache/1756274616220.png
144,4136,246-40-58-71,cache/1756274616226.png
144,759,57-132-22-34,cache/1756274616232.png
200,7281,65-67-81-89,cache/1756274616522.png
200,4636,333-87-69-67,cache/1756274616530.png
200,11613,99-108-108-106,cache/1756274616536.png
200,2255,261-124-45-49,cache/1756274616542.png
200,2033,327-142-40-49,cache/1756274616547.png
200,12923,136-160-99-130,cache/1756274616552.png
693,8764,273-76-92-94,cache/1756274616830.png
693,10333,131-127-89-115,cache/1756274616839.png
693,2202,401-139-42-52,cache/1756274616844.png
693,918,164-92-29-30,cache/1756274616849.png
693,2548,361-162-46-55,cache/1756274616853.png
700,4529,167-60-62-72,cache/1756274617145.png
700,1126,217-130-33-33,cache/1756274617153.png
700,9757,103-124-88-110,cache/1756274617158.png
700,2468,242-181-43-57,cache/1756274617163.png
700,1003,259-74-30-33,cache/1756274617168.png
700,1286,298-102-32-39,cache/1756274617172.png
700,7935,344-98-83-95,cache/1756274617177.png
700,585,108-117-29-19,cache/1756274617182.png
600,11289,239-123-102-109,cache/1756274617461.png
600,1741,110-118-41-41,cache/1756274617470.png
600,1857,182-209-42-43,cache/1756274617474.png
600,1179,161-147-34-34,cache/1756274617480.png
600,4354,201-67-58-73,cache/1756274617484.png
600,6816,333-94-74-91,cache/1756274617489.png
600,3117,284-65-55-56,cache/1756274617494.png
705,2357,42-136-45-51,cache/1756274617803.png
705,14291,126-155-107-132,cache/1756274617809.png
705,3446,144-54-56-61,cache/1756274617816.png
705,7051,332-142-84-83,cache/1756274617821.png
705,5934,182-72-68-87,cache/1756274617827.png
705,941,249-98-29-31,cache/1756274617832.png
705,4329,264-40-59-72,cache/1756274617837.png
705,1716,114-121-37-45,cache/1756274617842.png
705,905,226-64-27-32,cache/1756274617849.png
324,5082,6-91-72-69,cache/1756274618148.png
324,6453,166-123-79-80,cache/1756274618157.png
324,5778,104-66-71-81,cache/1756274618168.png
324,2886,305-143-52-54,cache/1756274618205.png
324,1139,241-90-30-36,cache/1756274618222.png
324,5985,305-75-72-82,cache/1756274618227.png
324,7034,405-91-74-94,cache/1756274618233.png
324,4185,165-51-58-71,cache/1756274618239.png
324,1884,273-184-42-43,cache/1756274618244.png
661,3280,129-169-54-60,cache/1756274618538.png
661,2448,58-122-50-48,cache/1756274618545.png
661,12560,242-154-98-127,cache/1756274618554.png
661,3586,206-67-59-60,cache/1756274618563.png
661,5409,259-50-73-73,cache/1756274618569.png
661,6550,348-79-76-86,cache/1756274618575.png
661,1472,304-104-35-41,cache/1756274618580.png
661,1423,236-155-29-48,cache/1756274618585.png
