image_index,area,box,file
443,1693,330-139-43-49,cache/1755159070392.png
443,1758,78-131-48-46,cache/1755159070464.png
443,3108,136-87-62-62,cache/1755159070474.png
101,1514,261-120-40-44,cache/1755159071188.png
101,7433,307-99-96-99,cache/1755159071198.png
101,8923,261-99-142-99,cache/1755159071210.png
168,2170,357-147-52-54,cache/1755159072169.png
168,1405,134-186-41-41,cache/1755159072176.png
168,3704,241-42-62-66,cache/1755159072182.png
168,7321,359-95-120-98,cache/1755159072189.png
168,3460,280-97-67-67,cache/1755159072199.png
168,2192,208-118-82-34,cache/1755159072213.png
168,5164,122-56-81-78,cache/1755159072219.png
168,7917,208-118-82-106,cache/1755159072226.png
830,1335,389-129-45-41,cache/1755159072933.png
830,1423,277-141-35-44,cache/1755159072939.png
830,1972,363-152-51-51,cache/1755159072945.png
830,5050,98-153-80-79,cache/1755159072951.png
830,3978,181-53-65-68,cache/1755159072958.png
830,4399,80-77-66-76,cache/1755159072964.png
807,1523,309-127-85-41,cache/1755159073734.png
807,1503,354-128-40-40,cache/1755159073743.png
807,5738,153-177-85-85,cache/1755159073751.png
807,6215,196-109-82-93,cache/1755159073758.png
288,2408,277-192-45-60,cache/1755159074554.png
288,1422,131-185-41-42,cache/1755159074563.png
288,1952,76-156-43-52,cache/1755159074570.png
288,4737,330-116-78-76,cache/1755159074577.png
288,5049,272-63-68-84,cache/1755159074584.png
288,1953,24-126-52-51,cache/1755159074592.png
240,11754,107-147-116-132,cache/1755159075375.png
240,4768,354-85-73-88,cache/1755159075387.png
240,2367,225-78-61-61,cache/1755159075396.png
240,2204,295-118-79-34,cache/1755159075404.png
240,2968,199-43-68-64,cache/1755159075411.png
240,2981,199-43-68-92,cache/1755159075418.png
240,7525,291-118-83-104,cache/1755159075426.png
111,9334,287-140-93-116,cache/1755159076249.png
111,2059,172-172-41-54,cache/1755159076264.png
111,5305,353-97-78-93,cache/1755159076272.png
111,2891,294-71-60-59,cache/1755159076281.png
111,7494,43-87-99-93,cache/1755159076287.png
111,2569,143-60-56-57,cache/1755159076294.png
111,3477,143-60-114-57,cache/1755159076300.png
356,2037,268-166-41-54,cache/1755159076975.png
356,4671,313-116-77-75,cache/1755159076983.png
356,1631,232-113-41-45,cache/1755159076991.png
356,5607,147-63-78-84,cache/1755159076998.png
356,1890,56-122-50-48,cache/1755159077006.png
934,6167,303-93-76-92,cache/1755159077668.png
934,3963,15-98-72-69,cache/1755159077675.png
934,4394,160-75-66-82,cache/1755159077681.png
934,4622,112-121-76-76,cache/1755159077688.png
749,5401,249-155-81-83,cache/1755159078499.png
749,4621,232-72-63-80,cache/1755159078509.png
749,2694,370-91-62-63,cache/1755159078518.png
749,3625,154-104-67-67,cache/1755159078526.png
749,6268,54-83-88-91,cache/1755159078534.png
749,6286,309-106-78-98,cache/1755159078542.png
753,1918,193-167-39-52,cache/1755159079268.png
753,5523,300-87-72-86,cache/1755159079277.png
753,3806,217-42-61-67,cache/1755159079285.png
753,7062,99-99-81-112,cache/1755159079292.png
119,2076,315-144-48-49,cache/1755159080034.png
119,6399,211-65-77-105,cache/1755159080043.png
119,1865,256-50-56-55,cache/1755159080051.png
119,8772,128-115-91-104,cache/1755159080057.png
445,11668,121-147-111-130,cache/1755159080755.png
333,2066,254-172-41-55,cache/1755159081533.png
333,1843,376-152-43-50,cache/1755159081542.png
333,1905,149-159-41-52,cache/1755159081550.png
333,1810,308-124-46-48,cache/1755159081558.png
333,1665,208-114-43-46,cache/1755159081565.png
333,6690,35-96-84-95,cache/1755159081575.png
530,2699,296-179-55-58,cache/1755159082378.png
530,3021,234-205-52-63,cache/1755159082384.png
530,4852,349-74-70-80,cache/1755159082390.png
530,4889,329-74-90-96,cache/1755159082400.png
530,4789,111-125-78-76,cache/1755159082408.png
530,5716,43-101-146-100,cache/1755159082414.png
323,11097,125-172-98-129,cache/1755159083209.png
323,2491,382-90-73-85,cache/1755159083219.png
323,3762,215-38-69-68,cache/1755159083226.png
323,4623,73-71-68-79,cache/1755159083233.png
323,8414,341-116-101-109,cache/1755159083240.png
832,2058,393-131-52-48,cache/1755159084015.png
832,1745,289-146-38-50,cache/1755159084024.png
832,5357,132-135-82-82,cache/1755159084031.png
832,3827,200-241-60-75,cache/1755159084041.png
832,5616,62-77-75-87,cache/1755159084049.png
832,4157,126-54-63-76,cache/1755159084057.png
174,1989,222-144-47-51,cache/1755159084801.png
174,2966,131-191-59-63,cache/1755159084810.png
174,4580,288-79-68-81,cache/1755159084819.png
174,1618,260-65-51-57,cache/1755159084827.png
174,6037,118-96-74-91,cache/1755159084834.png
174,7419,337-114-86-101,cache/1755159084842.png
284,2242,341-163-48-51,cache/1755159085632.png
284,2261,218-187-42-58,cache/1755159085640.png
284,2310,244-51-52-54,cache/1755159085646.png
284,1771,264-103-74-30,cache/1755159085654.png
284,6690,262-103-77-97,cache/1755159085659.png
284,6706,262-103-121-109,cache/1755159085668.png
462,1746,208-224-45-47,cache/1755159086309.png
462,1332,298-181-39-40,cache/1755159086313.png
462,6721,120-90-85-94,cache/1755159086318.png
149,3853,327-112-69-69,cache/1755159087043.png
149,2379,252-62-54-55,cache/1755159087049.png
149,6112,185-88-79-89,cache/1755159087056.png
149,6046,201-182-86-87,cache/1755159087063.png
149,8337,68-116-102-107,cache/1755159087070.png
613,2077,318-165-50-53,cache/1755159087681.png
613,3778,127-64-59-71,cache/1755159087687.png
684,1507,344-136-38-45,cache/1755159088398.png
684,2525,158-200-49-62,cache/1755159088403.png
684,3657,294-57-59-72,cache/1755159088408.png
684,8144,68-118-88-104,cache/1755159088413.png
684,8154,68-118-136-137,cache/1755159088420.png
956,7521,173-177-97-98,cache/1755159089206.png
956,4221,299-67-69-78,cache/1755159089220.png
956,4708,131-92-73-87,cache/1755159089237.png
956,7099,342-103-85-97,cache/1755159089245.png
956,6741,213-120-90-104,cache/1755159089253.png
581,2788,281-180-57-60,cache/1755159089995.png
581,2002,130-156-42-52,cache/1755159090004.png
581,1825,341-77-68-41,cache/1755159090011.png
581,6566,221-87-82-91,cache/1755159090018.png
581,4542,155-70-63-78,cache/1755159090027.png
581,1483,195-51-50-53,cache/1755159090034.png
581,8380,303-100-104-102,cache/1755159090039.png
343,8413,249-130-96-109,cache/1755159090772.png
343,4690,326-100-70-87,cache/1755159090786.png
343,1486,328-100-68-27,cache/1755159090795.png
343,6072,46-90-83-81,cache/1755159090802.png
343,4044,147-70-60-74,cache/1755159090809.png
188,1595,345-152-39-47,cache/1755159091556.png
188,5020,193-154-79-79,cache/1755159091565.png
188,1427,86-136-37-44,cache/1755159091575.png
188,1864,249-40-51-63,cache/1755159091582.png
188,4295,226-68-60-77,cache/1755159091588.png
188,6163,208-40-92-105,cache/1755159091594.png
188,4290,49-75-70-80,cache/1755159091603.png
397,5400,234-153-82-82,cache/1755159092305.png
397,1748,180-153-37-46,cache/1755159092315.png
397,2729,295-72-58-58,cache/1755159092324.png
397,3628,160-55-56-69,cache/1755159092333.png
397,6098,44-74-91-84,cache/1755159092342.png
536,2471,329-181-49-59,cache/1755159093000.png
536,3756,159-222-61-72,cache/1755159093007.png
536,2130,32-127-54-49,cache/1755159093014.png
536,4440,217-33-73-71,cache/1755159093020.png
536,1060,64-157-61-29,cache/1755159093026.png
536,1053,131-236-32-51,cache/1755159093031.png
659,4614,265-127-76-76,cache/1755159093637.png
659,4831,186-78-64-81,cache/1755159093645.png
764,2135,156-159-50-55,cache/1755159095034.png
764,1657,120-146-40-45,cache/1755159095043.png
764,4422,265-50-71-75,cache/1755159095050.png
764,2671,183-69-57-58,cache/1755159095057.png
764,6619,42-84-95-93,cache/1755159095064.png
850,9092,293-127-100-115,cache/1755159095849.png
850,1334,218-196-40-41,cache/1755159095861.png
850,2834,153-210-51-60,cache/1755159095869.png
850,1202,119-220-37-47,cache/1755159095877.png
850,2894,252-73-60-61,cache/1755159095884.png
850,4568,126-57-76-79,cache/1755159095891.png
850,4615,54-73-89-79,cache/1755159095898.png
850,4593,79-126-76-75,cache/1755159095906.png
146,1752,326-132-45-48,cache/1755159096605.png
146,1852,289-160-40-51,cache/1755159096614.png
146,2823,187-222-47-66,cache/1755159096622.png
146,4026,222-42-67-79,cache/1755159096630.png
146,5185,51-77-74-83,cache/1755159096637.png
873,5892,331-135-87-84,cache/1755159097377.png
873,3435,140-216-57-72,cache/1755159097391.png
873,2381,199-181-43-59,cache/1755159097400.png
873,1367,259-98-42-44,cache/1755159097407.png
873,1483,288-119-36-45,cache/1755159097414.png
873,1163,299-91-41-39,cache/1755159097420.png
873,2963,118-60-61-60,cache/1755159097426.png
873,1772,57-107-49-44,cache/1755159097432.png
654,7064,263-138-84-110,cache/1755159098259.png
654,4193,308-61-63-75,cache/1755159098272.png
654,3720,152-51-57-71,cache/1755159098281.png
654,13616,162-173-125-142,cache/1755159098288.png
654,6505,58-104-81-95,cache/1755159098301.png
654,5152,164-173-120-72,cache/1755159098309.png
757,1510,396-136-39-45,cache/1755159099010.png
757,2135,327-154-52-54,cache/1755159099021.png
757,2782,254-220-47-61,cache/1755159099031.png
757,2016,133-183-42-54,cache/1755159099039.png
757,2648,182-204-50-62,cache/1755159099046.png
757,3906,252-46-62-69,cache/1755159099053.png
757,4568,98-71-66-78,cache/1755159099060.png
757,3249,192-91-63-64,cache/1755159099067.png
863,1845,137-136-46-48,cache/1755159099688.png
863,3808,245-43-57-68,cache/1755159099699.png
676,2686,307-192-51-57,cache/1755159100430.png
676,1710,271-149-38-50,cache/1755159100440.png
676,1844,405-133-49-50,cache/1755159100448.png
676,1249,206-173-47-52,cache/1755159100455.png
676,7019,145-184-93-95,cache/1755159100462.png
676,1546,241-122-41-45,cache/1755159100471.png
676,1551,316-104-44-44,cache/1755159100477.png
985,5333,233-142-81-82,cache/1755159101228.png
985,6648,371-96-84-95,cache/1755159101237.png
985,1636,55-117-46-46,cache/1755159101246.png
382,2301,234-151-47-56,cache/1755159102050.png
382,12731,49-129-126-126,cache/1755159102057.png
382,7133,302-77-91-89,cache/1755159102069.png
382,1659,416-125-42-46,cache/1755159102076.png
382,3145,162-67-62-62,cache/1755159102081.png
187,5030,368-85-72-81,cache/1755159102674.png
170,9817,252-154-92-120,cache/1755159103514.png
170,8148,115-129-85-108,cache/1755159103526.png
170,1571,205-141-35-47,cache/1755159103535.png
170,5742,397-89-82-94,cache/1755159103541.png
170,1354,80-124-35-44,cache/1755159103549.png
170,2491,115-129-82-38,cache/1755159103554.png
170,6839,338-109-82-100,cache/1755159103559.png
170,3319,254-154-90-46,cache/1755159103566.png
249,1857,332-174-42-52,cache/1755159104192.png
249,2071,217-61-53-54,cache/1755159104202.png
249,3147,179-94-62-62,cache/1755159104207.png
975,2735,302-189-51-57,cache/1755159105018.png
975,5291,180-136-81-82,cache/1755159105025.png
975,1626,83-138-39-47,cache/1755159105033.png
975,5205,250-80-67-85,cache/1755159105039.png
975,1480,225-65-53-57,cache/1755159105046.png
975,6719,226-65-91-100,cache/1755159105051.png
975,3301,145-99-69-68,cache/1755159105058.png
161,5729,254-164-85-85,cache/1755159105849.png
161,1918,187-178-39-52,cache/1755159105862.png
161,2254,218-64-52-53,cache/1755159105870.png
161,5665,33-99-75-88,cache/1755159105877.png
161,2426,160-100-61-64,cache/1755159105885.png
161,6822,295-106-99-101,cache/1755159105892.png
161,6853,107-120-79-98,cache/1755159105900.png
782,1287,116-170-40-39,cache/1755159106610.png
782,6250,401-91-78-91,cache/1755159106617.png
782,5215,87-75-71-83,cache/1755159106626.png
782,5300,192-66-73-80,cache/1755159106634.png
224,8485,210-129-84-111,cache/1755159107316.png
224,1579,81-135-40-46,cache/1755159107325.png
224,7100,296-86-93-96,cache/1755159107331.png
224,2610,210-129-84-39,cache/1755159107345.png
915,2127,357-138-53-51,cache/1755159108057.png
915,5768,137-147-85-85,cache/1755159108062.png
915,3591,293-89-67-66,cache/1755159108069.png
915,6067,205-68-82-86,cache/1755159108076.png
81,10127,230-157-93-123,cache/1755159108859.png
81,2059,224-46-50-51,cache/1755159108874.png
81,4373,311-67-64-76,cache/1755159108881.png
81,2379,166-59-54-54,cache/1755159108889.png
81,1317,96-99-68-32,cache/1755159108896.png
81,7730,89-123-85-104,cache/1755159108902.png
81,2195,89-122-81-34,cache/1755159108910.png
456,7633,238-128-80-104,cache/1755159109622.png
456,1937,377-142-52-48,cache/1755159109636.png
456,3102,193-232-49-65,cache/1755159109645.png
456,1512,156-246-38-51,cache/1755159109652.png
456,4062,272-94-83-84,cache/1755159109659.png
337,7522,219-127-79-104,cache/1755159110352.png
337,4413,179-85-71-80,cache/1755159110363.png
337,2178,219-127-79-58,cache/1755159110373.png
401,11904,263-140-112-123,cache/1755159111109.png
401,4841,111-63-67-81,cache/1755159111120.png
401,6901,355-109-85-104,cache/1755159111129.png
425,1725,226-129-45-46,cache/1755159111822.png
425,1329,302-185-40-40,cache/1755159111833.png
96,1830,254-133-46-49,cache/1755159112525.png
96,1778,135-150-38-49,cache/1755159112535.png
96,4242,207-41-71-71,cache/1755159112544.png
96,2113,342-116-80-33,cache/1755159112553.png
96,7521,335-116-87-102,cache/1755159112560.png
913,1864,277-166-46-54,cache/1755159113388.png
913,4154,126-128-72-73,cache/1755159113398.png
913,3525,377-102-67-65,cache/1755159113408.png
913,4568,334-102-110-65,cache/1755159113415.png
913,4312,81-85-68-81,cache/1755159113423.png
913,6189,205-183-87-89,cache/1755159113430.png
47,7947,145-138-82-108,cache/1755159114056.png
47,3024,229-39-50-63,cache/1755159114068.png
47,1173,358-90-63-25,cache/1755159114077.png
47,1308,137-106-41-39,cache/1755159114084.png
47,2264,355-115-90-34,cache/1755159114090.png
217,2217,279-204-43-57,cache/1755159114965.png
217,5078,168-155-79-80,cache/1755159114970.png
217,2028,116-155-49-51,cache/1755159114980.png
217,2114,230-51-50-51,cache/1755159114988.png
217,3258,340-95-64-62,cache/1755159114995.png
217,3563,151-53-56-69,cache/1755159115002.png
217,5701,117-138-130-98,cache/1755159115009.png
103,7345,232-139-79-103,cache/1755159115835.png
103,5028,33-92-73-82,cache/1755159115843.png
586,4963,308-138-80-79,cache/1755159116681.png
586,1716,84-155-41-48,cache/1755159116694.png
586,8784,142-142-86-113,cache/1755159116702.png
586,2776,142-142-85-41,cache/1755159116712.png
586,2887,136-93-65-58,cache/1755159116718.png
359,2294,151-179-44-57,cache/1755159117454.png
359,4390,211-110-74-74,cache/1755159117464.png
359,4810,284-73-68-83,cache/1755159117473.png
359,1726,52-123-43-44,cache/1755159117481.png
359,1379,118-100-39-42,cache/1755159117487.png
359,8563,331-119-93-109,cache/1755159117493.png
359,2346,336-119-87-34,cache/1755159117502.png
173,5336,268-141-81-82,cache/1755159118542.png
173,2360,357-156-56-55,cache/1755159118553.png
173,6473,153-170-90-91,cache/1755159118562.png
173,5743,276-70-86-80,cache/1755159118572.png
173,3787,224-34-68-69,cache/1755159118580.png
569,1848,245-178-38-52,cache/1755159119428.png
569,1653,143-133-44-45,cache/1755159119439.png
569,3243,263-54-54-65,cache/1755159119447.png
569,5084,84-71-81-79,cache/1755159119455.png
569,3354,204-45-60-63,cache/1755159119463.png
569,6760,306-105-106-96,cache/1755159119469.png
728,1288,282-174-39-40,cache/1755159120247.png
728,2040,365-152-49-53,cache/1755159120256.png
728,1483,69-131-39-44,cache/1755159120264.png
728,2223,117-182-44-56,cache/1755159120270.png
728,5098,305-80-69-82,cache/1755159120277.png
728,3101,227-44-52-64,cache/1755159120284.png
728,5018,92-63-79-79,cache/1755159120290.png
728,6342,92-63-141-82,cache/1755159120296.png
494,10606,84-142-113-117,cache/1755159121132.png
494,5564,227-77-78-84,cache/1755159121149.png
494,6158,3-83-92-88,cache/1755159121158.png
785,2414,276-195-44-59,cache/1755159121842.png
785,7848,324-94-102-99,cache/1755159121854.png
785,3593,285-58-60-72,cache/1755159121866.png
785,3300,186-47-53-65,cache/1755159121874.png
868,2177,112-158-49-51,cache/1755159122548.png
868,4120,150-67-63-78,cache/1755159122555.png
868,6584,205-93-74-95,cache/1755159122562.png
365,2252,206-186-48-57,cache/1755159123316.png
365,2989,64-80-69-61,cache/1755159123326.png
365,2114,73-123-82-32,cache/1755159123334.png
365,8355,284-104-102-102,cache/1755159123341.png
365,2662,242-212-46-63,cache/1755159123350.png
365,7990,72-123-88-105,cache/1755159123356.png
285,5847,294-153-86-85,cache/1755159124113.png
285,4788,111-128-78-77,cache/1755159124127.png
285,3004,308-71-61-60,cache/1755159124137.png
285,3311,171-83-63-64,cache/1755159124145.png
399,11072,207-160-96-129,cache/1755159124859.png
399,1276,111-172-40-39,cache/1755159124870.png
399,1624,267-117-43-44,cache/1755159124879.png
399,4226,195-66-61-77,cache/1755159124886.png
121,1902,125-166-41-52,cache/1755159125731.png
121,4194,312-116-72-71,cache/1755159125737.png
121,3994,275-66-63-76,cache/1755159125747.png
121,1480,115-125-37-43,cache/1755159125756.png
121,1796,171-81-60-44,cache/1755159125762.png
562,1635,350-146-40-46,cache/1755159126554.png
562,1705,187-224-45-46,cache/1755159126565.png
562,1697,98-136-42-43,cache/1755159126573.png
562,2569,252-72-55-56,cache/1755159126580.png
562,2246,175-60-52-53,cache/1755159126587.png
562,9791,181-125-109-115,cache/1755159126594.png
274,1999,310-151-52-50,cache/1755159127428.png
274,6767,232-92-124-100,cache/1755159127437.png
274,6760,232-92-90-94,cache/1755159127449.png
274,4033,176-67-71-76,cache/1755159127458.png
274,1496,157-120-42-43,cache/1755159127464.png
274,6454,200-183-89-91,cache/1755159127470.png
274,2294,256-54-56-48,cache/1755159127478.png
274,2915,210-191-71-53,cache/1755159127483.png
579,5252,243-56-77-81,cache/1755159128117.png
579,3948,376-103-72-68,cache/1755159128127.png
686,1861,247-164-39-51,cache/1755159128804.png
686,1466,356-128-39-44,cache/1755159128814.png
686,2653,122-185-52-57,cache/1755159128823.png
686,1719,76-150-41-48,cache/1755159128831.png
686,3384,298-71-71-78,cache/1755159128839.png
686,4819,109-80-67-80,cache/1755159128846.png
243,10109,255-129-97-118,cache/1755159129756.png
243,1511,379-130-51-47,cache/1755159129770.png
243,2017,366-159-44-52,cache/1755159129778.png
243,4167,196-229-68-80,cache/1755159129785.png
243,6711,113-158-92-91,cache/1755159129792.png
243,1280,101-140-38-47,cache/1755159129801.png
243,2791,277-80-64-53,cache/1755159129806.png
243,3822,42-92-70-68,cache/1755159129812.png
243,2963,258-129-94-46,cache/1755159129819.png
243,2034,366-151-62-60,cache/1755159129824.png
282,5188,310-127-80-80,cache/1755159130608.png
282,11334,152-135-107-125,cache/1755159130619.png
282,3808,251-97-68-69,cache/1755159130632.png
282,3168,110-80-64-63,cache/1755159130640.png
282,656,139-134-43-45,cache/1755159130647.png
580,11040,225-159-100-125,cache/1755159131334.png
580,4327,272-119-79-101,cache/1755159131348.png
580,4440,161-174-71-98,cache/1755159131358.png
378,1352,313-170-40-41,cache/1755159132375.png
378,2469,103-184-48-60,cache/1755159132385.png
378,3628,308-83-67-67,cache/1755159132393.png
378,7037,45-81-92-97,cache/1755159132401.png
378,7597,378-100-90-101,cache/1755159132410.png
378,8351,204-184-101-104,cache/1755159132418.png
378,4878,132-117-78-78,cache/1755159132429.png
254,10162,157-163-93-124,cache/1755159133493.png
254,6985,364-87-98-94,cache/1755159133506.png
254,3948,237-113-70-70,cache/1755159133516.png
254,3963,226-83-81-100,cache/1755159133523.png
254,3796,72-79-82-64,cache/1755159133531.png
254,8422,75-121-109-113,cache/1755159133537.png
79,1663,312-134-38-47,cache/1755159134292.png
79,5323,95-127-82-80,cache/1755159134302.png
105,1689,376-135-44-48,cache/1755159135077.png
105,2187,240-172-42-53,cache/1755159135088.png
105,4463,305-65-65-76,cache/1755159135097.png
105,2168,260-55-50-55,cache/1755159135106.png
105,5743,133-78-74-82,cache/1755159135112.png
105,2141,203-46-50-52,cache/1755159135120.png
739,1927,265-177-42-54,cache/1755159135878.png
739,2684,233-215-46-64,cache/1755159135889.png
739,2903,148-192-58-63,cache/1755159135898.png
739,6340,363-94-82-92,cache/1755159135907.png
739,2529,157-56-55-57,cache/1755159135916.png
739,6743,194-106-75-98,cache/1755159135922.png
203,1705,90-134-46-48,cache/1755159136643.png
203,3323,250-48-54-66,cache/1755159136653.png
203,1536,207-124-39-44,cache/1755159136661.png
203,1322,308-98-40-39,cache/1755159136668.png
203,2959,65-80-62-60,cache/1755159136674.png
203,1717,91-83-45-99,cache/1755159136680.png
203,3000,65-80-63-95,cache/1755159136687.png
124,10347,215-171-93-126,cache/1755159137370.png
124,1353,364-124-36-43,cache/1755159137384.png
124,2120,130-115-76-34,cache/1755159137391.png
124,6915,130-115-79-100,cache/1755159137399.png
124,4083,215-171-93-54,cache/1755159137407.png
95,1781,327-130-47-48,cache/1755159138141.png
95,5802,265-165-85-85,cache/1755159138152.png
95,6752,152-190-91-93,cache/1755159138164.png
95,2352,109-175-51-54,cache/1755159138174.png
95,5366,378-82-76-85,cache/1755159138181.png
95,5258,28-81-75-84,cache/1755159138189.png
389,9971,248-148-93-121,cache/1755159138955.png
389,1415,382-128-38-42,cache/1755159138966.png
389,1921,175-149-43-50,cache/1755159138974.png
389,2022,122-165-42-53,cache/1755159138981.png
389,2057,234-43-50-60,cache/1755159138987.png
389,4325,202-70-60-76,cache/1755159138993.png
389,5692,92-97-81-93,cache/1755159139000.png
596,10780,248-139-107-118,cache/1755159139715.png
596,11744,118-147-114-130,cache/1755159139730.png
596,1692,81-145-48-51,cache/1755159139743.png
127,2146,102-183-45-56,cache/1755159140538.png
127,8133,365-95-104-97,cache/1755159140547.png
127,3468,190-57-60-76,cache/1755159140558.png
127,5592,140-84-71-89,cache/1755159140565.png
127,12034,202-187-102-132,cache/1755159140573.png
127,6093,254-122-81-105,cache/1755159140583.png
647,5519,224-136-83-83,cache/1755159141409.png
647,2240,146-145-51-54,cache/1755159141421.png
647,1494,294-110-37-42,cache/1755159141428.png
647,1464,333-100-41-40,cache/1755159141435.png
647,6630,60-81-86-94,cache/1755159141441.png
647,2667,134-58-57-58,cache/1755159141448.png
647,6685,60-81-136-109,cache/1755159141454.png
153,2454,328-127-83-37,cache/1755159142138.png
153,8288,320-127-91-108,cache/1755159142146.png
153,2197,242-55-53-55,cache/1755159142159.png
153,4520,283-73-67-81,cache/1755159142165.png
758,1552,273-212-43-44,cache/1755159142830.png
758,1717,327-131-42-44,cache/1755159142838.png
758,8628,93-134-89-112,cache/1755159142847.png
758,4331,199-117-73-74,cache/1755159142859.png
791,11204,224-150-114-127,cache/1755159143610.png
791,5992,139-73-85-87,cache/1755159143627.png
884,5663,114-135-84-85,cache/1755159144260.png
12,7924,94-131-87-106,cache/1755159145041.png
12,3225,247-46-54-65,cache/1755159145054.png
12,2348,95-131-81-36,cache/1755159145062.png
12,8448,332-108-107-104,cache/1755159145068.png
437,1602,79-134-39-46,cache/1755159145804.png
437,3315,259-51-72-71,cache/1755159145814.png
437,6604,214-79-83-91,cache/1755159145824.png
437,5315,128-66-72-79,cache/1755159145833.png
818,9568,215-155-89-119,cache/1755159146623.png
818,5399,123-152-82-82,cache/1755159146637.png
818,6636,72-83-95-91,cache/1755159146647.png
818,3213,216-155-87-46,cache/1755159146656.png
818,4484,256-108-75-95,cache/1755159146663.png
70,1929,378-149-45-47,cache/1755159147356.png
70,3145,234-42-51-64,cache/1755159147366.png
70,10797,189-167-95-128,cache/1755159147374.png
70,7600,123-118-101-112,cache/1755159147385.png
357,1544,211-147-35-47,cache/1755159148120.png
357,5126,96-149-80-80,cache/1755159148126.png
357,1406,52-131-38-43,cache/1755159148133.png
357,2228,178-203-42-57,cache/1755159148141.png
357,5111,223-62-76-79,cache/1755159148148.png
357,4988,340-79-70-82,cache/1755159148156.png
357,4752,146-71-65-78,cache/1755159148164.png
357,1279,345-79-65-24,cache/1755159148171.png
990,5526,235-157-83-84,cache/1755159148940.png
990,1922,177-256-48-49,cache/1755159148952.png
990,1991,122-150-47-49,cache/1755159148960.png
990,4182,310-62-64-75,cache/1755159148967.png
990,7865,363-102-100-92,cache/1755159148975.png
990,2903,111-80-58-60,cache/1755159148983.png
990,5878,168-85-73-85,cache/1755159148989.png
743,7695,306-131-85-105,cache/1755159149871.png
743,4766,261-83-67-84,cache/1755159149884.png
743,5558,165-63-81-84,cache/1755159149893.png
743,6541,61-107-81-96,cache/1755159149902.png
584,5835,273-165-85-85,cache/1755159150589.png
584,2546,244-66-56-56,cache/1755159150602.png
584,2877,136-77-59-60,cache/1755159150611.png
584,3003,201-42-52-65,cache/1755159150618.png
895,5090,273-156-80-80,cache/1755159151474.png
895,1402,394-140-38-43,cache/1755159151488.png
895,12210,124-166-120-135,cache/1755159151496.png
895,3094,309-92-62-61,cache/1755159151509.png
895,1893,216-55-50-45,cache/1755159151516.png
895,4045,127-76-80-80,cache/1755159151523.png
895,5893,176-95-81-88,cache/1755159151530.png
968,2519,228-225-47-61,cache/1755159152489.png
968,1707,343-160-41-49,cache/1755159152501.png
968,2006,132-187-42-54,cache/1755159152509.png
968,6894,237-90-91-95,cache/1755159152517.png
968,2893,78-78-60-58,cache/1755159152526.png
854,2367,228-173-46-56,cache/1755159153299.png
854,2067,149-146-48-50,cache/1755159153309.png
854,1571,256-55-50-53,cache/1755159153317.png
854,2860,279-74-60-59,cache/1755159153325.png
854,5701,44-87-77-86,cache/1755159153332.png
854,1408,148-101-41-41,cache/1755159153340.png
954,2196,239-189-42-56,cache/1755159154252.png
954,7009,343-90-95-96,cache/1755159154260.png
954,4662,286-68-66-78,cache/1755159154270.png
954,5023,160-75-79-84,cache/1755159154278.png
954,3518,46-93-68-65,cache/1755159154286.png
954,1711,129-65-53-55,cache/1755159154295.png
954,2194,109-122-80-34,cache/1755159154301.png
954,7648,108-122-84-104,cache/1755159154306.png
213,2299,238-55-53-53,cache/1755159154938.png
213,6639,165-95-80-91,cache/1755159154950.png
950,2738,265-190-56-63,cache/1755159157050.png
950,1816,344-163-41-50,cache/1755159157061.png
950,3202,291-89-63-63,cache/1755159157069.png
950,3752,221-52-65-69,cache/1755159157077.png
950,5074,150-65-78-77,cache/1755159157085.png
683,8863,266-142-88-114,cache/1755159157875.png
683,6159,376-101-81-90,cache/1755159157903.png
683,2728,167-78-57-58,cache/1755159157913.png
683,6423,63-107-80-93,cache/1755159157920.png
683,7391,332-101-125-91,cache/1755159157925.png
56,1419,254-186-41-41,cache/1755159158569.png
56,1751,209-220-45-47,cache/1755159158575.png
56,3376,341-75-80-78,cache/1755159158581.png
56,2398,179-59-54-54,cache/1755159158589.png
56,7457,309-103-84-95,cache/1755159158595.png
192,2022,218-192-41-56,cache/1755159159349.png
192,3289,170-225-59-69,cache/1755159159358.png
192,1165,137-233-40-50,cache/1755159159367.png
192,2191,245-52-51-52,cache/1755159159375.png
192,5789,327-95-76-89,cache/1755159159382.png
192,3199,295-69-64-77,cache/1755159159391.png
192,2617,158-68-57-57,cache/1755159159397.png
192,2363,57-125-56-63,cache/1755159159404.png
531,2444,254-172-51-58,cache/1755159160027.png
531,2235,222-63-55-55,cache/1755159160039.png
531,3278,178-89-63-65,cache/1755159160047.png
685,9765,277-141-99-108,cache/1755159160748.png
685,4627,110-74-65-79,cache/1755159160755.png
685,4428,337-106-76-95,cache/1755159160760.png
34,3518,209-67-56-70,cache/1755159161465.png
34,1764,151-118-76-28,cache/1755159161473.png
34,6680,308-104-80-92,cache/1755159161478.png
532,2548,309-189-48-61,cache/1755159162371.png
532,5940,80-142-83-87,cache/1755159162379.png
532,1035,377-116-36-43,cache/1755159162389.png
532,1890,256-103-78-30,cache/1755159162396.png
532,1365,42-112-38-42,cache/1755159162402.png
532,13940,163-155-119-140,cache/1755159162407.png
532,6620,255-103-80-101,cache/1755159162418.png
843,1673,360-143-41-47,cache/1755159163172.png
843,3533,156-212-63-71,cache/1755159163178.png
843,1256,157-212-61-35,cache/1755159163185.png
843,2052,206-184-42-58,cache/1755159163192.png
874,3947,403-101-72-68,cache/1755159164324.png
874,4716,286-65-69-79,cache/1755159164334.png
874,3639,233-49-55-70,cache/1755159164343.png
874,2966,121-60-61-58,cache/1755159164350.png
874,12956,162-161-120-137,cache/1755159164360.png
874,7090,113-107-102-106,cache/1755159164370.png
874,2560,114-106-99-44,cache/1755159164378.png
8,2949,215-190-57-65,cache/1755159165067.png
8,2492,113-179-51-60,cache/1755159165076.png
8,3605,382-91-68-65,cache/1755159165086.png
8,2566,229-41-51-64,cache/1755159165095.png
8,1511,48-111-44-43,cache/1755159165103.png
8,1213,76-190-45-46,cache/1755159165110.png
927,2631,265-52-57-57,cache/1755159165899.png
927,2066,355-102-81-33,cache/1755159165905.png
927,6719,88-91-81-96,cache/1755159165913.png
927,2750,153-60-60-60,cache/1755159165920.png
927,7950,223-112-82-106,cache/1755159165928.png
927,7621,348-102-89-102,cache/1755159165936.png
927,1765,89-91-75-29,cache/1755159165944.png
379,2461,138-183-54-62,cache/1755159166870.png
379,1755,100-155-40-50,cache/1755159166880.png
379,1721,169-226-45-47,cache/1755159166889.png
379,5746,383-85-79-87,cache/1755159166896.png
379,4083,186-52-73-70,cache/1755159166904.png
379,3806,9-96-71-66,cache/1755159166911.png
379,1403,87-102-42-41,cache/1755159166918.png
379,8240,213-100-99-103,cache/1755159166923.png
379,5758,342-86-120-86,cache/1755159166931.png
559,1957,397-147-45-52,cache/1755159167929.png
559,2084,342-159-44-54,cache/1755159167936.png
559,1749,246-205-45-47,cache/1755159167945.png
559,2924,96-138-60-91,cache/1755159167951.png
559,3453,209-36-55-68,cache/1755159167960.png
559,1367,358-123-39-44,cache/1755159167967.png
559,4249,198-36-66-92,cache/1755159167973.png
559,8310,37-93-108-100,cache/1755159167980.png
725,7607,268-127-86-110,cache/1755159168788.png
725,3146,252-211-57-66,cache/1755159168798.png
725,1419,105-190-41-42,cache/1755159168803.png
725,3753,210-37-69-73,cache/1755159168809.png
725,1379,376-119-38-43,cache/1755159168817.png
725,5826,164-64-71-108,cache/1755159168823.png
725,5856,132-64-103-108,cache/1755159168831.png
936,1349,303-170-40-41,cache/1755159169774.png
936,880,142-185-42-41,cache/1755159169780.png
936,7632,369-93-90-101,cache/1755159169788.png
936,4706,226-85-93-87,cache/1755159169798.png
936,3452,131-89-69-74,cache/1755159169807.png
936,3259,189-50-59-73,cache/1755159169814.png
936,12328,182-129-156-130,cache/1755159169821.png
595,1688,210-241-44-47,cache/1755159170831.png
595,2467,176-198-52-61,cache/1755159170840.png
595,5321,352-77-91-86,cache/1755159170848.png
595,4673,229-58-71-77,cache/1755159170857.png
595,1518,220-36-50-59,cache/1755159170864.png
595,2118,310-122-77-35,cache/1755159170871.png
595,6200,220-36-80-98,cache/1755159170877.png
595,3552,27-100-68-65,cache/1755159170884.png
595,3601,159-55-56-70,cache/1755159170890.png
595,3546,26-100-140-64,cache/1755159170895.png
595,7130,305-122-82-101,cache/1755159170902.png
208,2370,168-197-44-59,cache/1755159171556.png
208,5747,57-86-76-88,cache/1755159171561.png
465,1067,132-131-35-44,cache/1755159172458.png
465,3369,253-45-55-68,cache/1755159172468.png
465,4529,301-68-65-78,cache/1755159172476.png
465,2067,145-155-47-51,cache/1755159172484.png
623,1989,298-186-42-53,cache/1755159173446.png
623,1481,70-149-38-46,cache/1755159173454.png
623,13241,154-182-120-137,cache/1755159173463.png
623,1934,106-166-44-53,cache/1755159173477.png
623,3060,227-47-69-65,cache/1755159173484.png
623,5899,373-98-81-89,cache/1755159173491.png
623,5143,211-89-65-85,cache/1755159173498.png
623,4701,309-71-66-77,cache/1755159173505.png
623,2352,165-68-55-57,cache/1755159173511.png
623,1387,211-89-65-26,cache/1755159173516.png
196,10417,263-128-112-123,cache/1755159174341.png
196,1852,79-141-42-48,cache/1755159174353.png
196,6449,104-171-90-89,cache/1755159174358.png
196,2150,250-105-69-62,cache/1755159174368.png
196,4657,315-71-77-81,cache/1755159174376.png
196,1308,148-86-39-40,cache/1755159174384.png
196,1300,148-86-63-40,cache/1755159174390.png
304,2885,296-84-60-60,cache/1755159175058.png
304,3671,248-52-68-68,cache/1755159175072.png
391,10072,271-130-108-119,cache/1755159175757.png
391,1497,406-132-40-44,cache/1755159175770.png
391,2013,84-159-43-51,cache/1755159175780.png
391,2010,147-146-47-50,cache/1755159175788.png
476,5213,230-140-80-81,cache/1755159176493.png
476,3045,142-196-58-65,cache/1755159176506.png
476,3875,306-106-70-68,cache/1755159176515.png
826,9425,128-154-90-118,cache/1755159177456.png
826,2833,303-73-59-59,cache/1755159177470.png
826,3188,119-102-67-63,cache/1755159177478.png
826,3388,24-89-67-63,cache/1755159177485.png
826,7904,208-121-92-107,cache/1755159177492.png
734,1848,391-137-43-49,cache/1755159178150.png
734,1629,165-195-44-45,cache/1755159178161.png
734,1361,270-101-38-41,cache/1755159178170.png
734,3673,35-85-70-66,cache/1755159178177.png
972,1385,221-190-40-42,cache/1755159178763.png
972,4142,237-56-63-72,cache/1755159178773.png
383,2571,327-157-57-57,cache/1755159179554.png
383,2219,276-174-44-56,cache/1755159179560.png
383,3258,274-75-63-63,cache/1755159179566.png
383,2217,235-55-55-57,cache/1755159179571.png
383,5528,86-78-74-88,cache/1755159179576.png
383,3505,169-58-62-77,cache/1755159179583.png
383,7466,193-105-79-104,cache/1755159179589.png
906,1906,118-137-45-50,cache/1755159180310.png
906,2329,170-157-50-55,cache/1755159180321.png
906,2634,245-57-56-57,cache/1755159180329.png
906,7430,14-77-102-93,cache/1755159180336.png
402,2834,205-235-48-67,cache/1755159181194.png
402,7021,282-93-94-97,cache/1755159181201.png
402,2074,252-72-58-59,cache/1755159181212.png
402,1357,380-120-37-42,cache/1755159181220.png
402,7966,215-129-82-108,cache/1755159181226.png
402,7492,56-117-87-103,cache/1755159181235.png
735,2191,234-51-51-52,cache/1755159181960.png
735,6277,5-92-98-92,cache/1755159181966.png
244,2614,217-216-45-63,cache/1755159183206.png
244,1804,267-182-40-52,cache/1755159183214.png
244,11029,262-141-115-125,cache/1755159183222.png
244,3538,233-56-55-68,cache/1755159183234.png
244,3623,359-83-91-79,cache/1755159183240.png
244,3695,26-101-69-66,cache/1755159183248.png
244,3198,99-70-67-78,cache/1755159183254.png
244,7900,125-103-98-101,cache/1755159183260.png
244,5670,322-115-103-98,cache/1755159183268.png
244,3611,266-141-109-56,cache/1755159183275.png
577,11457,145-155-106-125,cache/1755159184001.png
577,3130,277-73-62-62,cache/1755159184016.png
577,6296,73-91-79-94,cache/1755159184025.png
577,5111,159-75-68-82,cache/1755159184034.png
577,1791,73-91-73-31,cache/1755159184042.png
547,7872,278-137-85-107,cache/1755159184705.png
547,9286,189-144-91-129,cache/1755159184714.png
547,2980,189-156-87-43,cache/1755159184727.png
967,1766,337-149-40-49,cache/1755159185355.png
967,2533,119-177-51-60,cache/1755159185360.png
967,4226,201-61-61-71,cache/1755159185366.png
238,11039,224-163-97-128,cache/1755159186082.png
238,1787,342-154-41-50,cache/1755159186091.png
238,1524,418-131-40-44,cache/1755159186098.png
238,1032,202-172-30-58,cache/1755159186106.png
238,2912,264-73-59-60,cache/1755159186112.png
238,3852,130-74-66-81,cache/1755159186119.png
238,6806,78-104-81-97,cache/1755159186126.png
186,1639,120-168-38-48,cache/1755159186772.png
186,4615,227-78-65-77,cache/1755159186783.png
186,5720,144-99-74-84,cache/1755159186793.png
998,8699,254-113-103-106,cache/1755159187490.png
998,7686,102-125-85-104,cache/1755159187505.png
802,2613,243-182-52-62,cache/1755159188421.png
802,7192,151-180-93-96,cache/1755159188431.png
802,1781,77-145-42-49,cache/1755159188440.png
802,3482,255-85-66-65,cache/1755159188449.png
802,2744,281-49-60-73,cache/1755159188455.png
802,1757,111-118-46-46,cache/1755159188461.png
802,8240,380-94-99-104,cache/1755159188466.png
344,10297,238-171-93-124,cache/1755159189582.png
344,4505,330-129-75-74,cache/1755159189597.png
344,9152,143-128-105-113,cache/1755159189605.png
344,1576,248-59-53-54,cache/1755159189615.png
344,1643,93-74-59-43,cache/1755159189621.png
344,6177,81-104-95-97,cache/1755159189627.png
344,4940,196-78-86-83,cache/1755159189635.png
344,6506,196-59-105-102,cache/1755159189642.png
649,6753,162-190-91-93,cache/1755159190403.png
649,3077,344-84-63-61,cache/1755159190416.png
649,3780,255-56-57-71,cache/1755159190425.png
649,1299,147-99-39-40,cache/1755159190433.png
649,4235,90-122-74-72,cache/1755159190439.png
649,5581,90-99-96-95,cache/1755159190446.png
609,7661,274-128-87-109,cache/1755159191640.png
609,2252,320-105-67-68,cache/1755159191653.png
609,3547,219-43-57-65,cache/1755159191661.png
609,1517,175-115-41-43,cache/1755159191669.png
609,15183,171-179-136-140,cache/1755159191675.png
643,4731,60-127-77-75,cache/1755159192441.png
643,1561,200-142-35-47,cache/1755159192453.png
643,1177,116-219-42-44,cache/1755159192460.png
643,2519,154-207-46-61,cache/1755159192467.png
643,2616,237-40-53-65,cache/1755159192474.png
643,4683,268-70-64-80,cache/1755159192480.png
643,1551,333-116-43-45,cache/1755159192486.png
643,4726,267-70-101-90,cache/1755159192492.png
660,5958,259-77-80-89,cache/1755159193197.png
660,2264,223-48-53-54,cache/1755159193209.png
660,8331,331-115-93-100,cache/1755159193217.png
605,2602,311-175-56-59,cache/1755159193941.png
605,3491,248-55-56-67,cache/1755159193952.png
605,6066,45-97-79-90,cache/1755159193961.png
605,5179,173-66-78-77,cache/1755159193969.png
53,3313,220-228-56-69,cache/1755159194710.png
53,1988,257-173-40-53,cache/1755159194721.png
53,2249,317-187-45-57,cache/1755159194730.png
53,2200,196-161-47-54,cache/1755159194737.png
53,2750,151-206-48-59,cache/1755159194743.png
53,2398,248-49-54-55,cache/1755159194749.png
53,6638,83-100-81-96,cache/1755159194755.png
607,1584,75-144-39-46,cache/1755159195552.png
607,2724,125-86-67-83,cache/1755159195561.png
607,2851,186-58-57-58,cache/1755159195569.png
607,7649,282-125-83-104,cache/1755159195576.png
607,7849,143-115-87-98,cache/1755159195584.png
607,2934,186-58-70-81,cache/1755159195592.png
766,2453,272-199-45-60,cache/1755159196436.png
766,1828,65-152-43-50,cache/1755159196447.png
766,5843,326-73-79-89,cache/1755159196455.png
766,2687,276-56-57-57,cache/1755159196465.png
766,6320,105-82-78-92,cache/1755159196471.png
766,2874,175-66-59-61,cache/1755159196479.png
206,7841,98-131-85-106,cache/1755159197222.png
206,7473,247-101-92-97,cache/1755159197235.png
180,11838,261-138-118-131,cache/1755159198282.png
180,1362,235-152-39-54,cache/1755159198297.png
180,1427,330-100-41-40,cache/1755159198303.png
180,6282,23-91-83-92,cache/1755159198309.png
180,3260,115-83-64-64,cache/1755159198317.png
180,2012,152-58-55-55,cache/1755159198323.png
180,6299,23-91-154-91,cache/1755159198328.png
180,3911,264-138-113-59,cache/1755159198337.png
417,1564,397-133-44-46,cache/1755159199106.png
417,2293,263-179-51-57,cache/1755159199117.png
417,2555,154-195-54-61,cache/1755159199126.png
417,3412,209-56-54-68,cache/1755159199133.png
417,5030,37-88-73-82,cache/1755159199141.png
417,7560,289-110-99-99,cache/1755159199148.png
420,2367,183-163-49-55,cache/1755159199875.png
420,7539,362-94-94-90,cache/1755159199885.png
420,3267,224-39-54-63,cache/1755159199896.png
420,3845,149-55-59-70,cache/1755159199903.png
414,2463,215-207-43-56,cache/1755159201349.png
414,1688,310-142-41-44,cache/1755159201358.png
414,7725,98-132-84-105,cache/1755159201365.png
414,3659,362-106-68-65,cache/1755159201374.png
414,2332,273-89-61-61,cache/1755159201381.png
414,4244,161-65-63-74,cache/1755159201387.png
414,2318,98-132-80-36,cache/1755159201393.png
414,3674,312-106-119-65,cache/1755159201398.png
414,6498,226-116-74-97,cache/1755159201404.png
928,12010,277-129-122-129,cache/1755159202252.png
928,7534,156-175-96-97,cache/1755159202267.png
928,6421,392-86-84-94,cache/1755159202277.png
928,2747,310-97-80-48,cache/1755159202285.png
928,2850,203-62-58-59,cache/1755159202291.png
928,1490,157-98-42-42,cache/1755159202297.png
928,1658,43-81-69-40,cache/1755159202302.png
928,10142,31-106-117-113,cache/1755159202308.png
958,1951,240-149-47-50,cache/1755159203115.png
958,4150,253-66-60-74,cache/1755159203126.png
102,2134,367-160-46-55,cache/1755159203822.png
102,2678,251-193-47-63,cache/1755159203832.png
102,1716,393-131-49-52,cache/1755159203841.png
102,1351,209-197-42-49,cache/1755159203848.png
102,1545,284-100-42-42,cache/1755159203853.png
102,3019,123-64-61-62,cache/1755159203858.png
102,1879,61-123-46-45,cache/1755159203863.png
102,2716,203-56-58-58,cache/1755159203869.png
269,1672,189-227-44-46,cache/1755159204576.png
269,4657,146-70-66-73,cache/1755159204587.png
269,8072,346-109-100-94,cache/1755159204596.png
955,1440,274-145-38-50,cache/1755159205599.png
955,5952,300-142-87-87,cache/1755159205606.png
955,15035,112-156-134-148,cache/1755159205614.png
955,2911,225-30-64-66,cache/1755159205627.png
955,3610,149-83-67-67,cache/1755159205634.png
955,4628,23-79-101-92,cache/1755159205640.png
955,3648,149-83-100-67,cache/1755159205648.png
955,2519,199-56-57-58,cache/1755159205655.png
955,6756,62-112-88-107,cache/1755159205661.png
657,1805,206-229-46-48,cache/1755159206612.png
657,5551,336-91-75-86,cache/1755159206621.png
657,1946,252-60-52-53,cache/1755159206628.png
657,2703,286-79-56-59,cache/1755159206633.png
657,5838,33-95-77-88,cache/1755159206639.png
657,2396,133-71-57-51,cache/1755159206646.png
657,2007,109-121-80-31,cache/1755159206653.png
657,7609,109-121-83-103,cache/1755159206659.png
657,1304,342-91-69-23,cache/1755159206666.png
657,1414,34-95-72-26,cache/1755159206671.png
590,4921,270-148-79-78,cache/1755159207503.png
590,2328,251-214-43-60,cache/1755159207516.png
590,1467,63-138-39-44,cache/1755159207524.png
590,1701,171-163-37-50,cache/1755159207531.png
590,4032,291-63-61-75,cache/1755159207537.png
590,5138,127-93-70-86,cache/1755159207544.png
590,4300,367-124-75-71,cache/1755159207551.png
487,1387,320-186-42-41,cache/1755159208322.png
487,1275,361-168-40-39,cache/1755159208333.png
487,5069,258-70-67-84,cache/1755159208341.png
487,4325,401-103-75-71,cache/1755159208350.png
487,2595,222-43-56-70,cache/1755159208357.png
487,2298,112-66-58-61,cache/1755159208364.png
487,7237,148-81-93-95,cache/1755159208370.png
650,2188,153-187-56-64,cache/1755159209007.png
650,8310,182-202-101-103,cache/1755159209018.png
870,1843,289-171-39-51,cache/1755159209877.png
870,1775,369-144-47-49,cache/1755159209887.png
870,6467,179-182-89-91,cache/1755159209896.png
870,4662,312-77-66-79,cache/1755159209905.png
870,4256,213-70-60-76,cache/1755159209913.png
870,1220,246-56-48-52,cache/1755159209921.png
870,5173,126-88-68-84,cache/1755159209926.png
762,10103,272-129-110-115,cache/1755159210691.png
762,2986,221-71-60-61,cache/1755159210707.png
762,4854,321-69-79-88,cache/1755159210715.png
762,1757,173-123-45-48,cache/1755159210723.png
762,7754,84-104-89-95,cache/1755159210728.png
90,1558,246-151-36-47,cache/1755159211354.png
90,1839,193-172-38-52,cache/1755159211364.png
156,1644,392-134-41-46,cache/1755159212219.png
156,2104,346-163-46-54,cache/1755159212228.png
156,6225,97-147-89-88,cache/1755159212237.png
156,2998,197-192-55-65,cache/1755159212246.png
156,4262,245-44-72-66,cache/1755159212253.png
156,3334,326-79-65-64,cache/1755159212260.png
156,8213,2-88-108-98,cache/1755159212267.png
156,7285,226-107-80-102,cache/1755159212275.png
823,1494,355-153-43-54,cache/1755159213203.png
823,10734,266-150-104-117,cache/1755159213213.png
823,1287,136-187-40-39,cache/1755159213225.png
823,3933,385-102-71-68,cache/1755159213232.png
823,2142,228-37-50-52,cache/1755159213239.png
823,1639,174-78-61-50,cache/1755159213245.png
823,8880,174-78-88-126,cache/1755159213250.png
837,13050,257-143-126-138,cache/1755159214194.png
837,1978,193-240-49-50,cache/1755159214214.png
837,3617,311-71-71-80,cache/1755159214222.png
837,4220,25-99-75-70,cache/1755159214229.png
837,1401,126-114-36-44,cache/1755159214237.png
837,7834,343-98-109-107,cache/1755159214242.png
837,4440,261-144-121-65,cache/1755159214250.png
572,4935,266-140-79-77,cache/1755159214816.png
572,1362,112-108-38-42,cache/1755159214830.png
662,5446,273-89-70-87,cache/1755159215581.png
662,8766,178-124-93-107,cache/1755159215592.png
662,6534,362-104-83-94,cache/1755159215603.png
892,1475,364-137-41-44,cache/1755159216206.png
892,1334,227-192-39-41,cache/1755159216216.png
892,5483,273-90-70-82,cache/1755159216224.png
421,8906,212-160-86-115,cache/1755159216876.png
421,1974,320-167-44-48,cache/1755159216891.png
421,3037,213-160-84-45,cache/1755159216898.png
421,2239,190-62-52-52,cache/1755159216905.png
363,1439,401-134-39-43,cache/1755159217673.png
363,6256,221-168-88-88,cache/1755159217679.png
363,2014,155-152-47-50,cache/1755159217691.png
363,1841,105-166-41-50,cache/1755159217696.png
363,1511,308-121-41-41,cache/1755159217701.png
363,5794,47-104-80-91,cache/1755159217706.png
737,8245,266-134-86-108,cache/1755159218427.png
737,1752,110-160-40-49,cache/1755159218434.png
737,2779,295-105-73-88,cache/1755159218440.png
737,2439,325-83-64-77,cache/1755159218446.png
737,3548,40-101-68-65,cache/1755159218452.png
737,2613,152-80-56-57,cache/1755159218459.png
737,2798,183-58-61-65,cache/1755159218464.png
448,1465,358-127-38-45,cache/1755159219474.png
448,1296,314-174-42-38,cache/1755159219481.png
448,10929,129-136-116-128,cache/1755159219487.png
448,2995,198-235-49-67,cache/1755159219499.png
448,2938,259-72-60-61,cache/1755159219505.png
448,3700,236-65-83-67,cache/1755159219511.png
448,4464,27-80-76-90,cache/1755159219517.png
448,6434,74-102-103-107,cache/1755159219524.png
448,4504,27-80-150-90,cache/1755159219531.png
969,2983,220-210-57-65,cache/1755159220192.png
969,1870,344-158-42-48,cache/1755159220204.png
969,2381,165-179-51-58,cache/1755159220212.png
969,3334,283-97-64-65,cache/1755159220218.png
935,10365,238-156-95-119,cache/1755159220965.png
935,2103,197-177-41-52,cache/1755159220976.png
935,1815,115-166-40-51,cache/1755159220982.png
935,3060,208-39-51-64,cache/1755159220987.png
935,5389,154-89-69-87,cache/1755159220993.png
935,1417,155-89-66-26,cache/1755159221001.png
935,7751,324-112-93-96,cache/1755159221007.png
141,1796,69-136-48-46,cache/1755159221634.png
141,2237,151-186-46-56,cache/1755159221642.png
141,2855,119-82-60-59,cache/1755159221651.png
141,1843,314-170-41-51,cache/1755159221660.png
128,1740,398-135-46-48,cache/1755159222328.png
128,4445,193-58-70-72,cache/1755159222340.png
574,5188,258-141-80-79,cache/1755159223044.png
574,2744,255-223-47-65,cache/1755159223052.png
574,1436,118-201-42-41,cache/1755159223059.png
574,1778,162-155-38-50,cache/1755159223064.png
574,3819,211-31-67-68,cache/1755159223069.png
574,1422,324-101-43-43,cache/1755159223076.png
574,1315,60-111-37-42,cache/1755159223082.png
574,1525,357-121-38-44,cache/1755159223088.png
395,2040,125-177-43-54,cache/1755159224106.png
395,4457,278-71-64-77,cache/1755159224112.png
395,1773,245-51-50-54,cache/1755159224120.png
395,5754,88-95-76-90,cache/1755159224125.png
395,4042,158-63-60-73,cache/1755159224131.png
395,1460,89-95-70-25,cache/1755159224136.png
553,2257,309-192-45-58,cache/1755159225250.png
553,10489,163-164-95-126,cache/1755159225260.png
553,7255,317-94-90-91,cache/1755159225272.png
553,3921,239-49-59-72,cache/1755159225281.png
553,9403,28-112-113-108,cache/1755159225288.png
672,3279,218-218-61-71,cache/1755159226279.png
672,3228,286-149-89-46,cache/1755159226288.png
672,9455,282-149-94-118,cache/1755159226297.png
672,1996,180-176-41-54,cache/1755159226309.png
672,3639,303-62-65-78,cache/1755159226316.png
672,2312,64-121-81-36,cache/1755159226323.png
672,6176,335-96-94-102,cache/1755159226329.png
672,7824,63-121-88-105,cache/1755159226337.png
83,1949,213-183-39-54,cache/1755159227413.png
83,2353,195-183-57-54,cache/1755159227418.png
83,7974,124-105-99-103,cache/1755159227428.png
872,8796,239-132-87-113,cache/1755159228130.png
872,5910,323-92-74-91,cache/1755159228143.png
872,3577,275-68-80-73,cache/1755159228151.png
872,5652,80-76-79-86,cache/1755159228157.png
65,13995,126-171-110-135,cache/1755159228862.png
65,3576,136-116-76-55,cache/1755159228877.png
503,2308,323-184-46-58,cache/1755159229784.png
503,2664,303-82-64-65,cache/1755159229794.png
503,14300,162-154-131-145,cache/1755159229803.png
503,6998,339-105-97-100,cache/1755159229817.png
503,2155,109-190-57-70,cache/1755159229825.png
687,1306,228-54-49-44,cache/1755159230469.png
687,1650,278-112-73-28,cache/1755159230477.png
687,3934,236-79-77-80,cache/1755159230482.png
496,2514,260-176-52-60,cache/1755159231139.png
496,2629,216-206-46-62,cache/1755159231152.png
118,1377,78-117-39-44,cache/1755159231752.png
118,1768,147-157-38-49,cache/1755159231764.png
477,1733,340-166-40-49,cache/1755159232516.png
477,897,190-176-38-48,cache/1755159232526.png
477,4891,277-76-72-75,cache/1755159232534.png
477,2991,173-61-53-66,cache/1755159232542.png
477,5878,130-99-73-102,cache/1755159232548.png
477,6448,197-184-89-91,cache/1755159232556.png
21,8892,298-129-91-112,cache/1755159233267.png
21,6188,148-74-85-87,cache/1755159233281.png
21,1545,46-116-44-45,cache/1755159233290.png
21,2495,303-129-86-65,cache/1755159233296.png
245,2292,256-185-46-54,cache/1755159234057.png
245,1736,343-163-40-49,cache/1755159234069.png
245,1629,176-227-43-45,cache/1755159234077.png
245,4310,277-68-76-80,cache/1755159234085.png
245,1531,275-121-42-44,cache/1755159234094.png
245,3748,145-114-68-68,cache/1755159234100.png
245,4465,107-62-78-74,cache/1755159234107.png
754,4760,219-139-76-77,cache/1755159234963.png
754,7231,368-94-100-90,cache/1755159234970.png
754,3073,265-93-62-63,cache/1755159234979.png
754,4080,54-118-72-70,cache/1755159234987.png
754,3798,121-63-60-70,cache/1755159234995.png
912,2844,333-83-87-71,cache/1755159235697.png
912,6798,322-116-85-99,cache/1755159235710.png
72,5106,94-151-80-79,cache/1755159236525.png
72,2446,152-220-45-61,cache/1755159236538.png
72,4071,261-64-61-75,cache/1755159236546.png
72,1331,327-80-65-25,cache/1755159236554.png
72,4467,322-80-71-83,cache/1755159236560.png
72,5657,64-68-87-86,cache/1755159236567.png
72,7206,207-125-78-103,cache/1755159236574.png
673,4819,333-81-70-81,cache/1755159237648.png
673,1344,213-104-39-41,cache/1755159237661.png
673,3798,104-64-62-74,cache/1755159237668.png
673,3789,60-114-70-67,cache/1755159237676.png
673,1299,339-81-64-25,cache/1755159237683.png
620,4343,255-114-74-73,cache/1755159238447.png
620,1745,356-119-48-45,cache/1755159238460.png
620,2258,353-119-68-55,cache/1755159238467.png
759,2874,183-237-48-66,cache/1755159239037.png
759,2439,223-65-55-55,cache/1755159239050.png
205,9153,269-128-104-114,cache/1755159240062.png
205,5151,209-73-81-79,cache/1755159240075.png
205,4175,137-126-73-71,cache/1755159240085.png
900,6563,179-193-90-91,cache/1755159240737.png
900,6582,135-120-78-102,cache/1755159240751.png
747,2018,298-161-48-52,cache/1755159241423.png
747,1623,157-149-36-46,cache/1755159241434.png
747,3589,215-39-65-65,cache/1755159241442.png
747,2871,306-81-60-59,cache/1755159241450.png
768,6272,266-161-88-90,cache/1755159242215.png
768,2047,375-143-51-51,cache/1755159242228.png
768,1773,126-153-40-49,cache/1755159242237.png
768,4756,295-71-66-79,cache/1755159242244.png
768,3134,169-50-56-67,cache/1755159242251.png
768,3837,179-103-70-70,cache/1755159242258.png
46,1825,155-166-39-51,cache/1755159242929.png
46,6619,282-109-78-96,cache/1755159242941.png
828,8687,135-130-87-105,cache/1755159243666.png
828,1950,116-105-66-62,cache/1755159243681.png
593,5293,241-159-81-82,cache/1755159244495.png
593,5770,121-170-84-85,cache/1755159244508.png
593,4176,297-73-62-74,cache/1755159244519.png
593,3184,110-65-60-71,cache/1755159244527.png
593,7200,41-99-98-92,cache/1755159244534.png
899,4291,183-34-71-72,cache/1755159245143.png
899,3098,79-77-62-61,cache/1755159245156.png
136,10597,140-133-110-121,cache/1755159245912.png
136,1048,121-134-39-44,cache/1755159245928.png
136,3870,379-99-70-68,cache/1755159245935.png
949,1326,226-180-39-41,cache/1755159246754.png
949,1785,365-144-41-49,cache/1755159246763.png
949,11002,128-154-97-127,cache/1755159246771.png
949,3943,266-103-69-70,cache/1755159246782.png
949,5793,10-87-80-86,cache/1755159246788.png
949,4156,244-94-91-79,cache/1755159246796.png
949,1277,10-87-73-22,cache/1755159246802.png
949,4743,103-115-109-97,cache/1755159246807.png
949,2662,104-115-107-41,cache/1755159246814.png
492,1370,261-207-40-42,cache/1755159247559.png
492,1728,274-156-41-48,cache/1755159247569.png
492,2680,183-220-45-59,cache/1755159247577.png
492,3103,322-77-64-75,cache/1755159247584.png
492,7314,354-105-97-89,cache/1755159247592.png
492,3393,215-107-64-65,cache/1755159247601.png
492,1555,121-64-65-35,cache/1755159247607.png
492,7618,121-65-89-108,cache/1755159247613.png
740,2445,238-175-49-56,cache/1755159248284.png
740,2408,169-194-45-59,cache/1755159248290.png
740,7916,325-98-102-96,cache/1755159248295.png
740,3185,244-88-63-63,cache/1755159248305.png
740,5934,67-95-76-89,cache/1755159248312.png
287,6549,220-174-90-91,cache/1755159249126.png
287,2042,332-157-48-53,cache/1755159249133.png
287,1645,75-147-40-47,cache/1755159249138.png
287,2221,142-174-45-52,cache/1755159249143.png
287,5441,267-89-77-86,cache/1755159249148.png
287,3508,185-54-54-68,cache/1755159249154.png
287,1276,47-119-39-43,cache/1755159249160.png
287,1321,276-89-68-25,cache/1755159249165.png
328,5147,297-139-81-79,cache/1755159250020.png
328,2215,116-187-45-57,cache/1755159250033.png
328,1838,107-133-47-47,cache/1755159250042.png
328,5219,355-84-74-86,cache/1755159250049.png
328,3631,245-48-56-69,cache/1755159250058.png
328,3003,173-77-61-60,cache/1755159250065.png
125,9448,132-131-97-114,cache/1755159250983.png
125,1593,353-125-42-42,cache/1755159250995.png
125,1856,314-72-58-54,cache/1755159251003.png
125,1990,226-48-49-50,cache/1755159251011.png
125,6005,65-79-92-87,cache/1755159251017.png
125,6324,279-102-76-93,cache/1755159251026.png
125,2540,214-48-61-67,cache/1755159251033.png
772,4776,229-66-73-75,cache/1755159251847.png
772,3432,154-57-56-68,cache/1755159251855.png
772,1378,125-107-41-41,cache/1755159251865.png
772,13177,173-160-138-137,cache/1755159251873.png
360,5432,259-153-82-82,cache/1755159252530.png
49,7827,91-128-86-106,cache/1755159253362.png
49,4223,362-116-74-70,cache/1755159253375.png
49,3769,282-53-59-73,cache/1755159253383.png
49,3580,213-101-79-66,cache/1755159253390.png
49,2464,91-128-81-39,cache/1755159253397.png
49,7845,91-128-136-106,cache/1755159253403.png
644,1446,217-188-41-42,cache/1755159254446.png
644,1836,75-150-42-49,cache/1755159254455.png
644,2805,165-209-48-64,cache/1755159254463.png
644,7042,389-83-90-92,cache/1755159254469.png
644,4522,306-93-86-89,cache/1755159254477.png
644,2148,232-46-51-52,cache/1755159254485.png
644,2931,150-71-60-60,cache/1755159254490.png
644,1462,75-104-42-39,cache/1755159254496.png
644,8543,267-122-88-111,cache/1755159254501.png
644,7055,310-83-169-92,cache/1755159254508.png
644,989,428-165-51-32,cache/1755159254517.png
811,4224,167-84-68-79,cache/1755159255288.png
811,11453,180-138-116-126,cache/1755159255300.png
798,1427,291-190-42-42,cache/1755159255965.png
798,1441,254-106-40-41,cache/1755159255971.png
798,2339,198-60-54-54,cache/1755159255978.png
798,3737,42-97-70-66,cache/1755159255986.png
798,4863,314-124-79-76,cache/1755159255995.png
241,6337,268-169-89-88,cache/1755159256762.png
241,2407,351-166-55-58,cache/1755159256775.png
241,1768,175-230-45-47,cache/1755159256783.png
241,3727,293-96-68-67,cache/1755159256789.png
241,4083,231-32-68-70,cache/1755159256796.png
241,1465,216-102-40-43,cache/1755159256803.png
241,6403,89-95-78-94,cache/1755159256809.png
241,3778,149-49-60-73,cache/1755159256816.png
241,1761,89-95-74-29,cache/1755159256822.png
918,6747,166-184-91-93,cache/1755159257607.png
918,1471,267-117-41-42,cache/1755159257622.png
996,9316,261-147-90-116,cache/1755159258317.png
996,5923,210-73-84-86,cache/1755159258331.png
996,3548,72-96-67-66,cache/1755159258341.png
996,1901,177-54-52-54,cache/1755159258348.png
996,6517,140-105-75-97,cache/1755159258354.png
567,3847,94-98-70-69,cache/1755159258939.png
621,1352,348-168-41-40,cache/1755159259533.png
621,5997,184-89-71-91,cache/1755159259542.png
11,11376,228-164-102-122,cache/1755159260267.png
11,1699,386-147-42-48,cache/1755159260281.png
11,6879,94-117-81-98,cache/1755159260289.png
89,1626,276-161-37-48,cache/1755159260990.png
89,3245,197-49-52-65,cache/1755159261000.png
89,7759,340-106-103-98,cache/1755159261010.png
460,2421,299-154-54-57,cache/1755159261707.png
460,3018,169-223-49-68,cache/1755159261713.png
460,1461,259-95-42-42,cache/1755159261725.png
460,3985,41-93-72-69,cache/1755159261730.png
460,4755,150-43-74-74,cache/1755159261736.png
460,7156,380-97-89-98,cache/1755159261742.png
864,1381,208-187-40-40,cache/1755159262353.png
864,4356,27-109-76-72,cache/1755159262361.png
712,3042,249-203-58-66,cache/1755159263104.png
712,1745,197-229-45-47,cache/1755159263114.png
712,5078,106-137-80-80,cache/1755159263122.png
712,1783,358-143-44-50,cache/1755159263132.png
712,2163,222-46-53-63,cache/1755159263139.png
712,4554,250-62-78-96,cache/1755159263145.png
712,4553,250-62-68-75,cache/1755159263153.png
712,3926,39-106-71-68,cache/1755159263160.png
32,1873,335-148-42-51,cache/1755159263912.png
32,2386,256-181-45-59,cache/1755159263919.png
32,2009,95-157-44-52,cache/1755159263924.png
32,3089,191-200-52-64,cache/1755159263929.png
32,1399,368-114-37-44,cache/1755159263936.png
32,4032,174-49-59-73,cache/1755159263942.png
32,4136,50-98-74-72,cache/1755159263949.png
917,1399,267-128-35-44,cache/1755159264613.png
369,5781,254-170-85-85,cache/1755159265305.png
369,1412,327-164-37-49,cache/1755159265317.png
369,7638,158-135-81-105,cache/1755159265325.png
369,1595,66-128-45-42,cache/1755159265336.png
369,2121,216-58-50-51,cache/1755159265342.png
327,2082,278-182-42-54,cache/1755159266123.png
327,2506,218-71-55-56,cache/1755159266132.png
327,3431,35-104-70-67,cache/1755159266140.png
327,1925,199-50-51-62,cache/1755159266149.png
327,9591,86-103-106-129,cache/1755159266156.png
327,8064,342-103-107-100,cache/1755159266167.png
962,1955,333-166-43-53,cache/1755159266998.png
962,1554,218-216-43-44,cache/1755159267008.png
962,10857,100-137-115-121,cache/1755159267015.png
962,6737,274-92-91-91,cache/1755159267028.png
962,2643,197-71-57-57,cache/1755159267037.png
962,4073,92-84-69-78,cache/1755159267043.png
570,5392,80-132-83-81,cache/1755159267744.png
570,1947,163-140-44-48,cache/1755159267757.png
570,4308,207-59-60-75,cache/1755159267764.png
652,5219,332-136-81-79,cache/1755159268459.png
652,1884,271-132-47-50,cache/1755159268472.png
652,6311,172-73-86-89,cache/1755159268480.png
902,3475,370-96-67-64,cache/1755159269125.png
902,4595,113-77-66-78,cache/1755159269136.png
902,5312,195-151-80-81,cache/1755159269145.png
346,4116,235-133-71-72,cache/1755159269906.png
346,1476,338-150-38-45,cache/1755159269917.png
346,1324,63-134-37-42,cache/1755159269921.png
346,2703,193-214-51-62,cache/1755159269926.png
346,2495,268-63-56-69,cache/1755159269931.png
346,4417,295-86-65-80,cache/1755159269938.png
346,1337,181-110-39-41,cache/1755159269945.png
992,3609,331-95-67-66,cache/1755159270524.png
992,4312,149-61-61-73,cache/1755159270533.png
628,11139,230-164-97-130,cache/1755159271319.png
628,2063,369-152-50-54,cache/1755159271335.png
628,2348,121-192-46-58,cache/1755159271342.png
628,5900,395-88-83-92,cache/1755159271349.png
628,5483,280-66-74-80,cache/1755159271357.png
628,8180,169-89-99-112,cache/1755159271364.png
965,2907,144-189-56-62,cache/1755159272214.png
965,2175,268-58-56-57,cache/1755159272224.png
965,5891,300-83-75-90,cache/1755159272229.png
965,1485,304-83-70-26,cache/1755159272235.png
965,2396,194-48-54-54,cache/1755159272240.png
965,8870,85-104-110-109,cache/1755159272245.png
965,2716,86-105-105-44,cache/1755159272253.png
24,3241,180-230-52-66,cache/1755159273016.png
24,1302,146-244-36-49,cache/1755159273025.png
24,3632,216-53-55-70,cache/1755159273042.png
24,3037,309-92-65-67,cache/1755159273051.png
24,8009,17-97-104-96,cache/1755159273063.png
24,9746,229-121-108-115,cache/1755159273077.png
875,2012,248-176-40-54,cache/1755159273751.png
875,1673,277-152-42-52,cache/1755159273757.png
875,11451,127-147-111-130,cache/1755159273762.png
875,3857,20-96-71-67,cache/1755159273771.png
113,5112,187-67-81-82,cache/1755159274510.png
113,7268,241-118-79-102,cache/1755159274516.png
204,2925,262-153-84-44,cache/1755159275288.png
204,8806,259-153-88-114,cache/1755159275293.png
204,1473,80-140-38-45,cache/1755159275302.png
204,3530,330-102-66-66,cache/1755159275306.png
204,4425,310-91-86-77,cache/1755159275313.png
204,3099,143-90-62-62,cache/1755159275319.png
250,2057,318-149-50-52,cache/1755159276075.png
250,4599,107-128-77-75,cache/1755159276090.png
250,4289,246-65-60-76,cache/1755159276098.png
250,1619,359-123-46-46,cache/1755159276105.png
755,10549,283-133-115-122,cache/1755159276892.png
755,1514,158-210-42-44,cache/1755159276902.png
755,3496,299-65-61-73,cache/1755159276907.png
755,3216,252-95-64-66,cache/1755159276913.png
755,1968,221-45-49-50,cache/1755159276919.png
755,3934,31-106-72-68,cache/1755159276925.png
755,1427,153-106-41-41,cache/1755159276931.png
755,6808,366-104-101-95,cache/1755159276937.png
941,6834,256-165-92-92,cache/1755159277746.png
941,3159,226-82-62-63,cache/1755159277754.png
941,8121,80-96-101-98,cache/1755159277760.png
941,7618,342-112-88-102,cache/1755159277767.png
941,2441,277-65-56-57,cache/1755159277778.png
731,10090,214-158-92-123,cache/1755159278505.png
731,1945,111-173-43-52,cache/1755159278513.png
731,6159,296-96-75-92,cache/1755159278518.png
731,2755,145-92-62-66,cache/1755159278524.png
731,4546,77-72-67-77,cache/1755159278530.png
731,1962,188-116-76-32,cache/1755159278535.png
361,2337,263-177-50-56,cache/1755159279146.png
361,1819,117-137-46-48,cache/1755159279152.png
361,3240,57-90-64-62,cache/1755159279156.png
361,6244,174-108-72-95,cache/1755159279162.png
177,2644,255-207-48-63,cache/1755159279833.png
177,5822,120-149-86-84,cache/1755159279838.png
177,5306,107-63-75-77,cache/1755159279844.png
550,9388,267-151-91-118,cache/1755159280598.png
550,1434,355-141-37-45,cache/1755159280607.png
550,1795,392-132-47-44,cache/1755159280612.png
550,4694,183-135-76-77,cache/1755159280617.png
550,5478,134-72-82-84,cache/1755159280623.png
550,1550,56-120-44-44,cache/1755159280630.png
550,1076,177-57-50-52,cache/1755159280637.png
191,1956,333-161-45-51,cache/1755159281381.png
191,1597,406-129-43-40,cache/1755159281389.png
191,1201,162-170-31-56,cache/1755159281399.png
191,2787,322-81-58-58,cache/1755159281406.png
191,1949,235-58-50-50,cache/1755159281414.png
191,3186,189-159-92-44,cache/1755159281421.png
191,10455,188-159-94-124,cache/1755159281428.png
790,3811,125-64-59-71,cache/1755159282133.png
306,2089,207-179-40-55,cache/1755159282745.png
629,2324,233-192-51-61,cache/1755159283638.png
629,2632,201-223-46-63,cache/1755159283647.png
629,1946,171-174-40-53,cache/1755159283655.png
629,3857,398-99-71-67,cache/1755159283662.png
629,4557,290-108-73-83,cache/1755159283670.png
882,1768,306-153-39-49,cache/1755159284462.png
882,2115,373-142-53-50,cache/1755159284467.png
882,5191,192-137-80-80,cache/1755159284472.png
882,2612,139-204-48-62,cache/1755159284478.png
882,4692,327-70-68-79,cache/1755159284483.png
882,5653,10-84-79-85,cache/1755159284489.png
882,1994,153-64-56-57,cache/1755159284495.png
882,1537,105-110-44-43,cache/1755159284500.png
882,3672,179-93-70-85,cache/1755159284506.png
882,1283,10-84-70-23,cache/1755159284514.png
271,4168,221-40-69-71,cache/1755159285214.png
271,4309,289-64-63-77,cache/1755159285220.png
271,4159,117-120-72-72,cache/1755159285226.png
271,2563,168-205-47-58,cache/1755159285231.png
857,2024,315-173-44-53,cache/1755159286037.png
857,9621,119-148-92-118,cache/1755159286044.png
857,3003,120-148-89-42,cache/1755159286054.png
857,2144,214-49-51-51,cache/1755159286060.png
857,1648,313-82-59-61,cache/1755159286065.png
857,5518,109-81-86-80,cache/1755159286071.png
857,7248,258-97-94-99,cache/1755159286077.png
732,4454,293-75-66-79,cache/1755159286799.png
732,3630,127-100-67-67,cache/1755159286806.png
732,3499,169-55-58-67,cache/1755159286814.png
732,6567,344-104-82-94,cache/1755159286822.png
732,2598,193-213-45-62,cache/1755159286832.png
185,2446,263-163-54-58,cache/1755159287753.png
185,12610,141-187-105-132,cache/1755159287762.png
185,4875,142-187-103-59,cache/1755159287775.png
185,6722,310-75-93-92,cache/1755159287783.png
185,4022,157-51-60-73,cache/1755159287791.png
185,2473,87-70-62-61,cache/1755159287798.png
185,4240,103-109-73-72,cache/1755159287804.png
769,3611,220-48-55-69,cache/1755159288506.png
769,1737,345-100-77-28,cache/1755159288512.png
769,2770,132-66-58-59,cache/1755159288518.png
769,5770,42-70-84-86,cache/1755159288523.png
769,6934,339-100-83-96,cache/1755159288532.png
979,12041,227-153-112-126,cache/1755159289333.png
979,801,327-175-28-55,cache/1755159289347.png
979,1793,146-139-45-46,cache/1755159289353.png
979,1935,100-151-46-46,cache/1755159289366.png
979,3602,369-100-68-66,cache/1755159289372.png
979,1479,222-119-42-40,cache/1755159289385.png
979,3168,188-53-52-63,cache/1755159289397.png
979,5830,51-77-88-80,cache/1755159289409.png
997,4567,240-129-76-78,cache/1755159290266.png
997,2025,330-173-43-53,cache/1755159290273.png
997,14708,135-177-125-142,cache/1755159290281.png
997,3195,322-85-63-62,cache/1755159290292.png
997,5410,153-101-73-85,cache/1755159290298.png
997,1005,126-58-74-23,cache/1755159290306.png
997,3568,125-58-77-69,cache/1755159290311.png
435,1479,287-133-35-44,cache/1755159291688.png
435,13528,143-149-127-138,cache/1755159291694.png
435,1768,113-137-49-49,cache/1755159291704.png
435,4346,318-68-65-74,cache/1755159291710.png
435,5003,51-78-72-81,cache/1755159291716.png
305,5603,228-152-84-84,cache/1755159293262.png
305,5359,251-68-80-79,cache/1755159293274.png
305,3766,376-102-70-66,cache/1755159293282.png
305,7704,43-97-102-95,cache/1755159293291.png
305,1314,206-146-35-47,cache/1755159293301.png
15,3051,100-187-78-60,cache/1755159294182.png
15,3694,247-51-58-70,cache/1755159294193.png
15,4040,93-118-71-70,cache/1755159294200.png
15,2812,174-76-59-59,cache/1755159294207.png
4,6006,92-140-87-86,cache/1755159295380.png
4,3266,298-72-63-64,cache/1755159295389.png
4,5890,16-77-80-88,cache/1755159295395.png
4,7722,350-103-89-102,cache/1755159295402.png
231,2337,356-84-70-49,cache/1755159296865.png
231,2229,262-77-64-77,cache/1755159296870.png
231,2119,341-116-79-35,cache/1755159296876.png
231,3992,202-45-72-72,cache/1755159296881.png
231,1388,177-102-40-41,cache/1755159296888.png
231,4039,202-45-121-80,cache/1755159296894.png
231,7180,335-116-85-101,cache/1755159296903.png
231,6407,242-106-73-96,cache/1755159296911.png
469,1921,258-190-43-58,cache/1755159298198.png
469,7787,172-188-98-100,cache/1755159298205.png
469,1569,188-143-36-46,cache/1755159298214.png
469,1312,109-177-40-39,cache/1755159298221.png
469,3409,264-54-55-66,cache/1755159298228.png
469,1543,352-122-43-44,cache/1755159298234.png
469,6301,49-92-84-92,cache/1755159298240.png
816,8405,274-143-87-111,cache/1755159300619.png
816,10219,167-170-93-124,cache/1755159300628.png
816,3804,282-55-58-72,cache/1755159300636.png
816,2016,237-47-47-52,cache/1755159300642.png
816,1560,152-125-40-44,cache/1755159300653.png
816,5105,88-76-71-80,cache/1755159300658.png
816,4146,352-124-73-73,cache/1755159300664.png
816,2883,277-143-84-42,cache/1755159300676.png
816,3676,167-170-92-51,cache/1755159300682.png
816,5110,88-76-100-85,cache/1755159300688.png
55,3149,213-232-52-66,cache/1755159301488.png
55,1969,130-149-47-51,cache/1755159301497.png
55,4183,244-62-60-75,cache/1755159301505.png
55,5340,72-77-73-84,cache/1755159301511.png
851,1519,245-147-34-46,cache/1755159302137.png
851,1431,373-134-37-44,cache/1755159302143.png
851,4805,104-79-68-81,cache/1755159302148.png
461,8427,219-152-83-112,cache/1755159303173.png
461,1808,172-177-38-51,cache/1755159303181.png
461,1847,72-143-49-48,cache/1755159303192.png
461,6568,290-97-87-89,cache/1755159303202.png
461,2315,201-61-53-54,cache/1755159303255.png
461,2855,219-152-83-43,cache/1755159303271.png
461,2585,72-115-49-76,cache/1755159303283.png
694,5766,189-167-84-86,cache/1755159304180.png
694,2107,146-171-51-56,cache/1755159304190.png
694,4237,284-65-62-76,cache/1755159304198.png
694,1470,61-110-42-40,cache/1755159304206.png
409,3522,155-233-63-73,cache/1755159305156.png
409,1462,157-233-60-47,cache/1755159305168.png
409,2655,229-54-57-58,cache/1755159305177.png
409,3933,143-103-70-70,cache/1755159305185.png
409,7262,251-113-80-103,cache/1755159305193.png
631,8295,313-128-89-107,cache/1755159306056.png
631,2322,318-127-84-35,cache/1755159306071.png
631,4352,86-117-74-73,cache/1755159306079.png
631,2452,197-62-54-55,cache/1755159306088.png
73,1928,281-167-41-52,cache/1755159306869.png
73,5884,153-156-86-86,cache/1755159306881.png
73,1382,138-138-39-45,cache/1755159306890.png
73,3923,40-102-72-68,cache/1755159306897.png
73,2785,109-70-58-58,cache/1755159306905.png
73,3120,204-42-52-64,cache/1755159306912.png
27,2601,280-199-48-60,cache/1755159307768.png
27,5326,289-82-71-86,cache/1755159307778.png
27,4713,113-71-67-79,cache/1755159307788.png
27,5647,205-74-75-84,cache/1755159307796.png
27,1331,293-82-67-24,cache/1755159307805.png
509,1668,125-138-39-47,cache/1755159308560.png
509,2098,172-167-41-54,cache/1755159308569.png
509,4165,345-98-72-72,cache/1755159308577.png
509,1667,62-114-45-46,cache/1755159308586.png
509,1394,165-107-85-40,cache/1755159308594.png
509,4188,327-99-90-88,cache/1755159308600.png
846,2097,331-167-43-52,cache/1755159309774.png
846,2854,138-192-56-61,cache/1755159309782.png
846,4020,317-74-64-75,cache/1755159309791.png
846,4198,360-115-74-72,cache/1755159309799.png
846,2608,225-49-50-59,cache/1755159309807.png
846,4257,332-115-102-78,cache/1755159309813.png
846,5735,189-98-70-89,cache/1755159309821.png
846,3423,145-69-58-72,cache/1755159309828.png
846,3402,61-96-66-63,cache/1755159309834.png
331,11610,207-176-99-132,cache/1755159311041.png
331,2355,306-185-45-55,cache/1755159311055.png
331,4209,208-176-97-54,cache/1755159311063.png
331,762,199-169-38-49,cache/1755159311072.png
331,5196,319-72-74-83,cache/1755159311078.png
331,3784,5-97-71-65,cache/1755159311086.png
331,1175,119-76-59-29,cache/1755159311092.png
331,3262,167-50-57-68,cache/1755159311098.png
331,6884,118-83-85-111,cache/1755159311104.png
506,1582,345-133-39-42,cache/1755159312038.png
506,1644,292-146-39-45,cache/1755159312049.png
506,2365,258-212-44-60,cache/1755159312057.png
506,2281,136-195-44-56,cache/1755159312066.png
506,1518,113-160-39-49,cache/1755159312073.png
506,5164,382-88-73-83,cache/1755159312080.png
506,3808,292-61-59-71,cache/1755159312087.png
506,3052,177-91-61-62,cache/1755159312094.png
506,2843,102-81-60-59,cache/1755159312100.png
495,1602,217-156-36-48,cache/1755159312877.png
495,5980,321-102-77-91,cache/1755159312887.png
495,4296,241-66-62-73,cache/1755159312898.png
495,5805,130-75-84-85,cache/1755159312905.png
495,1612,50-124-45-42,cache/1755159312911.png
104,1581,326-139-38-43,cache/1755159313705.png
104,2079,144-179-43-50,cache/1755159313713.png
104,3230,232-49-73-67,cache/1755159313723.png
104,3406,90-101-66-65,cache/1755159313731.png
104,2385,171-64-54-54,cache/1755159313740.png
104,6268,194-187-88-89,cache/1755159313747.png
160,8563,209-129-85-111,cache/1755159314706.png
160,2369,123-190-46-59,cache/1755159314715.png
160,1773,92-135-44-50,cache/1755159314720.png
160,7316,352-91-92-88,cache/1755159314725.png
160,4745,293-57-82-78,cache/1755159314732.png
160,4537,121-65-65-78,cache/1755159314740.png
160,2556,210-129-84-38,cache/1755159314747.png
160,8606,209-129-129-111,cache/1755159314752.png
316,1306,212-206-39-42,cache/1755159315472.png
316,5754,243-79-83-86,cache/1755159315478.png
316,5791,319-103-75-90,cache/1755159315489.png
316,5784,251-89-143-104,cache/1755159315496.png
316,2341,168-63-53-53,cache/1755159315508.png
575,8554,290-134-93-114,cache/1755159316425.png
575,8533,240-135-143-118,cache/1755159316438.png
575,2847,239-207-57-66,cache/1755159316451.png
575,2171,196-190-40-53,cache/1755159316458.png
575,2099,89-156-51-52,cache/1755159316465.png
575,1520,149-147-36-46,cache/1755159316471.png
575,4443,256-95-70-89,cache/1755159316476.png
575,3830,332-84-70-81,cache/1755159316483.png
575,2204,222-67-56-59,cache/1755159316489.png
575,1607,257-95-68-36,cache/1755159316494.png
502,4910,232-134-78-79,cache/1755159317232.png
502,1846,114-144-40-48,cache/1755159317239.png
502,4822,268-75-69-86,cache/1755159317245.png
502,2946,292-52-77-75,cache/1755159317252.png
502,2323,187-44-53-54,cache/1755159317259.png
502,1356,149-93-40-41,cache/1755159317266.png
342,1628,374-127-45-42,cache/1755159317905.png
342,4240,81-128-73-72,cache/1755159317913.png
342,3795,227-119-68-69,cache/1755159317922.png
916,1499,317-190-43-43,cache/1755159318801.png
916,7354,169-175-95-96,cache/1755159318808.png
916,4489,226-43-76-76,cache/1755159318820.png
916,4036,162-79-78-88,cache/1755159318828.png
916,7383,158-98-106-174,cache/1755159318836.png
916,6769,126-111-84-107,cache/1755159318848.png
455,2242,242-198-42-58,cache/1755159319812.png
455,9335,106-132-100-109,cache/1755159319820.png
455,2690,172-230-47-64,cache/1755159319829.png
455,4776,278-73-79-85,cache/1755159319835.png
455,3263,244-43-67-70,cache/1755159319842.png
455,5187,114-53-80-79,cache/1755159319848.png
455,3681,198-109-68-70,cache/1755159319854.png
455,1390,29-123-38-43,cache/1755159319859.png
455,6940,324-111-83-99,cache/1755159319864.png
455,9378,106-132-172-148,cache/1755159319871.png
521,10919,222-141-113-123,cache/1755159320572.png
521,1385,108-135-36-43,cache/1755159320581.png
521,4430,150-135-73-76,cache/1755159320585.png
521,3208,45-90-64-62,cache/1755159320591.png
619,6499,123-168-90-90,cache/1755159321347.png
619,1520,109-147-48-46,cache/1755159321361.png
619,2407,277-90-68-80,cache/1755159321370.png
619,4903,355-82-71-79,cache/1755159321378.png
619,8130,244-119-89-104,cache/1755159321386.png
51,8183,177-129-83-108,cache/1755159322179.png
51,4398,304-66-64-76,cache/1755159322186.png
51,2723,224-38-50-62,cache/1755159322191.png
51,5866,29-89-79-88,cache/1755159322196.png
51,1416,29-89-72-25,cache/1755159322202.png
761,1678,323-137-42-48,cache/1755159322967.png
761,2916,209-206-58-66,cache/1755159322974.png
761,1082,210-206-56-34,cache/1755159322980.png
761,1498,165-168-43-43,cache/1755159322986.png
761,9161,122-125-103-114,cache/1755159322991.png
976,2218,112-178-47-57,cache/1755159323751.png
976,4670,192-57-74-74,cache/1755159323763.png
810,6039,376-91-81-88,cache/1755159324507.png
810,3458,178-47-54-68,cache/1755159324520.png
810,3141,113-85-62-62,cache/1755159324528.png
810,7494,296-107-89-93,cache/1755159324535.png
66,1470,223-203-42-43,cache/1755159325381.png
66,2008,175-176-41-53,cache/1755159325389.png
66,6142,347-90-125-92,cache/1755159325397.png
66,1360,271-63-52-53,cache/1755159325407.png
66,4882,219-81-83-81,cache/1755159325413.png
66,7560,77-96-98-95,cache/1755159325420.png
66,1934,316-117-78-30,cache/1755159325428.png
66,7248,311-117-83-100,cache/1755159325433.png
66,5924,391-90-80-92,cache/1755159325440.png
513,2870,115-184-57-64,cache/1755159326010.png
498,1625,320-125-46-44,cache/1755159326618.png
498,4223,201-62-63-73,cache/1755159326623.png
498,1893,262-147-47-50,cache/1755159326629.png
422,4940,118-154-79-78,cache/1755159327381.png
422,1082,209-51-48-48,cache/1755159327390.png
422,4034,182-67-58-74,cache/1755159327399.png
422,4058,145-67-95-75,cache/1755159327407.png
422,3889,63-126-72-71,cache/1755159327415.png
19,8310,158-136-84-110,cache/1755159328186.png
19,6173,57-81-86-83,cache/1755159328200.png
19,4043,198-42-68-69,cache/1755159328210.png
473,2267,143-189-44-58,cache/1755159328930.png
473,3084,329-78-69-49,cache/1755159328941.png
473,4764,81-71-69-80,cache/1755159328949.png
473,8171,191-102-97-103,cache/1755159328957.png
473,9158,319-126-94-107,cache/1755159328967.png
775,9323,149-149-89-118,cache/1755159329733.png
775,7715,379-92-100-100,cache/1755159329746.png
775,3378,271-89-64-65,cache/1755159329756.png
775,4351,67-75-74-84,cache/1755159329762.png
775,5019,108-111-79-99,cache/1755159329769.png
775,3216,150-149-88-45,cache/1755159329776.png
349,1313,317-152-47-45,cache/1755159330460.png
349,2298,296-176-54-55,cache/1755159330471.png
349,1616,181-240-43-46,cache/1755159330480.png
349,1355,120-136-35-44,cache/1755159330488.png
349,2267,157-188-48-57,cache/1755159330494.png
349,4929,222-78-67-78,cache/1755159330501.png
349,2109,255-48-52-65,cache/1755159330508.png
260,1861,91-158-42-50,cache/1755159331197.png
260,2042,205-172-40-54,cache/1755159331209.png
260,4325,372-109-75-71,cache/1755159331219.png
260,1643,59-115-47-44,cache/1755159331234.png
260,1658,135-124-43-43,cache/1755159331241.png
388,861,185-190-44-54,cache/1755159332070.png
388,5233,323-75-73-88,cache/1755159332076.png
388,5297,223-49-79-78,cache/1755159332086.png
388,9110,251-123-89-114,cache/1755159332095.png
388,2618,254-123-86-38,cache/1755159332106.png
388,7616,118-105-84-104,cache/1755159332112.png
522,8203,262-127-92-102,cache/1755159333079.png
522,10827,178-180-96-129,cache/1755159333086.png
522,10849,170-135-104-174,cache/1755159333094.png
522,1902,91-142-49-49,cache/1755159333106.png
522,1704,169-131-44-47,cache/1755159333111.png
522,2516,284-65-55-55,cache/1755159333118.png
522,2582,233-39-49-61,cache/1755159333138.png
522,3311,33-92-66-62,cache/1755159333146.png
522,4660,180-74-73-79,cache/1755159333152.png
522,7901,351-118-92-95,cache/1755159333159.png
904,9775,265-129-105-119,cache/1755159334024.png
904,4745,314-101-94-93,cache/1755159334038.png
904,1725,133-124-46-47,cache/1755159334048.png
904,6286,106-67-74-104,cache/1755159334055.png
69,5250,137-70-72-78,cache/1755159334669.png
69,2147,79-146-53-52,cache/1755159334682.png
457,7268,208-197-94-96,cache/1755159335484.png
457,8542,81-136-91-111,cache/1755159335495.png
457,2243,241-121-78-36,cache/1755159335504.png
457,1529,201-123-40-47,cache/1755159335508.png
457,3691,293-54-60-74,cache/1755159335514.png
457,5519,32-105-88-95,cache/1755159335520.png
457,6404,21-105-100-126,cache/1755159335527.png
329,3055,233-212-58-68,cache/1755159336313.png
329,5066,162-149-79-80,cache/1755159336323.png
329,1779,70-141-47-49,cache/1755159336332.png
329,4471,209-50-73-73,cache/1755159336338.png
329,3580,290-70-63-76,cache/1755159336344.png
329,3703,324-105-68-67,cache/1755159336349.png
329,4786,129-83-67-83,cache/1755159336355.png
329,3012,61-83-63-60,cache/1755159336361.png
329,5120,143-120-98-109,cache/1755159336366.png
329,1247,129-83-65-24,cache/1755159336373.png
9,1600,64-133-41-44,cache/1755159337064.png
9,4805,272-68-77-76,cache/1755159337074.png
9,3366,109-73-63-76,cache/1755159337080.png
9,8414,133-112-100-106,cache/1755159337087.png
352,9220,250-137-92-115,cache/1755159337961.png
352,1754,220-232-45-48,cache/1755159337974.png
352,8546,148-129-86-104,cache/1755159337982.png
352,3847,261-55-58-72,cache/1755159337991.png
352,5750,388-90-91-88,cache/1755159337997.png
352,6938,9-85-98-95,cache/1755159338005.png
352,4304,94-65-66-77,cache/1755159338012.png
352,6548,329-107-87-103,cache/1755159338018.png
352,6964,9-86-149-94,cache/1755159338025.png
923,5596,340-82-74-83,cache/1755159338763.png
294,1698,409-134-41-47,cache/1755159339497.png
294,2622,270-192-48-61,cache/1755159339503.png
294,1346,320-180-41-41,cache/1755159339508.png
294,2215,154-151-51-53,cache/1755159339512.png
294,1850,172-229-47-49,cache/1755159339518.png
294,4696,337-70-68-79,cache/1755159339526.png
294,5197,128-83-73-87,cache/1755159339534.png
806,1741,231-180-38-51,cache/1755159340136.png
806,1401,199-217-42-59,cache/1755159340141.png
806,1531,37-115-46-42,cache/1755159340146.png
632,2449,240-209-45-59,cache/1755159340931.png
632,1746,315-167-40-49,cache/1755159340936.png
632,7986,155-143-82-109,cache/1755159340941.png
632,3014,337-85-61-61,cache/1755159340948.png
632,4801,246-65-70-76,cache/1755159340956.png
632,2819,124-111-67-71,cache/1755159340963.png
23,4469,247-132-75-75,cache/1755159341638.png
23,1463,225-213-41-43,cache/1755159341650.png
23,5581,352-79-74-83,cache/1755159341658.png
23,1538,86-79-62-36,cache/1755159341668.png
23,6202,78-108-81-96,cache/1755159341675.png
540,10023,216-164-91-123,cache/1755159342547.png
540,2360,324-177-51-53,cache/1755159342561.png
540,1758,121-162-40-50,cache/1755159342569.png
540,4323,372-119-75-72,cache/1755159342576.png
540,2267,264-56-53-54,cache/1755159342584.png
540,2273,217-56-100-54,cache/1755159342591.png
540,5733,158-97-70-91,cache/1755159342597.png
540,1551,49-115-45-44,cache/1755159342604.png
540,1415,110-105-42-42,cache/1755159342610.png
491,2236,198-190-42-58,cache/1755159343211.png
491,2179,213-93-67-66,cache/1755159343220.png
491,8673,240-119-87-105,cache/1755159343229.png
332,6799,323-95-82-97,cache/1755159343872.png
332,1538,20-76-73-29,cache/1755159343885.png
332,7341,21-76-83-120,cache/1755159343893.png
332,1480,289-187-43-43,cache/1755159343903.png
110,5360,231-164-81-83,cache/1755159344662.png
110,1500,70-145-39-45,cache/1755159344668.png
110,5306,283-97-70-88,cache/1755159344673.png
110,3020,211-41-50-63,cache/1755159344679.png
110,4801,333-80-81-81,cache/1755159344684.png
110,3245,27-95-66-63,cache/1755159344691.png
787,2298,242-55-54-54,cache/1755159345305.png
787,3401,159-93-64-65,cache/1755159345315.png
787,3401,159-93-99-65,cache/1755159345324.png
746,2695,280-184-51-57,cache/1755159346200.png
746,3398,122-80-66-67,cache/1755159346207.png
746,10315,21-110-118-114,cache/1755159346217.png
885,857,390-121-36-43,cache/1755159347114.png
885,3993,28-105-73-69,cache/1755159347121.png
885,3992,28-105-115-69,cache/1755159347129.png
885,1503,101-109-43-44,cache/1755159347138.png
885,5730,201-158-84-85,cache/1755159347145.png
885,7712,322-122-87-104,cache/1755159347154.png
184,1442,401-121-39-43,cache/1755159347940.png
184,4826,149-79-68-85,cache/1755159347948.png
184,10890,186-128-112-123,cache/1755159347956.png
819,1499,320-110-42-42,cache/1755159348569.png
139,1536,323-127-37-45,cache/1755159349263.png
139,6087,99-145-88-86,cache/1755159349269.png
139,1746,61-146-41-49,cache/1755159349277.png
139,1408,216-95-40-40,cache/1755159349284.png
139,3565,38-88-70-64,cache/1755159349291.png
518,2077,121-139-49-50,cache/1755159350168.png
518,1472,346-105-42-43,cache/1755159350177.png
518,2686,184-60-57-58,cache/1755159350185.png
518,9112,191-133-87-115,cache/1755159350191.png
518,9212,126-133-153-115,cache/1755159350200.png
518,2839,191-133-87-41,cache/1755159350210.png
549,1612,236-136-36-48,cache/1755159350856.png
549,5558,118-134-83-83,cache/1755159350862.png
549,3187,202-39-53-65,cache/1755159350872.png
549,1401,33-115-39-42,cache/1755159350878.png
549,1430,184-94-41-41,cache/1755159350883.png
413,13445,125-166-128-143,cache/1755159351606.png
413,4704,68-64-69-80,cache/1755159351623.png
413,8453,338-123-105-105,cache/1755159351630.png
413,5233,127-167-125-75,cache/1755159351638.png
601,2352,299-187-44-56,cache/1755159352355.png
601,11286,168-172-98-131,cache/1755159352360.png
601,1951,105-160-41-51,cache/1755159352374.png
601,2752,231-72-58-58,cache/1755159352381.png
601,2926,107-76-60-60,cache/1755159352389.png
601,1262,178-114-38-42,cache/1755159352395.png
601,1691,143-128-44-45,cache/1755159352399.png
888,2551,294-186-49-56,cache/1755159353132.png
888,4782,171-73-64-81,cache/1755159353136.png
888,1713,54-119-47-44,cache/1755159353142.png
164,2472,175-205-45-61,cache/1755159353890.png
164,3724,365-94-69-66,cache/1755159353898.png
164,3728,323-94-111-66,cache/1755159353904.png
164,1112,223-107-38-41,cache/1755159353911.png
164,2244,247-118-79-35,cache/1755159353916.png
164,7554,246-118-81-104,cache/1755159353922.png
943,1934,351-160-43-53,cache/1755159354902.png
943,7048,118-138-90-116,cache/1755159354910.png
943,4834,331-63-68-81,cache/1755159354920.png
943,6017,68-85-94-100,cache/1755159354927.png
943,2869,129-58-64-75,cache/1755159354934.png
943,2672,164-108-71-71,cache/1755159354941.png
943,15412,155-188-142-131,cache/1755159354947.png
943,3067,118-138-88-43,cache/1755159354958.png
157,3111,231-202-59-67,cache/1755159355799.png
157,8429,296-129-88-110,cache/1755159355810.png
157,1439,120-131-36-44,cache/1755159355822.png
157,1718,197-155-37-49,cache/1755159355828.png
157,2623,245-65-56-57,cache/1755159355835.png
157,4793,361-81-73-84,cache/1755159355844.png
157,2505,300-129-84-38,cache/1755159355851.png
157,5715,14-86-80-86,cache/1755159355857.png
129,2175,292-180-43-56,cache/1755159356598.png
129,5055,291-76-69-82,cache/1755159356607.png
129,2377,236-44-66-71,cache/1755159356616.png
129,2094,130-62-57-46,cache/1755159356624.png
129,8019,130-99-99-103,cache/1755159356632.png
426,2602,237-175-55-59,cache/1755159357351.png
426,2292,248-59-53-53,cache/1755159357363.png
426,3869,148-61-59-71,cache/1755159357397.png
426,8945,287-112-105-109,cache/1755159357403.png
555,2006,182-147-46-51,cache/1755159358050.png
555,5954,240-97-71-91,cache/1755159358055.png
555,5209,138-67-73-78,cache/1755159358062.png
546,1948,346-162-43-52,cache/1755159358838.png
546,2026,390-137-52-47,cache/1755159358844.png
546,12541,158-130-110-174,cache/1755159358849.png
546,1747,122-134-43-47,cache/1755159358860.png
546,3916,158-169-100-48,cache/1755159358865.png
546,4962,337-78-72-82,cache/1755159358870.png
546,3778,272-58-60-71,cache/1755159358877.png
463,5943,250-142-87-86,cache/1755159359584.png
463,1717,166-135-38-47,cache/1755159359590.png
463,4057,266-55-60-72,cache/1755159359595.png
463,5418,102-59-81-81,cache/1755159359602.png
220,2187,281-173-50-56,cache/1755159360280.png
220,1599,167-159-36-47,cache/1755159360289.png
220,5193,296-90-69-85,cache/1755159360294.png
220,4010,197-64-58-74,cache/1755159360301.png
220,4021,165-64-90-74,cache/1755159360308.png
154,8889,175-150-86-114,cache/1755159361056.png
154,5613,94-97-73-88,cache/1755159361070.png
154,8929,175-150-148-114,cache/1755159361080.png
394,2554,264-198-50-61,cache/1755159361878.png
394,1681,235-146-36-46,cache/1755159361887.png
394,2247,251-45-52-53,cache/1755159361894.png
394,3980,25-108-73-68,cache/1755159361899.png
394,2837,99-69-60-60,cache/1755159361907.png
394,4003,25-107-132-69,cache/1755159361914.png
394,3005,185-78-61-61,cache/1755159361922.png
394,7544,281-116-90-107,cache/1755159361928.png
449,2802,276-67-59-59,cache/1755159362524.png
449,1781,88-121-48-46,cache/1755159362531.png
675,1950,100-140-46-50,cache/1755159363285.png
675,1656,205-203-44-46,cache/1755159363290.png
675,3863,268-55-59-71,cache/1755159363295.png
675,5674,31-83-78-88,cache/1755159363300.png
675,5697,31-83-112-105,cache/1755159363306.png
675,9446,144-111-108-111,cache/1755159363313.png
736,5472,121-157-82-82,cache/1755159364112.png
736,2581,195-223-46-62,cache/1755159364119.png
736,7215,336-94-100-97,cache/1755159364125.png
736,2645,277-74-63-71,cache/1755159364133.png
736,1986,258-115-75-33,cache/1755159364139.png
736,5707,46-92-78-88,cache/1755159364144.png
736,4338,114-63-64-75,cache/1755159364150.png
736,2772,206-75-58-59,cache/1755159364156.png
736,6797,256-115-120-98,cache/1755159364162.png
847,2052,325-154-50-53,cache/1755159364851.png
847,1814,253-140-45-49,cache/1755159364857.png
847,2656,119-193-56-60,cache/1755159364864.png
847,1402,72-129-37-44,cache/1755159364870.png
847,1050,196-169-38-42,cache/1755159364876.png
847,4366,327-70-66-79,cache/1755159364884.png
847,1526,295-117-42-46,cache/1755159364893.png
847,2688,172-64-56-58,cache/1755159364899.png
847,6608,192-191-89-92,cache/1755159364906.png
578,7866,272-94-97-97,cache/1755159365536.png
578,5527,86-83-73-85,cache/1755159365547.png
585,1662,145-128-43-46,cache/1755159366120.png
585,2183,226-54-51-52,cache/1755159366124.png
411,9345,141-154-90-118,cache/1755159366861.png
411,1660,89-156-40-48,cache/1755159366872.png
411,4002,217-48-69-69,cache/1755159366878.png
411,6957,258-96-92-94,cache/1755159366885.png
411,3823,157-63-57-71,cache/1755159366892.png
411,3449,46-98-67-64,cache/1755159366898.png
610,5468,317-86-73-86,cache/1755159367578.png
610,6337,67-100-79-94,cache/1755159367585.png
610,5067,152-68-71-81,cache/1755159367594.png
497,10564,163-144-103-118,cache/1755159368553.png
497,4295,229-55-70-70,cache/1755159368566.png
497,2844,326-78-65-76,cache/1755159368573.png
497,2851,145-105-67-65,cache/1755159368578.png
497,7603,290-115-85-99,cache/1755159368586.png
497,13553,144-105-122-156,cache/1755159368593.png
745,5352,215-159-81-82,cache/1755159369301.png
745,1661,105-142-39-47,cache/1755159369308.png
745,5040,344-80-72-83,cache/1755159369314.png
745,6824,142-119-78-101,cache/1755159369321.png
774,1688,67-135-41-46,cache/1755159370027.png
774,2729,193-214-46-64,cache/1755159370033.png
774,3060,132-80-61-61,cache/1755159370039.png
729,2492,198-193-47-57,cache/1755159370785.png
729,2550,292-67-56-56,cache/1755159370793.png
729,3132,209-41-58-63,cache/1755159370803.png
729,2805,143-77-58-96,cache/1755159370809.png
729,2774,143-77-58-59,cache/1755159370816.png
856,1765,263-163-38-50,cache/1755159371556.png
856,1554,354-133-38-44,cache/1755159371562.png
856,9213,112-147-91-115,cache/1755159371569.png
856,1434,196-52-54-60,cache/1755159371579.png
856,5580,202-73-80-83,cache/1755159371586.png
793,1383,252-193-40-42,cache/1755159372177.png
793,1541,404-127-41-45,cache/1755159372186.png
793,4849,301-61-67-79,cache/1755159372192.png
13,1738,274-167-38-50,cache/1755159372981.png
13,2665,144-194-55-62,cache/1755159372987.png
13,1584,69-137-41-42,cache/1755159372994.png
13,4952,280-90-69-82,cache/1755159373000.png
13,2959,187-90-60-62,cache/1755159373007.png
13,4963,112-68-79-78,cache/1755159373013.png
68,2031,256-144-47-52,cache/1755159373779.png
68,3095,204-233-50-68,cache/1755159373785.png
68,5149,342-76-72-82,cache/1755159373791.png
68,4441,253-49-73-73,cache/1755159373797.png
68,3250,180-47-54-66,cache/1755159373803.png
558,11500,223-154-114-126,cache/1755159374534.png
558,1316,223-171-31-63,cache/1755159374551.png
558,7260,149-135-81-107,cache/1755159374558.png
558,2624,317-79-65-49,cache/1755159374568.png
558,1965,308-121-77-33,cache/1755159374574.png
813,5440,107-161-82-83,cache/1755159375214.png
813,7009,262-100-88-98,cache/1755159375222.png
201,1808,158-159-39-50,cache/1755159375959.png
201,2720,205-182-56-61,cache/1755159375967.png
201,3051,304-80-62-61,cache/1755159375973.png
201,5781,380-88-79-87,cache/1755159375980.png
201,8145,17-100-105-102,cache/1755159375988.png
286,1511,239-205-42-43,cache/1755159376639.png
286,2545,237-61-56-56,cache/1755159376646.png
286,6054,63-86-77-89,cache/1755159376652.png
655,2317,304-186-46-57,cache/1755159378216.png
655,3983,251-61-59-72,cache/1755159378224.png
655,5614,331-87-74-86,cache/1755159378231.png
655,1263,336-87-69-23,cache/1755159378240.png
655,6325,20-76-92-82,cache/1755159378246.png
268,4145,299-66-63-74,cache/1755159378988.png
268,3426,240-48-55-63,cache/1755159378994.png
268,3674,124-62-60-72,cache/1755159379000.png
268,1962,159-115-79-30,cache/1755159379006.png
268,7488,159-115-80-103,cache/1755159379012.png
948,5252,299-136-81-81,cache/1755159379729.png
948,2156,114-147-51-52,cache/1755159379736.png
948,4191,171-67-60-74,cache/1755159379740.png
948,3588,69-99-69-68,cache/1755159379748.png
17,2088,244-180-41-55,cache/1755159380580.png
17,2634,149-211-47-62,cache/1755159380589.png
17,2502,270-60-56-55,cache/1755159380595.png
17,6271,398-94-81-90,cache/1755159380602.png
17,3388,140-90-64-65,cache/1755159380610.png
17,7045,47-98-84-97,cache/1755159380615.png
17,1547,408-93-71-27,cache/1755159380622.png
514,9372,225-128-98-114,cache/1755159381500.png
514,6845,141-172-92-93,cache/1755159381508.png
514,7672,371-92-102-92,cache/1755159381515.png
514,3611,273-81-67-81,cache/1755159381522.png
514,5856,56-70-88-84,cache/1755159381528.png
514,4214,191-65-60-75,cache/1755159381535.png
908,10879,138-134-110-125,cache/1755159382299.png
908,1801,87-155-41-50,cache/1755159382307.png
908,4625,207-98-73-95,cache/1755159382312.png
908,1566,364-123-42-47,cache/1755159382319.png
908,2904,304-70-60-60,cache/1755159382323.png
961,1478,269-137-35-45,cache/1755159382987.png
961,1478,144-200-42-43,cache/1755159382996.png
961,4477,65-120-76-74,cache/1755159383003.png
961,7814,331-120-89-104,cache/1755159383012.png
222,1855,141-144-41-47,cache/1755159383721.png
222,2986,183-225-49-67,cache/1755159383728.png
222,1560,137-242-52-46,cache/1755159383734.png
222,2052,225-45-51-52,cache/1755159383741.png
222,1503,245-90-70-27,cache/1755159383747.png
222,4522,118-67-65-77,cache/1755159383753.png
222,5679,193-146-85-86,cache/1755159383760.png
815,9998,215-174-91-122,cache/1755159384445.png
815,6539,294-127-79-99,cache/1755159384454.png
815,3045,152-96-61-61,cache/1755159384464.png
815,2053,296-127-76-33,cache/1755159384471.png
815,3676,215-174-91-48,cache/1755159384477.png
930,8315,153-197-101-103,cache/1755159385299.png
930,4886,282-82-71-89,cache/1755159385306.png
930,4995,105-70-69-82,cache/1755159385313.png
930,7415,220-110-79-103,cache/1755159385319.png
930,3808,162-207-82-62,cache/1755159385327.png
143,5682,138-168-84-84,cache/1755159386047.png
143,6561,341-112-82-95,cache/1755159386057.png
143,1864,348-112-75-31,cache/1755159386068.png
750,7879,213-189-99-100,cache/1755159386878.png
750,1980,345-139-49-47,cache/1755159386887.png
750,1040,191-196-35-46,cache/1755159386893.png
750,3842,384-97-71-67,cache/1755159386900.png
750,4026,247-64-60-75,cache/1755159386908.png
750,3400,297-89-66-65,cache/1755159386915.png
750,2159,114-91-57-53,cache/1755159386921.png
750,1894,395-154-84-34,cache/1755159386927.png
386,8219,248-130-84-109,cache/1755159387797.png
386,4852,63-130-79-77,cache/1755159387807.png
386,6396,389-94-85-92,cache/1755159387814.png
386,4164,272-56-61-75,cache/1755159387822.png
386,3635,196-44-55-70,cache/1755159387831.png
386,1931,206-152-41-68,cache/1755159387839.png
907,7115,202-84-93-96,cache/1755159388439.png
91,8587,178-134-85-112,cache/1755159389363.png
91,6085,257-67-84-87,cache/1755159389381.png
91,6527,92-99-79-95,cache/1755159389387.png
91,2821,178-134-84-42,cache/1755159389394.png
914,4333,310-115-73-73,cache/1755159390300.png
914,3720,378-95-69-67,cache/1755159390312.png
914,4325,163-64-61-76,cache/1755159390320.png
914,12825,168-165-109-132,cache/1755159390327.png
641,1953,338-171-42-53,cache/1755159391171.png
641,2420,142-193-45-58,cache/1755159391178.png
641,3579,287-96-66-67,cache/1755159391184.png
641,2971,221-37-52-64,cache/1755159391193.png
641,5193,87-78-71-84,cache/1755159391199.png
641,8251,357-105-107-98,cache/1755159391206.png
641,2123,181-115-77-34,cache/1755159391213.png
202,1521,162-128-36-45,cache/1755159391793.png
430,7287,277-134-81-102,cache/1755159392550.png
430,4057,71-127-72-70,cache/1755159392559.png
430,1688,309-112-64-61,cache/1755159392567.png
430,2416,43-100-64-62,cache/1755159392575.png
430,2437,127-70-55-54,cache/1755159392583.png
276,1679,378-138-41-48,cache/1755159393360.png
276,1425,251-90-41-42,cache/1755159393368.png
276,9990,269-122-108-121,cache/1755159393375.png
944,1482,236-136-34-47,cache/1755159394365.png
944,11817,79-133-118-122,cache/1755159394373.png
944,6096,377-88-81-89,cache/1755159394382.png
944,2740,253-78-81-57,cache/1755159394390.png
944,2784,123-67-59-58,cache/1755159394397.png
944,4027,197-43-72-69,cache/1755159394403.png
944,9118,269-105-106-109,cache/1755159394410.png
944,9108,269-105-174-109,cache/1755159394419.png
944,2498,272-105-102-42,cache/1755159394430.png
933,10115,211-167-92-124,cache/1755159395252.png
933,2716,122-193-56-61,cache/1755159395264.png
933,1617,52-134-43-48,cache/1755159395270.png
933,4471,358-81-83-84,cache/1755159395275.png
933,2261,325-120-80-37,cache/1755159395282.png
933,4254,163-61-100-76,cache/1755159395287.png
933,4251,163-61-61-76,cache/1755159395294.png
933,7402,320-120-85-103,cache/1755159395301.png
30,2161,118-147-52-54,cache/1755159396045.png
30,3066,307-71-61-61,cache/1755159396051.png
30,2553,159-50-56-56,cache/1755159396061.png
30,12787,195-166-113-137,cache/1755159396067.png
824,5690,128-141-84-85,cache/1755159396847.png
824,1571,61-127-41-46,cache/1755159396858.png
824,4411,236-56-68-71,cache/1755159396865.png
824,4815,330-119-78-76,cache/1755159396871.png
824,6130,66-138-146-88,cache/1755159396876.png
702,6427,177-171-89-90,cache/1755159397606.png
702,1723,83-155-41-51,cache/1755159397616.png
702,2732,110-182-56-60,cache/1755159397624.png
702,4134,287-59-85-74,cache/1755159397630.png
702,4189,281-108-73-71,cache/1755159397638.png
702,1895,33-120-51-47,cache/1755159397645.png
966,2292,242-48-54-54,cache/1755159398515.png
966,3114,198-82-62-62,cache/1755159398525.png
966,7683,353-110-88-104,cache/1755159398533.png
126,2070,231-170-40-56,cache/1755159399494.png
126,1770,356-143-42-49,cache/1755159399500.png
126,4010,129-164-101-49,cache/1755159399508.png
126,12516,128-164-104-136,cache/1755159399516.png
126,6809,10-91-87-99,cache/1755159399528.png
126,1030,152-120-38-43,cache/1755159399536.png
126,4058,91-122-80-78,cache/1755159399542.png
126,6846,10-91-148-99,cache/1755159399549.png
311,1496,228-151-35-47,cache/1755159400291.png
311,1499,349-143-38-46,cache/1755159400302.png
311,1312,129-200-40-40,cache/1755159400307.png
311,3267,244-100-64-64,cache/1755159400312.png
311,2908,266-51-55-67,cache/1755159400319.png
311,5595,88-70-83-82,cache/1755159400326.png
311,4008,191-44-61-88,cache/1755159400334.png
410,2234,135-193-45-57,cache/1755159401329.png
410,2441,206-61-54-55,cache/1755159401340.png
410,5804,42-81-77-86,cache/1755159401349.png
410,1751,304-160-39-50,cache/1755159401358.png
410,1443,137-210-43-40,cache/1755159401364.png
297,5525,287-136-83-83,cache/1755159402184.png
297,2561,242-197-46-61,cache/1755159402196.png
297,1781,202-148-37-50,cache/1755159402203.png
297,5758,411-93-68-93,cache/1755159402210.png
297,5297,250-82-77-86,cache/1755159402217.png
297,5306,250-82-121-86,cache/1755159402224.png
297,1220,334-112-40-40,cache/1755159402232.png
297,5635,88-62-83-83,cache/1755159402237.png
86,2800,245-205-53-62,cache/1755159403183.png
86,2833,195-235-47-66,cache/1755159403195.png
86,1693,173-158-38-49,cache/1755159403204.png
86,5156,101-82-70-84,cache/1755159403212.png
86,3506,154-62-60-74,cache/1755159403220.png
86,4433,341-123-75-73,cache/1755159403227.png
270,1950,347-165-44-52,cache/1755159404014.png
270,1759,396-129-47-49,cache/1755159404021.png
270,2194,237-191-41-58,cache/1755159404027.png
270,1581,144-218-43-45,cache/1755159404033.png
270,1587,135-141-37-47,cache/1755159404039.png
270,2748,178-60-58-59,cache/1755159404044.png
270,5143,75-72-72-84,cache/1755159404050.png
132,1454,202-203-41-42,cache/1755159404810.png
132,3819,99-84-71-83,cache/1755159404820.png
132,8498,135-113-101-105,cache/1755159404830.png
403,1559,304-202-43-44,cache/1755159405533.png
403,2357,248-158-53-56,cache/1755159405539.png
403,1850,215-48-52-51,cache/1755159405547.png
403,1433,324-110-43-41,cache/1755159405552.png
403,1375,126-92-41-40,cache/1755159405556.png
403,6629,182-85-83-92,cache/1755159405561.png
690,1754,138-213-46-47,cache/1755159406412.png
690,7508,90-96-87-93,cache/1755159406421.png
690,1804,14-119-49-47,cache/1755159406431.png
690,8348,337-107-91-106,cache/1755159406438.png
690,7531,90-96-87-158,cache/1755159406447.png
720,2298,310-169-58-55,cache/1755159407145.png
720,2501,142-187-54-60,cache/1755159407157.png
720,3302,318-99-64-63,cache/1755159407163.png
720,5892,151-104-85-91,cache/1755159407171.png
616,2246,182-163-51-55,cache/1755159407845.png
616,3594,155-104-68-67,cache/1755159407850.png
616,5929,41-81-77-87,cache/1755159407857.png
338,2538,279-64-55-56,cache/1755159408540.png
338,2273,182-56-52-53,cache/1755159408548.png
338,3455,135-95-65-66,cache/1755159408553.png
952,6574,180-195-90-92,cache/1755159409381.png
952,5473,346-98-74-86,cache/1755159409388.png
952,3878,282-65-77-73,cache/1755159409399.png
952,3234,19-96-65-61,cache/1755159409405.png
952,4527,95-80-66-78,cache/1755159409411.png
952,7136,240-111-88-98,cache/1755159409416.png
542,1313,276-180-39-40,cache/1755159410180.png
542,1827,230-138-43-48,cache/1755159410185.png
542,2678,192-184-52-61,cache/1755159410190.png
542,4903,91-128-78-78,cache/1755159410196.png
542,2824,274-72-59-59,cache/1755159410202.png
542,4957,60-71-86-84,cache/1755159410208.png
814,1498,239-223-42-43,cache/1755159410992.png
814,5180,283-68-79-81,cache/1755159410997.png
814,4346,77-78-64-79,cache/1755159411005.png
814,6059,137-98-77-91,cache/1755159411014.png
814,4219,352-125-73-71,cache/1755159411020.png
779,2640,145-186-53-59,cache/1755159411834.png
779,7017,389-87-88-97,cache/1755159411842.png
779,6036,229-79-71-88,cache/1755159411850.png
779,3597,273-46-68-79,cache/1755159411856.png
779,8445,83-107-107-113,cache/1755159411862.png
370,1788,321-153-39-49,cache/1755159412643.png
370,1346,166-177-31-53,cache/1755159412652.png
370,1458,113-127-38-44,cache/1755159412660.png
370,3166,338-86-63-62,cache/1755159412666.png
370,2212,247-53-52-52,cache/1755159412673.png
370,5191,121-64-82-81,cache/1755159412679.png
370,10495,193-167-94-125,cache/1755159412686.png
300,3584,374-96-69-65,cache/1755159413393.png
300,3688,148-107-69-69,cache/1755159413398.png
300,3445,133-65-77-68,cache/1755159413404.png
300,2874,201-146-88-41,cache/1755159413412.png
300,6528,201-174-88-90,cache/1755159413421.png
20,1412,317-189-41-42,cache/1755159414297.png
20,1505,263-203-42-43,cache/1755159414306.png
20,14055,133-187-113-132,cache/1755159414311.png
20,6148,358-93-80-91,cache/1755159414323.png
20,4521,35-96-77-92,cache/1755159414331.png
20,2306,188-53-53-54,cache/1755159414339.png
20,8402,80-114-109-113,cache/1755159414345.png
227,2318,145-159-52-57,cache/1755159415208.png
227,1378,121-135-37-47,cache/1755159415213.png
227,4960,293-68-68-82,cache/1755159415221.png
227,4614,178-40-72-75,cache/1755159415230.png
227,1871,72-125-49-48,cache/1755159415238.png
227,4268,199-171-97-55,cache/1755159415245.png
227,11326,199-171-97-131,cache/1755159415252.png
910,11018,258-157-99-125,cache/1755159416007.png
910,2192,142-190-44-56,cache/1755159416018.png
910,5761,380-85-80-87,cache/1755159416026.png
910,5856,60-70-85-87,cache/1755159416035.png
910,1473,389-85-71-26,cache/1755159416043.png
645,2346,280-203-45-59,cache/1755159416672.png
645,3474,162-230-63-74,cache/1755159416681.png
645,1382,326-92-41-41,cache/1755159416687.png
236,1290,314-183-40-39,cache/1755159417369.png
236,1513,191-209-43-43,cache/1755159417377.png
236,4037,356-110-72-69,cache/1755159417385.png
236,4072,312-69-65-76,cache/1755159417392.png
236,3779,132-58-59-70,cache/1755159417400.png
236,4630,202-61-78-92,cache/1755159417408.png
371,10437,176-173-93-126,cache/1755159418119.png
371,6605,136-93-86-89,cache/1755159418134.png
371,1747,295-165-39-50,cache/1755159418144.png
334,8233,247-136-84-110,cache/1755159418902.png
334,2707,250-136-81-42,cache/1755159418912.png
334,2777,171-204-54-64,cache/1755159418919.png
334,3867,264-88-82-77,cache/1755159418925.png
334,4879,343-75-71-82,cache/1755159418931.png
334,6164,90-99-77-93,cache/1755159418937.png
18,6270,366-100-81-91,cache/1755159419859.png
18,5247,262-88-68-84,cache/1755159419870.png
18,1927,227-72-53-57,cache/1755159419880.png
18,1457,374-100-73-25,cache/1755159419887.png
18,1736,196-53-50-52,cache/1755159419893.png
18,8866,114-112-104-106,cache/1755159419899.png
18,1737,196-53-82-52,cache/1755159419908.png
18,5262,231-88-99-85,cache/1755159419914.png
416,1540,255-117-40-43,cache/1755159420560.png
713,5206,297-83-70-83,cache/1755159421266.png
713,3286,126-61-60-72,cache/1755159421273.png
713,3762,154-103-69-69,cache/1755159421281.png
713,6870,42-107-85-96,cache/1755159421288.png
713,1251,300-83-67-23,cache/1755159421295.png
165,4789,312-61-89-67,cache/1755159422351.png
165,3280,237-37-69-68,cache/1755159422362.png
165,6492,19-87-84-92,cache/1755159422374.png
165,4549,199-75-68-79,cache/1755159422383.png
165,3295,104-76-64-65,cache/1755159422390.png
165,10908,300-116-128-119,cache/1755159422397.png
165,4045,139-135-119-59,cache/1755159422407.png
165,6502,19-87-147-92,cache/1755159422414.png
165,12674,137-136-123-132,cache/1755159422422.png
106,11174,278-146-107-118,cache/1755159423223.png
106,7030,149-185-93-95,cache/1755159423238.png
106,3451,317-75-71-71,cache/1755159423248.png
106,3783,38-99-70-67,cache/1755159423256.png
106,3760,110-60-64-72,cache/1755159423263.png
106,7621,350-105-108-105,cache/1755159423269.png
106,7900,102-119-111-109,cache/1755159423278.png
107,10154,133-156-94-123,cache/1755159424019.png
107,2535,229-40-66-62,cache/1755159424029.png
508,1988,335-155-48-49,cache/1755159424766.png
508,4845,351-95-73-86,cache/1755159424772.png
508,5282,120-73-80-81,cache/1755159424779.png
508,3288,48-96-65-62,cache/1755159424787.png
508,4503,201-138-75-76,cache/1755159424794.png
3,1673,174-224-45-47,cache/1755159425570.png
3,1411,134-129-35-44,cache/1755159425576.png
3,3279,267-88-64-63,cache/1755159425581.png
3,2347,222-53-53-54,cache/1755159425587.png
3,2391,286-54-59-70,cache/1755159425593.png
3,8189,37-111-92-99,cache/1755159425599.png
61,2209,281-157-49-53,cache/1755159426199.png
61,2766,249-213-49-64,cache/1755159426204.png
61,1737,119-151-40-49,cache/1755159426212.png
61,2316,161-190-44-58,cache/1755159426216.png
137,1481,252-192-38-44,cache/1755159427130.png
137,2502,125-127-80-69,cache/1755159427136.png
137,13547,136-157-115-141,cache/1755159427143.png
137,1890,44-123-49-45,cache/1755159427154.png
137,5587,245-56-82-81,cache/1755159427160.png
137,3298,110-114-95-79,cache/1755159427167.png
137,16178,125-127-160-171,cache/1755159427175.png
845,5475,167-133-79-101,cache/1755159427916.png
845,3013,237-46-51-63,cache/1755159427925.png
845,2926,277-89-61-60,cache/1755159427930.png
845,3425,30-101-67-63,cache/1755159427936.png
845,6545,190-192-90-91,cache/1755159427942.png
845,7173,329-106-94-99,cache/1755159427951.png
845,2181,336-106-86-68,cache/1755159427959.png
355,1976,288-178-42-53,cache/1755159428727.png
355,1395,370-129-37-43,cache/1755159428736.png
355,6024,123-168-87-87,cache/1755159428741.png
355,3988,81-130-77-76,cache/1755159428747.png
355,7247,237-95-94-97,cache/1755159428754.png
355,3248,233-43-60-62,cache/1755159428762.png
355,4682,33-79-71-81,cache/1755159428767.png
355,2870,144-79-59-59,cache/1755159428774.png
355,2817,130-175-72-51,cache/1755159428781.png
169,10214,274-141-98-111,cache/1755159429664.png
169,3518,179-227-59-71,cache/1755159429677.png
169,3989,210-63-58-74,cache/1755159429685.png
169,3889,152-107-69-69,cache/1755159429693.png
169,2707,58-94-67-61,cache/1755159429700.png
169,6310,358-110-80-98,cache/1755159429707.png
169,4928,75-133-79-77,cache/1755159429715.png
169,1719,133-233-100-57,cache/1755159429721.png
482,6442,324-93-79-90,cache/1755159430389.png
482,2700,282-64-60-73,cache/1755159430396.png
482,6400,235-102-74-94,cache/1755159430403.png
715,9115,223-138-88-116,cache/1755159431173.png
715,3499,169-214-62-71,cache/1755159431185.png
715,3805,292-60-61-72,cache/1755159431191.png
715,6262,33-85-86-92,cache/1755159431197.png
715,4036,193-44-69-67,cache/1755159431204.png
651,1643,273-133-39-44,cache/1755159431827.png
651,2700,223-221-46-64,cache/1755159431837.png
651,3147,294-80-63-63,cache/1755159431844.png
390,1880,47-128-50-48,cache/1755159432701.png
390,11168,175-166-96-132,cache/1755159432706.png
390,3964,175-168-96-52,cache/1755159432716.png
390,5643,239-80-72-87,cache/1755159432722.png
390,1488,325-103-43-42,cache/1755159432730.png
390,3643,158-114-72-68,cache/1755159432734.png
239,2052,359-159-45-53,cache/1755159433662.png
239,2149,183-169-42-55,cache/1755159433668.png
239,1687,70-135-41-47,cache/1755159433677.png
239,1780,291-124-43-45,cache/1755159433688.png
239,4358,114-55-64-76,cache/1755159433698.png
239,5302,203-73-67-85,cache/1755159433706.png
312,6786,353-78-92-95,cache/1755159434526.png
312,4303,262-67-70-84,cache/1755159434535.png
312,6913,98-98-80-98,cache/1755159434540.png
312,10062,205-118-106-118,cache/1755159434547.png
210,2283,261-58-53-53,cache/1755159435173.png
781,2216,233-45-52-52,cache/1755159435848.png
781,3506,107-92-66-65,cache/1755159435856.png
920,6724,250-172-91-92,cache/1755159436711.png
920,1473,130-195-42-42,cache/1755159436722.png
920,1573,123-131-38-46,cache/1755159436727.png
920,3116,178-238-50-70,cache/1755159436732.png
920,10830,318-108-118-131,cache/1755159436738.png
920,5927,199-63-78-86,cache/1755159436747.png
920,1787,179-262-49-46,cache/1755159436754.png
789,1842,255-157-39-51,cache/1755159437408.png
789,8523,160-128-85-110,cache/1755159437418.png
789,3959,206-60-58-72,cache/1755159437429.png
265,7534,282-109-84-99,cache/1755159438074.png
84,1942,353-159-43-51,cache/1755159438836.png
84,4325,274-110-74-73,cache/1755159438843.png
84,4481,333-72-67-80,cache/1755159438852.png
84,2268,220-54-52-53,cache/1755159438861.png
84,1674,132-118-45-45,cache/1755159438871.png
84,3946,95-67-65-77,cache/1755159438878.png
681,4525,339-133-75-74,cache/1755159439974.png
681,1930,265-182-40-52,cache/1755159439985.png
681,2201,148-200-43-57,cache/1755159439993.png
681,3224,283-96-63-63,cache/1755159440001.png
681,4780,95-74-69-80,cache/1755159440009.png
123,1660,273-128-41-45,cache/1755159440711.png
123,1831,213-165-38-51,cache/1755159440722.png
123,4136,239-63-60-76,cache/1755159440729.png
123,6905,52-98-83-95,cache/1755159440735.png
93,5629,338-75-78-79,cache/1755159441345.png
93,7663,112-126-83-104,cache/1755159441356.png
145,3681,274-55-57-71,cache/1755159441996.png
175,1681,292-164-38-49,cache/1755159442824.png
175,3435,98-78-73-83,cache/1755159442832.png
175,6346,137-100-80-92,cache/1755159442839.png
175,4062,187-57-83-70,cache/1755159442849.png
175,8023,359-110-102-95,cache/1755159442857.png
175,2475,324-83-60-60,cache/1755159442866.png
548,1673,295-82-60-40,cache/1755159443481.png
548,7955,276-114-91-98,cache/1755159443493.png
841,5928,138-136-86-86,cache/1755159444219.png
841,4691,279-56-65-79,cache/1755159444233.png
841,1539,218-126-35-47,cache/1755159444242.png
841,1814,47-110-49-44,cache/1755159444248.png
841,10980,336-110-122-115,cache/1755159444255.png
604,1737,341-158-40-49,cache/1755159445150.png
604,1626,287-127-44-45,cache/1755159445160.png
604,4967,95-140-79-78,cache/1755159445168.png
604,2295,204-48-50-62,cache/1755159445177.png
604,4555,76-84-75-80,cache/1755159445184.png
604,4446,166-78-62-77,cache/1755159445191.png
246,1550,385-143-40-45,cache/1755159445876.png
246,2488,236-176-53-59,cache/1755159445887.png
246,1509,191-210-42-44,cache/1755159445895.png
246,2845,114-79-60-60,cache/1755159445902.png
246,6544,280-111-77-96,cache/1755159445909.png
116,2074,65-137-52-51,cache/1755159446602.png
116,2553,274-54-56-56,cache/1755159446613.png
116,4580,156-63-93-85,cache/1755159446621.png
116,4582,156-62-63-80,cache/1755159446630.png
925,8257,235-131-83-108,cache/1755159447476.png
925,2298,236-131-82-35,cache/1755159447492.png
925,1466,62-128-39-44,cache/1755159447508.png
925,2382,191-200-43-59,cache/1755159447514.png
925,2159,147-161-48-51,cache/1755159447521.png
925,6075,325-99-77-90,cache/1755159447526.png
925,2963,288-76-65-78,cache/1755159447533.png
925,4196,174-66-60-70,cache/1755159447539.png
925,8341,192-131-126-120,cache/1755159447545.png
831,1313,109-186-40-39,cache/1755159448293.png
831,6076,360-91-80-91,cache/1755159448299.png
831,6087,63-79-83-92,cache/1755159448306.png
820,11057,174-189-96-130,cache/1755159449020.png
820,4111,175-189-94-54,cache/1755159449038.png
820,4688,145-55-74-76,cache/1755159449045.png
869,1381,282-103-40-42,cache/1755159449744.png
869,7007,97-85-93-93,cache/1755159449751.png
869,7405,344-105-91-103,cache/1755159449762.png
809,5594,260-148-83-83,cache/1755159450486.png
809,2459,130-199-46-60,cache/1755159450498.png
809,4285,217-56-60-76,cache/1755159450506.png
809,6771,358-98-84-96,cache/1755159450515.png
809,1799,366-98-76-29,cache/1755159450523.png
809,3932,106-69-69-83,cache/1755159450530.png
809,8869,36-105-104-106,cache/1755159450536.png
809,2048,173-255-49-51,cache/1755159450545.png
776,2963,221-45-50-63,cache/1755159451216.png
776,7313,68-103-96-94,cache/1755159451226.png
776,7289,68-103-142-94,cache/1755159451236.png
98,8884,241-147-86-114,cache/1755159452043.png
98,3088,207-45-52-65,cache/1755159452055.png
98,2822,245-147-82-42,cache/1755159452063.png
98,3685,27-100-70-66,cache/1755159452068.png
98,2497,158-77-59-55,cache/1755159452075.png
98,4198,164-123-72-72,cache/1755159452082.png
656,2883,267-195-57-63,cache/1755159452792.png
656,1856,326-144-42-46,cache/1755159452800.png
656,3207,195-209-60-69,cache/1755159452807.png
656,1190,196-209-58-36,cache/1755159452815.png
656,3637,271-47-58-71,cache/1755159452822.png
656,3183,216-81-62-63,cache/1755159452829.png
439,2002,230-159-46-52,cache/1755159453460.png
439,1242,139-194-39-40,cache/1755159453471.png
439,2527,180-229-45-61,cache/1755159453480.png
439,3838,131-63-60-71,cache/1755159453488.png
439,1533,180-249-45-41,cache/1755159453495.png
257,3236,238-46-53-64,cache/1755159454854.png
257,2466,117-63-60-73,cache/1755159454860.png
257,5171,145-81-68-84,cache/1755159454866.png
257,7818,275-119-84-105,cache/1755159454873.png
195,7834,244-128-97-115,cache/1755159455596.png
195,2897,296-81-63-59,cache/1755159455604.png
195,2307,226-49-53-53,cache/1755159455610.png
195,5734,124-65-82-82,cache/1755159455615.png
195,1480,67-118-39-45,cache/1755159455621.png
195,12792,180-186-106-133,cache/1755159455626.png
423,1994,296-153-48-50,cache/1755159456328.png
423,1486,201-210-41-43,cache/1755159456334.png
423,5995,296-86-91-92,cache/1755159456338.png
423,3638,151-106-68-67,cache/1755159456344.png
423,2017,138-72-57-53,cache/1755159456350.png
423,2130,68-122-80-34,cache/1755159456356.png
423,7352,68-114-86-110,cache/1755159456360.png
977,2349,285-176-45-54,cache/1755159457004.png
977,6709,160-167-91-93,cache/1755159457010.png
977,2216,235-55-51-52,cache/1755159457020.png
977,1598,287-101-74-27,cache/1755159457029.png
5,2732,177-190-55-61,cache/1755159457747.png
5,3297,315-92-64-63,cache/1755159457753.png
5,2121,261-56-52-52,cache/1755159457759.png
5,3640,152-105-66-67,cache/1755159457764.png
5,4339,64-122-75-73,cache/1755159457771.png
653,4351,306-129-74-73,cache/1755159458462.png
653,7452,79-128-84-103,cache/1755159458474.png
653,4442,31-95-72-86,cache/1755159458485.png
653,3303,98-71-62-61,cache/1755159458493.png
653,6176,156-106-75-88,cache/1755159458499.png
663,2758,106-178-57-63,cache/1755159459312.png
663,4722,241-47-75-73,cache/1755159459318.png
663,1671,364-112-47-45,cache/1755159459325.png
663,2935,316-69-60-60,cache/1755159459332.png
663,6291,68-92-79-92,cache/1755159459340.png
663,4449,172-115-74-74,cache/1755159459348.png
663,2282,164-77-62-55,cache/1755159459355.png
674,2058,367-158-45-49,cache/1755159459933.png
674,1936,312-169-42-53,cache/1755159459939.png
674,1425,103-132-36-44,cache/1755159459943.png
674,5019,194-82-64-83,cache/1755159459949.png
865,3695,34-105-69-65,cache/1755159460544.png
865,3163,113-90-63-61,cache/1755159460551.png
488,2682,230-211-46-63,cache/1755159461316.png
488,6307,117-162-88-88,cache/1755159461321.png
488,1415,186-142-36-47,cache/1755159461330.png
488,3205,329-80-63-62,cache/1755159461338.png
488,4402,264-55-66-74,cache/1755159461344.png
488,4202,198-42-71-70,cache/1755159461352.png
488,1395,58-121-37-43,cache/1755159461360.png
849,10455,237-155-95-118,cache/1755159462551.png
849,1376,126-194-41-41,cache/1755159462561.png
849,1855,208-55-53-55,cache/1755159462568.png
849,5088,165-77-66-84,cache/1755159462574.png
849,6386,47-91-91-90,cache/1755159462582.png
849,6231,323-101-78-94,cache/1755159462590.png
849,1648,48-91-71-28,cache/1755159462598.png
120,1858,243-142-44-49,cache/1755159463787.png
120,6331,149-173-88-90,cache/1755159463796.png
120,7791,335-122-89-105,cache/1755159463807.png
179,9002,225-136-100-113,cache/1755159464462.png
179,1836,159-153-45-49,cache/1755159464479.png
179,3837,266-72-59-72,cache/1755159464487.png
291,1410,327-187-41-41,cache/1755159465252.png
291,1729,295-147-39-49,cache/1755159465262.png
291,11646,97-151-104-121,cache/1755159465271.png
291,2082,38-132-53-50,cache/1755159465283.png
291,1537,200-160-32-52,cache/1755159465290.png
291,3218,319-75-63-63,cache/1755159465296.png
291,1488,374-124-39-44,cache/1755159465303.png
291,5023,100-75-72-80,cache/1755159465308.png
302,1550,177-136-36-46,cache/1755159465971.png
302,3703,342-93-69-66,cache/1755159465978.png
315,1901,298-169-42-53,cache/1755159466857.png
315,5438,258-89-69-87,cache/1755159466863.png
315,1401,260-89-67-26,cache/1755159466870.png
315,3715,73-102-69-66,cache/1755159466875.png
315,2585,204-64-56-57,cache/1755159466880.png
315,7191,358-114-87-100,cache/1755159466885.png
315,10647,191-168-94-127,cache/1755159466892.png
315,1433,260-89-67-60,cache/1755159466903.png
697,1546,288-199-43-43,cache/1755159467856.png
697,1847,253-228-47-48,cache/1755159467864.png
697,3254,295-73-64-63,cache/1755159467872.png
697,1687,360-120-44-48,cache/1755159467879.png
876,9680,238-153-91-119,cache/1755159468748.png
876,2456,64-92-64-66,cache/1755159468760.png
876,4268,94-107-74-86,cache/1755159468769.png
876,2987,240-153-89-42,cache/1755159468775.png
838,1567,339-142-38-47,cache/1755159469394.png
838,7492,144-125-81-104,cache/1755159469399.png
701,4771,315-130-77-77,cache/1755159470143.png
701,1620,115-146-39-48,cache/1755159470151.png
701,2220,202-193-42-57,cache/1755159470159.png
701,2773,224-70-58-59,cache/1755159470168.png
701,1687,273-122-45-46,cache/1755159470176.png
701,4853,144-54-74-75,cache/1755159470182.png
88,9977,221-156-91-122,cache/1755159470862.png
88,3371,222-156-90-48,cache/1755159470878.png
88,6497,277-89-90-96,cache/1755159470887.png
88,4105,329-69-84-81,cache/1755159470894.png
251,1654,289-129-40-48,cache/1755159471530.png
251,5706,181-154-84-85,cache/1755159471539.png
251,4588,101-121-76-75,cache/1755159471547.png
400,2193,219-55-51-53,cache/1755159472175.png
375,2066,224-151-48-53,cache/1755159472903.png
375,1353,143-192-40-40,cache/1755159472911.png
375,5948,377-92-80-89,cache/1755159472917.png
375,4663,86-70-68-79,cache/1755159472923.png
375,2557,168-63-56-57,cache/1755159472929.png
40,1373,179-214-40-41,cache/1755159473560.png
40,3278,346-104-64-63,cache/1755159473566.png
40,1289,288-107-40-39,cache/1755159473571.png
40,2929,81-91-61-59,cache/1755159473576.png
122,5551,339-68-79-87,cache/1755159474222.png
122,3037,207-34-53-66,cache/1755159474229.png
122,1316,237-86-39-40,cache/1755159474249.png
122,3574,116-91-67-66,cache/1755159474259.png
198,11218,208-166-98-129,cache/1755159475122.png
198,2840,242-127-75-63,cache/1755159475135.png
198,2079,376-143-53-49,cache/1755159475141.png
198,1988,129-171-42-53,cache/1755159475146.png
198,3765,242-94-75-96,cache/1755159475152.png
198,7061,0-85-95-93,cache/1755159475158.png
198,1432,93-104-42-40,cache/1755159475165.png
198,1781,0-85-87-34,cache/1755159475170.png
14,2206,98-155-48-56,cache/1755159475798.png
14,1407,368-116-37-43,cache/1755159475803.png
14,3372,193-41-54-66,cache/1755159475807.png
444,1521,263-201-43-44,cache/1755159476744.png
444,1976,68-134-50-48,cache/1755159476751.png
444,3955,272-56-59-72,cache/1755159476758.png
444,3502,156-90-66-66,cache/1755159476765.png
897,1472,372-126-39-44,cache/1755159477482.png
897,1392,56-112-39-44,cache/1755159477489.png
897,7224,157-80-75-121,cache/1755159477495.png
350,1363,220-201-40-41,cache/1755159478214.png
350,1518,237-124-38-44,cache/1755159478220.png
350,3243,190-41-52-65,cache/1755159478228.png
350,4530,95-70-66-78,cache/1755159478235.png
724,4680,230-136-76-76,cache/1755159478927.png
724,5953,154-99-71-91,cache/1755159478940.png
724,1641,154-98-70-29,cache/1755159478949.png
314,3843,351-89-70-68,cache/1755159479556.png
314,3348,206-77-64-65,cache/1755159479561.png
723,3759,246-49-63-65,cache/1755159480408.png
277,1424,279-193-42-42,cache/1755159481279.png
277,6670,150-171-91-91,cache/1755159481285.png
277,4102,20-105-73-69,cache/1755159481294.png
277,6706,324-104-81-95,cache/1755159481301.png
277,4129,20-105-131-69,cache/1755159481309.png
277,2607,283-79-61-61,cache/1755159481316.png
878,1829,307-153-43-51,cache/1755159482097.png
878,4098,382-111-73-69,cache/1755159482112.png
878,3550,202-52-55-68,cache/1755159482120.png
878,9379,66-118-110-111,cache/1755159482127.png
307,1413,74-129-37-43,cache/1755159482692.png
307,1672,166-152-37-48,cache/1755159482703.png
307,2152,246-56-52-52,cache/1755159482708.png
171,8092,325-128-95-108,cache/1755159483515.png
171,2538,338-128-82-39,cache/1755159483523.png
171,2143,138-189-43-56,cache/1755159483530.png
171,3455,235-35-54-68,cache/1755159483538.png
171,5792,265-99-74-95,cache/1755159483546.png
171,3420,175-90-65-65,cache/1755159483554.png
171,12165,185-157-117-133,cache/1755159483560.png
318,1763,128-170-39-50,cache/1755159484357.png
318,3923,297-120-70-69,cache/1755159484368.png
318,1474,222-120-38-43,cache/1755159484378.png
318,3593,63-105-67-66,cache/1755159484385.png
318,2451,194-65-55-55,cache/1755159484392.png
74,9667,223-143-106-118,cache/1755159485191.png
74,4022,89-130-71-70,cache/1755159485206.png
74,1899,214-46-48-49,cache/1755159485213.png
74,3520,323-110-67-65,cache/1755159485221.png
74,3265,225-143-103-55,cache/1755159485229.png
261,9191,218-139-88-115,cache/1755159485932.png
261,2752,219-139-87-40,cache/1755159485947.png
261,804,289-139-33-47,cache/1755159485954.png
261,3108,323-79-62-62,cache/1755159485960.png
261,4523,175-64-63-74,cache/1755159485966.png
261,2301,93-125-84-35,cache/1755159485973.png
261,8265,93-125-88-108,cache/1755159485978.png
565,2446,202-170-52-58,cache/1755159486656.png
565,4067,249-44-70-70,cache/1755159486668.png
565,1597,44-111-46-42,cache/1755159486679.png
565,4500,140-56-69-72,cache/1755159486687.png
565,8408,283-108-101-106,cache/1755159486695.png
58,2522,272-169-54-57,cache/1755159487451.png
58,4580,102-71-66-78,cache/1755159487463.png
627,1906,114-131-47-49,cache/1755159488258.png
627,1298,346-106-43-42,cache/1755159488263.png
627,1370,319-120-39-45,cache/1755159488271.png
627,10338,198-143-93-123,cache/1755159488279.png
627,10345,198-143-140-123,cache/1755159488290.png
931,1427,333-127-40-46,cache/1755159489002.png
931,6171,129-174-87-88,cache/1755159489013.png
931,1364,110-95-42-40,cache/1755159489024.png
931,8576,238-110-126-106,cache/1755159489032.png
840,6884,208-168-93-92,cache/1755159489811.png
840,1521,286-133-36-45,cache/1755159489820.png
840,3594,346-88-67-66,cache/1755159489826.png
840,5715,193-70-78-83,cache/1755159489835.png
41,1429,364-128-37-43,cache/1755159490646.png
41,5495,98-145-83-82,cache/1755159490654.png
41,2292,216-54-53-53,cache/1755159490663.png
41,3143,99-65-62-76,cache/1755159490670.png
41,5107,137-88-73-84,cache/1755159490677.png
41,6693,188-171-91-94,cache/1755159490687.png
41,4543,265-122-75-75,cache/1755159490695.png
41,1517,138-88-70-27,cache/1755159490702.png
172,2272,261-177-43-58,cache/1755159491462.png
172,2066,221-133-48-52,cache/1755159491468.png
172,1932,160-226-48-50,cache/1755159491473.png
172,6247,86-84-77-93,cache/1755159491478.png
172,1795,33-110-49-45,cache/1755159491484.png
172,5276,321-122-81-81,cache/1755159491489.png
289,9514,232-135-90-117,cache/1755159492330.png
289,2085,98-165-44-54,cache/1755159492339.png
289,6936,382-97-87-95,cache/1755159492344.png
289,4168,211-52-70-72,cache/1755159492352.png
289,4749,282-61-66-75,cache/1755159492359.png
289,6931,22-79-93-86,cache/1755159492366.png
289,7393,156-105-87-99,cache/1755159492374.png
500,1934,166-184-40-54,cache/1755159493106.png
500,3765,67-111-69-67,cache/1755159493116.png
500,5318,199-92-66-87,cache/1755159493126.png
829,2166,228-198-48-59,cache/1755159493932.png
829,2144,287-160-48-52,cache/1755159493944.png
829,2664,197-228-46-64,cache/1755159493952.png
829,3201,368-92-67-63,cache/1755159493960.png
829,4792,186-51-75-76,cache/1755159493968.png
829,1959,360-144-50-50,cache/1755159493975.png
773,11984,212-165-102-125,cache/1755159494608.png
773,2206,166-190-42-56,cache/1755159494624.png
773,1895,101-168-42-51,cache/1755159494632.png
404,1485,265-202-42-43,cache/1755159495450.png
404,3353,172-217-60-71,cache/1755159495461.png
404,1247,173-217-59-36,cache/1755159495469.png
404,4445,145-53-71-71,cache/1755159495477.png
376,1810,112-153-44-46,cache/1755159496216.png
376,4773,254-88-63-81,cache/1755159496226.png
376,4134,316-73-62-75,cache/1755159496235.png
376,1785,235-48-49-48,cache/1755159496244.png
376,1050,337-129-64-30,cache/1755159496250.png
199,2280,143-175-50-54,cache/1755159497008.png
199,2325,219-62-53-54,cache/1755159497019.png
199,2262,274-121-78-37,cache/1755159497028.png
199,3345,70-97-66-63,cache/1755159497035.png
199,1764,287-88-61-37,cache/1755159497043.png
199,7506,271-104-82-116,cache/1755159497049.png
636,2021,161-181-41-54,cache/1755159497706.png
636,5088,97-79-70-84,cache/1755159497717.png
25,8006,168-142-82-109,cache/1755159498612.png
25,1507,132-145-39-49,cache/1755159498621.png
25,3495,264-106-65-66,cache/1755159498628.png
25,4738,73-84-69-80,cache/1755159498636.png
25,4023,171-71-59-73,cache/1755159498644.png
25,4193,239-94-97-78,cache/1755159498650.png
733,1691,194-161-38-51,cache/1755159499479.png
733,2189,160-190-43-56,cache/1755159499489.png
733,1372,338-123-36-43,cache/1755159499498.png
733,2628,128-64-56-57,cache/1755159499505.png
733,4248,69-116-74-71,cache/1755159499512.png
733,3488,43-76-70-81,cache/1755159499519.png
597,6195,234-172-88-87,cache/1755159500263.png
597,6942,107-116-80-99,cache/1755159500272.png
597,3014,96-74-66-77,cache/1755159500282.png
181,1743,382-150-42-48,cache/1755159501099.png
181,1854,337-158-42-51,cache/1755159501109.png
181,2288,291-187-44-58,cache/1755159501117.png
181,2040,192-165-41-52,cache/1755159501124.png
181,4084,232-45-68-69,cache/1755159501130.png
181,3758,70-99-69-67,cache/1755159501137.png
181,3616,117-61-62-72,cache/1755159501143.png
181,3622,117-61-77-84,cache/1755159501149.png
181,5154,200-45-100-70,cache/1755159501155.png
499,8472,230-135-85-111,cache/1755159502069.png
499,1917,347-142-48-52,cache/1755159502082.png
499,10141,109-157-96-123,cache/1755159502089.png
499,3546,109-157-92-49,cache/1755159502099.png
499,5021,8-82-76-87,cache/1755159502105.png
499,4247,189-36-71-72,cache/1755159502112.png
499,5024,8-82-122-87,cache/1755159502119.png
499,2726,137-63-57-58,cache/1755159502126.png
499,6308,61-117-103-103,cache/1755159502131.png
1,4736,343-130-78-76,cache/1755159502921.png
1,2302,264-200-44-58,cache/1755159502933.png
1,1696,113-155-39-49,cache/1755159502942.png
1,2059,151-183-42-55,cache/1755159502949.png
1,4327,385-86-74-86,cache/1755159502956.png
1,6462,264-98-78-94,cache/1755159502963.png
1,5469,45-85-76-86,cache/1755159502971.png
1,1696,416-154-63-49,cache/1755159502978.png
215,1693,282-154-38-49,cache/1755159503707.png
215,7779,104-127-84-105,cache/1755159503714.png
215,4779,292-85-92-93,cache/1755159503727.png
215,4439,53-76-69-78,cache/1755159503739.png
100,3914,88-111-70-69,cache/1755159504406.png
367,2038,307-174-42-53,cache/1755159505350.png
367,1730,81-150-40-49,cache/1755159505361.png
367,1530,133-140-37-45,cache/1755159505370.png
367,2094,232-51-50-51,cache/1755159505377.png
367,1374,407-122-38-42,cache/1755159505384.png
367,4590,148-55-74-72,cache/1755159505390.png
367,6159,25-82-93-90,cache/1755159505397.png
909,5219,188-161-80-81,cache/1755159506098.png
909,4652,349-93-69-85,cache/1755159506106.png
909,4056,132-60-63-72,cache/1755159506112.png
909,6428,284-116-76-95,cache/1755159506118.png
528,1832,196-150-43-49,cache/1755159506703.png
528,3308,250-53-53-66,cache/1755159506707.png
896,2776,238-193-55-63,cache/1755159507490.png
896,6055,348-76-86-90,cache/1755159507499.png
896,6091,259-68-86-88,cache/1755159507508.png
896,4847,146-48-77-77,cache/1755159507517.png
896,3631,39-93-69-65,cache/1755159507523.png
896,4510,189-126-75-75,cache/1755159507528.png
896,1028,239-193-54-31,cache/1755159507535.png
896,1523,305-86-40-52,cache/1755159507539.png
852,1659,409-140-42-46,cache/1755159508380.png
852,2746,183-226-46-65,cache/1755159508388.png
852,4656,149-129-76-77,cache/1755159508397.png
852,957,152-241-36-44,cache/1755159508407.png
852,4708,238-69-63-80,cache/1755159508414.png
852,4146,124-76-67-83,cache/1755159508421.png
852,3250,149-52-78-76,cache/1755159508428.png
852,3257,130-52-97-94,cache/1755159508435.png
717,1565,351-129-40-46,cache/1755159509105.png
717,7078,246-77-92-95,cache/1755159509113.png
717,7040,96-101-81-99,cache/1755159509126.png
504,2911,223-222-49-63,cache/1755159510408.png
504,1841,169-165-39-51,cache/1755159510413.png
504,1530,51-133-40-45,cache/1755159510421.png
504,6316,123-77-84-87,cache/1755159510429.png
504,2143,191-52-55-55,cache/1755159510438.png
504,8144,361-101-104-106,cache/1755159510445.png
622,1367,282-196-40-41,cache/1755159511295.png
622,1653,102-155-39-48,cache/1755159511304.png
622,8244,146-128-85-101,cache/1755159511312.png
622,2114,221-54-51-51,cache/1755159511321.png
622,1457,297-112-42-42,cache/1755159511327.png
622,1641,380-120-47-43,cache/1755159511333.png
622,7081,21-94-98-90,cache/1755159511338.png
622,8270,104-128-127-101,cache/1755159511346.png
970,6287,216-160-88-89,cache/1755159512121.png
970,7164,392-95-87-99,cache/1755159512135.png
970,1389,355-108-40-42,cache/1755159512145.png
290,1326,237-185-39-41,cache/1755159512816.png
290,5501,263-88-69-87,cache/1755159512826.png
290,4150,102-112-72-71,cache/1755159512836.png
290,1348,264-88-68-23,cache/1755159512844.png
353,4776,164-178-104-57,cache/1755159513745.png
353,13042,163-178-105-141,cache/1755159513756.png
353,6070,288-68-83-91,cache/1755159513769.png
353,4936,113-63-68-81,cache/1755159513777.png
353,4437,225-124-79-79,cache/1755159513784.png
353,6084,288-68-125-91,cache/1755159513791.png
326,1297,228-184-39-41,cache/1755159514608.png
326,2123,287-88-62-60,cache/1755159514617.png
326,4113,256-115-71-72,cache/1755159514626.png
326,3674,97-102-68-68,cache/1755159514634.png
326,2735,154-78-59-58,cache/1755159514639.png
341,10534,256-135-114-121,cache/1755159515516.png
341,11059,153-176-96-129,cache/1755159515532.png
341,1872,81-152-43-47,cache/1755159515542.png
341,2948,69-127-55-72,cache/1755159515547.png
341,5809,323-70-87-85,cache/1755159515553.png
341,2739,238-74-58-58,cache/1755159515560.png
341,3290,142-92-64-64,cache/1755159515566.png
341,1058,69-127-40-45,cache/1755159515571.png
341,2218,134-58-59-65,cache/1755159515576.png
341,3895,154-176-94-51,cache/1755159515582.png
744,8894,252-128-98-113,cache/1755159516510.png
744,1965,352-146-49-48,cache/1755159516522.png
744,2664,171-203-52-62,cache/1755159516530.png
744,3990,291-65-63-73,cache/1755159516537.png
744,3528,200-107-66-69,cache/1755159516544.png
744,3255,107-63-74-62,cache/1755159516551.png
744,4779,68-91-70-88,cache/1755159516557.png
744,6766,122-123-80-101,cache/1755159516563.png
744,2221,122-123-77-49,cache/1755159516570.png
599,11808,149-170-101-126,cache/1755159517684.png
599,1607,66-140-40-46,cache/1755159517693.png
599,1330,108-188-40-40,cache/1755159517698.png
599,3218,224-81-62-64,cache/1755159517703.png
599,2551,410-101-67-72,cache/1755159517709.png
599,1317,325-93-39-41,cache/1755159517714.png
599,2323,361-117-81-36,cache/1755159517720.png
599,4833,161-49-78-81,cache/1755159517725.png
599,7627,353-117-89-103,cache/1755159517732.png
599,6476,150-223-100-73,cache/1755159517740.png
87,1962,255-225-48-50,cache/1755159518636.png
87,2238,327-169-46-56,cache/1755159518646.png
87,7371,393-89-86-100,cache/1755159518653.png
87,2699,269-55-57-58,cache/1755159518662.png
87,2541,217-36-54-67,cache/1755159518668.png
87,4102,16-90-73-70,cache/1755159518675.png
87,5372,180-71-67-85,cache/1755159518682.png
87,5279,104-123-82-81,cache/1755159518688.png
92,10109,260-139-114-125,cache/1755159519585.png
92,11922,155-156-117-133,cache/1755159519598.png
92,4684,85-142-78-78,cache/1755159519609.png
92,3632,380-97-69-66,cache/1755159519616.png
92,3187,233-38-52-65,cache/1755159519623.png
92,1462,40-117-42-45,cache/1755159519629.png
92,11879,88-156-184-133,cache/1755159519634.png
727,6230,249-164-88-88,cache/1755159520325.png
727,1363,302-131-36-46,cache/1755159520334.png
727,7542,42-109-89-102,cache/1755159520343.png
727,2160,42-109-86-55,cache/1755159520353.png
978,2262,164-205-44-58,cache/1755159521025.png
978,4333,226-50-71-71,cache/1755159521030.png
978,3697,287-110-68-67,cache/1755159521035.png
978,2774,127-77-59-59,cache/1755159521040.png
38,1703,160-152-38-48,cache/1755159521750.png
38,4071,227-50-61-71,cache/1755159521755.png
38,1345,358-119-36-43,cache/1755159521759.png
38,4867,118-59-73-79,cache/1755159521763.png
183,1699,323-148-42-48,cache/1755159522447.png
183,1842,272-157-42-50,cache/1755159522453.png
183,2927,152-199-57-64,cache/1755159522460.png
183,1540,119-128-40-41,cache/1755159522467.png
183,1474,351-117-43-41,cache/1755159522471.png
183,2903,154-82-60-59,cache/1755159522476.png
372,1593,228-142-43-49,cache/1755159523332.png
372,2208,81-154-53-53,cache/1755159523341.png
372,3289,149-156-89-46,cache/1755159523348.png
372,9796,148-156-91-121,cache/1755159523355.png
372,9889,83-149-184-128,cache/1755159523365.png
229,10942,149-136-97-122,cache/1755159524085.png
229,2109,71-144-50-53,cache/1755159524098.png
229,4825,239-57-85-81,cache/1755159524105.png
568,1997,345-145-49-52,cache/1755159524859.png
568,1497,165-138-36-45,cache/1755159524868.png
568,4466,289-57-67-77,cache/1755159524874.png
568,3581,97-95-68-66,cache/1755159524880.png
568,5611,197-152-84-83,cache/1755159524889.png
415,2369,98-168-54-57,cache/1755159525592.png
415,4027,268-116-71-70,cache/1755159525600.png
415,4288,224-71-62-79,cache/1755159525618.png
452,4282,292-121-73-73,cache/1755159526338.png
452,5190,342-84-80-91,cache/1755159526344.png
452,2956,72-77-62-59,cache/1755159526355.png
452,10391,205-148-99-118,cache/1755159526362.png
507,1514,264-145-36-46,cache/1755159526996.png
507,1817,332-166-40-50,cache/1755159527004.png
507,4944,170-68-76-76,cache/1755159527011.png
50,7533,172-202-96-98,cache/1755159527787.png
50,4947,327-76-70-81,cache/1755159527797.png
50,4987,327-76-101-104,cache/1755159527803.png
485,1397,60-130-38-42,cache/1755159528486.png
485,6482,284-86-88-91,cache/1755159528494.png
485,2656,136-59-62-50,cache/1755159528505.png
485,6088,134-103-73-93,cache/1755159528513.png
611,4968,70-70-73-80,cache/1755159529164.png
611,6431,194-168-89-91,cache/1755159529171.png
279,1902,368-155-44-51,cache/1755159529775.png
279,1489,185-197-42-43,cache/1755159529787.png
279,5078,127-69-68-83,cache/1755159529797.png
0,2572,307-167-58-57,cache/1755159530518.png
0,11174,141-132-113-124,cache/1755159530528.png
0,2708,253-70-57-58,cache/1755159530540.png
0,5395,80-88-73-87,cache/1755159530547.png
207,10353,221-143-94-114,cache/1755159531283.png
207,9067,314-123-91-112,cache/1755159531294.png
207,6756,76-100-82-96,cache/1755159531303.png
689,2549,270-204-45-62,cache/1755159532040.png
689,1685,328-146-39-48,cache/1755159532046.png
689,1521,171-135-36-46,cache/1755159532053.png
689,3766,245-48-60-68,cache/1755159532060.png
78,1620,213-238-43-46,cache/1755159532883.png
78,1586,264-158-37-47,cache/1755159532893.png
78,1460,341-146-37-44,cache/1755159532901.png
78,2057,157-195-42-55,cache/1755159532908.png
78,3038,222-46-50-63,cache/1755159532914.png
78,4611,268-74-67-78,cache/1755159532921.png
78,5099,87-67-79-76,cache/1755159532928.png
808,2198,184-176-42-56,cache/1755159533634.png
808,3277,337-81-64-63,cache/1755159533641.png
808,5843,215-67-83-83,cache/1755159533648.png
808,6767,25-91-85-95,cache/1755159533655.png
159,1861,299-160-40-51,cache/1755159534354.png
159,1281,211-139-36-47,cache/1755159534362.png
159,11185,134-162-98-129,cache/1755159534370.png
159,3622,136-162-95-47,cache/1755159534382.png
159,1386,312-106-41-41,cache/1755159534390.png
159,2637,144-64-57-57,cache/1755159534396.png
678,1311,323-190-40-39,cache/1755159535208.png
678,2564,188-221-45-62,cache/1755159535215.png
678,4832,150-57-81-74,cache/1755159535222.png
678,6307,22-86-85-94,cache/1755159535228.png
678,9394,108-117-104-110,cache/1755159535236.png
678,7842,318-102-99-96,cache/1755159535244.png
957,8024,270-136-85-108,cache/1755159536179.png
957,11487,152-162-109-130,cache/1755159536187.png
957,1587,91-134-41-44,cache/1755159536198.png
957,5010,129-118-87-97,cache/1755159536205.png
991,1371,287-179-40-41,cache/1755159537125.png
991,12455,155-170-103-138,cache/1755159537133.png
991,1595,143-133-37-47,cache/1755159537142.png
991,2235,63-149-49-50,cache/1755159537149.png
991,3457,235-34-55-67,cache/1755159537154.png
991,5115,157-44-77-79,cache/1755159537160.png
991,4529,156-170-102-56,cache/1755159537167.png
991,12559,146-134-177-174,cache/1755159537173.png
706,1557,399-127-41-46,cache/1755159537919.png
706,8507,184-131-84-112,cache/1755159537924.png
706,1897,105-142-45-53,cache/1755159537932.png
706,3308,240-80-65-65,cache/1755159537938.png
706,6194,59-60-91-88,cache/1755159537944.png
706,2824,184-131-84-41,cache/1755159537953.png
706,1899,98-105-53-89,cache/1755159537959.png
303,10045,270-130-101-119,cache/1755159538807.png
303,2058,365-155-48-55,cache/1755159538824.png
303,2318,245-59-54-55,cache/1755159538831.png
303,4036,119-60-61-72,cache/1755159538838.png
190,4875,192-135-78-78,cache/1755159539589.png
190,1789,174-223-45-48,cache/1755159539596.png
247,8682,256-137-87-112,cache/1755159540353.png
247,1801,340-149-42-52,cache/1755159540362.png
247,8237,75-128-90-108,cache/1755159540367.png
247,5139,253-49-79-79,cache/1755159540381.png
247,2821,259-137-84-41,cache/1755159540388.png
247,2571,76-128-83-39,cache/1755159540394.png
42,1837,277-155-41-47,cache/1755159541001.png
42,2980,126-86-61-61,cache/1755159541016.png
42,6184,192-108-72-93,cache/1755159541026.png
858,1702,319-137-40-48,cache/1755159541612.png
858,1591,189-108-42-44,cache/1755159541624.png
587,2576,255-213-46-62,cache/1755159542313.png
587,4649,187-76-63-80,cache/1755159542323.png
587,3728,80-103-69-67,cache/1755159542330.png
587,7825,252-110-90-98,cache/1755159542338.png
867,2109,145-186-43-55,cache/1755159543129.png
867,2068,232-40-50-50,cache/1755159543138.png
867,5672,287-89-72-89,cache/1755159543146.png
867,1792,77-104-74-30,cache/1755159543155.png
867,6553,76-104-81-96,cache/1755159543161.png
867,5660,287-90-111-88,cache/1755159543168.png
867,1490,291-90-68-27,cache/1755159543176.png
150,6785,220-87-90-91,cache/1755159544008.png
150,3255,153-89-63-64,cache/1755159544022.png
150,8473,345-101-108-101,cache/1755159544030.png
529,3172,271-203-61-68,cache/1755159544901.png
529,1093,274-203-57-33,cache/1755159544910.png
529,4287,219-46-74-73,cache/1755159544917.png
529,3798,287-99-69-68,cache/1755159544925.png
529,3488,180-92-65-66,cache/1755159544933.png
666,7425,283-129-82-103,cache/1755159545555.png
666,4202,118-65-63-75,cache/1755159545565.png
75,3046,275-194-58-67,cache/1755159546445.png
75,1479,331-130-38-46,cache/1755159546455.png
75,14414,154-174-115-144,cache/1755159546464.png
75,2638,87-169-57-60,cache/1755159546478.png
75,2735,216-45-55-70,cache/1755159546484.png
75,5107,161-68-76-80,cache/1755159546491.png
75,1671,74-111-47-44,cache/1755159546498.png
317,1503,225-195-43-43,cache/1755159547133.png
545,5452,284-150-83-83,cache/1755159547739.png
626,7802,244-127-82-105,cache/1755159548444.png
626,3433,353-96-66-64,cache/1755159548451.png
626,1490,55-118-43-39,cache/1755159548458.png
626,5137,193-96-90-93,cache/1755159548464.png
859,2085,222-196-40-55,cache/1755159549363.png
859,1489,295-129-41-44,cache/1755159549368.png
859,1618,122-88-60-52,cache/1755159549375.png
859,1722,134-114-72-29,cache/1755159549383.png
859,6314,133-114-75-94,cache/1755159549387.png
366,2370,95-156-54-56,cache/1755159550302.png
366,6528,385-92-84-92,cache/1755159550308.png
366,3771,242-65-63-75,cache/1755159550318.png
366,3290,326-80-64-64,cache/1755159550328.png
366,7190,130-51-106-118,cache/1755159550335.png
366,1830,193-104-76-29,cache/1755159550345.png
366,7010,192-104-77-99,cache/1755159550350.png
692,2137,347-152-53-52,cache/1755159551115.png
692,8461,187-138-84-111,cache/1755159551123.png
692,2490,188-138-83-37,cache/1755159551131.png
692,4865,260-86-66-83,cache/1755159551137.png
692,3629,215-53-71-72,cache/1755159551147.png
267,2103,90-147-45-51,cache/1755159551909.png
267,5231,337-69-72-83,cache/1755159551915.png
267,7629,160-86-91-99,cache/1755159551921.png
267,7647,160-86-144-99,cache/1755159551928.png
354,6360,227-176-88-90,cache/1755159552786.png
354,9028,108-144-91-115,cache/1755159552795.png
354,1674,40-114-47-44,cache/1755159552809.png
354,2761,197-72-58-59,cache/1755159552815.png
354,4960,182-44-73-88,cache/1755159552821.png
233,1739,33-126-48-47,cache/1755159553395.png
396,10995,256-138-115-128,cache/1755159554219.png
396,5572,300-68-79-80,cache/1755159554231.png
396,6928,182-80-90-96,cache/1755159554238.png
396,4071,99-63-66-79,cache/1755159554248.png
396,6904,44-106-84-97,cache/1755159554255.png
262,1779,182-230-46-48,cache/1755159554924.png
262,6110,385-91-82-89,cache/1755159554935.png
262,1922,240-49-51-47,cache/1755159554946.png
262,3038,228-91-65-61,cache/1755159554954.png
573,3310,216-214-60-70,cache/1755159555641.png
573,1167,218-214-58-34,cache/1755159555647.png
573,3494,247-49-61-66,cache/1755159555652.png
573,4460,323-73-88-72,cache/1755159555659.png
573,5220,189-88-66-84,cache/1755159555665.png
573,2300,170-56-55-66,cache/1755159555672.png
573,4526,323-124-75-75,cache/1755159555678.png
557,8915,89-131-91-113,cache/1755159556408.png
557,6824,222-78-88-92,cache/1755159556419.png
557,1624,276-61-54-58,cache/1755159556426.png
557,1350,175-91-40-40,cache/1755159556432.png
557,4653,52-96-103-100,cache/1755159556436.png
945,1400,277-183-41-42,cache/1755159557067.png
945,1582,89-107-44-42,cache/1755159557080.png
945,7615,184-97-87-99,cache/1755159557087.png
151,2440,266-195-45-56,cache/1755159557674.png
151,1888,331-147-45-47,cache/1755159557679.png
151,1491,51-126-38-43,cache/1755159557684.png
442,1668,333-158-39-48,cache/1755159558509.png
442,7329,115-127-82-102,cache/1755159558516.png
442,5971,379-100-80-90,cache/1755159558525.png
442,2652,178-75-80-60,cache/1755159558535.png
442,2142,115-127-78-34,cache/1755159558543.png
442,7281,194-107-87-98,cache/1755159558549.png
442,883,175-58-50-37,cache/1755159558557.png
767,5108,342-138-82-78,cache/1755159559482.png
767,5491,130-156-83-83,cache/1755159559490.png
767,3246,234-38-67-85,cache/1755159559498.png
767,6063,111-67-87-87,cache/1755159559505.png
36,5073,98-128-80-80,cache/1755159560227.png
36,3507,164-217-62-71,cache/1755159560240.png
36,8831,277-86-125-97,cache/1755159560249.png
36,896,134-230-35-45,cache/1755159560261.png
36,4288,135-217-91-71,cache/1755159560267.png
602,2130,265-156-49-53,cache/1755159561041.png
602,1289,316-187-40-40,cache/1755159561052.png
602,3474,210-45-72-69,cache/1755159561061.png
602,4592,114-62-66-73,cache/1755159561069.png
602,5353,183-87-67-87,cache/1755159561077.png
510,11204,230-143-97-153,cache/1755159561849.png
510,3883,231-166-95-51,cache/1755159561864.png
510,1572,372-133-40-46,cache/1755159561872.png
510,1069,139-182-40-40,cache/1755159561878.png
510,2453,158-204-46-60,cache/1755159561884.png
510,1652,51-110-47-44,cache/1755159561890.png
510,3048,110-73-61-60,cache/1755159561895.png
523,2018,64-139-45-48,cache/1755159562655.png
523,3747,281-84-100-85,cache/1755159562664.png
523,6693,113-78-96-89,cache/1755159562674.png
523,8820,275-121-90-112,cache/1755159562683.png
924,2056,130-154-45-54,cache/1755159563549.png
924,4935,247-55-79-81,cache/1755159563555.png
924,1685,288-112-45-47,cache/1755159563563.png
924,3746,182-42-57-70,cache/1755159563569.png
924,5456,86-85-76-91,cache/1755159563576.png
924,15627,164-181-140-138,cache/1755159563585.png
76,11996,137-159-119-134,cache/1755159564393.png
76,814,126-163-37-49,cache/1755159564410.png
76,2792,291-56-75-73,cache/1755159564417.png
76,5219,271-73-71-97,cache/1755159564426.png
76,4590,196-48-73-75,cache/1755159564434.png
76,3725,42-103-69-66,cache/1755159564441.png
76,2755,114-70-59-58,cache/1755159564448.png
76,1495,242-143-35-46,cache/1755159564454.png
556,2271,226-189-43-57,cache/1755159565308.png
556,1800,175-135-43-48,cache/1755159565318.png
556,2451,246-62-66-73,cache/1755159565326.png
556,6599,259-88-84-93,cache/1755159565335.png
556,4231,153-65-62-75,cache/1755159565343.png
710,2999,225-192-58-66,cache/1755159566146.png
710,1489,397-130-41-45,cache/1755159566155.png
710,2238,363-162-47-52,cache/1755159566163.png
710,1971,184-142-45-51,cache/1755159566170.png
710,2906,274-69-60-63,cache/1755159566177.png
710,4130,60-70-72-80,cache/1755159566182.png
710,9795,81-124-105-118,cache/1755159566188.png
406,1298,313-177-40-40,cache/1755159566909.png
406,1349,186-153-48-48,cache/1755159566914.png
406,4032,394-105-73-69,cache/1755159566919.png
406,5099,152-62-78-77,cache/1755159566925.png
406,5547,15-87-77-84,cache/1755159566932.png
406,6648,199-169-90-91,cache/1755159566938.png
322,9324,113-155-91-117,cache/1755159567684.png
322,5923,72-86-85-82,cache/1755159567696.png
583,5060,334-79-71-81,cache/1755159568367.png
583,1559,128-116-43-42,cache/1755159568379.png
64,5263,305-138-81-81,cache/1755159569078.png
64,1335,219-189-40-40,cache/1755159569090.png
64,1429,284-116-40-44,cache/1755159569098.png
64,5044,296-61-82-79,cache/1755159569104.png
64,2599,232-62-56-57,cache/1755159569112.png
64,3069,154-78-61-62,cache/1755159569118.png
7,6170,16-91-84-83,cache/1755159569783.png
709,1817,345-159-41-50,cache/1755159570543.png
709,9016,76-127-93-110,cache/1755159570548.png
709,6179,217-95-72-94,cache/1755159570555.png
709,2245,244-41-52-52,cache/1755159570562.png
709,5405,346-87-78-90,cache/1755159570566.png
433,7968,89-129-87-107,cache/1755159571517.png
433,6239,374-99-82-91,cache/1755159571531.png
433,3909,116-60-61-71,cache/1755159571540.png
665,1441,277-149-39-46,cache/1755159572243.png
665,1485,88-102-43-44,cache/1755159572256.png
756,8705,263-143-88-113,cache/1755159573058.png
756,1431,379-127-38-43,cache/1755159573066.png
756,4652,181-134-76-76,cache/1755159573073.png
756,2928,268-143-83-44,cache/1755159573082.png
756,1280,181-102-41-39,cache/1755159573088.png
598,2398,272-205-44-60,cache/1755159573876.png
598,1362,148-189-40-40,cache/1755159573890.png
598,3548,372-89-67-64,cache/1755159573896.png
598,2631,294-60-57-57,cache/1755159573902.png
598,3132,76-78-63-67,cache/1755159573908.png
730,2640,215-209-46-63,cache/1755159574707.png
730,1421,338-126-36-43,cache/1755159574713.png
730,4427,242-44-91-84,cache/1755159574718.png
730,6995,87-105-81-98,cache/1755159574725.png
730,4429,242-44-74-71,cache/1755159574731.png
80,9841,99-148-93-121,cache/1755159575634.png
80,5503,287-67-79-84,cache/1755159575644.png
80,1429,368-125-38-43,cache/1755159575654.png
80,5367,20-77-77-84,cache/1755159575663.png
80,14487,191-160-129-155,cache/1755159575675.png
80,5311,194-168-125-73,cache/1755159575694.png
138,10084,89-132-104-120,cache/1755159576408.png
138,2943,287-76-60-60,cache/1755159576416.png
138,4585,50-91-75-88,cache/1755159576421.png
453,2538,272-180-55-59,cache/1755159577220.png
453,1730,222-161-37-50,cache/1755159577227.png
453,1543,66-142-39-45,cache/1755159577234.png
453,4346,346-119-75-73,cache/1755159577241.png
453,3236,228-42-52-65,cache/1755159577249.png
453,4992,289-82-68-84,cache/1755159577256.png
453,4629,89-72-67-79,cache/1755159577264.png
453,3803,152-56-58-71,cache/1755159577270.png
453,1288,292-82-65-24,cache/1755159577277.png
112,8481,80-129-90-110,cache/1755159578171.png
112,4648,273-53-71-76,cache/1755159578185.png
112,1709,370-115-47-44,cache/1755159578194.png
112,2915,72-78-63-58,cache/1755159578201.png
112,2490,80-129-85-37,cache/1755159578208.png
112,7045,144-98-97-102,cache/1755159578214.png
167,1519,136-137-36-46,cache/1755159578938.png
167,6170,397-94-82-89,cache/1755159578947.png
167,4628,337-72-68-78,cache/1755159578954.png
167,2124,219-122-80-33,cache/1755159578962.png
167,3816,186-62-58-73,cache/1755159578969.png
167,1635,58-117-47-42,cache/1755159578975.png
167,7721,219-122-81-104,cache/1755159578981.png
890,1963,358-148-50-48,cache/1755159579708.png
890,4440,73-133-75-73,cache/1755159579719.png
890,1277,186-59-53-45,cache/1755159579729.png
890,7417,187-60-90-111,cache/1755159579737.png
890,2216,142-203-44-58,cache/1755159579747.png
163,1429,271-137-35-44,cache/1755159580491.png
163,1634,366-150-40-47,cache/1755159580501.png
163,2111,84-153-52-51,cache/1755159580510.png
163,2819,185-211-51-63,cache/1755159580517.png
163,1342,135-192-40-41,cache/1755159580525.png
163,2940,216-82-60-60,cache/1755159580531.png
163,1144,372-125-46-40,cache/1755159580538.png
938,1280,225-182-39-40,cache/1755159581293.png
938,2188,119-194-45-58,cache/1755159581299.png
938,2780,156-223-48-65,cache/1755159581306.png
938,4517,313-70-67-79,cache/1755159581312.png
938,4506,366-117-76-73,cache/1755159581318.png
938,3456,210-47-54-68,cache/1755159581325.png
938,3525,104-94-67-66,cache/1755159581330.png
511,2662,212-189-54-61,cache/1755159582039.png
511,1389,311-109-42-40,cache/1755159582046.png
511,4099,234-121-71-71,cache/1755159582053.png
511,3531,256-52-57-63,cache/1755159582061.png
511,2549,183-72-55-57,cache/1755159582070.png
511,4877,80-84-69-80,cache/1755159582077.png
114,1904,341-131-49-48,cache/1755159582758.png
114,2550,237-196-45-58,cache/1755159582763.png
114,1993,280-172-41-54,cache/1755159582770.png
114,4347,101-116-74-73,cache/1755159582778.png
114,4465,150-79-68-85,cache/1755159582786.png
505,2884,297-191-55-60,cache/1755159583744.png
505,6854,174-170-92-93,cache/1755159583750.png
505,5377,83-134-82-81,cache/1755159583761.png
505,5129,254-73-67-84,cache/1755159583770.png
505,2678,231-43-65-67,cache/1755159583778.png
505,4096,72-78-74-80,cache/1755159583785.png
505,3076,183-180-75-53,cache/1755159583793.png
988,1553,187-210-43-44,cache/1755159584429.png
988,1869,166-166-40-52,cache/1755159584436.png
560,2225,231-169-42-57,cache/1755159585216.png
560,2085,136-129-49-51,cache/1755159585224.png
560,3005,142-209-51-66,cache/1755159585233.png
560,3993,241-38-62-68,cache/1755159585242.png
560,5163,326-65-71-82,cache/1755159585250.png
560,1051,123-111-46-41,cache/1755159585257.png
560,2775,100-64-62-59,cache/1755159585263.png
551,1437,352-113-40-40,cache/1755159585935.png
109,2194,212-182-46-55,cache/1755159586671.png
109,3214,178-225-61-71,cache/1755159586682.png
109,2116,236-44-50-52,cache/1755159586691.png
109,3187,63-87-64-62,cache/1755159586699.png
109,4303,140-53-66-71,cache/1755159586706.png
812,10134,239-148-104-115,cache/1755159587420.png
812,5224,319-74-79-82,cache/1755159587434.png
812,3162,213-47-51-65,cache/1755159587444.png
812,3548,146-110-66-66,cache/1755159587451.png
812,4849,68-85-70-81,cache/1755159587458.png
812,2168,142-64-54-52,cache/1755159587465.png
812,1290,68-84-65-25,cache/1755159587470.png
459,1902,141-155-42-51,cache/1755159588132.png
459,4367,192-70-60-76,cache/1755159588142.png
459,5164,88-84-71-83,cache/1755159588151.png
842,1871,266-162-41-56,cache/1755159589225.png
842,10743,171-155-96-117,cache/1755159589235.png
842,3068,307-65-73-75,cache/1755159589247.png
842,3743,297-100-68-68,cache/1755159589255.png
842,1613,51-109-47-43,cache/1755159589262.png
842,6836,382-104-87-97,cache/1755159589268.png
471,9564,285-133-108-116,cache/1755159590128.png
471,9639,129-163-92-120,cache/1755159590137.png
471,1398,194-138-44-45,cache/1755159590145.png
471,3209,130-163-90-45,cache/1755159590150.png
471,1379,80-115-41-41,cache/1755159590155.png
471,1536,117-121-44-44,cache/1755159590160.png
471,4182,354-111-76-94,cache/1755159590165.png
603,1538,381-142-40-45,cache/1755159590854.png
603,3506,220-90-67-84,cache/1755159590862.png
603,6886,108-115-79-99,cache/1755159590872.png
603,9086,242-122-103-113,cache/1755159590882.png
278,2175,116-141-51-53,cache/1755159591593.png
278,3052,190-193-57-67,cache/1755159591599.png
278,1802,41-129-47-49,cache/1755159591604.png
278,6897,215-73-90-93,cache/1755159591610.png
278,3138,267-49-70-78,cache/1755159591617.png
278,3191,85-72-63-62,cache/1755159591623.png
989,1518,375-144-39-46,cache/1755159592178.png
679,14164,157-173-131-146,cache/1755159592974.png
679,2223,310-179-44-56,cache/1755159592993.png
679,5505,158-173-129-78,cache/1755159593001.png
486,2436,125-194-46-55,cache/1755159593789.png
486,3872,218-33-68-67,cache/1755159593800.png
486,6501,267-92-81-88,cache/1755159593808.png
486,6451,89-78-91-90,cache/1755159593818.png
486,3744,187-108-68-68,cache/1755159593826.png
483,1536,294-135-38-43,cache/1755159594463.png
483,7459,180-136-79-105,cache/1755159594473.png
483,3079,351-89-62-61,cache/1755159594483.png
848,1309,245-181-40-40,cache/1755159595249.png
848,3599,256-56-56-68,cache/1755159595259.png
848,4025,181-64-58-73,cache/1755159595267.png
848,9194,68-114-107-110,cache/1755159595273.png
642,5162,272-145-80-80,cache/1755159596034.png
642,4605,286-92-80-85,cache/1755159596046.png
642,4264,174-73-63-79,cache/1755159596055.png
642,7403,110-120-83-102,cache/1755159596062.png
387,1303,214-185-39-41,cache/1755159596795.png
387,1535,304-144-37-45,cache/1755159596799.png
387,3436,346-96-66-64,cache/1755159596805.png
387,3636,223-103-67-68,cache/1755159596811.png
387,6868,119-113-79-97,cache/1755159596816.png
67,4846,301-131-79-78,cache/1755159597705.png
67,3075,137-212-59-69,cache/1755159597713.png
67,5359,75-145-83-81,cache/1755159597719.png
67,8167,204-71-94-119,cache/1755159597725.png
67,8241,204-71-164-124,cache/1755159597734.png
6,1663,204-200-44-45,cache/1755159598409.png
6,7687,291-80-99-99,cache/1755159598415.png
6,8376,46-92-101-106,cache/1755159598422.png
308,10993,266-143-98-126,cache/1755159599337.png
308,3349,269-143-95-45,cache/1755159599351.png
308,2213,76-135-54-52,cache/1755159599359.png
308,5302,324-76-74-87,cache/1755159599366.png
308,1980,413-126-50-45,cache/1755159599373.png
308,4102,200-34-66-69,cache/1755159599379.png
308,5324,324-76-134-88,cache/1755159599386.png
308,11085,265-89-100-180,cache/1755159599394.png
534,6857,218-183-92-94,cache/1755159600380.png
534,1609,401-137-41-46,cache/1755159600391.png
534,3857,263-46-62-70,cache/1755159600398.png
534,3921,262-46-71-95,cache/1755159600406.png
534,5068,101-78-75-83,cache/1755159600417.png
534,1982,159-63-53-59,cache/1755159600424.png
534,7320,0-87-98-91,cache/1755159600430.png
534,7649,150-125-81-107,cache/1755159600439.png
964,1604,240-128-41-45,cache/1755159601177.png
964,4028,162-62-59-74,cache/1755159601188.png
964,7068,340-121-85-100,cache/1755159601197.png
301,6286,158-172-88-89,cache/1755159601941.png
301,1638,151-125-44-45,cache/1755159601949.png
301,2674,201-109-65-70,cache/1755159601954.png
301,9384,238-123-108-112,cache/1755159601960.png
479,1844,182-245-46-49,cache/1755159602677.png
479,3867,219-41-63-68,cache/1755159602685.png
479,1473,255-125-38-43,cache/1755159602694.png
479,4038,90-112-72-71,cache/1755159602701.png
479,3255,36-86-65-63,cache/1755159602709.png
479,7849,307-115-87-105,cache/1755159602717.png
447,8446,81-136-90-111,cache/1755159603403.png
447,2982,324-79-61-60,cache/1755159603415.png
447,3619,151-113-69-72,cache/1755159603422.png
887,5181,135-153-81-81,cache/1755159604160.png
887,1936,89-152-49-52,cache/1755159604173.png
887,7329,345-102-93-89,cache/1755159604181.png
887,2615,223-71-56-57,cache/1755159604190.png
887,6947,257-120-78-100,cache/1755159604197.png
393,2013,328-150-47-48,cache/1755159604836.png
393,1916,376-136-49-50,cache/1755159604849.png
393,2205,192-191-41-57,cache/1755159604858.png
393,1655,155-130-42-47,cache/1755159604864.png
393,1586,263-120-42-44,cache/1755159604871.png
393,2501,214-61-56-56,cache/1755159604878.png
582,11684,95-145-104-130,cache/1755159605661.png
582,3579,96-145-99-45,cache/1755159605677.png
582,2462,238-45-54-57,cache/1755159605685.png
582,8665,270-91-101-102,cache/1755159605691.png
582,1040,307-75-62-37,cache/1755159605700.png
582,3645,105-82-69-64,cache/1755159605705.png
408,5783,406-89-73-92,cache/1755159606452.png
408,5342,33-74-76-84,cache/1755159606463.png
408,3729,185-47-56-70,cache/1755159606472.png
408,1702,146-117-44-45,cache/1755159606479.png
408,8596,324-125-92-110,cache/1755159606485.png
493,6288,230-185-88-89,cache/1755159607315.png
493,2980,333-82-62-60,cache/1755159607327.png
493,3375,274-53-62-64,cache/1755159607335.png
493,2710,136-73-58-57,cache/1755159607343.png
493,3802,190-44-62-68,cache/1755159607350.png
493,5689,260-108-74-93,cache/1755159607356.png
778,8232,97-129-88-106,cache/1755159608086.png
778,5480,296-74-83-80,cache/1755159608099.png
778,10441,74-124-138-111,cache/1755159608109.png
608,2673,338-170-59-60,cache/1755159608997.png
608,1474,260-196-42-42,cache/1755159609006.png
608,11683,129-165-101-132,cache/1755159609015.png
608,4066,130-165-99-51,cache/1755159609028.png
608,6225,409-92-70-96,cache/1755159609036.png
608,6443,204-104-77-101,cache/1755159609044.png
571,1493,238-199-42-43,cache/1755159609840.png
571,10434,96-132-108-113,cache/1755159609846.png
571,3473,234-55-55-67,cache/1755159609856.png
571,5086,329-85-71-83,cache/1755159609862.png
571,2551,113-86-63-51,cache/1755159609870.png
932,2463,299-183-51-56,cache/1755159610784.png
932,3979,330-113-71-69,cache/1755159610794.png
932,4013,290-77-65-79,cache/1755159610801.png
932,4086,90-68-64-75,cache/1755159610809.png
932,3526,150-54-56-68,cache/1755159610816.png
932,1654,64-123-46-43,cache/1755159610825.png
932,13830,111-172-174-144,cache/1755159610834.png
862,2305,141-192-44-58,cache/1755159611725.png
862,3212,374-89-61-64,cache/1755159611732.png
862,5325,221-68-78-79,cache/1755159611738.png
862,2341,302-93-74-44,cache/1755159611746.png
862,4494,54-115-76-79,cache/1755159611752.png
862,7653,204-191-97-99,cache/1755159611759.png
862,7901,291-125-85-106,cache/1755159611768.png
216,1600,350-148-39-47,cache/1755159612403.png
216,7763,175-134-80-106,cache/1755159612412.png
216,4023,115-60-61-73,cache/1755159612418.png
216,1940,135-149-43-75,cache/1755159612423.png
527,1460,359-131-38-44,cache/1755159613147.png
527,2394,98-164-54-56,cache/1755159613151.png
527,6651,239-81-89-91,cache/1755159613162.png
527,4160,154-114-72-72,cache/1755159613172.png
527,1731,240-81-87-34,cache/1755159613179.png
527,4176,103-114-123-96,cache/1755159613185.png
711,5692,223-161-83-85,cache/1755159613960.png
711,4564,303-68-67-82,cache/1755159613968.png
711,3624,251-42-56-70,cache/1755159613974.png
711,6403,41-98-82-94,cache/1755159613980.png
711,1370,151-111-36-43,cache/1755159613986.png
711,7736,343-121-90-104,cache/1755159613991.png
711,2373,351-121-82-38,cache/1755159613998.png
624,2319,341-153-54-55,cache/1755159614803.png
624,6066,85-147-88-87,cache/1755159614808.png
624,1543,307-110-42-41,cache/1755159614815.png
624,5770,159-67-82-83,cache/1755159614819.png
223,3409,64-104-66-64,cache/1755159615415.png
223,1731,359-148-42-44,cache/1755159615428.png
140,9333,217-166-89-118,cache/1755159616325.png
140,3106,218-166-87-46,cache/1755159616339.png
140,7866,115-143-84-107,cache/1755159616347.png
140,1465,76-146-37-45,cache/1755159616356.png
140,4826,343-87-70-81,cache/1755159616361.png
140,4890,95-80-80-75,cache/1755159616368.png
140,5127,245-119-91-94,cache/1755159616374.png
566,2586,199-179-54-61,cache/1755159617016.png
566,1859,64-135-48-51,cache/1755159617028.png
566,1783,371-124-48-48,cache/1755159617036.png
698,2469,125-183-53-56,cache/1755159617765.png
698,3932,342-116-70-69,cache/1755159617772.png
698,2739,104-79-58-58,cache/1755159617780.png
698,1548,80-126-43-45,cache/1755159617787.png
292,8568,254-129-87-112,cache/1755159618605.png
292,1745,421-130-46-50,cache/1755159618618.png
292,2552,102-187-48-57,cache/1755159618626.png
292,3362,161-213-62-71,cache/1755159618633.png
292,1331,161-213-61-39,cache/1755159618641.png
292,1094,308-111-45-41,cache/1755159618647.png
292,1405,164-101-37-43,cache/1755159618653.png
292,6975,16-81-94-98,cache/1755159618658.png
292,1397,118-88-41-40,cache/1755159618665.png
292,2921,256-129-84-43,cache/1755159618671.png
292,1773,16-81-82-35,cache/1755159618676.png
797,10902,209-148-111-124,cache/1755159619511.png
797,1484,340-137-38-45,cache/1755159619523.png
797,3119,257-89-62-63,cache/1755159619530.png
797,3882,197-49-68-73,cache/1755159619538.png
797,4018,119-63-61-75,cache/1755159619545.png
797,3411,172-101-65-66,cache/1755159619552.png
54,8189,92-141-87-110,cache/1755159620279.png
54,2505,169-222-45-61,cache/1755159620288.png
54,2720,92-141-83-41,cache/1755159620297.png
54,3118,219-38-51-64,cache/1755159620306.png
54,1718,316-103-71-30,cache/1755159620313.png
54,6170,311-103-77-93,cache/1755159620319.png
512,5319,298-136-81-82,cache/1755159621133.png
512,2428,180-193-44-59,cache/1755159621145.png
512,2858,298-73-59-59,cache/1755159621153.png
512,4121,143-109-71-72,cache/1755159621160.png
512,6135,63-88-79-88,cache/1755159621167.png
512,2912,297-73-71-135,cache/1755159621174.png
921,1552,165-155-37-49,cache/1755159621859.png
921,2525,252-61-55-56,cache/1755159621869.png
921,6865,6-81-99-92,cache/1755159621878.png
921,3736,108-103-69-67,cache/1755159621888.png
921,5630,196-159-83-84,cache/1755159621895.png
664,1534,263-172-39-51,cache/1755159622793.png
664,1300,402-134-36-44,cache/1755159622803.png
664,1668,365-145-41-49,cache/1755159622811.png
664,5442,285-91-70-86,cache/1755159622816.png
664,2757,169-51-58-66,cache/1755159622824.png
664,5216,205-64-79-80,cache/1755159622831.png
664,14073,147-173-130-146,cache/1755159622839.png
664,5161,149-174-127-73,cache/1755159622851.png
664,1421,288-91-67-25,cache/1755159622858.png
380,2294,193-207-43-58,cache/1755159623442.png
189,2369,290-191-45-59,cache/1755159624194.png
189,2353,290-82-62-64,cache/1755159624205.png
189,7002,322-102-84-98,cache/1755159624213.png
189,8281,72-122-90-108,cache/1755159624223.png
147,1620,243-151-37-50,cache/1755159624953.png
147,10957,152-161-96-128,cache/1755159624964.png
147,5153,95-60-75-82,cache/1755159624978.png
844,1483,255-141-35-45,cache/1755159625747.png
844,2549,195-219-45-62,cache/1755159625757.png
844,3581,366-99-67-66,cache/1755159625766.png
844,4746,301-63-74-78,cache/1755159625773.png
844,3957,76-78-67-80,cache/1755159625781.png
844,4317,109-125-73-74,cache/1755159625788.png
539,1502,236-202-42-43,cache/1755159626519.png
539,2034,186-174-40-54,cache/1755159626529.png
539,6064,357-79-88-84,cache/1755159626537.png
539,3981,298-106-71-70,cache/1755159626546.png
539,4391,156-61-62-73,cache/1755159626554.png
539,1727,105-121-46-45,cache/1755159626560.png
94,1730,124-143-39-49,cache/1755159627887.png
94,7195,256-77-93-96,cache/1755159627891.png
94,1883,259-77-90-37,cache/1755159627898.png
45,2291,181-58-53-52,cache/1755159628440.png
115,8158,280-144-85-110,cache/1755159629079.png
115,1602,238-158-35-48,cache/1755159629092.png
115,3982,97-74-64-77,cache/1755159629099.png
434,2013,164-171-41-53,cache/1755159629775.png
434,1428,40-130-38-42,cache/1755159629781.png
434,3643,119-77-67-79,cache/1755159629786.png
434,4079,82-111-72-71,cache/1755159629792.png
434,7769,306-112-87-97,cache/1755159629798.png
618,9387,262-149-91-118,cache/1755159630607.png
618,1857,216-145-42-49,cache/1755159630619.png
618,1475,321-120-45-43,cache/1755159630627.png
618,1340,126-91-41-40,cache/1755159630634.png
618,3004,182-76-61-61,cache/1755159630640.png
618,2149,170-45-56-67,cache/1755159630646.png
929,3527,229-217-61-73,cache/1755159631499.png
929,1552,207-137-35-46,cache/1755159631508.png
929,5273,70-135-82-81,cache/1755159631515.png
929,1083,191-232-38-43,cache/1755159631523.png
929,3907,232-51-60-68,cache/1755159631529.png
929,5163,286-72-71-79,cache/1755159631535.png
929,3885,72-81-74-70,cache/1755159631541.png
929,4432,143-64-63-77,cache/1755159631547.png
929,1760,369-149-42-48,cache/1755159631553.png
751,1605,257-205-44-45,cache/1755159632258.png
751,2755,275-63-58-59,cache/1755159632269.png
751,6266,130-70-88-87,cache/1755159632278.png
751,7598,359-109-89-102,cache/1755159632288.png
319,2792,211-202-59-61,cache/1755159632935.png
319,5633,134-153-84-84,cache/1755159632944.png
319,5400,193-81-67-87,cache/1755159632952.png
340,2556,220-184-49-59,cache/1755159633609.png
340,5602,3-80-80-85,cache/1755159633614.png
258,1463,252-199-41-44,cache/1755159634608.png
258,3631,290-99-65-69,cache/1755159634614.png
258,8766,348-119-95-104,cache/1755159634621.png
544,3100,298-186-62-65,cache/1755159635386.png
544,2090,173-168-42-55,cache/1755159635397.png
544,1679,346-100-77-27,cache/1755159635405.png
544,5393,123-71-74-78,cache/1755159635412.png
544,4032,192-48-65-69,cache/1755159635421.png
544,6953,340-100-84-96,cache/1755159635428.png
544,1805,74-136-44-50,cache/1755159635436.png
221,10553,165-152-94-124,cache/1755159636268.png
221,2407,245-67-54-54,cache/1755159636284.png
221,1867,314-116-79-29,cache/1755159636292.png
221,4940,60-118-82-74,cache/1755159636299.png
221,7645,309-116-97-101,cache/1755159636307.png
221,3111,166-153-93-41,cache/1755159636315.png
680,1849,391-143-44-50,cache/1755159637076.png
680,1359,152-166-36-53,cache/1755159637081.png
680,5770,223-78-76-82,cache/1755159637091.png
680,1787,191-61-53-55,cache/1755159637097.png
680,7369,55-110-86-100,cache/1755159637104.png
680,13114,179-159-114-135,cache/1755159637112.png
953,1448,282-209-42-43,cache/1755159637899.png
953,6097,56-75-85-82,cache/1755159637910.png
22,4704,213-140-75-78,cache/1755159638706.png
22,3993,259-50-63-68,cache/1755159638713.png
22,6888,24-96-90-86,cache/1755159638721.png
22,2517,199-66-55-56,cache/1755159638731.png
273,6343,170-182-88-90,cache/1755159639558.png
273,1318,118-190-40-40,cache/1755159639573.png
273,1405,344-109-41-43,cache/1755159639581.png
273,1937,231-41-47-50,cache/1755159639588.png
273,1447,260-126-37-45,cache/1755159639595.png
273,4207,160-47-73-74,cache/1755159639601.png
273,4224,160-47-112-74,cache/1755159639608.png
273,1482,62-112-44-44,cache/1755159639615.png
63,1578,389-142-41-47,cache/1755159640385.png
63,3146,245-38-52-64,cache/1755159640394.png
63,6597,14-89-88-85,cache/1755159640402.png
63,3166,245-38-74-67,cache/1755159640411.png
63,3924,187-174-93-52,cache/1755159640418.png
63,6614,187-207-93-94,cache/1755159640425.png
193,1752,228-176-38-52,cache/1755159641358.png
193,10123,130-152-100-122,cache/1755159641363.png
193,3379,292-72-77-57,cache/1755159641373.png
193,5235,106-98-93-88,cache/1755159641382.png
606,5548,137-136-83-82,cache/1755159642129.png
606,4138,330-98-73-71,cache/1755159642137.png
963,9270,265-131-91-115,cache/1755159642918.png
963,3070,170-202-54-67,cache/1755159642932.png
963,2676,268-131-87-39,cache/1755159642940.png
963,1663,55-91-63-58,cache/1755159642946.png
963,9137,69-105-106-104,cache/1755159642952.png
351,1791,330-150-42-45,cache/1755159643669.png
351,2270,213-178-49-56,cache/1755159643680.png
351,6357,139-82-87-94,cache/1755159643688.png
162,2038,339-176-44-54,cache/1755159644589.png
162,2218,144-189-44-57,cache/1755159644594.png
162,7043,363-78-97-89,cache/1755159644599.png
162,3691,245-60-62-80,cache/1755159644607.png
162,6002,69-87-78-92,cache/1755159644614.png
162,8245,178-99-98-105,cache/1755159644621.png
658,9815,258-155-92-120,cache/1755159645301.png
658,4375,382-115-75-72,cache/1755159645309.png
658,2913,232-79-60-60,cache/1755159645315.png
658,4134,129-63-61-74,cache/1755159645320.png
786,1812,260-166-39-51,cache/1755159646419.png
786,1575,300-148-37-47,cache/1755159646430.png
786,1506,200-210-42-43,cache/1755159646438.png
786,3969,313-72-65-74,cache/1755159646445.png
786,5997,358-100-79-90,cache/1755159646453.png
786,1461,365-100-72-26,cache/1755159646461.png
786,4858,48-82-71-80,cache/1755159646466.png
786,3565,177-52-71-69,cache/1755159646473.png
786,4443,113-63-78-74,cache/1755159646479.png
298,2724,238-199-46-59,cache/1755159647223.png
298,5688,116-146-84-84,cache/1755159647233.png
298,1512,188-128-38-43,cache/1755159647243.png
298,8074,33-104-115-100,cache/1755159647250.png
796,4985,219-142-79-80,cache/1755159648021.png
796,2141,167-157-49-53,cache/1755159648033.png
796,3936,289-113-70-70,cache/1755159648041.png
796,3432,101-97-65-65,cache/1755159648049.png
877,2433,264-49-54-55,cache/1755159648870.png
877,4281,222-110-72-73,cache/1755159648875.png
877,4397,108-57-65-77,cache/1755159648880.png
648,1523,193-135-44-40,cache/1755159649914.png
648,3714,349-88-67-81,cache/1755159649924.png
648,2136,175-60-50-52,cache/1755159649933.png
648,12631,187-166-116-134,cache/1755159649940.png
648,6335,297-112-77-93,cache/1755159649952.png
275,1698,120-151-39-48,cache/1755159650613.png
424,3818,160-88-68-69,cache/1755159651321.png
424,5223,324-122-81-79,cache/1755159651335.png
263,2481,329-165-59-56,cache/1755159652204.png
263,1477,300-130-36-45,cache/1755159652215.png
263,1690,347-120-46-47,cache/1755159652223.png
263,4347,221-60-80-82,cache/1755159652230.png
263,4068,49-107-73-70,cache/1755159652238.png
263,3150,121-81-62-62,cache/1755159652245.png
263,7802,181-109-86-100,cache/1755159652251.png
805,3835,398-105-71-67,cache/1755159652974.png
805,3335,286-97-64-64,cache/1755159652986.png
805,3841,217-111-69-70,cache/1755159652995.png
805,2045,208-58-49-50,cache/1755159653003.png
458,5496,356-80-76-85,cache/1755159653821.png
458,3934,227-104-70-69,cache/1755159653833.png
458,7177,101-85-94-94,cache/1755159653842.png
537,9218,71-131-94-113,cache/1755159654540.png
537,7798,214-112-85-100,cache/1755159654555.png
148,6208,219-161-87-88,cache/1755159655360.png
148,4700,155-128-77-78,cache/1755159655372.png
148,5220,253-83-68-85,cache/1755159655381.png
148,1279,254-83-67-24,cache/1755159655389.png
148,3833,30-97-71-67,cache/1755159655395.png
148,5708,155-91-77-115,cache/1755159655401.png
321,4834,193-150-77-79,cache/1755159656213.png
321,2901,236-41-50-62,cache/1755159656220.png
321,4290,159-54-69-72,cache/1755159656225.png
321,3534,85-107-67-66,cache/1755159656232.png
321,6897,292-111-85-98,cache/1755159656238.png
35,9445,232-146-89-117,cache/1755159656954.png
35,4109,104-112-71-71,cache/1755159656971.png
999,1587,374-140-40-46,cache/1755159657686.png
999,1764,39-133-47-49,cache/1755159657692.png
999,11063,163-167-97-129,cache/1755159657701.png
999,4400,107-133-78-77,cache/1755159657714.png
999,2899,88-89-65-63,cache/1755159657723.png
999,1323,304-183-40-40,cache/1755159657729.png
407,5497,358-95-75-85,cache/1755159658303.png
407,1404,76-117-42-42,cache/1755159658317.png
283,10798,213-140-111-123,cache/1755159659115.png
283,4267,248-54-69-72,cache/1755159659124.png
283,6049,358-101-79-91,cache/1755159659130.png
283,4027,314-76-68-77,cache/1755159659139.png
283,1531,365-101-72-27,cache/1755159659146.png
612,1521,403-131-40-45,cache/1755159659842.png
612,6381,266-164-90-89,cache/1755159659850.png
612,2062,153-172-42-54,cache/1755159659858.png
612,4129,186-40-70-69,cache/1755159659864.png
374,1758,266-170-45-52,cache/1755159660603.png
374,1554,210-230-42-44,cache/1755159660614.png
374,1819,338-145-49-49,cache/1755159660624.png
374,1825,237-194-40-54,cache/1755159660631.png
374,1345,373-124-43-44,cache/1755159660638.png
374,8150,51-114-105-102,cache/1755159660644.png
564,1952,263-153-42-49,cache/1755159661431.png
564,9663,144-147-91-118,cache/1755159661438.png
564,1937,97-144-47-51,cache/1755159661452.png
564,2848,145-147-89-40,cache/1755159661459.png
564,6934,314-87-94-90,cache/1755159661466.png
564,5017,204-72-70-78,cache/1755159661475.png
237,4538,259-127-75-75,cache/1755159662200.png
237,10830,69-131-117-120,cache/1755159662211.png
237,2356,190-199-43-59,cache/1755159662220.png
237,4242,166-63-78-75,cache/1755159662224.png
634,1948,316-132-48-51,cache/1755159663016.png
634,1846,284-186-42-57,cache/1755159663023.png
634,1808,177-146-38-48,cache/1755159663030.png
634,3883,200-42-57-72,cache/1755159663034.png
634,6842,65-77-92-96,cache/1755159663039.png
634,7222,201-186-94-95,cache/1755159663047.png
428,2148,336-166-45-55,cache/1755159664094.png
428,11179,164-164-97-130,cache/1755159664104.png
428,3784,165-164-95-49,cache/1755159664116.png
428,2129,240-44-51-52,cache/1755159664124.png
428,1804,236-126-45-49,cache/1755159664130.png
428,7201,322-95-103-94,cache/1755159664136.png
428,2138,240-44-65-72,cache/1755159664143.png
428,1572,113-119-42-45,cache/1755159664149.png
428,4728,80-62-80-76,cache/1755159664154.png
252,6175,171-164-88-88,cache/1755159664955.png
252,2451,89-170-52-55,cache/1755159664962.png
252,2861,225-41-54-64,cache/1755159664968.png
252,3545,329-66-68-78,cache/1755159664973.png
252,6839,224-92-87-97,cache/1755159664979.png
252,1426,177-106-39-43,cache/1755159664986.png
252,2454,151-56-55-56,cache/1755159664991.png
252,9006,350-105-112-106,cache/1755159664996.png
252,9046,336-73-126-138,cache/1755159665005.png
256,2979,209-226-57-66,cache/1755159665607.png
256,1071,210-226-55-33,cache/1755159665612.png
256,1551,145-107-68-28,cache/1755159665616.png
256,5662,145-107-70-89,cache/1755159665620.png
209,1863,215-177-38-52,cache/1755159666333.png
209,2682,272-196-56-61,cache/1755159666338.png
209,1359,75-128-37-43,cache/1755159666342.png
209,4422,219-65-61-74,cache/1755159666347.png
209,6362,286-116-79-98,cache/1755159666352.png
348,1598,257-217-43-44,cache/1755159667635.png
348,1963,229-154-46-53,cache/1755159667646.png
348,1639,345-129-42-47,cache/1755159667655.png
348,5203,151-147-79-81,cache/1755159667662.png
348,3796,283-62-62-76,cache/1755159667670.png
348,1615,272-117-43-46,cache/1755159667677.png
348,3133,96-79-62-62,cache/1755159667683.png
993,3051,263-78-61-62,cache/1755159668338.png
993,7442,93-114-84-101,cache/1755159668346.png
384,11077,158-178-97-130,cache/1755159669080.png
384,1668,153-137-41-44,cache/1755159669096.png
384,2094,262-123-77-33,cache/1755159669103.png
384,7282,259-123-80-102,cache/1755159669109.png
99,1357,191-186-40-41,cache/1755159669771.png
99,1709,84-127-44-44,cache/1755159669782.png
99,3977,277-107-70-70,cache/1755159669787.png
99,3431,340-89-66-66,cache/1755159669794.png
670,7716,168-122-81-105,cache/1755159670460.png
670,2203,169-122-79-34,cache/1755159670474.png
219,6098,246-153-87-88,cache/1755159671313.png
219,1826,91-130-43-46,cache/1755159671327.png
219,3168,282-69-63-62,cache/1755159671335.png
219,2732,179-55-58-58,cache/1755159671343.png
219,8278,363-101-99-109,cache/1755159671350.png
219,4784,48-70-75-85,cache/1755159671360.png
484,8090,214-84-104-107,cache/1755159672208.png
484,3284,49-87-65-63,cache/1755159672222.png
484,5423,148-89-69-86,cache/1755159672231.png
484,7318,361-106-88-99,cache/1755159672239.png
464,5078,214-142-79-80,cache/1755159672862.png
464,1968,366-135-51-51,cache/1755159672874.png
464,5279,246-84-77-87,cache/1755159672882.png
994,3323,243-88-63-65,cache/1755159673613.png
994,1296,140-97-38-41,cache/1755159673620.png
889,2917,228-75-60-60,cache/1755159674396.png
889,2693,234-45-72-65,cache/1755159674407.png
889,5159,109-56-81-78,cache/1755159674416.png
889,1455,198-119-37-42,cache/1755159674425.png
833,4759,190-69-71-76,cache/1755159675050.png
788,2177,297-172-47-52,cache/1755159676102.png
788,2012,121-159-49-53,cache/1755159676114.png
788,1508,167-216-41-44,cache/1755159676120.png
788,1323,339-118-38-42,cache/1755159676126.png
142,2161,247-157-45-52,cache/1755159676910.png
142,5500,103-138-83-83,cache/1755159676918.png
142,4587,374-111-77-74,cache/1755159676924.png
142,4002,252-54-60-74,cache/1755159676929.png
142,1550,305-104-44-43,cache/1755159676934.png
142,3455,361-157-118-67,cache/1755159676939.png
142,6623,102-97-84-124,cache/1755159676945.png
822,1698,348-122-45-44,cache/1755159677595.png
822,5386,116-75-72-79,cache/1755159677605.png
822,5874,204-162-85-87,cache/1755159677615.png
264,9266,93-118-103-111,cache/1755159678266.png
777,7659,244-134-81-106,cache/1755159678884.png
777,1923,105-161-45-52,cache/1755159678899.png
71,1608,139-207-44-45,cache/1755159679638.png
71,4183,230-34-70-69,cache/1755159679648.png
71,1569,327-109-43-45,cache/1755159679657.png
71,8166,23-88-106-100,cache/1755159679664.png
71,7415,376-103-90-100,cache/1755159679674.png
313,6400,231-162-89-89,cache/1755159680338.png
313,1309,320-181-39-40,cache/1755159680350.png
313,1568,366-136-39-45,cache/1755159680357.png
313,2367,136-166-50-57,cache/1755159680361.png
313,1468,407-125-40-44,cache/1755159680366.png
313,1586,366-136-77-45,cache/1755159680370.png
272,2810,127-76-59-60,cache/1755159680992.png
696,1932,402-131-46-48,cache/1755159681628.png
696,6392,257-82-74-91,cache/1755159681634.png
373,4215,220-51-70-71,cache/1755159682262.png
373,3331,76-99-65-63,cache/1755159682268.png
853,11916,133-154-107-147,cache/1755159682926.png
853,3609,378-94-69-65,cache/1755159682943.png
853,2877,159-72-59-60,cache/1755159682950.png
946,5874,287-153-86-85,cache/1755159683732.png
946,1523,111-127-38-46,cache/1755159683743.png
946,11907,167-151-110-130,cache/1755159683749.png
946,11930,117-151-160-130,cache/1755159683762.png
617,2455,162-200-45-60,cache/1755159684367.png
795,6964,239-174-93-93,cache/1755159685070.png
795,5714,145-150-84-85,cache/1755159685083.png
795,5201,280-85-69-83,cache/1755159685093.png
795,6726,357-103-84-95,cache/1755159685101.png
741,8240,292-133-88-110,cache/1755159686859.png
741,1542,258-140-36-47,cache/1755159686873.png
741,11149,150-156-103-122,cache/1755159686880.png
741,4514,85-64-67-78,cache/1755159686892.png
588,8785,222-133-86-113,cache/1755159687701.png
588,5986,167-68-86-88,cache/1755159687713.png
588,2144,128-61-53-58,cache/1755159687722.png
588,7537,355-110-89-101,cache/1755159687727.png
588,2149,364-110-80-34,cache/1755159687733.png
214,1600,184-155-36-48,cache/1755159688405.png
214,5402,75-88-74-86,cache/1755159688415.png
214,1458,75-88-68-26,cache/1755159688430.png
695,1533,294-185-43-44,cache/1755159689225.png
695,2547,358-160-57-60,cache/1755159689234.png
695,4242,311-97-72-72,cache/1755159689243.png
695,4350,228-38-70-70,cache/1755159689252.png
695,2889,160-61-59-60,cache/1755159689260.png
695,14139,177-180-111-139,cache/1755159689267.png
695,9510,41-97-112-110,cache/1755159689278.png
901,2271,88-159-52-52,cache/1755159690373.png
901,7320,351-87-99-90,cache/1755159690379.png
901,2429,210-57-54-55,cache/1755159690385.png
901,5226,56-78-74-84,cache/1755159690391.png
398,2152,327-175-44-56,cache/1755159690985.png
398,4040,250-114-71-71,cache/1755159690991.png
398,3452,175-93-66-66,cache/1755159691001.png
429,1604,219-210-44-45,cache/1755159691863.png
429,5683,116-146-84-85,cache/1755159691870.png
429,5720,115-146-134-107,cache/1755159691879.png
429,5924,322-73-87-83,cache/1755159691890.png
429,6140,250-98-73-92,cache/1755159691898.png
429,3940,183-62-58-72,cache/1755159691905.png
429,5968,252-73-157-83,cache/1755159691910.png
336,2051,269-174-44-54,cache/1755159692592.png
336,1406,142-206-40-42,cache/1755159692600.png
336,1887,194-251-47-50,cache/1755159692607.png
336,2720,267-70-58-58,cache/1755159692613.png
336,1402,388-126-38-43,cache/1755159692619.png
336,4258,175-56-62-74,cache/1755159692624.png
336,6329,75-104-79-94,cache/1755159692629.png
986,7704,306-91-94-95,cache/1755159693502.png
986,8805,260-77-140-109,cache/1755159693512.png
986,5655,68-64-80-78,cache/1755159693523.png
299,5379,164-150-81-82,cache/1755159694238.png
299,4019,296-70-61-73,cache/1755159694250.png
299,7464,86-110-94-96,cache/1755159694258.png
299,4977,226-70-131-73,cache/1755159694267.png
926,2236,208-158-50-55,cache/1755159694990.png
926,1507,134-139-36-46,cache/1755159694996.png
926,4706,268-61-72-76,cache/1755159695001.png
926,4193,181-52-67-70,cache/1755159695011.png
926,4418,81-69-73-74,cache/1755159695018.png
639,2360,221-156-49-55,cache/1755159695672.png
639,7942,283-99-90-95,cache/1755159695679.png
639,5655,145-62-80-81,cache/1755159695685.png
980,4045,274-46-61-73,cache/1755159696436.png
980,4586,195-40-71-73,cache/1755159696444.png
980,8956,118-121-116-113,cache/1755159696455.png
325,4834,297-71-68-81,cache/1755159698539.png
325,6649,168-107-75-98,cache/1755159698544.png
242,6126,346-80-88-81,cache/1755159699172.png
242,2668,267-72-58-57,cache/1755159699185.png
242,3688,114-103-68-67,cache/1755159699193.png
242,4517,229-126-75-75,cache/1755159699201.png
894,1507,245-136-35-46,cache/1755159699820.png
894,4789,64-132-79-76,cache/1755159699824.png
894,4292,326-118-74-72,cache/1755159699829.png
894,2001,225-135-55-47,cache/1755159699839.png
405,2023,338-168-44-53,cache/1755159700479.png
405,1477,205-194-42-43,cache/1755159700485.png
405,4079,393-103-73-69,cache/1755159700489.png
405,4307,136-115-73-74,cache/1755159700498.png
405,2398,139-66-57-52,cache/1755159700505.png
614,2126,308-146-49-51,cache/1755159701142.png
614,2732,270-190-52-62,cache/1755159701148.png
614,7692,189-91-95-99,cache/1755159701155.png
614,7803,188-91-165-100,cache/1755159701161.png
748,1366,276-197-40-41,cache/1755159701827.png
748,1934,183-158-41-49,cache/1755159701837.png
748,3792,215-29-64-67,cache/1755159701846.png
748,5305,333-73-73-85,cache/1755159701854.png
748,4515,117-67-65-80,cache/1755159701861.png
905,1413,227-137-35-46,cache/1755159702469.png
905,2074,245-174-40-54,cache/1755159702477.png
905,5688,167-80-81-88,cache/1755159702483.png
85,1618,332-140-40-48,cache/1755159703147.png
85,4423,218-63-63-74,cache/1755159703154.png
589,1466,306-151-35-45,cache/1755159703934.png
589,6732,184-127-75-99,cache/1755159703943.png
589,4159,165-63-79-80,cache/1755159703954.png
589,7247,33-103-99-97,cache/1755159703963.png
784,11529,96-138-116-121,cache/1755159704860.png
784,1926,330-95-65-69,cache/1755159704871.png
784,4387,89-76-68-80,cache/1755159704876.png
784,2212,175-68-57-56,cache/1755159704882.png
784,7588,196-99-99-102,cache/1755159704886.png
784,7633,290-117-85-104,cache/1755159704894.png
784,1269,371-154-47-33,cache/1755159704901.png
466,1372,319-186-43-40,cache/1755159705803.png
466,4915,106-129-78-77,cache/1755159705809.png
466,1908,266-99-74-32,cache/1755159705814.png
466,1337,76-124-36-44,cache/1755159705819.png
466,12282,175-191-106-128,cache/1755159705823.png
466,6751,263-99-90-122,cache/1755159705833.png
466,6736,263-99-77-98,cache/1755159705841.png
526,2759,245-220-47-65,cache/1755159706459.png
526,1732,58-113-48-45,cache/1755159706467.png
526,1980,239-278-56-41,cache/1755159706473.png
60,1580,317-127-40-46,cache/1755159707200.png
60,1954,120-114-78-31,cache/1755159707210.png
60,2328,106-74-61-53,cache/1755159707218.png
60,7283,119-113-82-102,cache/1755159707225.png
133,5354,307-148-82-80,cache/1755159707980.png
133,3273,349-82-64-62,cache/1755159707994.png
133,2774,180-66-58-59,cache/1755159708003.png
635,5823,126-144-85-85,cache/1755159708784.png
635,7249,223-84-103-96,cache/1755159708796.png
635,2917,140-68-60-60,cache/1755159708807.png
635,4474,63-112-76-74,cache/1755159708814.png
635,5190,357-125-81-79,cache/1755159708821.png
635,1625,288-202-44-45,cache/1755159708828.png
971,2393,342-160-55-56,cache/1755159709718.png
971,10416,88-131-110-115,cache/1755159709727.png
971,3800,252-56-61-77,cache/1755159709738.png
971,5281,105-61-85-73,cache/1755159709746.png
971,2183,203-40-50-53,cache/1755159709753.png
971,1482,52-125-39-44,cache/1755159709759.png
971,8226,371-99-108-106,cache/1755159709764.png
472,8177,91-138-87-109,cache/1755159710406.png
472,4444,229-71-62-79,cache/1755159710420.png
451,1516,310-103-43-42,cache/1755159711173.png
451,3859,164-63-63-79,cache/1755159711183.png
451,8580,87-100-104-103,cache/1755159711190.png
501,2245,290-162-52-56,cache/1755159711914.png
501,1762,163-154-38-47,cache/1755159711925.png
501,2942,170-199-58-65,cache/1755159711933.png
501,4500,327-72-67-77,cache/1755159711941.png
501,3702,207-58-56-70,cache/1755159711949.png
501,6894,77-101-86-98,cache/1755159711955.png
335,7116,144-198-94-95,cache/1755159712608.png
335,5714,43-92-77-88,cache/1755159712615.png
228,1997,255-171-40-54,cache/1755159713369.png
228,2684,181-179-56-61,cache/1755159713379.png
228,3335,228-48-53-66,cache/1755159713388.png
228,1717,179-126-44-46,cache/1755159713395.png
228,2455,45-77-70-50,cache/1755159713402.png
228,9216,42-110-110-105,cache/1755159713408.png
392,2440,186-54-54-56,cache/1755159714078.png
392,6469,129-89-76-107,cache/1755159714088.png
392,7564,256-118-81-104,cache/1755159714098.png
880,2490,283-178-52-56,cache/1755159714904.png
880,2134,356-142-52-52,cache/1755159714914.png
880,3260,202-215-60-70,cache/1755159714923.png
880,3994,238-105-70-71,cache/1755159714930.png
880,3609,217-31-56-66,cache/1755159714938.png
880,1673,184-119-42-45,cache/1755159714945.png
880,4356,57-76-79-87,cache/1755159714951.png
880,2585,147-53-56-56,cache/1755159714957.png
880,7808,86-119-87-106,cache/1755159714963.png
947,1284,293-172-39-40,cache/1755159715744.png
947,8919,179-129-87-114,cache/1755159715754.png
947,1002,102-217-37-44,cache/1755159715766.png
947,4140,344-103-72-71,cache/1755159715772.png
947,5361,96-82-73-86,cache/1755159715779.png
947,1067,318-106-37-42,cache/1755159715787.png
947,2704,134-204-49-63,cache/1755159715792.png
637,2700,188-212-46-63,cache/1755159716585.png
637,4378,238-57-72-70,cache/1755159716596.png
637,3691,162-63-57-69,cache/1755159716605.png
637,1463,46-124-46-43,cache/1755159716613.png
364,2125,133-189-43-56,cache/1755159717431.png
364,3787,278-107-68-68,cache/1755159717441.png
364,2524,232-62-56-56,cache/1755159717450.png
364,3812,22-101-70-66,cache/1755159717457.png
364,1505,211-40-49-50,cache/1755159717464.png
364,3814,22-101-129-66,cache/1755159717470.png
364,13145,168-196-120-123,cache/1755159717478.png
561,6998,272-90-88-95,cache/1755159718151.png
561,5166,200-57-79-77,cache/1755159718159.png
881,1963,415-132-53-49,cache/1755159719012.png
881,2671,263-207-47-63,cache/1755159719021.png
881,2390,149-182-47-66,cache/1755159719028.png
881,3169,226-80-62-63,cache/1755159719035.png
881,5817,327-86-76-89,cache/1755159719042.png
881,5864,327-86-135-89,cache/1755159719049.png
881,1790,201-57-54-54,cache/1755159719057.png
881,3484,26-84-67-63,cache/1755159719063.png
881,9582,111-108-86-140,cache/1755159719068.png
519,2975,282-67-61-61,cache/1755159719971.png
519,3675,345-85-68-67,cache/1755159719982.png
519,2639,161-58-57-57,cache/1755159719990.png
519,5260,49-65-90-86,cache/1755159719997.png
519,2240,97-114-84-33,cache/1755159720005.png
519,8229,98-114-87-107,cache/1755159720011.png
524,1775,92-146-42-49,cache/1755159720687.png
524,5043,256-71-66-83,cache/1755159720698.png
524,5764,151-61-83-83,cache/1755159720707.png
524,1442,60-126-41-48,cache/1755159720716.png
266,1893,136-158-41-51,cache/1755159721732.png
266,3047,170-197-56-66,cache/1755159721740.png
266,3163,225-51-57-70,cache/1755159721746.png
266,3473,247-96-67-68,cache/1755159721754.png
266,1710,77-116-47-46,cache/1755159721762.png
266,8743,297-125-91-112,cache/1755159721768.png
995,14167,207-182-120-137,cache/1755159722691.png
995,1976,370-148-44-49,cache/1755159722708.png
995,7545,144-137-86-115,cache/1755159722715.png
995,3474,262-41-56-71,cache/1755159722724.png
995,5174,186-71-86-88,cache/1755159722730.png
995,3791,31-93-70-67,cache/1755159722736.png
995,5260,245-119-81-94,cache/1755159722741.png
940,2129,224-182-41-56,cache/1755159724132.png
940,1639,69-138-41-48,cache/1755159724142.png
940,6079,162-88-72-93,cache/1755159724149.png
940,9177,260-108-106-110,cache/1755159724157.png
940,3009,261-108-104-54,cache/1755159724167.png
940,1737,162-88-71-61,cache/1755159724174.png
10,1773,260-150-39-50,cache/1755159725529.png
10,7600,378-84-101-94,cache/1755159725536.png
10,5508,268-63-82-81,cache/1755159725545.png
10,7248,27-94-92-99,cache/1755159725552.png
10,1415,200-104-39-40,cache/1755159725562.png
295,1585,159-142-37-46,cache/1755159726675.png
295,3954,246-47-66-68,cache/1755159726686.png
295,7733,183-188-97-99,cache/1755159726695.png
834,1439,118-197-41-42,cache/1755159727760.png
834,4496,394-113-77-72,cache/1755159727771.png
2,6723,136-132-88-109,cache/1755159729265.png
2,4403,316-75-68-78,cache/1755159729277.png
2,2278,196-59-53-53,cache/1755159729286.png
2,1553,45-126-42-40,cache/1755159729292.png
2,10372,195-174-93-125,cache/1755159729297.png
2,6367,364-110-82-93,cache/1755159729305.png
794,10919,250-144-108-125,cache/1755159730436.png
794,3555,176-64-57-71,cache/1755159730447.png
794,3147,65-93-65-64,cache/1755159730454.png
794,8949,110-122-99-105,cache/1755159730460.png
552,1594,259-142-36-47,cache/1755159731472.png
552,2633,197-77-62-59,cache/1755159731482.png
552,8633,158-124-90-106,cache/1755159731489.png
419,2408,245-161-53-56,cache/1755159732536.png
419,3864,285-62-60-72,cache/1755159732544.png
419,2399,220-45-54-61,cache/1755159732554.png
419,6381,87-100-78-93,cache/1755159732562.png
419,1223,177-62-53-39,cache/1755159732571.png
419,6485,178-87-84-88,cache/1755159732576.png
419,2788,67-72-87-74,cache/1755159732583.png
525,5622,234-150-84-83,cache/1755159734322.png
525,2249,128-160-50-55,cache/1755159734333.png
525,5110,211-97-84-96,cache/1755159734339.png
525,5467,343-81-75-85,cache/1755159734348.png
525,2216,261-60-55-56,cache/1755159734356.png
525,2780,188-44-66-55,cache/1755159734362.png
525,1403,81-123-37-43,cache/1755159734368.png
525,2603,165-77-59-61,cache/1755159734374.png
131,4951,258-131-79-78,cache/1755159735100.png
131,12968,107-156-119-131,cache/1755159735108.png
131,1770,36-120-49-44,cache/1755159735118.png
131,1600,102-111-45-44,cache/1755159735122.png
541,5041,277-133-80-79,cache/1755159735996.png
541,1555,227-205-43-44,cache/1755159736006.png
33,1819,228-128-45-48,cache/1755159736692.png
33,2371,286-192-45-59,cache/1755159736704.png
33,1434,122-189-41-42,cache/1755159736713.png
33,1459,312-99-43-41,cache/1755159736721.png
226,5471,42-82-75-86,cache/1755159737350.png
226,6406,226-101-73-95,cache/1755159737362.png
792,2022,268-192-40-55,cache/1755159738203.png
792,8476,173-135-90-107,cache/1755159738213.png
792,3447,301-105-65-66,cache/1755159738225.png
792,5155,68-86-72-82,cache/1755159738232.png
440,1829,239-228-46-48,cache/1755159739123.png
440,2264,116-184-45-56,cache/1755159739130.png
440,1798,186-130-44-47,cache/1755159739135.png
440,5044,343-75-71-81,cache/1755159739140.png
440,6088,53-85-79-89,cache/1755159739145.png
440,4533,157-51-75-73,cache/1755159739151.png
440,7867,246-113-82-98,cache/1755159739157.png
43,1830,202-148-39-48,cache/1755159740190.png
43,5008,262-80-66-83,cache/1755159740200.png
43,2251,219-66-53-58,cache/1755159740211.png
43,6457,85-100-78-94,cache/1755159740219.png
43,4771,316-125-77-77,cache/1755159740227.png
446,7848,149-196-99-100,cache/1755159740896.png
446,2587,251-57-56-56,cache/1755159740911.png
446,3551,47-85-67-65,cache/1755159740919.png
871,952,219-147-37-47,cache/1755159742953.png
871,5378,159-146-82-82,cache/1755159742962.png
871,3328,349-90-77-90,cache/1755159742972.png
871,5111,62-78-72-82,cache/1755159742981.png
871,3312,139-93-65-65,cache/1755159742988.png
871,7801,319-122-88-105,cache/1755159742994.png
381,1582,342-109-45-44,cache/1755159743921.png
381,3899,172-55-58-72,cache/1755159743927.png
381,9592,74-124-104-116,cache/1755159743933.png
194,4553,155-75-63-78,cache/1755159744977.png
194,8492,55-113-102-107,cache/1755159744982.png
911,9208,250-143-89-116,cache/1755159746140.png
911,6182,340-94-78-92,cache/1755159746154.png
911,3051,206-37-53-66,cache/1755159746163.png
911,8373,116-102-101-103,cache/1755159746170.png
911,1684,136-71-60-40,cache/1755159746179.png
719,1546,365-141-38-45,cache/1755159747327.png
719,1668,163-224-44-46,cache/1755159747337.png
719,3750,225-58-83-59,cache/1755159747344.png
719,3035,250-58-58-59,cache/1755159747352.png
719,6007,137-90-75-89,cache/1755159747359.png
719,5199,30-80-75-83,cache/1755159747367.png
719,3593,97-61-79-80,cache/1755159747374.png
719,8618,265-108-133-106,cache/1755159747380.png
368,1477,246-206-41-43,cache/1755159748266.png
368,1911,349-163-43-52,cache/1755159748276.png
368,6787,128-181-91-93,cache/1755159748285.png
368,1794,110-147-40-49,cache/1755159748295.png
368,3755,363-94-69-67,cache/1755159748301.png
368,6436,267-76-86-88,cache/1755159748308.png
368,6176,194-96-72-93,cache/1755159748316.png
368,2664,177-61-61-76,cache/1755159748322.png
454,2465,106-160-55-57,cache/1755159749325.png
454,6407,25-75-91-90,cache/1755159749336.png
454,2465,150-66-59-62,cache/1755159749346.png
454,11780,198-142-113-128,cache/1755159749354.png
454,4052,184-102-79-98,cache/1755159749366.png
454,8746,306-125-88-119,cache/1755159749373.png
82,2976,211-218-58-67,cache/1755159750150.png
82,1689,93-135-46-46,cache/1755159750159.png
538,2296,280-171-51-57,cache/1755159751343.png
538,8610,189-142-85-114,cache/1755159751351.png
538,2020,96-144-51-51,cache/1755159751361.png
538,2995,285-89-63-64,cache/1755159751368.png
538,5045,211-65-76-78,cache/1755159751374.png
538,3067,157-105-68-69,cache/1755159751381.png
538,3274,50-84-65-62,cache/1755159751387.png
538,3803,128-54-68-76,cache/1755159751393.png
538,8723,331-110-106-102,cache/1755159751399.png
835,9079,264-140-90-114,cache/1755159752402.png
835,1912,367-148-48-51,cache/1755159752414.png
835,5283,305-84-89-83,cache/1755159752420.png
835,736,227-56-49-34,cache/1755159752429.png
835,3157,94-85-62-62,cache/1755159752435.png
835,5634,193-70-81-82,cache/1755159752441.png
835,9134,264-140-142-114,cache/1755159752449.png
385,3080,261-195-59-66,cache/1755159753322.png
385,3969,294-60-65-72,cache/1755159753333.png
385,1462,353-109-44-43,cache/1755159753342.png
385,4715,168-50-75-74,cache/1755159753350.png
385,4747,288-123-77-77,cache/1755159753358.png
883,1808,233-133-44-49,cache/1755159754936.png
883,2712,181-186-55-62,cache/1755159754944.png
883,3342,70-82-65-63,cache/1755159754948.png
883,3594,159-94-67-66,cache/1755159754953.png
230,10845,269-143-99-126,cache/1755159756505.png
230,1414,233-95-40-41,cache/1755159756517.png
230,2797,283-83-61-60,cache/1755159756524.png
230,2070,332-101-85-36,cache/1755159756529.png
230,3317,69-76-65-63,cache/1755159756534.png
230,1278,201-165-39-40,cache/1755159756539.png
230,6089,330-101-87-104,cache/1755159756543.png
984,7462,293-130-82-104,cache/1755159757413.png
984,5469,153-163-82-84,cache/1755159757426.png
984,5062,358-92-72-86,cache/1755159757436.png
984,4479,133-69-80-79,cache/1755159757443.png
984,7192,82-114-94-104,cache/1755159757449.png
345,11276,85-135-117-126,cache/1755159758587.png
345,2180,233-53-52-53,cache/1755159758597.png
345,1155,351-110-43-40,cache/1755159758602.png
345,1126,276-120-41-45,cache/1755159758607.png
345,5754,187-96-71-91,cache/1755159758612.png
345,1994,166-60-54-54,cache/1755159758619.png
345,4642,300-123-76-75,cache/1755159758624.png
232,3221,197-225-51-67,cache/1755159759367.png
232,3839,211-45-67-65,cache/1755159759373.png
232,5345,377-84-75-83,cache/1755159759383.png
232,2766,310-73-58-59,cache/1755159759392.png
232,4469,250-121-74-74,cache/1755159759400.png
760,1925,261-175-39-53,cache/1755159760235.png
760,11120,124-142-114-123,cache/1755159760241.png
760,1635,86-154-38-48,cache/1755159760251.png
760,5897,357-83-83-81,cache/1755159760258.png
760,3945,272-64-59-72,cache/1755159760267.png
760,3532,155-54-56-68,cache/1755159760274.png
760,3291,58-100-67-65,cache/1755159760280.png
855,2582,278-67-57-56,cache/1755159760989.png
855,6852,200-168-91-94,cache/1755159760996.png
699,1780,175-241-46-48,cache/1755159761624.png
699,4614,284-70-65-80,cache/1755159761630.png
699,1502,251-126-37-44,cache/1755159761635.png
771,1383,141-145-46-42,cache/1755159762308.png
771,2378,153-175-53-56,cache/1755159762316.png
771,5181,344-89-72-83,cache/1755159762321.png
771,3790,230-55-60-66,cache/1755159762329.png
771,6385,307-89-109-84,cache/1755159762336.png
982,2487,326-175-52-55,cache/1755159763156.png
982,1479,220-202-42-43,cache/1755159763162.png
982,1208,350-151-40-50,cache/1755159763166.png
982,1556,80-138-39-46,cache/1755159763171.png
982,3546,374-91-67-65,cache/1755159763176.png
982,4745,254-69-78-87,cache/1755159763181.png
982,9749,128-121-106-112,cache/1755159763187.png
533,1285,239-177-39-40,cache/1755159763952.png
533,1655,181-146-36-48,cache/1755159763957.png
533,5978,184-77-85-88,cache/1755159763962.png
533,1763,32-124-47-43,cache/1755159763971.png
533,7675,297-116-85-104,cache/1755159763978.png
633,3270,264-200-60-67,cache/1755159764914.png
633,9960,94-137-96-120,cache/1755159764919.png
633,4407,369-103-99-72,cache/1755159764928.png
633,4895,210-68-64-81,cache/1755159764936.png
633,4032,301-59-64-76,cache/1755159764942.png
633,5107,61-84-79-90,cache/1755159764949.png
633,3878,116-55-70-73,cache/1755159764955.png
633,1565,185-49-51-55,cache/1755159764961.png
633,4937,194-52-80-97,cache/1755159764966.png
633,4940,273-122-79-78,cache/1755159764973.png
615,4535,318-127-75-75,cache/1755159765814.png
615,1927,219-174-39-53,cache/1755159765824.png
615,4049,242-58-59-74,cache/1755159765829.png
615,5888,5-91-82-88,cache/1755159765834.png
480,2276,132-152-52-56,cache/1755159766418.png
480,1739,105-117-47-46,cache/1755159766422.png
922,2139,273-154-50-54,cache/1755159767081.png
922,1540,53-116-45-45,cache/1755159767090.png
152,2312,209-191-43-58,cache/1755159767990.png
152,1668,299-146-38-48,cache/1755159768001.png
152,2376,99-169-52-58,cache/1755159768007.png
152,4646,160-128-77-77,cache/1755159768012.png
152,5918,356-89-78-89,cache/1755159768018.png
152,3424,247-90-65-65,cache/1755159768026.png
861,1554,383-129-41-42,cache/1755159768829.png
861,5048,176-157-78-80,cache/1755159768839.png
861,2505,263-68-55-55,cache/1755159768849.png
861,4414,100-72-65-77,cache/1755159768857.png
861,1503,148-146-46-48,cache/1755159768863.png
638,5502,254-156-82-83,cache/1755159769642.png
638,1274,108-123-42-44,cache/1755159769654.png
638,8477,140-115-100-105,cache/1755159769662.png
668,8418,282-138-86-110,cache/1755159770502.png
668,4618,279-65-74-72,cache/1755159770511.png
668,5419,35-92-76-84,cache/1755159770519.png
668,4435,166-79-62-77,cache/1755159770528.png
668,13461,156-161-125-139,cache/1755159770535.png
722,1811,182-237-46-47,cache/1755159771106.png
722,1779,115-161-40-50,cache/1755159771117.png
432,1488,325-173-33-52,cache/1755159772841.png
432,9327,239-155-89-118,cache/1755159772847.png
432,2054,182-188-40-55,cache/1755159772860.png
432,3363,257-64-59-74,cache/1755159772868.png
432,4295,214-110-73-94,cache/1755159772875.png
432,3114,240-155-87-45,cache/1755159772883.png
441,10333,136-159-94-125,cache/1755159773621.png
441,1149,122-143-37-48,cache/1755159773628.png
441,5313,218-50-79-81,cache/1755159773633.png
765,1911,301-163-42-51,cache/1755159774286.png
765,5623,390-92-79-85,cache/1755159774292.png
765,2152,225-59-50-52,cache/1755159774301.png
765,1520,173-105-70-26,cache/1755159774306.png
765,3451,151-58-72-65,cache/1755159774310.png
235,2684,117-71-58-57,cache/1755159774957.png
235,7275,366-98-99-99,cache/1755159774963.png
62,2978,140-68-60-60,cache/1755159775600.png
178,1281,377-134-40-47,cache/1755159776506.png
178,3782,64-90-70-67,cache/1755159776515.png
178,3152,176-75-62-62,cache/1755159776523.png
178,12585,179-169-103-139,cache/1755159776530.png
178,8855,263-119-101-117,cache/1755159776541.png
178,4190,66-75-172-63,cache/1755159776550.png
470,7081,226-191-93-95,cache/1755159777266.png
470,6291,265-98-105-94,cache/1755159777277.png
470,2948,115-71-61-60,cache/1755159777283.png
983,10856,281-135-100-116,cache/1755159777998.png
983,1292,299-85-40-39,cache/1755159778013.png
983,4043,242-44-64-69,cache/1755159778020.png
983,4627,100-112-76-75,cache/1755159778028.png
959,12913,281-139-127-132,cache/1755159778825.png
959,3722,205-39-55-70,cache/1755159778844.png
959,2357,50-115-84-36,cache/1755159778851.png
959,8366,49-115-92-108,cache/1755159778857.png
959,1630,240-159-42-67,cache/1755159778866.png
960,1459,90-141-38-44,cache/1755159779444.png
960,1735,139-164-39-49,cache/1755159779455.png
960,3415,187-60-54-67,cache/1755159779463.png
320,3006,227-223-48-64,cache/1755159780255.png
320,8110,167-128-84-109,cache/1755159780264.png
320,4908,72-131-79-78,cache/1755159780276.png
320,1871,327-103-76-31,cache/1755159780284.png
320,2791,164-75-61-57,cache/1755159780290.png
320,1299,346-82-63-46,cache/1755159780296.png
320,8080,321-83-86-117,cache/1755159780302.png
77,2357,268-181-50-58,cache/1755159781091.png
77,2225,154-199-44-57,cache/1755159781098.png
77,7646,370-95-104-98,cache/1755159781104.png
77,3536,280-100-66-66,cache/1755159781112.png
77,2942,205-80-60-61,cache/1755159781118.png
77,4470,129-56-60-100,cache/1755159781123.png
77,7663,61-106-93-100,cache/1755159781129.png
520,5235,276-88-89-85,cache/1755159781739.png
520,1387,299-88-66-26,cache/1755159781746.png
898,6534,245-173-90-90,cache/1755159782716.png
898,13653,112-168-123-145,cache/1755159782727.png
898,2959,101-136-80-66,cache/1755159782740.png
898,1209,395-116-35-45,cache/1755159782745.png
898,6597,320-97-105-96,cache/1755159782751.png
898,1831,326-97-75-31,cache/1755159782759.png
898,6089,41-88-80-96,cache/1755159782764.png
898,5610,220-112-78-101,cache/1755159782771.png
478,1640,291-130-43-47,cache/1755159783553.png
478,8102,89-138-87-109,cache/1755159783560.png
478,4843,327-82-69-83,cache/1755159783571.png
478,1321,109-101-42-37,cache/1755159783576.png
478,3303,202-160-88-47,cache/1755159783583.png
478,5939,203-190-87-88,cache/1755159783588.png
594,1633,171-143-44-49,cache/1755159784445.png
594,2101,205-160-47-52,cache/1755159784454.png
594,5530,298-95-72-87,cache/1755159784463.png
594,3033,221-90-61-61,cache/1755159784470.png
594,3635,221-73-80-78,cache/1755159784474.png
594,1407,302-95-68-25,cache/1755159784482.png
671,2749,214-214-51-63,cache/1755159785235.png
671,1668,99-162-40-48,cache/1755159785244.png
671,4307,296-63-63-72,cache/1755159785250.png
671,5248,9-87-77-83,cache/1755159785258.png
671,1483,178-213-44-63,cache/1755159785265.png
770,1555,331-131-38-46,cache/1755159785945.png
669,10845,233-152-95-127,cache/1755159786816.png
669,5211,323-139-80-83,cache/1755159786824.png
669,3469,234-152-94-47,cache/1755159786830.png
669,7216,46-80-98-93,cache/1755159786836.png
669,5099,204-88-70-90,cache/1755159786842.png
669,3003,187-45-64-69,cache/1755159786849.png
669,7282,367-100-108-106,cache/1755159786855.png
704,10513,262-148-96-125,cache/1755159787695.png
704,2124,71-137-52-50,cache/1755159787706.png
704,8748,166-127-87-112,cache/1755159787713.png
704,2605,166-127-87-37,cache/1755159787723.png
704,2982,218-85-65-69,cache/1755159787730.png
704,3092,128-94-69-70,cache/1755159787736.png
704,8525,339-109-106-114,cache/1755159787743.png
253,1520,349-141-38-45,cache/1755159788539.png
253,3567,221-88-67-79,cache/1755159788549.png
253,3084,120-86-62-61,cache/1755159788559.png
253,9803,171-131-105-116,cache/1755159788564.png
211,1558,270-143-36-47,cache/1755159789214.png
691,1718,64-140-44-49,cache/1755159790008.png
691,1371,107-186-41-41,cache/1755159790014.png
691,3058,330-74-62-61,cache/1755159790022.png
691,2095,215-39-50-51,cache/1755159790031.png
691,1858,323-160-41-51,cache/1755159790036.png
450,10987,75-132-113-126,cache/1755159790823.png
450,2991,194-226-48-68,cache/1755159790839.png
450,6313,363-92-82-92,cache/1755159790845.png
450,3109,213-78-62-62,cache/1755159790851.png
490,1874,112-171-41-51,cache/1755159791665.png
490,3420,229-96-65-66,cache/1755159791675.png
490,3596,325-74-69-77,cache/1755159791685.png
490,3945,65-115-72-70,cache/1755159791692.png
490,2299,190-51-53-53,cache/1755159791699.png
490,12382,191-181-103-131,cache/1755159791705.png
490,4369,306-125-74-74,cache/1755159791715.png
358,7634,231-91-95-99,cache/1755159792351.png
974,2722,216-39-68-69,cache/1755159793091.png
974,7703,17-96-103-97,cache/1755159793098.png
974,4695,188-67-66-77,cache/1755159793108.png
591,4085,330-81-65-79,cache/1755159793994.png
591,5802,261-109-83-98,cache/1755159794001.png
591,3349,198-155-92-40,cache/1755159794009.png
591,10554,197-155-95-118,cache/1755159794017.png
708,2533,215-220-45-62,cache/1755159794740.png
708,2181,329-158-52-54,cache/1755159794746.png
708,10125,100-153-96-117,cache/1755159794752.png
708,2750,275-74-58-58,cache/1755159794760.png
708,1549,363-114-44-42,cache/1755159794765.png
937,1988,378-150-48-46,cache/1755159795368.png
937,4278,151-57-63-75,cache/1755159795372.png
801,9499,264-136-92-113,cache/1755159796028.png
259,1255,185-136-35-46,cache/1755159796734.png
259,2064,201-167-41-52,cache/1755159796738.png
259,2757,258-67-58-58,cache/1755159796742.png
176,1512,135-191-43-43,cache/1755159797352.png
176,3675,224-49-57-69,cache/1755159797362.png
176,4203,364-102-74-71,cache/1755159797372.png
677,1871,107-130-48-48,cache/1755159797913.png
431,2483,244-172-52-58,cache/1755159798722.png
431,11530,130-155-100-126,cache/1755159798728.png
431,3895,272-57-59-72,cache/1755159798737.png
431,7037,341-95-105-91,cache/1755159798745.png
431,3598,55-93-69-65,cache/1755159798754.png
431,3385,197-49-61-68,cache/1755159798761.png
981,1656,365-137-40-47,cache/1755159799592.png
981,3093,281-189-60-64,cache/1755159799599.png
981,13548,144-152-120-138,cache/1755159799604.png
981,3365,109-128-78-80,cache/1755159799616.png
981,2757,295-83-64-64,cache/1755159799622.png
981,2249,225-49-52-52,cache/1755159799628.png
981,1329,68-114-37-42,cache/1755159799633.png
981,6189,239-108-79-102,cache/1755159799638.png
987,5025,251-148-79-79,cache/1755159800265.png
987,840,307-143-35-44,cache/1755159800271.png
987,5357,164-79-72-81,cache/1755159800276.png
707,1614,242-100-43-45,cache/1755159800931.png
707,7451,31-86-94-102,cache/1755159800937.png
377,1817,239-170-38-51,cache/1755159801834.png
377,9603,121-137-98-109,cache/1755159801840.png
377,2212,272-58-56-63,cache/1755159801847.png
377,4533,248-96-72-87,cache/1755159801853.png
377,4135,187-50-70-69,cache/1755159801859.png
377,4905,39-81-72-80,cache/1755159801865.png
377,3656,107-89-69-80,cache/1755159801872.png
377,9092,298-116-109-106,cache/1755159801879.png
427,2501,282-186-49-59,cache/1755159802721.png
427,3467,119-145-77-80,cache/1755159802726.png
427,3414,273-60-62-65,cache/1755159802732.png
427,5117,223-92-66-84,cache/1755159802738.png
427,6452,14-84-95-86,cache/1755159802746.png
427,4994,111-69-78-74,cache/1755159802753.png
427,13928,153-163-129-142,cache/1755159802759.png
427,3409,274-60-94-79,cache/1755159802772.png
97,9786,116-150-93-121,cache/1755159803618.png
97,2698,287-65-57-58,cache/1755159803626.png
97,5898,17-88-80-88,cache/1755159803631.png
97,4550,174-67-62-79,cache/1755159803637.png
97,7615,237-121-80-105,cache/1755159803642.png
97,5910,17-88-126-88,cache/1755159803649.png
475,1409,330-128-36-43,cache/1755159804369.png
475,2492,177-196-47-59,cache/1755159804374.png
475,1385,207-81-65-25,cache/1755159804379.png
475,2958,88-73-61-60,cache/1755159804387.png
475,4060,154-55-76-78,cache/1755159804394.png
475,5188,206-81-66-85,cache/1755159804401.png
535,2174,307-169-49-52,cache/1755159805221.png
535,1928,210-181-39-53,cache/1755159805227.png
535,5399,61-90-85-83,cache/1755159805233.png
535,3788,177-60-63-68,cache/1755159805243.png
535,7117,369-100-97-95,cache/1755159805249.png
535,7065,128-116-79-97,cache/1755159805256.png
817,9996,66-129-99-112,cache/1755159806142.png
817,7582,380-85-99-91,cache/1755159806151.png
817,4493,264-47-77-69,cache/1755159806159.png
817,4822,157-69-65-81,cache/1755159806165.png
817,7052,248-111-80-102,cache/1755159806172.png
817,8244,197-196-101-103,cache/1755159806179.png
135,2460,203-165-50-57,cache/1755159806882.png
135,9250,70-103-109-108,cache/1755159806896.png
515,1654,345-147-42-47,cache/1755159807639.png
515,1789,148-192-35-55,cache/1755159807644.png
515,3935,277-62-63-70,cache/1755159807652.png
515,5676,34-100-91-86,cache/1755159807658.png
515,12336,182-179-104-131,cache/1755159807665.png
39,2175,282-181-43-55,cache/1755159808314.png
39,4899,295-65-79-78,cache/1755159808322.png
39,4376,80-117-74-73,cache/1755159808333.png
158,4412,288-135-74-74,cache/1755159809052.png
158,9507,147-164-90-120,cache/1755159809058.png
158,1332,101-130-36-43,cache/1755159809067.png
158,2330,149-61-53-53,cache/1755159809072.png
158,7062,358-110-87-98,cache/1755159809078.png
218,9911,172-153-91-121,cache/1755159809833.png
218,2874,250-83-60-59,cache/1755159809848.png
218,8089,70-102-102-100,cache/1755159809856.png
218,3146,172-153-91-42,cache/1755159809867.png
218,2931,223-51-85-71,cache/1755159809874.png
467,2529,141-194-47-61,cache/1755159810541.png
467,3627,246-74-64-80,cache/1755159810548.png
467,1712,111-118-46-45,cache/1755159810560.png
467,2226,205-122-82-33,cache/1755159810567.png
467,8244,204-122-84-108,cache/1755159810575.png
225,8688,276-130-88-112,cache/1755159811429.png
225,1941,389-144-49-52,cache/1755159811440.png
225,8726,239-130-126-112,cache/1755159811446.png
225,5289,236-85-87-93,cache/1755159811457.png
225,1765,215-60-57-55,cache/1755159811465.png
225,1402,344-101-42-41,cache/1755159811471.png
225,7863,25-94-99-93,cache/1755159811476.png
225,9115,132-117-97-107,cache/1755159811484.png
763,3961,324-100-70-70,cache/1755159812139.png
763,4180,221-108-72-73,cache/1755159812151.png
763,6205,34-73-89-81,cache/1755159812160.png
166,1987,237-167-40-53,cache/1755159812868.png
166,1800,361-149-42-50,cache/1755159812876.png
166,4692,304-70-66-79,cache/1755159812886.png
166,4033,118-93-77-64,cache/1755159812895.png
166,2107,108-61-62-68,cache/1755159812901.png
166,10507,102-147-98-123,cache/1755159812906.png
166,2257,295-180-45-56,cache/1755159812914.png
836,1782,341-146-43-45,cache/1755159813589.png
836,1994,210-153-46-51,cache/1755159813596.png
836,2128,143-178-42-52,cache/1755159813603.png
836,3733,290-63-59-70,cache/1755159813609.png
836,3177,240-52-52-65,cache/1755159813616.png
836,3434,38-97-67-64,cache/1755159813621.png
738,6174,402-91-77-92,cache/1755159814257.png
738,1585,411-91-68-29,cache/1755159814270.png
803,2747,273-190-55-62,cache/1755159814958.png
803,2163,94-163-49-55,cache/1755159814969.png
803,6014,335-94-78-91,cache/1755159814978.png
803,2955,196-78-60-60,cache/1755159814987.png
803,1609,41-117-46-45,cache/1755159814994.png
330,10138,122-156-95-124,cache/1755159815743.png
330,3430,252-37-55-70,cache/1755159815754.png
330,2335,126-89-60-66,cache/1755159815763.png
330,7639,53-109-106-113,cache/1755159815771.png
330,3605,124-156-91-50,cache/1755159815783.png
134,2209,208-201-42-57,cache/1755159816440.png
134,1735,288-139-43-46,cache/1755159816450.png
134,2115,240-50-51-51,cache/1755159816458.png
134,3025,323-84-61-61,cache/1755159816465.png
134,3272,56-93-64-62,cache/1755159816472.png
134,3990,163-47-72-72,cache/1755159816478.png
134,3893,113-62-61-72,cache/1755159816483.png
362,2479,255-184-54-59,cache/1755159817273.png
362,5755,132-171-85-85,cache/1755159817282.png
362,1468,192-134-36-43,cache/1755159817289.png
362,4587,296-82-66-79,cache/1755159817295.png
362,4350,219-68-64-73,cache/1755159817303.png
718,1972,237-194-39-54,cache/1755159818093.png
718,2053,291-176-48-54,cache/1755159818099.png
718,2815,162-67-75-72,cache/1755159818104.png
718,6311,186-94-85-90,cache/1755159818109.png
212,3533,190-225-63-73,cache/1755159818906.png
212,4587,330-75-67-77,cache/1755159818917.png
212,4710,66-88-70-84,cache/1755159818924.png
212,8254,122-109-100-104,cache/1755159818932.png
212,2413,221-126-84-33,cache/1755159818942.png
212,8385,220-126-87-103,cache/1755159818948.png
117,5562,222-135-83-84,cache/1755159819599.png
117,1636,153-130-37-45,cache/1755159819613.png
117,1924,382-123-51-47,cache/1755159819620.png
592,2413,357-150-56-54,cache/1755159820327.png
592,6188,185-149-88-89,cache/1755159820338.png
592,4895,265-48-77-74,cache/1755159820349.png
592,5902,152-87-82-95,cache/1755159820357.png
280,6046,268-82-77-90,cache/1755159821265.png
280,2402,170-50-54-54,cache/1755159821272.png
280,6777,371-102-85-97,cache/1755159821278.png
752,9551,222-171-89-120,cache/1755159822127.png
752,1783,309-180-40-56,cache/1755159822140.png
752,1524,315-137-40-45,cache/1755159822147.png
752,3390,223-171-87-48,cache/1755159822152.png
752,4434,89-136-77-73,cache/1755159822159.png
752,3732,310-71-63-71,cache/1755159822165.png
752,1828,89-115-73-31,cache/1755159822171.png
752,3083,166-199-62-79,cache/1755159822175.png
942,1859,334-167-41-51,cache/1755159822855.png
942,2031,208-183-40-54,cache/1755159822861.png
942,1904,72-144-49-50,cache/1755159822869.png
942,5808,391-92-80-87,cache/1755159822877.png
942,2994,329-81-61-60,cache/1755159822886.png
942,4869,218-79-65-82,cache/1755159822893.png
942,1262,52-124-42-41,cache/1755159822900.png
281,1918,162-160-42-48,cache/1755159823643.png
281,5255,110-70-81-79,cache/1755159823654.png
281,1438,59-123-41-43,cache/1755159823664.png
28,2983,217-196-58-65,cache/1755159824545.png
28,5665,127-152-84-84,cache/1755159824551.png
28,956,220-196-54-30,cache/1755159824557.png
28,7394,356-97-100-96,cache/1755159824563.png
28,5958,272-92-93-101,cache/1755159824573.png
28,3397,28-92-66-63,cache/1755159824582.png
28,2523,131-70-56-55,cache/1755159824589.png
28,3413,28-92-152-63,cache/1755159824594.png
800,6948,127-167-93-93,cache/1755159825191.png
800,2716,236-68-58-58,cache/1755159825205.png
646,11761,256-148-118-132,cache/1755159826178.png
646,9792,149-130-101-114,cache/1755159826191.png
646,9833,104-130-146-114,cache/1755159826201.png
646,2047,103-157-46-48,cache/1755159826212.png
646,3837,207-50-57-72,cache/1755159826217.png
646,4466,295-86-71-76,cache/1755159826223.png
646,6797,368-106-84-98,cache/1755159826229.png
646,4243,259-147-114-64,cache/1755159826235.png
866,2195,251-199-43-57,cache/1755159827015.png
866,8237,119-140-86-110,cache/1755159827026.png
866,4189,371-116-74-71,cache/1755159827037.png
866,2122,205-42-50-51,cache/1755159827045.png
866,1269,82-120-41-46,cache/1755159827052.png
866,4272,137-69-64-74,cache/1755159827056.png
866,2183,205-42-118-63,cache/1755159827062.png
296,6982,378-91-98-96,cache/1755159827928.png
296,3417,272-55-59-68,cache/1755159827943.png
296,4233,160-48-66-73,cache/1755159827949.png
296,8032,242-114-95-104,cache/1755159827954.png
481,5969,116-149-87-85,cache/1755159828876.png
481,1569,36-127-41-46,cache/1755159828885.png
481,5995,72-149-131-85,cache/1755159828891.png
481,1271,71-165-40-39,cache/1755159828899.png
481,5655,282-78-72-88,cache/1755159828905.png
481,2550,197-52-55-56,cache/1755159828912.png
481,7880,197-190-99-100,cache/1755159828932.png
481,1860,369-148-43-50,cache/1755159828944.png
481,1475,285-78-69-25,cache/1755159828950.png
821,2250,278-191-47-54,cache/1755159829864.png
821,2088,232-173-49-55,cache/1755159829873.png
821,2858,199-222-55-65,cache/1755159829881.png
821,1751,272-61-48-52,cache/1755159829889.png
821,3245,306-74-62-74,cache/1755159829895.png
821,2263,333-111-94-43,cache/1755159829902.png
821,6405,166-95-86-92,cache/1755159829908.png
821,2645,155-63-74-63,cache/1755159829915.png
821,5773,17-84-91-87,cache/1755159829921.png
821,3253,276-74-92-74,cache/1755159829927.png
821,7576,327-111-101-100,cache/1755159829934.png
821,7618,319-78-109-133,cache/1755159829941.png
799,6290,245-164-88-89,cache/1755159830609.png
799,1504,160-137-36-45,cache/1755159830622.png
799,3520,212-53-54-67,cache/1755159830630.png
630,1861,337-164-42-51,cache/1755159831273.png
630,3883,250-55-58-72,cache/1755159831284.png
630,3815,373-98-70-68,cache/1755159831294.png
474,8440,268-135-87-111,cache/1755159832137.png
474,1722,165-156-38-49,cache/1755159832148.png
474,2702,272-135-82-41,cache/1755159832156.png
309,5196,280-61-81-78,cache/1755159832801.png
468,3224,210-245-54-68,cache/1755159833558.png
468,1902,262-176-39-53,cache/1755159833565.png
468,1530,121-145-37-47,cache/1755159833569.png
468,2201,158-249-57-58,cache/1755159833576.png
468,5002,277-81-67-83,cache/1755159833584.png
468,1643,155-124-44-47,cache/1755159833591.png
468,8460,340-110-105-101,cache/1755159833596.png
891,1651,239-224-44-46,cache/1755159834335.png
891,3843,252-106-69-69,cache/1755159834344.png
891,6382,33-83-88-93,cache/1755159834353.png
891,4801,189-76-65-83,cache/1755159834362.png
891,2403,117-126-80-37,cache/1755159834369.png
891,7054,358-108-86-99,cache/1755159834374.png
891,7888,116-126-85-106,cache/1755159834381.png
827,2562,322-174-57-58,cache/1755159835270.png
827,9698,156-151-91-119,cache/1755159835280.png
827,3679,337-99-68-67,cache/1755159835291.png
827,3508,226-42-59-65,cache/1755159835298.png
827,2659,146-67-62-67,cache/1755159835305.png
827,3217,151-110-77-62,cache/1755159835310.png
827,3131,157-151-89-44,cache/1755159835316.png
667,1439,358-138-37-45,cache/1755159835975.png
667,2714,190-208-51-63,cache/1755159835983.png
667,2018,163-160-46-53,cache/1755159835991.png
667,3431,46-97-67-63,cache/1755159835999.png
248,4370,116-146-81-81,cache/1755159836740.png
248,2451,268-70-55-55,cache/1755159836749.png
248,14816,165-172-132-147,cache/1755159836754.png
29,2749,214-71-57-59,cache/1755159837497.png
29,1696,329-126-44-47,cache/1755159837505.png
29,7244,24-84-100-92,cache/1755159837512.png
29,1772,24-85-93-32,cache/1755159837520.png
182,5438,77-149-83-82,cache/1755159838281.png
182,2790,199-197-54-63,cache/1755159838289.png
182,6480,304-78-88-87,cache/1755159838297.png
182,7821,155-102-92-103,cache/1755159838306.png
182,1080,199-197-54-32,cache/1755159838316.png
714,1636,409-132-41-44,cache/1755159838996.png
714,2275,203-201-42-58,cache/1755159839001.png
714,3125,173-58-56-70,cache/1755159839007.png
714,4924,124-82-67-82,cache/1755159839012.png
48,1669,262-155-38-48,cache/1755159839748.png
48,6292,124-176-89-89,cache/1755159839753.png
939,1634,377-146-40-47,cache/1755159840424.png
939,2911,253-196-59-65,cache/1755159840431.png
939,1026,257-196-54-32,cache/1755159840436.png
939,1378,81-128-36-43,cache/1755159840444.png
939,4791,262-78-65-81,cache/1755159840452.png
939,4786,120-61-72-74,cache/1755159840460.png
26,1811,358-130-48-46,cache/1755159841208.png
26,1549,144-143-36-46,cache/1755159841218.png
26,2708,187-144-86-38,cache/1755159841225.png
26,9231,186-144-88-115,cache/1755159841232.png
26,1316,109-181-40-40,cache/1755159841241.png
26,4300,175-70-61-76,cache/1755159841246.png
886,2024,345-162-48-54,cache/1755159841990.png
886,3144,336-86-63-61,cache/1755159841996.png
886,5550,34-88-77-86,cache/1755159842005.png
886,3914,172-48-67-70,cache/1755159842012.png
886,12029,201-153-120-133,cache/1755159842018.png
825,8838,179-136-86-112,cache/1755159842923.png
825,10101,165-103-100-146,cache/1755159842937.png
825,2604,180-136-85-38,cache/1755159842950.png
688,2229,153-157-51-56,cache/1755159843722.png
688,3905,377-101-71-68,cache/1755159843731.png
688,3992,244-52-59-74,cache/1755159843737.png
688,6046,96-67-87-85,cache/1755159843743.png
688,1797,26-121-51-47,cache/1755159843754.png
688,2451,180-54-55-55,cache/1755159843760.png
688,5660,205-157-84-84,cache/1755159843766.png
516,7640,341-94-90-94,cache/1755159844448.png
516,1399,280-91-41-41,cache/1755159844455.png
516,5363,190-51-80-80,cache/1755159844460.png
919,1694,336-135-42-48,cache/1755159845295.png
919,2118,159-159-46-54,cache/1755159845300.png
919,3687,268-52-56-70,cache/1755159845304.png
919,3123,126-81-62-62,cache/1755159845309.png
919,4761,204-68-63-76,cache/1755159845314.png
703,5068,285-63-78-78,cache/1755159846017.png
703,6844,369-94-92-96,cache/1755159846023.png
703,4474,208-125-74-76,cache/1755159846029.png
517,7681,243-184-98-98,cache/1755159846818.png
517,1757,232-147-38-51,cache/1755159846833.png
517,2089,341-163-45-54,cache/1755159846841.png
517,6112,115-150-88-88,cache/1755159846848.png
517,4645,274-45-67-73,cache/1755159846856.png
517,4297,355-103-75-73,cache/1755159846863.png
517,5356,191-77-70-91,cache/1755159846869.png
517,5614,46-70-77-87,cache/1755159846876.png
517,5606,46-70-127-87,cache/1755159846882.png
563,3078,245-220-50-68,cache/1755159847618.png
563,2846,202-174-57-63,cache/1755159847626.png
563,1737,53-137-42-47,cache/1755159847631.png
563,4301,395-97-75-70,cache/1755159847637.png
563,4607,314-59-70-81,cache/1755159847645.png
563,1514,175-103-41-43,cache/1755159847652.png
563,1944,167-91-49-55,cache/1755159847658.png
563,4364,325-96-145-72,cache/1755159847664.png
742,1861,176-225-46-48,cache/1755159848393.png
742,1667,240-142-37-48,cache/1755159848398.png
742,8080,49-106-95-107,cache/1755159848403.png
554,1444,341-181-42-42,cache/1755159849180.png
554,1657,259-152-47-50,cache/1755159849191.png
554,2204,108-141-52-52,cache/1755159849199.png
554,1566,357-108-43-41,cache/1755159849206.png
554,4330,161-59-62-75,cache/1755159849213.png
554,14088,164-157-121-142,cache/1755159849220.png
310,8065,223-129-101-106,cache/1755159849957.png
310,1845,330-150-48-49,cache/1755159849972.png
310,1147,349-125-43-40,cache/1755159849980.png
310,2088,202-56-50-51,cache/1755159849988.png
310,1371,80-108-42-39,cache/1755159849993.png
310,3434,165-114-67-66,cache/1755159849999.png
716,1568,211-223-43-45,cache/1755159850716.png
716,1662,310-158-50-49,cache/1755159850728.png
716,2170,297-189-44-57,cache/1755159850737.png
716,1299,334-131-41-48,cache/1755159850745.png
716,5272,120-147-81-81,cache/1755159850751.png
716,2621,229-57-56-57,cache/1755159850759.png
716,3038,165-74-61-61,cache/1755159850765.png
716,3443,87-86-66-66,cache/1755159850771.png
255,4842,333-128-79-77,cache/1755159852162.png
255,1491,160-210-42-42,cache/1755159852169.png
255,2151,104-170-47-56,cache/1755159852174.png
255,4801,269-72-80-86,cache/1755159852178.png
255,2668,242-33-69-64,cache/1755159852186.png
255,4720,174-52-81-84,cache/1755159852193.png
255,6427,222-98-73-97,cache/1755159852201.png
893,1518,387-128-43-45,cache/1755159852823.png
893,2128,198-179-44-55,cache/1755159852835.png
893,1710,73-139-46-48,cache/1755159852840.png
130,1926,152-154-48-52,cache/1755159853746.png
130,2785,117-188-57-61,cache/1755159853752.png
130,3702,325-79-68-84,cache/1755159853757.png
130,5221,173-60-75-79,cache/1755159853763.png
130,6179,38-94-81-92,cache/1755159853772.png
130,6462,276-103-77-95,cache/1755159853780.png
879,1608,390-119-47-44,cache/1755159854483.png
879,3818,91-106-70-69,cache/1755159854488.png
721,10911,290-135-105-113,cache/1755159855391.png
721,1644,245-207-45-45,cache/1755159855402.png
721,5497,153-137-83-84,cache/1755159855409.png
721,5062,251-99-96-95,cache/1755159855418.png
721,6711,1-88-86-93,cache/1755159855426.png
721,4526,129-74-67-80,cache/1755159855434.png
721,3509,369-120-71-78,cache/1755159855441.png
347,9694,146-140-91-118,cache/1755159856192.png
347,6624,247-101-75-96,cache/1755159856202.png
339,1733,332-150-40-49,cache/1755159857141.png
339,2422,275-201-45-60,cache/1755159857152.png
339,1911,77-163-43-51,cache/1755159857160.png
339,1557,152-136-37-46,cache/1755159857166.png
339,3668,370-88-67-66,cache/1755159857172.png
339,1719,65-123-49-43,cache/1755159857179.png
339,3825,218-47-57-71,cache/1755159857185.png
543,1751,384-143-48-49,cache/1755159857948.png
543,11476,127-167-111-132,cache/1755159857953.png
543,5936,37-91-84-91,cache/1755159857965.png
726,1932,350-148-44-48,cache/1755159858728.png
726,1377,156-196-41-41,cache/1755159858733.png
726,1849,120-166-40-52,cache/1755159858738.png
726,4094,183-42-65-69,cache/1755159858742.png
726,2891,95-71-60-59,cache/1755159858747.png
804,3658,92-108-68-67,cache/1755159859382.png
804,4310,167-56-72-69,cache/1755159859390.png
489,3518,256-201-63-70,cache/1755159860293.png
489,9732,65-128-97-117,cache/1755159860303.png
489,4247,266-54-62-75,cache/1755159860313.png
489,2824,338-66-81-49,cache/1755159860319.png
489,2841,338-66-120-104,cache/1755159860326.png
489,9775,319-101-113-110,cache/1755159860334.png
576,9269,168-160-88-118,cache/1755159861118.png
576,1577,134-164-39-53,cache/1755159861129.png
576,1834,212-52-49-52,cache/1755159861134.png
576,1845,238-82-57-58,cache/1755159861139.png
576,6492,266-103-81-88,cache/1755159861144.png
234,1663,186-221-44-45,cache/1755159861959.png
234,10965,78-145-108-115,cache/1755159861965.png
234,6503,339-84-83-86,cache/1755159861974.png
234,2590,259-71-64-56,cache/1755159861980.png
234,2434,273-48-75-75,cache/1755159861986.png
234,4029,93-88-75-64,cache/1755159861992.png
234,2731,167-63-57-58,cache/1755159861998.png
234,8818,222-107-102-108,cache/1755159862003.png
108,3580,368-95-67-65,cache/1755159862630.png
293,1426,302-189-42-42,cache/1755159863376.png
293,1589,44-137-40-47,cache/1755159863385.png
293,2200,82-160-49-56,cache/1755159863390.png
293,1660,237-36-54-66,cache/1755159863396.png
293,1532,408-123-41-45,cache/1755159863402.png
293,5095,209-58-70-80,cache/1755159863408.png
293,5347,71-73-74-85,cache/1755159863414.png
412,10367,207-153-94-125,cache/1755159864135.png
412,3306,295-76-63-65,cache/1755159864146.png
412,4276,146-115-75-73,cache/1755159864154.png
412,3531,208-153-92-47,cache/1755159864161.png
951,1996,381-147-51-50,cache/1755159864902.png
951,2009,348-164-44-52,cache/1755159864912.png
951,5938,248-78-86-88,cache/1755159864917.png
951,1803,225-46-50-51,cache/1755159864926.png
951,7249,166-87-92-96,cache/1755159864932.png
951,5982,231-56-103-110,cache/1755159864940.png
860,2972,142-199-57-66,cache/1755159865715.png
860,3638,221-52-56-70,cache/1755159865724.png
860,1448,100-106-42-42,cache/1755159865731.png
860,8989,308-109-108-109,cache/1755159865735.png
438,8028,293-134-87-108,cache/1755159866672.png
438,1587,376-147-38-48,cache/1755159866687.png
438,2583,298-134-82-39,cache/1755159866695.png
438,6308,135-183-89-89,cache/1755159866702.png
438,4434,54-127-76-73,cache/1755159866709.png
438,2088,209-41-50-51,cache/1755159866715.png
438,2372,265-54-54-53,cache/1755159866720.png
438,2408,116-66-57-58,cache/1755159866726.png
438,3647,142-104-67-67,cache/1755159866732.png
59,4416,116-131-74-74,cache/1755159867533.png
59,7152,370-96-95-88,cache/1755159867539.png
59,3144,258-91-62-63,cache/1755159867546.png
59,3822,196-39-67-68,cache/1755159867551.png
783,1709,265-218-47-45,cache/1755159868579.png
783,1330,321-185-40-40,cache/1755159868585.png
783,1847,229-163-38-52,cache/1755159868591.png
783,8521,301-72-99-113,cache/1755159868596.png
783,3973,172-56-59-74,cache/1755159868605.png
783,1652,97-147-40-47,cache/1755159868611.png
783,4745,76-73-70-80,cache/1755159868616.png
783,6431,76-73-70-121,cache/1755159868623.png
783,2220,306-90-94-39,cache/1755159868630.png
155,2190,152-186-43-56,cache/1755159869493.png
155,3733,276-58-75-73,cache/1755159869500.png
155,5279,323-82-82-87,cache/1755159869509.png
155,3253,202-51-52-64,cache/1755159869518.png
155,4222,45-115-74-70,cache/1755159869524.png
155,2847,107-78-60-59,cache/1755159869532.png
155,9748,231-125-122-145,cache/1755159869539.png
780,5921,92-157-87-85,cache/1755159870169.png
780,3731,11-91-70-66,cache/1755159870177.png
31,1814,190-143-41-49,cache/1755159870844.png
31,2121,104-177-45-55,cache/1755159870861.png
31,7249,359-79-97-90,cache/1755159870873.png
31,5314,59-72-74-84,cache/1755159870883.png
44,2644,189-202-46-63,cache/1755159871919.png
44,1733,273-122-45-46,cache/1755159871926.png
44,5280,136-68-73-81,cache/1755159871933.png
682,8093,223-181-133-101,cache/1755159873019.png
682,2589,312-186-55-61,cache/1755159873033.png
682,1692,394-133-41-47,cache/1755159873038.png
682,2491,181-172-55-62,cache/1755159873043.png
682,1318,72-164-40-40,cache/1755159873048.png
682,2538,254-52-56-56,cache/1755159873054.png
682,4139,21-93-74-70,cache/1755159873059.png
682,4403,157-57-62-76,cache/1755159873065.png
52,1851,87-133-48-48,cache/1755159873754.png
52,1702,230-157-36-49,cache/1755159873759.png
52,4675,309-72-67-80,cache/1755159873764.png
418,8940,261-145-88-114,cache/1755159874497.png
418,4631,316-82-69-81,cache/1755159874507.png
418,4265,93-72-65-76,cache/1755159874512.png
418,1958,150-120-78-31,cache/1755159874518.png
418,3537,182-91-75-85,cache/1755159874523.png
57,11369,267-148-107-118,cache/1755159875332.png
57,2630,137-178-53-58,cache/1755159875346.png
57,3321,349-83-65-64,cache/1755159875352.png
57,2135,204-47-51-52,cache/1755159875360.png
57,5760,223-102-89-96,cache/1755159875367.png
973,2849,229-173-57-63,cache/1755159876072.png
640,1542,235-198-42-44,cache/1755159876955.png
640,3089,164-204-53-67,cache/1755159876965.png
640,5873,312-62-87-82,cache/1755159876975.png
640,3669,260-47-59-69,cache/1755159876984.png
640,4446,194-58-61-73,cache/1755159876993.png
640,3986,33-95-72-68,cache/1755159876999.png
640,4735,252-119-76-76,cache/1755159877005.png
144,6477,210-174-90-90,cache/1755159877980.png
144,3621,246-41-57-69,cache/1755159877988.png
144,3403,145-87-65-65,cache/1755159877994.png
144,7016,349-105-85-99,cache/1755159878000.png
144,9282,65-124-103-116,cache/1755159878007.png
144,9331,65-94-131-146,cache/1755159878015.png
200,1666,328-143-39-48,cache/1755159878760.png
200,10905,138-162-96-128,cache/1755159878767.png
200,3383,333-89-68-65,cache/1755159878777.png
200,1786,262-125-44-47,cache/1755159878783.png
200,4400,66-69-80-87,cache/1755159878788.png
693,1730,402-141-40-50,cache/1755159879596.png
693,2031,362-163-44-53,cache/1755159879606.png
693,8740,132-129-87-112,cache/1755159879612.png
693,7012,274-78-91-92,cache/1755159879620.png
700,2148,243-182-41-56,cache/1755159880438.png
700,6509,345-100-82-93,cache/1755159880448.png
700,1608,351-100-75-27,cache/1755159880457.png
700,4206,168-61-61-71,cache/1755159880461.png
700,8232,104-119-86-115,cache/1755159880466.png
600,1409,183-210-41-43,cache/1755159881297.png
600,5628,334-96-73-89,cache/1755159881302.png
600,2422,284-67-54-55,cache/1755159881308.png
600,3853,202-68-57-72,cache/1755159881313.png
600,1433,111-120-40-40,cache/1755159881319.png
600,8870,240-125-100-108,cache/1755159881323.png
705,5365,333-144-83-81,cache/1755159882187.png
705,1760,43-137-44-50,cache/1755159882194.png
705,11212,125-157-108-130,cache/1755159882198.png
705,3680,265-41-58-71,cache/1755159882207.png
705,5165,183-73-66-86,cache/1755159882214.png
705,1412,115-122-37-44,cache/1755159882220.png
705,2171,145-56-55-60,cache/1755159882224.png
324,2154,306-144-51-53,cache/1755159883042.png
324,1423,274-186-41-41,cache/1755159883048.png
324,6101,406-93-73-92,cache/1755159883053.png
324,4698,306-77-71-81,cache/1755159883062.png
324,3842,7-92-71-67,cache/1755159883070.png
324,3480,166-53-57-69,cache/1755159883078.png
324,4915,106-67-69-80,cache/1755159883085.png
324,4916,167-124-78-80,cache/1755159883091.png
661,10719,244-155-96-126,cache/1755159883909.png
661,2465,130-171-53-58,cache/1755159883918.png
661,4140,260-51-72-71,cache/1755159883923.png
661,2732,207-69-58-58,cache/1755159883929.png
661,5378,349-81-75-84,cache/1755159883936.png
661,1802,59-124-49-46,cache/1755159883944.png
661,1245,355-81-69-23,cache/1755159883950.png
