,json_image_index,json_color,json_size,json_material,json_shape,json_pixel_coords,csv_area,csv_box,file,csv_color,csv_size,csv_material,csv_label
0,0,brown,large,rubber,cylinder,"[119, 131, 10.801968574523926]",6735.0,"[79, 87, 75, 89]",cache/1756274465001.png,,,,
1,0,gray,large,rubber,cube,"[198, 190, 8.60103988647461]",14597.0,"[140, 130, 115, 126]",cache/1756274464953.png,,,,
2,0,green,small,rubber,cylinder,"[161, 118, 12.372727394104004]",992.0,"[150, 98, 25, 38]",cache/1756274465012.png,,,,
3,0,purple,large,metal,sphere,"[282, 100, 12.495001792907715]",3571.0,"[252, 69, 59, 59]",cache/1756274464976.png,,,,
4,0,gray,small,metal,cube,"[337, 195, 9.161211967468262]",3413.0,"[307, 166, 58, 58]",cache/1756274464966.png,,,,
5,1,blue,small,metal,cylinder,"[227, 114, 12.651700019836426]",1132.0,"[211, 95, 29, 37]",cache/1756274451813.png,,,,
6,1,blue,large,rubber,cylinder,"[419, 128, 11.159161567687988]",6646.0,"[384, 85, 75, 87]",cache/1756274451801.png,,,,
7,1,purple,large,metal,sphere,"[382, 168, 9.672847747802734]",6183.0,"[343, 128, 79, 77]",cache/1756274451767.png,,,,
8,1,yellow,small,metal,cube,"[299, 102, 13.345067024230957]",7690.0,"[263, 96, 80, 96]",cache/1756274451818.png,,,,
9,1,gray,large,metal,cylinder,"[85, 127, 11.196852684020996]",6761.0,"[44, 84, 77, 87]",cache/1756274451796.png,,,,
10,1,cyan,small,metal,cube,"[200, 92, 13.94270133972168]",1333.0,"[181, 73, 36, 36]",cache/1756274451786.png,,,,
11,1,cyan,small,rubber,cylinder,"[286, 229, 8.604046821594238]",2742.0,"[263, 198, 45, 60]",cache/1756274451781.png,,,,
12,1,blue,large,metal,cube,"[304, 144, 10.518533706665039]",7690.0,"[263, 96, 80, 96]",cache/1756274451818.png,,,,
13,1,green,small,metal,cylinder,"[133, 180, 9.971955299377441]",2039.0,"[112, 154, 40, 50]",cache/1756274451776.png,,,,
14,1,yellow,small,rubber,cylinder,"[173, 210, 9.074959754943848]",2443.0,"[150, 182, 43, 56]",cache/1756274451808.png,,,,
15,2,purple,large,metal,cube,"[349, 113, 12.158169746398926]",5602.0,"[315, 73, 69, 80]",cache/1756274555874.png,,,,
16,2,yellow,large,metal,sphere,"[223, 86, 13.650497436523438]",2982.0,"[196, 58, 54, 55]",cache/1756274555894.png,,,,
17,2,blue,small,metal,cube,"[67, 146, 11.473008155822754]",1852.0,"[44, 124, 44, 42]",cache/1756274555859.png,,,,
18,2,green,small,metal,sphere,"[270, 187, 9.986722946166992]",12239.0,"[194, 171, 94, 129]",cache/1756274555903.png,,,,
19,2,purple,large,metal,cylinder,"[404, 156, 10.361809730529785]",8068.0,"[363, 108, 84, 95]",cache/1756274555915.png,,,,
20,2,brown,small,metal,cylinder,"[166, 111, 13.157706260681152]",1086.0,"[150, 92, 29, 36]",cache/1756274555939.png,,,,
21,2,gray,large,rubber,cylinder,"[242, 235, 8.121735572814941]",12239.0,"[194, 171, 94, 129]",cache/1756274555903.png,,,,
22,2,yellow,large,rubber,cube,"[180, 185, 9.410319328308105]",9920.0,"[135, 131, 89, 110]",cache/1756274555884.png,,,,
23,3,yellow,small,rubber,sphere,"[197, 247, 8.038165092468262]",2181.0,"[173, 223, 45, 47]",cache/1756274413068.png,,,,
24,3,purple,large,metal,sphere,"[249, 81, 13.48475170135498]",3092.0,"[221, 52, 54, 56]",cache/1756274413063.png,,,,
25,3,blue,large,metal,cylinder,"[315, 90, 12.911911010742188]",4292.0,"[286, 53, 59, 71]",cache/1756274413078.png,,,,
26,3,gray,large,rubber,cube,"[87, 159, 9.787914276123047]",9581.0,"[36, 109, 94, 101]",cache/1756274413073.png,,,,
27,3,brown,small,metal,cylinder,"[152, 151, 10.821432113647461]",1667.0,"[133, 128, 36, 45]",cache/1756274413084.png,,,,
28,3,purple,large,metal,sphere,"[299, 120, 11.346577644348145]",4292.0,"[286, 53, 59, 71]",cache/1756274413078.png,,,,
29,3,brown,small,rubber,cylinder,"[181, 121, 12.15542221069336]",1257.0,"[164, 100, 31, 39]",cache/1756274413088.png,,,,
30,4,red,small,rubber,sphere,"[110, 154, 10.136273384094238]",927.0,"[90, 135, 31, 29]",cache/1756274355667.png,,,,
31,4,brown,large,rubber,sphere,"[137, 183, 8.460342407226562]",7942.0,"[91, 138, 88, 89]",cache/1756274355633.png,,,,
32,4,purple,small,rubber,cylinder,"[241, 103, 12.526554107666016]",1155.0,"[225, 83, 30, 37]",cache/1756274355657.png,,,,
33,4,gray,large,rubber,cylinder,"[393, 153, 9.417881965637207]",9633.0,"[348, 101, 91, 104]",cache/1756274355661.png,,,,
34,4,gray,large,metal,sphere,"[330, 105, 11.473976135253906]",4348.0,"[297, 71, 65, 66]",cache/1756274355649.png,,,,
35,4,green,large,rubber,cylinder,"[59, 121, 10.705843925476074]",7404.0,"[15, 76, 81, 90]",cache/1756274355644.png,,,,
36,5,yellow,small,rubber,cube,"[268, 119, 12.629888534545898]",1613.0,"[248, 98, 39, 40]",cache/1756274429501.png,,,,
37,5,gray,large,metal,sphere,"[186, 139, 10.785597801208496]",4830.0,"[150, 104, 69, 69]",cache/1756274429484.png,,,,
38,5,blue,small,metal,cube,"[158, 128, 12.150248527526855]",1176.0,"[141, 107, 29, 40]",cache/1756274429506.png,,,,
39,5,yellow,large,metal,sphere,"[288, 83, 13.830824851989746]",2876.0,"[260, 55, 53, 53]",cache/1756274429495.png,,,,
40,5,blue,small,metal,cube,"[206, 220, 8.803750991821289]",3580.0,"[176, 189, 56, 63]",cache/1756274429511.png,,,,
41,5,yellow,large,rubber,sphere,"[103, 159, 10.017038345336914]",5735.0,"[63, 121, 76, 75]",cache/1756274429490.png,,,,
42,5,yellow,large,metal,sphere,"[347, 124, 11.466705322265625]",4295.0,"[314, 91, 65, 65]",cache/1756274429476.png,,,,
43,6,blue,large,metal,cube,"[340, 127, 10.360729217529297]",10196.0,"[290, 78, 100, 101]",cache/1756274498599.png,,,,
44,6,green,large,rubber,cube,"[98, 143, 9.759612083435059]",11298.0,"[44, 90, 104, 108]",cache/1756274498607.png,,,,
45,6,gray,small,rubber,sphere,"[226, 222, 8.104061126708984]",2183.0,"[203, 198, 45, 47]",cache/1756274498613.png,,,,
46,7,brown,small,rubber,cube,"[265, 109, 13.491819381713867]",1209.0,"[247, 91, 33, 36]",cache/1756274484221.png,,,,
47,7,cyan,small,rubber,cylinder,"[206, 158, 10.928881645202637]",1579.0,"[188, 135, 35, 45]",cache/1756274484217.png,,,,
48,7,brown,large,rubber,cube,"[62, 132, 11.29162883758545]",7362.0,"[15, 89, 86, 85]",cache/1756274484209.png,,,,
49,7,gray,small,rubber,sphere,"[307, 139, 11.780797958374023]",1004.0,"[291, 123, 31, 31]",cache/1756274484225.png,,,,
50,8,yellow,large,rubber,cylinder,"[255, 73, 14.241673469543457]",3490.0,"[228, 40, 53, 65]",cache/1756274287777.png,,,,
51,8,purple,small,metal,cube,"[139, 208, 8.831962585449219]",3244.0,"[112, 178, 52, 61]",cache/1756274287741.png,,,,
52,8,gray,small,metal,sphere,"[191, 156, 10.552912712097168]",1246.0,"[172, 138, 35, 35]",cache/1756274287757.png,,,,
53,8,purple,small,rubber,cylinder,"[339, 116, 12.412002563476562]",1246.0,"[322, 96, 32, 38]",cache/1756274287772.png,,,,
54,8,brown,small,rubber,cube,"[71, 133, 11.573548316955566]",2083.0,"[47, 110, 46, 45]",cache/1756274287752.png,,,,
55,8,yellow,large,metal,sphere,"[220, 92, 12.925015449523926]",3267.0,"[190, 62, 56, 58]",cache/1756274287767.png,,,,
56,8,purple,large,metal,sphere,"[416, 124, 11.126094818115234]",4736.0,"[381, 90, 69, 67]",cache/1756274287733.png,,,,
57,8,yellow,small,metal,cube,"[244, 222, 8.477126121520996]",3924.0,"[214, 189, 59, 66]",cache/1756274287746.png,,,,
58,8,brown,small,rubber,sphere,"[308, 185, 9.518709182739258]",1531.0,"[288, 165, 38, 39]",cache/1756274287762.png,,,,
59,9,gray,large,rubber,cube,"[185, 163, 9.987650871276855]",11005.0,"[132, 111, 102, 107]",cache/1756274371842.png,,,,
60,9,brown,small,metal,sphere,"[261, 111, 13.180752754211426]",776.0,"[247, 97, 27, 28]",cache/1756274371865.png,,,,
61,9,blue,large,rubber,cube,"[316, 105, 12.613685607910156]",6034.0,"[273, 66, 77, 78]",cache/1756274371854.png,,,,
62,9,brown,large,rubber,cylinder,"[143, 111, 12.286186218261719]",4998.0,"[108, 72, 64, 77]",cache/1756274371870.png,,,,
63,9,purple,small,metal,cube,"[236, 90, 14.540482521057129]",1157.0,"[218, 72, 33, 34]",cache/1756274371849.png,,,,
64,9,gray,small,metal,sphere,"[58, 139, 11.751296997070312]",1065.0,"[41, 122, 31, 33]",cache/1756274371875.png,,,,
65,9,gray,small,rubber,cube,"[85, 155, 11.048519134521484]",1872.0,"[63, 132, 42, 44]",cache/1756274371859.png,,,,
66,9,blue,small,metal,cube,"[288, 100, 13.880854606628418]",6034.0,"[273, 66, 77, 78]",cache/1756274371854.png,,,,
67,10,purple,small,metal,cube,"[221, 124, 11.815067291259766]",1744.0,"[199, 102, 40, 42]",cache/1756274554798.png,,,,
68,10,green,large,metal,cube,"[429, 130, 10.657512664794922]",9830.0,"[377, 83, 101, 96]",cache/1756274554790.png,,,,
69,10,green,large,metal,cube,"[74, 142, 10.144240379333496]",9507.0,"[26, 92, 93, 101]",cache/1756274554777.png,,,,
70,10,purple,small,rubber,cylinder,"[280, 175, 9.654659271240234]",2043.0,"[260, 149, 39, 51]",cache/1756274554803.png,,,,
71,10,green,large,metal,cube,"[309, 102, 12.078507423400879]",6986.0,"[267, 61, 83, 83]",cache/1756274554784.png,,,,
72,11,brown,large,rubber,cylinder,"[137, 165, 9.891124725341797]",8291.0,"[93, 115, 82, 100]",cache/1756274338748.png,,,,
73,11,red,large,rubber,cube,"[275, 223, 8.221695899963379]",13071.0,"[226, 162, 105, 124]",cache/1756274338730.png,,,,
74,11,gray,small,rubber,sphere,"[335, 150, 11.208099365234375]",1143.0,"[318, 132, 33, 34]",cache/1756274338753.png,,,,
75,11,red,small,metal,cylinder,"[201, 127, 12.233399391174316]",1238.0,"[184, 107, 31, 39]",cache/1756274338743.png,,,,
76,11,red,small,metal,cube,"[408, 171, 10.397943496704102]",2219.0,"[385, 145, 43, 50]",cache/1756274338738.png,,,,
77,12,brown,large,metal,cylinder,"[140, 183, 9.260184288024902]",9533.0,"[94, 129, 87, 108]",cache/1756274279830.png,,,,
78,12,purple,large,metal,cylinder,"[274, 79, 14.120064735412598]",3666.0,"[247, 45, 54, 66]",cache/1756274279825.png,,,,
79,12,red,large,rubber,cube,"[384, 158, 10.0853271484375]",11534.0,"[331, 106, 108, 106]",cache/1756274279819.png,,,,
80,13,cyan,small,metal,cylinder,"[294, 192, 9.87325668334961]",2031.0,"[273, 166, 39, 51]",cache/1756274388651.png,,,,
81,13,purple,large,metal,cube,"[154, 106, 12.779004096984863]",6420.0,"[112, 66, 80, 80]",cache/1756274388624.png,,,,
82,13,blue,large,metal,sphere,"[217, 121, 11.959074974060059]",3894.0,"[185, 89, 61, 63]",cache/1756274388629.png,,,,
83,13,gray,small,rubber,cube,"[173, 224, 8.941010475158691]",3629.0,"[143, 193, 57, 63]",cache/1756274388635.png,,,,
84,13,red,small,metal,cube,"[91, 158, 11.115487098693848]",1827.0,"[68, 135, 41, 43]",cache/1756274388617.png,,,,
85,13,gray,large,metal,cylinder,"[314, 131, 11.5048828125]",5878.0,"[280, 88, 69, 84]",cache/1756274388645.png,,,,
86,13,red,small,rubber,sphere,"[386, 174, 10.513261795043945]",1309.0,"[368, 155, 36, 36]",cache/1756274388640.png,,,,
87,14,brown,small,rubber,cylinder,"[387, 138, 10.956870079040527]",1715.0,"[367, 115, 38, 44]",cache/1756274438491.png,,,,
88,14,green,large,rubber,cylinder,"[221, 74, 13.705049514770508]",3770.0,"[192, 40, 55, 67]",cache/1756274438486.png,,,,
89,14,purple,small,rubber,cube,"[122, 183, 9.238139152526855]",2884.0,"[97, 154, 50, 57]",cache/1756274438481.png,,,,
90,15,gray,large,metal,cylinder,"[276, 86, 13.340664863586426]",4222.0,"[247, 50, 58, 72]",cache/1756274355225.png,,,,
91,15,red,large,metal,sphere,"[205, 106, 12.304265975952148]",3671.0,"[174, 74, 60, 61]",cache/1756274355202.png,,,,
92,15,red,small,metal,sphere,"[97, 137, 11.686795234680176]",855.0,"[79, 121, 26, 32]",cache/1756274355232.png,,,,
93,15,yellow,small,rubber,cube,"[151, 217, 9.134238243103027]",3552.0,"[121, 186, 57, 61]",cache/1756274355218.png,,,,
94,15,gray,large,rubber,sphere,"[130, 153, 10.352129936218262]",5335.0,"[91, 117, 73, 72]",cache/1756274355212.png,,,,
95,15,gray,small,metal,cube,"[228, 86, 14.286712646484375]",3671.0,"[174, 74, 60, 61]",cache/1756274355202.png,,,,
96,16,red,small,rubber,cylinder,"[354, 133, 11.937519073486328]",1435.0,"[336, 112, 34, 41]",cache/1756274432005.png,,,,
97,16,blue,small,rubber,sphere,"[198, 210, 9.298019409179688]",1656.0,"[177, 189, 40, 41]",cache/1756274431997.png,,,,
98,16,brown,small,metal,cylinder,"[159, 110, 13.030288696289062]",1138.0,"[143, 91, 30, 36]",cache/1756274432009.png,,,,
99,17,red,large,rubber,sphere,"[173, 123, 11.167829513549805]",4435.0,"[139, 88, 66, 66]",cache/1756274391909.png,,,,
100,17,gray,small,rubber,sphere,"[339, 175, 9.923247337341309]",1424.0,"[320, 155, 37, 38]",cache/1756274391953.png,,,,
101,17,brown,small,rubber,cylinder,"[224, 112, 12.607991218566895]",1118.0,"[208, 92, 29, 37]",cache/1756274391944.png,,,,
102,17,gray,small,rubber,cylinder,"[264, 207, 8.940597534179688]",2407.0,"[243, 178, 42, 56]",cache/1756274391938.png,,,,
103,17,brown,large,metal,cylinder,"[439, 138, 10.511590957641602]",7633.0,"[397, 92, 81, 93]",cache/1756274391933.png,,,,
104,17,cyan,small,metal,cylinder,"[349, 131, 11.620586395263672]",1479.0,"[331, 110, 35, 42]",cache/1756274391927.png,,,,
105,17,brown,small,metal,cylinder,"[244, 82, 14.440014839172363]",839.0,"[230, 65, 26, 31]",cache/1756274391948.png,,,,
106,17,yellow,small,metal,cylinder,"[173, 242, 8.087613105773926]",3103.0,"[148, 209, 48, 64]",cache/1756274391921.png,,,,
107,17,cyan,large,rubber,cube,"[91, 145, 10.243492126464844]",8552.0,"[46, 96, 86, 99]",cache/1756274391901.png,,,,
108,17,brown,large,rubber,sphere,"[298, 88, 13.023605346679688]",3281.0,"[270, 58, 56, 57]",cache/1756274391915.png,,,,
109,18,red,large,metal,cylinder,"[296, 130, 11.1405029296875]",6084.0,"[261, 87, 70, 86]",cache/1756274410570.png,,,,
110,18,purple,large,metal,cube,"[169, 163, 9.732622146606445]",11467.0,"[113, 110, 105, 108]",cache/1756274410564.png,,,,
111,18,brown,large,metal,sphere,"[256, 101, 12.682575225830078]",3280.0,"[226, 71, 54, 59]",cache/1756274410581.png,,,,
112,18,brown,large,metal,sphere,"[222, 79, 14.218581199645996]",2728.0,"[196, 52, 50, 53]",cache/1756274410586.png,,,,
113,18,cyan,large,metal,cylinder,"[406, 145, 10.453503608703613]",7791.0,"[365, 98, 83, 93]",cache/1756274410575.png,,,,
114,18,cyan,small,rubber,cylinder,"[201, 125, 12.280298233032227]",11467.0,"[113, 110, 105, 108]",cache/1756274410564.png,,,,
115,19,brown,small,metal,cube,"[285, 149, 11.091896057128906]",1622.0,"[266, 126, 36, 44]",cache/1756274367986.png,,,,
116,19,cyan,large,rubber,cylinder,"[202, 190, 8.976110458374023]",9665.0,"[157, 134, 85, 112]",cache/1756274367991.png,,,,
117,19,yellow,large,metal,cube,"[104, 122, 11.468551635742188]",7445.0,"[56, 80, 87, 84]",cache/1756274367997.png,,,,
118,19,green,large,metal,cube,"[232, 76, 14.10226058959961]",4940.0,"[197, 41, 69, 70]",cache/1756274367980.png,,,,
119,20,gray,large,metal,cube,"[137, 168, 9.409281730651855]",12652.0,"[80, 112, 109, 115]",cache/1756274408107.png,,,,
120,20,blue,large,rubber,cube,"[196, 254, 7.211551666259766]",15289.0,"[132, 186, 114, 133]",cache/1756274408100.png,,,,
121,20,cyan,large,metal,cylinder,"[397, 137, 10.531092643737793]",7626.0,"[357, 91, 81, 93]",cache/1756274408134.png,,,,
122,20,cyan,small,metal,cube,"[302, 120, 12.174670219421387]",1422.0,"[284, 100, 36, 39]",cache/1756274408113.png,,,,
123,20,purple,small,rubber,sphere,"[246, 175, 9.881916046142578]",1387.0,"[227, 155, 36, 37]",cache/1756274408139.png,,,,
124,20,blue,small,rubber,sphere,"[338, 210, 8.825568199157715]",1838.0,"[317, 188, 42, 43]",cache/1756274408118.png,,,,
125,20,cyan,large,rubber,cylinder,"[79, 141, 10.382856369018555]",7363.0,"[34, 94, 77, 94]",cache/1756274408128.png,,,,
126,20,green,small,rubber,sphere,"[285, 224, 8.449141502380371]",1962.0,"[262, 202, 43, 44]",cache/1756274408123.png,,,,
127,20,cyan,large,metal,sphere,"[215, 80, 13.593289375305176]",3048.0,"[187, 52, 54, 55]",cache/1756274408093.png,,,,
128,21,yellow,small,metal,cube,"[69, 138, 11.241923332214355]",2096.0,"[46, 115, 45, 46]",cache/1756274324424.png,,,,
129,21,brown,large,metal,cube,"[191, 116, 11.467583656311035]",7773.0,"[147, 72, 87, 88]",cache/1756274324432.png,,,,
130,21,green,large,metal,cylinder,"[342, 183, 8.7390775680542]",10619.0,"[297, 127, 93, 114]",cache/1756274324437.png,,,,
131,21,green,small,metal,cylinder,"[246, 89, 14.202696800231934]",858.0,"[232, 71, 26, 32]",cache/1756274324442.png,,,,
132,22,green,large,rubber,cube,"[73, 138, 10.918930053710938]",8183.0,"[23, 94, 92, 88]",cache/1756274518000.png,,,,
133,22,brown,large,rubber,sphere,"[251, 179, 9.491360664367676]",6171.0,"[211, 139, 77, 79]",cache/1756274518013.png,,,,
134,22,blue,large,metal,sphere,"[227, 95, 12.981565475463867]",3297.0,"[198, 65, 56, 57]",cache/1756274518019.png,,,,
135,22,yellow,large,metal,cube,"[289, 84, 13.644170761108398]",4500.0,"[258, 49, 64, 69]",cache/1756274518008.png,,,,
136,22,cyan,small,rubber,cylinder,"[337, 114, 12.833531379699707]",1193.0,"[320, 94, 31, 37]",cache/1756274518023.png,,,,
137,23,yellow,small,metal,sphere,"[138, 207, 9.275372505187988]",1628.0,"[117, 186, 40, 40]",cache/1756274374040.png,,,,
138,23,brown,large,metal,sphere,"[118, 110, 12.030445098876953]",2444.0,"[85, 78, 63, 38]",cache/1756274374053.png,,,,
139,23,green,small,rubber,cube,"[324, 106, 13.097393035888672]",1567.0,"[304, 85, 39, 40]",cache/1756274374025.png,,,,
140,23,brown,large,rubber,sphere,"[285, 170, 9.707223892211914]",5828.0,"[247, 131, 76, 76]",cache/1756274373985.png,,,,
141,23,yellow,small,metal,cylinder,"[213, 144, 11.327401161193848]",1490.0,"[195, 121, 33, 44]",cache/1756274374072.png,,,,
142,23,blue,small,rubber,sphere,"[317, 156, 10.882713317871094]",825.0,"[309, 138, 24, 33]",cache/1756274374083.png,,,,
143,23,brown,large,rubber,cube,"[386, 120, 11.576981544494629]",6533.0,"[350, 77, 76, 85]",cache/1756274373970.png,,,,
144,23,red,small,rubber,sphere,"[246, 235, 8.590048789978027]",1885.0,"[224, 212, 42, 44]",cache/1756274374007.png,,,,
145,23,gray,large,metal,cylinder,"[121, 155, 10.176916122436523]",8011.0,"[77, 107, 82, 97]",cache/1756274374093.png,,,,
146,24,purple,large,metal,cylinder,"[244, 88, 13.277840614318848]",4056.0,"[215, 52, 57, 70]",cache/1756274345640.png,,,,
147,24,yellow,small,metal,cylinder,"[138, 132, 11.742937088012695]",1425.0,"[120, 111, 34, 41]",cache/1756274345629.png,,,,
148,24,gray,large,rubber,sphere,"[341, 125, 11.20700740814209]",4482.0,"[308, 91, 66, 67]",cache/1756274345614.png,,,,
149,24,gray,large,metal,cube,"[283, 176, 9.249300956726074]",12932.0,"[228, 119, 109, 117]",cache/1756274345603.png,,,,
150,24,brown,small,rubber,cube,"[208, 262, 7.672089099884033]",3605.0,"[179, 229, 53, 67]",cache/1756274345596.png,,,,
151,24,blue,large,metal,cube,"[72, 143, 10.432939529418945]",10541.0,"[16, 95, 106, 98]",cache/1756274345585.png,,,,
152,25,cyan,small,metal,cylinder,"[322, 112, 13.27563190460205]",1022.0,"[308, 93, 28, 35]",cache/1756274449632.png,,,,
153,25,cyan,small,rubber,sphere,"[250, 99, 14.051907539367676]",703.0,"[236, 85, 26, 26]",cache/1756274449619.png,,,,
154,25,yellow,small,rubber,cube,"[155, 169, 10.670724868774414]",2083.0,"[131, 144, 41, 50]",cache/1756274449643.png,,,,
155,25,green,large,metal,cylinder,"[109, 123, 11.822671890258789]",5839.0,"[72, 82, 71, 82]",cache/1756274449607.png,,,,
156,25,gray,large,rubber,sphere,"[297, 139, 11.093290328979492]",4523.0,"[263, 105, 66, 67]",cache/1756274449589.png,,,,
157,25,cyan,large,rubber,cylinder,"[211, 195, 9.15119457244873]",9275.0,"[167, 141, 84, 110]",cache/1756274449598.png,,,,
158,25,gray,large,metal,cylinder,"[202, 108, 12.62131404876709]",4523.0,"[170, 69, 60, 74]",cache/1756274449626.png,,,,
159,26,red,large,rubber,cylinder,"[207, 108, 12.171239852905273]",4893.0,"[174, 69, 62, 77]",cache/1756274601495.png,,,,
160,26,yellow,small,rubber,cylinder,"[70, 138, 11.50539493560791]",1604.0,"[50, 116, 37, 42]",cache/1756274601474.png,,,,
161,26,purple,small,rubber,cylinder,"[163, 166, 10.316987037658691]",1815.0,"[143, 142, 38, 47]",cache/1756274601483.png,,,,
162,26,brown,small,rubber,cube,"[382, 153, 10.85923957824707]",2414.0,"[357, 128, 50, 48]",cache/1756274601469.png,,,,
163,26,red,large,metal,cylinder,"[231, 200, 8.51757526397705]",10597.0,"[185, 142, 90, 117]",cache/1756274601488.png,,,,
164,26,yellow,small,rubber,cylinder,"[420, 142, 11.307682991027832]",1578.0,"[403, 120, 36, 43]",cache/1756274601479.png,,,,
165,26,cyan,small,metal,sphere,"[130, 201, 9.156344413757324]",1701.0,"[108, 180, 41, 41]",cache/1756274601462.png,,,,
166,27,gray,large,rubber,cube,"[241, 115, 11.58044147491455]",6550.0,"[204, 73, 76, 85]",cache/1756274359677.png,,,,
167,27,cyan,large,metal,cylinder,"[148, 110, 11.845210075378418]",5549.0,"[113, 69, 68, 81]",cache/1756274359686.png,,,,
168,27,purple,small,rubber,cube,"[305, 228, 8.392045021057129]",3107.0,"[279, 197, 49, 62]",cache/1756274359649.png,,,,
169,27,cyan,large,rubber,cylinder,"[324, 124, 11.137665748596191]",6367.0,"[288, 80, 72, 87]",cache/1756274359658.png,,,,
170,28,red,large,metal,cube,"[406, 143, 10.534806251525879]",10099.0,"[355, 95, 102, 98]",cache/1756274594656.png,,,,
171,28,purple,large,metal,sphere,"[160, 98, 13.021941184997559]",3302.0,"[130, 68, 57, 57]",cache/1756274594648.png,,,,
172,28,gray,small,rubber,cylinder,"[256, 101, 13.899038314819336]",948.0,"[240, 83, 28, 33]",cache/1756274594689.png,,,,
173,28,brown,large,rubber,cube,"[323, 136, 10.87795352935791]",8056.0,"[279, 90, 86, 93]",cache/1756274594683.png,,,,
174,28,red,small,metal,cube,"[246, 228, 8.39444351196289]",3950.0,"[216, 195, 59, 66]",cache/1756274594636.png,,,,
175,28,purple,large,rubber,sphere,"[62, 124, 11.449843406677246]",4466.0,"[27, 91, 68, 65]",cache/1756274594629.png,,,,
176,28,yellow,large,rubber,sphere,"[170, 194, 8.670038223266602]",7411.0,"[126, 151, 85, 86]",cache/1756274594641.png,,,,
177,28,brown,small,metal,sphere,"[290, 178, 9.945123672485352]",8056.0,"[279, 90, 86, 93]",cache/1756274594683.png,,,,
178,28,blue,small,rubber,cube,"[218, 94, 14.395176887512207]",859.0,"[204, 77, 27, 31]",cache/1756274594668.png,,,,
179,29,yellow,large,metal,cube,"[76, 128, 10.921976089477539]",9585.0,"[23, 83, 101, 94]",cache/1756274599878.png,,,,
180,29,purple,small,metal,cube,"[352, 149, 10.844853401184082]",2230.0,"[328, 125, 46, 48]",cache/1756274599885.png,,,,
181,29,purple,large,rubber,sphere,"[243, 101, 12.393270492553711]",3618.0,"[213, 70, 59, 60]",cache/1756274599891.png,,,,
182,29,gray,small,rubber,sphere,"[286, 103, 13.294471740722656]",777.0,"[272, 88, 27, 28]",cache/1756274599896.png,,,,
183,30,cyan,large,rubber,sphere,"[187, 79, 12.983664512634277]",3363.0,"[158, 48, 57, 58]",cache/1756274399347.png,,,,
184,30,green,large,rubber,sphere,"[338, 102, 11.850370407104492]",3996.0,"[306, 69, 62, 63]",cache/1756274399342.png,,,,
185,30,cyan,large,rubber,cube,"[254, 232, 7.969902038574219]",16037.0,"[194, 164, 115, 138]",cache/1756274399333.png,,,,
186,30,purple,small,metal,cube,"[281, 106, 12.47783374786377]",1432.0,"[263, 85, 35, 39]",cache/1756274399353.png,,,,
187,30,blue,small,rubber,cylinder,"[118, 133, 11.341197967529297]",1625.0,"[98, 110, 37, 43]",cache/1756274399368.png,,,,
188,30,green,small,rubber,sphere,"[428, 154, 10.5982666015625]",1316.0,"[409, 135, 36, 35]",cache/1756274399364.png,,,,
189,30,yellow,small,metal,cube,"[145, 174, 9.97186279296875]",2938.0,"[117, 146, 52, 55]",cache/1756274399358.png,,,,
190,30,cyan,small,rubber,sphere,"[215, 186, 9.628753662109375]",16037.0,"[194, 164, 115, 138]",cache/1756274399333.png,,,,
191,31,yellow,small,rubber,sphere,"[368, 187, 9.459551811218262]",1578.0,"[347, 167, 40, 39]",cache/1756274613649.png,,,,
192,31,blue,small,rubber,cube,"[191, 104, 12.563279151916504]",1418.0,"[173, 83, 35, 39]",cache/1756274613667.png,,,,
193,31,blue,large,metal,cylinder,"[98, 114, 11.30322265625]",6596.0,"[58, 70, 76, 86]",cache/1756274613639.png,,,,
194,31,red,small,rubber,cylinder,"[251, 115, 12.066559791564941]",1262.0,"[234, 93, 31, 40]",cache/1756274613658.png,,,,
195,31,gray,large,metal,cube,"[405, 123, 10.916723251342773]",9124.0,"[358, 77, 99, 92]",cache/1756274613630.png,,,,
196,31,green,small,rubber,cube,"[212, 167, 10.060208320617676]",2178.0,"[189, 141, 43, 50]",cache/1756274613663.png,,,,
197,31,green,small,rubber,sphere,"[291, 153, 10.520496368408203]",1234.0,"[273, 135, 34, 35]",cache/1756274613644.png,,,,
198,31,cyan,small,rubber,cylinder,"[127, 205, 8.997044563293457]",2622.0,"[103, 176, 46, 56]",cache/1756274613653.png,,,,
199,32,cyan,small,metal,cylinder,"[387, 136, 10.900422096252441]",1767.0,"[367, 113, 39, 45]",cache/1756274340625.png,,,,
200,32,green,small,metal,cube,"[219, 232, 7.904347896575928]",3621.0,"[190, 198, 54, 66]",cache/1756274340596.png,,,,
201,32,green,small,metal,cylinder,"[279, 210, 8.426186561584473]",2756.0,"[256, 180, 45, 60]",cache/1756274340621.png,,,,
202,32,gray,small,rubber,cylinder,"[118, 183, 9.187455177307129]",2462.0,"[94, 156, 45, 54]",cache/1756274340630.png,,,,
203,32,brown,large,rubber,cylinder,"[205, 86, 12.602994918823242]",4545.0,"[173, 48, 60, 74]",cache/1756274340616.png,,,,
204,32,yellow,large,rubber,sphere,"[88, 134, 10.150304794311523]",5635.0,"[49, 96, 75, 74]",cache/1756274340604.png,,,,
205,32,purple,small,metal,cylinder,"[356, 173, 9.503491401672363]",2270.0,"[334, 147, 43, 52]",cache/1756274340609.png,,,,
206,33,blue,small,rubber,cube,"[251, 152, 10.592337608337402]",2351.0,"[227, 126, 46, 50]",cache/1756274558450.png,,,,
207,33,red,small,metal,sphere,"[381, 164, 10.146382331848145]",1397.0,"[361, 145, 37, 37]",cache/1756274558457.png,,,,
208,33,green,small,metal,cube,"[334, 119, 11.997647285461426]",1866.0,"[312, 97, 43, 42]",cache/1756274558477.png,,,,
209,33,cyan,small,rubber,sphere,"[143, 209, 8.779268264770508]",1860.0,"[121, 187, 42, 43]",cache/1756274558462.png,,,,
210,33,yellow,small,metal,sphere,"[116, 130, 11.502755165100098]",1081.0,"[99, 113, 32, 32]",cache/1756274558469.png,,,,
211,33,purple,small,rubber,cylinder,"[309, 222, 8.459420204162598]",2869.0,"[285, 191, 47, 60]",cache/1756274558491.png,,,,
212,34,green,large,metal,cylinder,"[191, 166, 9.74376392364502]",7996.0,"[149, 116, 79, 100]",cache/1756274286360.png,,,,
213,34,green,large,metal,cylinder,"[238, 102, 13.034523010253906]",4182.0,"[208, 66, 58, 71]",cache/1756274286366.png,,,,
214,34,gray,large,metal,cube,"[347, 149, 10.445918083190918]",7622.0,"[307, 103, 81, 93]",cache/1756274286351.png,,,,
215,35,green,small,metal,cylinder,"[244, 107, 13.15565013885498]",1050.0,"[229, 88, 29, 36]",cache/1756274526264.png,,,,
216,35,cyan,large,rubber,cylinder,"[276, 202, 8.442278861999512]",10965.0,"[230, 144, 91, 119]",cache/1756274526248.png,,,,
217,35,yellow,small,rubber,cylinder,"[210, 124, 12.209867477416992]",1238.0,"[193, 103, 31, 39]",cache/1756274526272.png,,,,
218,35,cyan,large,rubber,sphere,"[141, 148, 10.237324714660645]",5432.0,"[102, 111, 74, 73]",cache/1756274526236.png,,,,
219,35,brown,small,rubber,cylinder,"[103, 139, 11.469518661499023]",1356.0,"[83, 117, 31, 42]",cache/1756274526287.png,,,,
220,35,yellow,small,metal,sphere,"[359, 185, 9.647322654724121]",1543.0,"[339, 165, 39, 39]",cache/1756274526220.png,,,,
221,36,cyan,small,rubber,cube,"[111, 156, 10.336447715759277]",1592.0,"[83, 130, 34, 46]",cache/1756274479886.png,,,,
222,36,red,large,metal,sphere,"[139, 168, 9.217284202575684]",6678.0,"[97, 127, 82, 81]",cache/1756274479851.png,,,,
223,36,red,small,metal,cylinder,"[247, 124, 11.613396644592285]",1354.0,"[230, 103, 32, 41]",cache/1756274479869.png,,,,
224,36,cyan,large,metal,cube,"[351, 132, 10.459367752075195]",10129.0,"[302, 84, 101, 99]",cache/1756274479907.png,,,,
225,36,cyan,small,metal,cube,"[294, 106, 12.51578140258789]",1377.0,"[276, 85, 34, 40]",cache/1756274479914.png,,,,
226,36,green,small,rubber,cube,"[197, 252, 7.7552971839904785]",4742.0,"[163, 215, 64, 73]",cache/1756274479862.png,,,,
227,36,yellow,small,metal,cylinder,"[196, 113, 12.14481258392334]",1263.0,"[180, 93, 31, 39]",cache/1756274479880.png,,,,
228,37,purple,small,metal,sphere,"[317, 121, 12.145265579223633]",961.0,"[301, 105, 31, 30]",cache/1756274427403.png,,,,
229,37,blue,small,rubber,sphere,"[215, 166, 10.423548698425293]",1307.0,"[196, 147, 35, 36]",cache/1756274427395.png,,,,
230,37,yellow,small,metal,sphere,"[299, 191, 9.67758846282959]",1523.0,"[279, 171, 38, 39]",cache/1756274427407.png,,,,
231,38,blue,small,metal,cylinder,"[180, 176, 9.92052936553955]",2007.0,"[159, 150, 39, 50]",cache/1756274460431.png,,,,
232,38,brown,small,metal,cylinder,"[376, 141, 11.214387893676758]",1649.0,"[357, 118, 37, 43]",cache/1756274460422.png,,,,
233,38,cyan,large,metal,cube,"[155, 98, 12.411910057067871]",6074.0,"[117, 58, 74, 81]",cache/1756274460417.png,,,,
234,38,brown,large,metal,cube,"[259, 85, 13.150023460388184]",4581.0,"[226, 49, 62, 72]",cache/1756274460409.png,,,,
235,38,red,small,metal,sphere,"[83, 128, 11.772183418273926]",1029.0,"[66, 111, 32, 31]",cache/1756274460427.png,,,,
236,39,red,large,rubber,sphere,"[118, 154, 9.919271469116211]",5822.0,"[79, 115, 76, 75]",cache/1756274587041.png,,,,
237,39,brown,large,metal,cube,"[335, 103, 12.448111534118652]",6504.0,"[294, 63, 81, 80]",cache/1756274587050.png,,,,
238,39,red,small,metal,cylinder,"[304, 208, 8.82104778289795]",2556.0,"[281, 179, 44, 57]",cache/1756274587055.png,,,,
239,39,yellow,small,metal,cylinder,"[368, 140, 11.377874374389648]",1580.0,"[350, 118, 36, 42]",cache/1756274587060.png,,,,
240,40,yellow,large,rubber,sphere,"[112, 121, 12.17369556427002]",3848.0,"[80, 89, 62, 61]",cache/1756274437136.png,,,,
241,40,gray,small,metal,cube,"[309, 127, 12.717482566833496]",1630.0,"[288, 106, 40, 40]",cache/1756274437160.png,,,,
242,40,red,small,rubber,sphere,"[254, 90, 14.799962997436523]",627.0,"[241, 77, 24, 25]",cache/1756274437151.png,,,,
243,40,blue,small,metal,sphere,"[200, 234, 8.992201805114746]",1737.0,"[178, 213, 41, 41]",cache/1756274437124.png,,,,
244,40,blue,small,metal,sphere,"[353, 176, 10.68651008605957]",1225.0,"[335, 158, 35, 34]",cache/1756274437146.png,,,,
245,40,red,small,rubber,sphere,"[167, 163, 11.156023979187012]",1106.0,"[150, 146, 33, 33]",cache/1756274437155.png,,,,
246,40,purple,large,metal,sphere,"[378, 136, 11.49692440032959]",4290.0,"[345, 103, 66, 64]",cache/1756274437131.png,,,,
247,40,gray,small,metal,sphere,"[284, 102, 14.068828582763672]",696.0,"[270, 88, 26, 26]",cache/1756274437165.png,,,,
248,40,green,small,rubber,sphere,"[197, 118, 13.15146541595459]",813.0,"[182, 103, 27, 29]",cache/1756274437141.png,,,,
249,41,purple,large,metal,sphere,"[234, 217, 8.011754035949707]",8685.0,"[187, 170, 92, 93]",cache/1756274445893.png,,,,
250,41,gray,small,metal,sphere,"[292, 101, 13.335469245910645]",767.0,"[278, 86, 27, 27]",cache/1756274445935.png,,,,
251,41,gray,small,rubber,cylinder,"[383, 150, 10.865279197692871]",1736.0,"[364, 126, 38, 45]",cache/1756274445924.png,,,,
252,41,cyan,large,rubber,cylinder,"[133, 103, 12.281400680541992]",4972.0,"[98, 64, 63, 78]",cache/1756274445929.png,,,,
253,41,brown,large,metal,cube,"[176, 130, 10.904571533203125]",6372.0,"[136, 87, 74, 86]",cache/1756274445913.png,,,,
254,41,gray,large,rubber,sphere,"[303, 160, 9.687544822692871]",5912.0,"[264, 121, 76, 77]",cache/1756274445919.png,,,,
255,41,green,small,rubber,sphere,"[323, 128, 11.860127449035645]",5912.0,"[264, 121, 76, 77]",cache/1756274445919.png,,,,
256,41,red,large,metal,sphere,"[243, 81, 13.657279014587402]",2969.0,"[216, 53, 54, 54]",cache/1756274445908.png,,,,
257,41,yellow,large,metal,sphere,"[141, 186, 8.833251953125]",7158.0,"[97, 144, 84, 84]",cache/1756274445902.png,,,,
258,42,blue,small,metal,cylinder,"[338, 116, 12.96413803100586]",1152.0,"[322, 97, 31, 36]",cache/1756274469949.png,,,,
259,42,cyan,small,rubber,cube,"[297, 179, 10.10053539276123]",2039.0,"[277, 154, 41, 48]",cache/1756274469945.png,,,,
260,42,brown,large,rubber,cylinder,"[229, 154, 10.289027214050293]",7033.0,"[191, 106, 73, 95]",cache/1756274469953.png,,,,
261,42,yellow,small,metal,sphere,"[212, 109, 13.379990577697754]",7033.0,"[191, 106, 73, 95]",cache/1756274469953.png,,,,
262,42,yellow,large,rubber,sphere,"[157, 117, 11.983155250549316]",3939.0,"[125, 85, 62, 63]",cache/1756274469937.png,,,,
263,43,yellow,small,rubber,cube,"[223, 172, 10.005267143249512]",2040.0,"[201, 147, 41, 49]",cache/1756274560002.png,,,,
264,43,cyan,small,rubber,cylinder,"[166, 104, 13.106959342956543]",1106.0,"[150, 85, 30, 36]",cache/1756274560017.png,,,,
265,43,green,large,rubber,cylinder,"[294, 121, 11.284097671508789]",5939.0,"[260, 78, 69, 85]",cache/1756274560007.png,,,,
266,43,yellow,large,rubber,cylinder,"[126, 146, 10.19351863861084]",7755.0,"[84, 99, 80, 96]",cache/1756274559996.png,,,,
267,43,blue,large,metal,sphere,"[247, 95, 12.67605209350586]",3297.0,"[217, 64, 55, 59]",cache/1756274559991.png,,,,
268,43,gray,small,rubber,sphere,"[190, 147, 10.950658798217773]",1176.0,"[173, 129, 33, 35]",cache/1756274560013.png,,,,
269,43,red,large,rubber,sphere,"[354, 163, 9.579927444458008]",6178.0,"[315, 123, 78, 78]",cache/1756274559984.png,,,,
270,44,green,large,rubber,cube,"[173, 108, 11.833480834960938]",6276.0,"[135, 67, 75, 83]",cache/1756274613939.png,,,,
271,44,yellow,small,rubber,sphere,"[331, 166, 10.040943145751953]",1396.0,"[311, 146, 37, 37]",cache/1756274613959.png,,,,
272,44,gray,small,rubber,sphere,"[239, 87, 14.174825668334961]",697.0,"[225, 73, 25, 26]",cache/1756274613963.png,,,,
273,44,cyan,small,metal,cylinder,"[213, 233, 8.032127380371094]",3061.0,"[188, 201, 47, 64]",cache/1756274613950.png,,,,
274,44,green,small,rubber,cube,"[296, 145, 10.893342971801758]",2272.0,"[272, 120, 47, 48]",cache/1756274613946.png,,,,
275,44,green,small,rubber,cylinder,"[365, 133, 11.437453269958496]",1525.0,"[347, 111, 36, 42]",cache/1756274613955.png,,,,
276,45,brown,small,rubber,sphere,"[156, 131, 11.935922622680664]",1000.0,"[140, 114, 31, 32]",cache/1756274513405.png,,,,
277,45,yellow,small,rubber,cylinder,"[369, 150, 11.088488578796387]",1719.0,"[350, 127, 38, 45]",cache/1756274513401.png,,,,
278,45,purple,large,metal,sphere,"[208, 85, 13.581598281860352]",3036.0,"[180, 56, 54, 55]",cache/1756274513394.png,,,,
279,46,green,small,rubber,cube,"[252, 101, 13.487377166748047]",1161.0,"[236, 83, 32, 35]",cache/1756274329925.png,,,,
280,46,purple,large,metal,cylinder,"[320, 156, 10.08191204071045]",7752.0,"[281, 108, 79, 97]",cache/1756274329933.png,,,,
281,46,blue,small,metal,sphere,"[377, 139, 11.551107406616211]",1065.0,"[360, 122, 32, 32]",cache/1756274329916.png,,,,
282,46,brown,small,rubber,cylinder,"[231, 115, 12.698755264282227]",1122.0,"[215, 96, 29, 37]",cache/1756274329929.png,,,,
283,46,cyan,small,rubber,cylinder,"[176, 192, 9.605915069580078]",2164.0,"[154, 165, 40, 52]",cache/1756274329920.png,,,,
284,46,green,small,rubber,sphere,"[117, 125, 12.215229034423828]",977.0,"[101, 108, 30, 31]",cache/1756274329911.png,,,,
285,47,cyan,large,rubber,cylinder,"[188, 190, 9.185415267944336]",9331.0,"[144, 136, 84, 110]",cache/1756274266759.png,,,,
286,47,purple,large,metal,sphere,"[390, 122, 11.635164260864258]",11854.0,"[349, 89, 98, 120]",cache/1756274266800.png,,,,
287,47,red,small,metal,cube,"[158, 127, 12.235942840576172]",1748.0,"[136, 105, 42, 41]",cache/1756274266774.png,,,,
288,47,green,large,metal,cylinder,"[254, 71, 14.542569160461426]",3397.0,"[228, 38, 52, 64]",cache/1756274266766.png,,,,
289,47,red,large,metal,cube,"[395, 161, 10.092093467712402]",11854.0,"[349, 89, 98, 120]",cache/1756274266800.png,,,,
290,47,cyan,small,rubber,cylinder,"[306, 101, 13.580690383911133]",1051.0,"[290, 82, 29, 35]",cache/1756274266790.png,,,,
291,47,cyan,small,rubber,sphere,"[233, 113, 12.909344673156738]",830.0,"[218, 98, 28, 29]",cache/1756274266786.png,,,,
292,48,green,small,rubber,cylinder,"[217, 152, 10.928018569946289]",1589.0,"[198, 129, 34, 45]",cache/1756274600808.png,,,,
293,48,red,large,metal,sphere,"[169, 220, 8.274237632751465]",8311.0,"[123, 174, 90, 91]",cache/1756274600792.png,,,,
294,48,blue,small,metal,sphere,"[302, 140, 11.378459930419922]",1089.0,"[285, 123, 32, 33]",cache/1756274600799.png,,,,
295,48,green,small,metal,cylinder,"[281, 179, 9.999527931213379]",1933.0,"[262, 153, 38, 50]",cache/1756274600804.png,,,,
296,49,blue,large,metal,sphere,"[399, 151, 10.236974716186523]",5506.0,"[361, 114, 75, 72]",cache/1756274335310.png,,,,
297,49,yellow,small,metal,sphere,"[282, 122, 12.132969856262207]",4607.0,"[280, 52, 61, 75]",cache/1756274335349.png,,,,
298,49,yellow,large,metal,sphere,"[247, 134, 10.848162651062012]",4636.0,"[212, 99, 67, 68]",cache/1756274335318.png,,,,
299,49,green,small,metal,cube,"[200, 111, 12.643670082092285]",1487.0,"[181, 90, 37, 40]",cache/1756274335334.png,,,,
300,49,yellow,large,metal,cylinder,"[137, 180, 9.35262393951416]",9505.0,"[90, 127, 88, 107]",cache/1756274335329.png,,,,
301,49,brown,small,rubber,sphere,"[348, 131, 11.760189056396484]",1016.0,"[332, 114, 31, 32]",cache/1756274335339.png,,,,
302,49,purple,large,metal,cylinder,"[311, 89, 12.89688777923584]",4607.0,"[280, 52, 61, 75]",cache/1756274335349.png,,,,
303,49,yellow,small,rubber,sphere,"[214, 212, 9.122288703918457]",1656.0,"[194, 191, 40, 41]",cache/1756274335324.png,,,,
304,50,cyan,small,metal,sphere,"[284, 157, 10.704388618469238]",1217.0,"[266, 139, 34, 35]",cache/1756274463398.png,,,,
305,50,purple,large,metal,cylinder,"[361, 116, 11.644400596618652]",5985.0,"[326, 74, 71, 83]",cache/1756274463384.png,,,,
306,50,yellow,small,rubber,cylinder,"[195, 102, 13.276878356933594]",1054.0,"[179, 82, 29, 36]",cache/1756274463415.png,,,,
307,50,gray,small,metal,sphere,"[413, 165, 10.417475700378418]",1345.0,"[394, 147, 37, 35]",cache/1756274463409.png,,,,
308,50,red,small,rubber,sphere,"[239, 90, 13.970001220703125]",705.0,"[226, 76, 26, 26]",cache/1756274463402.png,,,,
309,50,green,large,rubber,sphere,"[220, 251, 7.5197672843933105]",9963.0,"[170, 201, 98, 101]",cache/1756274463392.png,,,,
310,51,red,small,rubber,cylinder,"[190, 166, 10.251202583312988]",9485.0,"[175, 127, 85, 110]",cache/1756274365287.png,,,,
311,51,brown,large,rubber,cylinder,"[220, 182, 9.018023490905762]",9485.0,"[175, 127, 85, 110]",cache/1756274365287.png,,,,
312,51,cyan,small,metal,cylinder,"[172, 128, 11.863025665283203]",1352.0,"[154, 106, 33, 40]",cache/1756274365293.png,,,,
313,51,purple,large,metal,cylinder,"[71, 133, 10.794258117675781]",7311.0,"[28, 88, 81, 89]",cache/1756274365282.png,,,,
314,51,yellow,small,rubber,cylinder,"[269, 99, 13.437898635864258]",3381.0,"[222, 36, 52, 64]",cache/1756274365297.png,,,,
315,51,red,small,metal,sphere,"[339, 184, 9.641454696655273]",1520.0,"[319, 164, 38, 39]",cache/1756274365277.png,,,,
316,51,cyan,large,rubber,cylinder,"[249, 69, 14.519173622131348]",3381.0,"[222, 36, 52, 64]",cache/1756274365297.png,,,,
317,51,purple,large,metal,cylinder,"[336, 104, 12.217996597290039]",5169.0,"[303, 64, 66, 78]",cache/1756274365270.png,,,,
318,52,cyan,large,rubber,cylinder,"[342, 111, 11.92137336730957]",5644.0,"[308, 70, 68, 81]",cache/1756274614605.png,,,,
319,52,cyan,small,rubber,cube,"[222, 143, 11.295394897460938]",1503.0,"[204, 121, 34, 43]",cache/1756274614620.png,,,,
320,52,gray,small,rubber,sphere,"[301, 171, 10.279264450073242]",1297.0,"[283, 152, 35, 36]",cache/1756274614625.png,,,,
321,52,yellow,small,rubber,cylinder,"[249, 182, 9.92863941192627]",1931.0,"[229, 156, 38, 50]",cache/1756274614610.png,,,,
322,52,brown,small,rubber,cube,"[112, 157, 10.763130187988281]",2504.0,"[86, 132, 50, 49]",cache/1756274614600.png,,,,
323,52,purple,small,rubber,cube,"[202, 116, 12.56059455871582]",1643.0,"[182, 94, 39, 41]",cache/1756274614615.png,,,,
324,53,brown,large,rubber,cylinder,"[126, 147, 10.0964994430542]",8063.0,"[82, 99, 82, 98]",cache/1756274299846.png,,,,
325,53,red,small,rubber,cube,"[177, 235, 8.30087661743164]",3062.0,"[150, 205, 50, 60]",cache/1756274299817.png,,,,
326,53,yellow,small,metal,cylinder,"[339, 215, 8.769942283630371]",2733.0,"[316, 186, 46, 58]",cache/1756274299832.png,,,,
327,53,yellow,small,metal,cube,"[97, 130, 11.510051727294922]",8063.0,"[82, 99, 82, 98]",cache/1756274299846.png,,,,
328,53,blue,small,metal,cube,"[220, 188, 9.500536918640137]",2775.0,"[195, 159, 48, 56]",cache/1756274299823.png,,,,
329,53,blue,large,rubber,sphere,"[276, 77, 13.316508293151855]",3165.0,"[247, 48, 55, 56]",cache/1756274299804.png,,,,
330,53,yellow,small,rubber,cube,"[247, 262, 7.755036354064941]",4103.0,"[218, 227, 58, 70]",cache/1756274299812.png,,,,
331,53,yellow,small,rubber,sphere,"[407, 136, 11.274175643920898]",1154.0,"[390, 118, 34, 33]",cache/1756274299837.png,,,,
332,53,blue,small,metal,cube,"[167, 106, 12.622725486755371]",1303.0,"[150, 86, 33, 38]",cache/1756274299828.png,,,,
333,53,blue,small,metal,cylinder,"[277, 200, 9.172143936157227]",2328.0,"[256, 171, 41, 55]",cache/1756274299842.png,,,,
334,54,yellow,small,metal,cylinder,"[192, 252, 8.26427936553955]",2954.0,"[168, 220, 46, 63]",cache/1756274509686.png,,,,
335,54,purple,large,metal,cylinder,"[348, 149, 10.485785484313965]",7494.0,"[310, 102, 79, 94]",cache/1756274509691.png,,,,
336,54,cyan,small,metal,cylinder,"[96, 152, 11.111547470092773]",12996.0,"[75, 128, 105, 122]",cache/1756274509702.png,,,,
337,54,cyan,large,metal,cylinder,"[138, 194, 9.061869621276855]",12996.0,"[75, 128, 105, 122]",cache/1756274509702.png,,,,
338,54,yellow,large,rubber,cylinder,"[245, 70, 14.390216827392578]",3530.0,"[218, 37, 53, 66]",cache/1756274509679.png,,,,
339,54,brown,small,metal,sphere,"[304, 126, 12.191346168518066]",833.0,"[288, 110, 26, 30]",cache/1756274509697.png,,,,
340,55,green,large,metal,cube,"[110, 118, 11.592162132263184]",6404.0,"[71, 75, 74, 86]",cache/1756274357004.png,,,,
341,55,cyan,small,rubber,cylinder,"[216, 159, 10.655876159667969]",1681.0,"[197, 135, 36, 46]",cache/1756274357036.png,,,,
342,55,green,small,metal,sphere,"[338, 198, 9.395933151245117]",1604.0,"[317, 178, 40, 39]",cache/1756274357017.png,,,,
343,55,cyan,small,metal,cube,"[154, 174, 10.133776664733887]",2646.0,"[129, 147, 49, 53]",cache/1756274357030.png,,,,
344,55,gray,small,metal,cube,"[239, 264, 7.824559688568115]",3586.0,"[212, 231, 52, 67]",cache/1756274357011.png,,,,
345,55,yellow,large,metal,cylinder,"[274, 99, 12.521568298339844]",4738.0,"[243, 61, 61, 77]",cache/1756274357024.png,,,,
346,56,red,small,rubber,sphere,"[275, 206, 8.725624084472656]",1813.0,"[253, 184, 42, 43]",cache/1756274285088.png,,,,
347,56,cyan,large,metal,cube,"[348, 149, 9.932936668395996]",6524.0,"[340, 73, 81, 80]",cache/1756274285093.png,,,,
348,56,yellow,small,metal,cylinder,"[220, 142, 11.069672584533691]",1511.0,"[202, 120, 34, 43]",cache/1756274285099.png,,,,
349,56,red,large,rubber,sphere,"[207, 86, 13.315801620483398]",3150.0,"[178, 57, 55, 56]",cache/1756274285071.png,,,,
350,56,blue,large,rubber,cube,"[377, 113, 11.609469413757324]",6524.0,"[340, 73, 81, 80]",cache/1756274285093.png,,,,
351,56,brown,small,rubber,sphere,"[232, 244, 7.773664951324463]",2305.0,"[208, 219, 46, 49]",cache/1756274285083.png,,,,
352,57,cyan,small,metal,sphere,"[384, 183, 9.623872756958008]",1472.0,"[366, 163, 37, 39]",cache/1756274615232.png,,,,
353,57,red,large,metal,sphere,"[230, 74, 14.140483856201172]",2770.0,"[203, 46, 52, 53]",cache/1756274615221.png,,,,
354,57,gray,large,rubber,sphere,"[381, 115, 11.575875282287598]",4274.0,"[349, 82, 65, 65]",cache/1756274615243.png,,,,
355,57,gray,large,metal,cube,"[316, 204, 8.315046310424805]",13155.0,"[266, 146, 108, 120]",cache/1756274615215.png,,,,
356,57,cyan,small,rubber,cylinder,"[174, 105, 13.080554962158203]",1080.0,"[158, 86, 29, 36]",cache/1756274615248.png,,,,
357,57,brown,small,rubber,cylinder,"[93, 139, 11.279306411743164]",1627.0,"[73, 117, 37, 43]",cache/1756274615238.png,,,,
358,57,purple,large,metal,cube,"[269, 150, 10.040474891662598]",8917.0,"[222, 100, 90, 98]",cache/1756274615226.png,,,,
359,57,gray,small,metal,cube,"[165, 207, 8.898541450500488]",3269.0,"[136, 177, 54, 59]",cache/1756274615209.png,,,,
360,57,yellow,small,metal,cube,"[323, 149, 10.854941368103027]",13155.0,"[266, 146, 108, 120]",cache/1756274615215.png,,,,
361,58,purple,large,metal,cylinder,"[137, 110, 11.955957412719727]",5430.0,"[101, 70, 68, 79]",cache/1756274444306.png,,,,
362,58,cyan,small,rubber,cylinder,"[243, 132, 11.669198036193848]",1367.0,"[226, 111, 32, 41]",cache/1756274444310.png,,,,
363,58,purple,small,rubber,cube,"[299, 197, 9.116851806640625]",3278.0,"[271, 168, 55, 59]",cache/1756274444298.png,,,,
364,59,blue,large,metal,sphere,"[154, 168, 9.86140251159668]",5784.0,"[115, 129, 76, 75]",cache/1756274612263.png,,,,
365,59,gray,small,rubber,cylinder,"[314, 103, 13.449151992797852]",960.0,"[300, 84, 28, 34]",cache/1756274612297.png,,,,
366,59,green,large,metal,cube,"[230, 73, 14.397627830505371]",4824.0,"[195, 38, 69, 69]",cache/1756274612277.png,,,,
367,59,brown,large,rubber,sphere,"[289, 123, 11.57535457611084]",4102.0,"[257, 90, 63, 64]",cache/1756274612282.png,,,,
368,59,gray,large,metal,cube,"[415, 139, 10.895485877990723]",8761.0,"[369, 94, 97, 90]",cache/1756274612271.png,,,,
369,59,purple,small,rubber,cylinder,"[262, 110, 13.051434516906738]",970.0,"[247, 91, 26, 36]",cache/1756274612292.png,,,,
370,59,cyan,small,metal,sphere,"[202, 128, 12.138949394226074]",939.0,"[186, 112, 30, 30]",cache/1756274612287.png,,,,
371,60,blue,small,rubber,sphere,"[266, 108, 12.886523246765137]",849.0,"[251, 93, 28, 29]",cache/1756274547786.png,,,,
372,60,purple,large,metal,cylinder,"[162, 163, 9.58954906463623]",8559.0,"[119, 112, 83, 102]",cache/1756274547795.png,,,,
373,60,blue,large,metal,sphere,"[137, 104, 12.1669282913208]",3474.0,"[105, 72, 62, 55]",cache/1756274547791.png,,,,
374,60,brown,small,metal,cube,"[338, 150, 10.844184875488281]",2003.0,"[316, 126, 42, 47]",cache/1756274547779.png,,,,
375,60,yellow,small,rubber,sphere,"[83, 133, 11.608298301696777]",1088.0,"[65, 116, 33, 32]",cache/1756274547800.png,,,,
376,61,gray,small,rubber,cylinder,"[275, 245, 7.91116189956665]",3206.0,"[250, 212, 48, 65]",cache/1756274413415.png,,,,
377,61,brown,small,metal,cylinder,"[218, 89, 14.144207000732422]",884.0,"[204, 72, 27, 32]",cache/1756274413406.png,,,,
378,61,green,small,metal,cylinder,"[184, 218, 8.544898986816406]",2693.0,"[160, 188, 45, 59]",cache/1756274413402.png,,,,
379,61,brown,small,rubber,cube,"[305, 183, 9.585260391235352]",2727.0,"[280, 156, 50, 54]",cache/1756274413397.png,,,,
380,61,red,small,metal,cylinder,"[140, 175, 9.848109245300293]",2055.0,"[118, 150, 40, 50]",cache/1756274413411.png,,,,
381,61,purple,small,metal,sphere,"[88, 165, 10.231876373291016]",1379.0,"[68, 146, 37, 36]",cache/1756274413389.png,,,,
382,62,green,small,rubber,sphere,"[295, 144, 10.709598541259766]",1221.0,"[277, 126, 34, 35]",cache/1756274572456.png,,,,
383,62,yellow,large,metal,sphere,"[171, 98, 11.97272777557373]",3939.0,"[139, 66, 62, 62]",cache/1756274572448.png,,,,
384,62,cyan,small,rubber,sphere,"[228, 95, 13.126977920532227]",828.0,"[213, 79, 28, 29]",cache/1756274572460.png,,,,
385,63,gray,large,metal,cylinder,"[234, 235, 8.022750854492188]",12477.0,"[185, 172, 96, 129]",cache/1756274518691.png,,,,
386,63,brown,small,metal,sphere,"[218, 125, 12.14786148071289]",937.0,"[202, 109, 30, 30]",cache/1756274518697.png,,,,
387,63,gray,small,metal,sphere,"[309, 99, 13.507869720458984]",748.0,"[295, 84, 27, 27]",cache/1756274518707.png,,,,
388,63,blue,large,rubber,cube,"[62, 130, 11.13933277130127]",7887.0,"[13, 87, 90, 87]",cache/1756274518677.png,,,,
389,63,yellow,small,rubber,cylinder,"[410, 165, 10.557209968566895]",1991.0,"[389, 141, 41, 48]",cache/1756274518686.png,,,,
390,63,blue,large,metal,cylinder,"[271, 70, 14.307831764221191]",3588.0,"[244, 37, 54, 66]",cache/1756274518702.png,,,,
391,64,blue,small,rubber,sphere,"[239, 209, 8.906974792480469]",1775.0,"[218, 187, 41, 42]",cache/1756274483894.png,,,,
392,64,yellow,small,rubber,cube,"[305, 138, 11.328980445861816]",1910.0,"[283, 115, 42, 45]",cache/1756274483918.png,,,,
393,64,gray,large,rubber,cube,"[335, 99, 12.377413749694824]",6689.0,"[295, 59, 83, 80]",cache/1756274483913.png,,,,
394,64,gray,large,rubber,sphere,"[185, 110, 11.817473411560059]",4014.0,"[153, 77, 62, 63]",cache/1756274483903.png,,,,
395,64,purple,small,rubber,sphere,"[121, 155, 10.650521278381348]",1255.0,"[102, 137, 35, 35]",cache/1756274483898.png,,,,
396,64,purple,large,metal,sphere,"[261, 91, 12.852680206298828]",3350.0,"[231, 61, 57, 58]",cache/1756274483888.png,,,,
397,64,gray,large,rubber,sphere,"[345, 178, 9.127442359924316]",6836.0,"[304, 137, 82, 82]",cache/1756274483908.png,,,,
398,65,green,small,metal,sphere,"[247, 93, 13.685720443725586]",742.0,"[232, 78, 27, 27]",cache/1756274321795.png,,,,
399,65,cyan,large,rubber,sphere,"[175, 154, 9.660533905029297]",4433.0,"[135, 114, 77, 57]",cache/1756274321800.png,,,,
400,65,purple,large,rubber,cube,"[185, 236, 7.329369068145752]",15492.0,"[124, 169, 112, 137]",cache/1756274321782.png,,,,
401,66,blue,small,rubber,sphere,"[360, 123, 12.345831871032715]",8694.0,"[310, 115, 84, 102]",cache/1756274366648.png,,,,
402,66,purple,large,metal,cylinder,"[351, 166, 9.627116203308105]",8694.0,"[310, 115, 84, 102]",cache/1756274366648.png,,,,
403,66,red,small,metal,cylinder,"[196, 203, 9.135473251342773]",2301.0,"[174, 175, 42, 54]",cache/1756274366636.png,,,,
404,66,yellow,large,rubber,cube,"[129, 141, 10.586079597473145]",9844.0,"[76, 94, 100, 97]",cache/1756274366623.png,,,,
405,66,green,small,rubber,cylinder,"[232, 115, 12.80575180053711]",787.0,"[217, 96, 21, 36]",cache/1756274366670.png,,,,
406,66,green,large,metal,cylinder,"[270, 121, 11.548171043395996]",5513.0,"[237, 80, 66, 82]",cache/1756274366675.png,,,,
407,66,blue,large,rubber,cube,"[429, 135, 10.877239227294922]",7915.0,"[389, 89, 83, 94]",cache/1756274366653.png,,,,
408,66,red,large,metal,sphere,"[296, 90, 13.360708236694336]",5513.0,"[237, 80, 66, 82]",cache/1756274366675.png,,,,
409,66,yellow,small,rubber,sphere,"[244, 225, 8.519721984863281]",1929.0,"[222, 202, 43, 44]",cache/1756274366631.png,,,,
410,67,gray,large,metal,sphere,"[341, 170, 9.476166725158691]",6395.0,"[300, 130, 80, 79]",cache/1756274498130.png,,,,
411,67,yellow,small,rubber,cube,"[167, 246, 8.232749938964844]",4286.0,"[136, 211, 60, 70]",cache/1756274498135.png,,,,
412,67,cyan,small,metal,cylinder,"[353, 135, 11.299985885620117]",6395.0,"[300, 130, 80, 79]",cache/1756274498130.png,,,,
413,67,purple,large,metal,sphere,"[118, 185, 9.047368049621582]",7097.0,"[74, 143, 84, 83]",cache/1756274498121.png,,,,
414,67,blue,large,rubber,cube,"[252, 138, 10.469244956970215]",11616.0,"[203, 70, 96, 120]",cache/1756274498151.png,,,,
415,67,brown,small,rubber,sphere,"[285, 105, 12.572614669799805]",11616.0,"[203, 70, 96, 120]",cache/1756274498151.png,,,,
416,67,green,small,metal,cylinder,"[266, 89, 13.3464937210083]",11616.0,"[203, 70, 96, 120]",cache/1756274498151.png,,,,
417,67,red,small,metal,cylinder,"[89, 170, 10.110564231872559]",7097.0,"[74, 143, 84, 83]",cache/1756274498121.png,,,,
418,68,purple,large,metal,cylinder,"[377, 116, 11.410225868225098]",6240.0,"[341, 74, 74, 84]",cache/1756274388953.png,,,,
419,68,yellow,small,rubber,sphere,"[178, 161, 10.290807723999023]",1306.0,"[159, 142, 35, 36]",cache/1756274388969.png,,,,
420,68,cyan,small,metal,cube,"[244, 113, 12.492246627807617]",1640.0,"[223, 93, 40, 40]",cache/1756274388986.png,,,,
421,68,red,small,metal,cube,"[280, 170, 9.976278305053711]",2590.0,"[255, 143, 48, 53]",cache/1756274388945.png,,,,
422,68,cyan,large,rubber,cylinder,"[208, 80, 13.588574409484863]",3874.0,"[179, 45, 55, 69]",cache/1756274388997.png,,,,
423,68,gray,large,metal,cube,"[289, 85, 13.267621040344238]",5678.0,"[251, 47, 75, 75]",cache/1756274388960.png,,,,
424,68,red,small,rubber,cylinder,"[230, 267, 7.412793159484863]",3618.0,"[203, 231, 51, 70]",cache/1756274388977.png,,,,
425,69,green,large,rubber,cube,"[176, 108, 11.872509956359863]",5853.0,"[136, 68, 73, 79]",cache/1756274370796.png,,,,
426,69,yellow,small,metal,cube,"[106, 171, 10.007783889770508]",4575.0,"[73, 121, 59, 76]",cache/1756274370812.png,,,,
427,69,green,small,rubber,cube,"[95, 145, 10.999497413635254]",1391.0,"[73, 121, 40, 34]",cache/1756274370808.png,,,,
428,70,brown,small,metal,cylinder,"[303, 126, 12.0769624710083]",1287.0,"[286, 106, 32, 39]",cache/1756274280815.png,,,,
429,70,gray,small,metal,cube,"[400, 172, 10.185283660888672]",2254.0,"[377, 147, 46, 48]",cache/1756274280790.png,,,,
430,70,blue,large,rubber,cylinder,"[237, 229, 7.91684627532959]",12736.0,"[187, 166, 98, 129]",cache/1756274280808.png,,,,
431,70,purple,large,rubber,cylinder,"[260, 74, 14.252273559570312]",3543.0,"[232, 41, 53, 65]",cache/1756274280803.png,,,,
432,70,gray,large,metal,cube,"[175, 171, 9.499381065368652]",11792.0,"[121, 116, 103, 113]",cache/1756274280797.png,,,,
433,71,red,small,metal,cube,"[349, 131, 11.309457778930664]",2064.0,"[326, 108, 44, 46]",cache/1756274536588.png,,,,
434,71,brown,large,rubber,cube,"[79, 136, 10.293438911437988]",11013.0,"[22, 87, 108, 101]",cache/1756274536567.png,,,,
435,71,blue,small,metal,sphere,"[229, 193, 9.114338874816895]",1677.0,"[208, 172, 40, 41]",cache/1756274536561.png,,,,
436,71,green,small,rubber,sphere,"[161, 229, 8.16872501373291]",2111.0,"[138, 206, 45, 46]",cache/1756274536573.png,,,,
437,71,purple,small,rubber,sphere,"[219, 92, 13.348917961120605]",766.0,"[205, 78, 27, 27]",cache/1756274536579.png,,,,
438,71,gray,small,metal,cylinder,"[295, 114, 12.129406929016113]",1255.0,"[279, 94, 31, 39]",cache/1756274536605.png,,,,
439,71,red,large,rubber,cube,"[265, 68, 13.98067569732666]",5149.0,"[229, 32, 72, 71]",cache/1756274536593.png,,,,
440,71,purple,small,rubber,cylinder,"[313, 100, 12.883869171142578]",1081.0,"[298, 81, 29, 36]",cache/1756274536610.png,,,,
441,71,gray,large,rubber,cylinder,"[419, 152, 9.720338821411133]",9300.0,"[375, 101, 91, 101]",cache/1756274536599.png,,,,
442,71,purple,small,rubber,sphere,"[159, 139, 10.989663124084473]",1152.0,"[141, 121, 33, 34]",cache/1756274536584.png,,,,
443,72,cyan,large,metal,cube,"[109, 110, 12.059627532958984]",7885.0,"[62, 66, 89, 87]",cache/1756274326410.png,,,,
444,72,purple,large,rubber,cylinder,"[247, 175, 9.615910530090332]",8319.0,"[206, 124, 79, 104]",cache/1756274326353.png,,,,
445,72,purple,small,metal,cylinder,"[345, 166, 10.56835651397705]",1854.0,"[325, 142, 38, 47]",cache/1756274326373.png,,,,
446,72,yellow,large,metal,cylinder,"[357, 121, 11.564325332641602]",6055.0,"[322, 78, 71, 84]",cache/1756274326382.png,,,,
447,72,yellow,small,metal,sphere,"[76, 150, 11.15709114074707]",7885.0,"[62, 66, 89, 87]",cache/1756274326410.png,,,,
448,72,green,small,rubber,cylinder,"[225, 84, 14.327778816223145]",887.0,"[211, 66, 26, 33]",cache/1756274326404.png,,,,
449,72,gray,small,rubber,cylinder,"[176, 251, 8.343732833862305]",2938.0,"[151, 219, 47, 62]",cache/1756274326397.png,,,,
450,72,purple,large,rubber,sphere,"[135, 191, 9.184078216552734]",6667.0,"[93, 150, 81, 81]",cache/1756274326333.png,,,,
451,72,blue,large,metal,cylinder,"[291, 101, 12.46727466583252]",4890.0,"[260, 62, 62, 77]",cache/1756274326362.png,,,,
452,73,purple,large,rubber,sphere,"[77, 137, 10.597013473510742]",5149.0,"[39, 101, 72, 70]",cache/1756274359202.png,,,,
453,73,green,small,metal,sphere,"[326, 120, 12.23793888092041]",923.0,"[310, 104, 30, 30]",cache/1756274359331.png,,,,
454,73,purple,small,metal,sphere,"[262, 101, 13.271018981933594]",768.0,"[248, 87, 27, 27]",cache/1756274359219.png,,,,
455,73,blue,small,metal,sphere,"[387, 132, 11.637717247009277]",1054.0,"[370, 115, 33, 31]",cache/1756274359275.png,,,,
456,73,blue,small,rubber,sphere,"[392, 172, 10.02573013305664]",1424.0,"[373, 153, 37, 37]",cache/1756274359260.png,,,,
457,73,cyan,large,metal,cylinder,"[231, 74, 14.08747386932373]",3600.0,"[203, 40, 54, 66]",cache/1756274359299.png,,,,
458,73,gray,large,rubber,sphere,"[197, 198, 8.51815414428711]",7699.0,"[153, 154, 87, 88]",cache/1756274359248.png,,,,
459,73,red,large,rubber,sphere,"[139, 99, 12.425359725952148]",3638.0,"[108, 69, 60, 60]",cache/1756274359240.png,,,,
460,73,green,small,metal,cylinder,"[302, 193, 9.349037170410156]",2249.0,"[281, 165, 41, 53]",cache/1756274359291.png,,,,
461,73,blue,small,rubber,cube,"[159, 161, 10.43266487121582]",1882.0,"[137, 137, 40, 46]",cache/1756274359317.png,,,,
462,74,blue,large,metal,cube,"[276, 199, 9.268194198608398]",13046.0,"[222, 141, 108, 120]",cache/1756274443184.png,,,,
463,74,yellow,large,metal,sphere,"[357, 143, 11.131734848022461]",4571.0,"[323, 109, 68, 67]",cache/1756274443193.png,,,,
464,74,green,small,metal,cylinder,"[219, 115, 13.229036331176758]",1048.0,"[204, 96, 28, 36]",cache/1756274443214.png,,,,
465,74,red,large,metal,sphere,"[239, 71, 15.004462242126465]",2472.0,"[213, 45, 49, 50]",cache/1756274443199.png,,,,
466,74,purple,small,metal,cylinder,"[185, 148, 11.681465148925781]",1404.0,"[168, 126, 33, 42]",cache/1756274443209.png,,,,
467,74,brown,large,rubber,sphere,"[126, 165, 10.314766883850098]",5307.0,"[88, 128, 73, 72]",cache/1756274443204.png,,,,
468,75,yellow,large,rubber,cylinder,"[244, 80, 13.280525207519531]",4032.0,"[215, 44, 56, 70]",cache/1756274472668.png,,,,
469,75,blue,large,rubber,cube,"[210, 242, 7.252906322479248]",17003.0,"[153, 172, 116, 145]",cache/1756274472628.png,,,,
470,75,purple,small,rubber,cylinder,"[350, 153, 10.430769920349121]",1836.0,"[331, 129, 38, 47]",cache/1756274472652.png,,,,
471,75,brown,small,rubber,sphere,"[324, 182, 9.404960632324219]",1534.0,"[304, 162, 39, 39]",cache/1756274472663.png,,,,
472,75,purple,large,metal,cylinder,"[207, 108, 11.629844665527344]",5443.0,"[172, 67, 66, 82]",cache/1756274472658.png,,,,
473,75,purple,small,rubber,sphere,"[175, 104, 12.745461463928223]",5443.0,"[172, 67, 66, 82]",cache/1756274472658.png,,,,
474,75,brown,small,metal,cube,"[98, 133, 11.288520812988281]",2229.0,"[73, 109, 48, 46]",cache/1756274472641.png,,,,
475,75,cyan,small,rubber,cube,"[305, 227, 8.186732292175293]",4127.0,"[274, 193, 60, 68]",cache/1756274472647.png,,,,
476,75,red,small,rubber,cube,"[117, 199, 8.920307159423828]",3642.0,"[86, 168, 58, 62]",cache/1756274472635.png,,,,
477,76,blue,small,metal,cylinder,"[261, 166, 10.540155410766602]",1711.0,"[242, 142, 36, 47]",cache/1756274481801.png,,,,
478,76,yellow,large,metal,cylinder,"[307, 126, 11.298343658447266]",6170.0,"[273, 82, 70, 87]",cache/1756274481790.png,,,,
479,76,gray,large,rubber,cube,"[326, 93, 12.832143783569336]",6170.0,"[273, 82, 70, 87]",cache/1756274481790.png,,,,
480,76,red,large,rubber,cube,"[198, 223, 8.362909317016602]",16521.0,"[136, 157, 121, 136]",cache/1756274481764.png,,,,
481,76,cyan,large,rubber,sphere,"[78, 137, 10.890056610107422]",4948.0,"[41, 101, 71, 69]",cache/1756274481807.png,,,,
482,76,cyan,large,rubber,sphere,"[144, 100, 12.508601188659668]",3645.0,"[113, 69, 60, 60]",cache/1756274481774.png,,,,
483,76,blue,small,metal,cylinder,"[146, 188, 9.846684455871582]",1968.0,"[124, 162, 39, 50]",cache/1756274481785.png,,,,
484,76,yellow,small,metal,cube,"[280, 89, 13.959484100341797]",6170.0,"[273, 82, 70, 87]",cache/1756274481790.png,,,,
485,76,blue,large,rubber,cube,"[233, 85, 13.313690185546875]",5725.0,"[195, 47, 74, 76]",cache/1756274481780.png,,,,
486,77,blue,large,metal,sphere,"[313, 133, 11.017945289611816]",4657.0,"[279, 98, 68, 68]",cache/1756274574697.png,,,,
487,77,purple,large,rubber,sphere,"[236, 111, 11.986882209777832]",3887.0,"[204, 79, 61, 63]",cache/1756274574719.png,,,,
488,77,brown,small,rubber,sphere,"[335, 112, 12.76624584197998]",4657.0,"[279, 98, 68, 68]",cache/1756274574697.png,,,,
489,77,cyan,small,metal,cylinder,"[177, 227, 8.786333084106445]",2675.0,"[153, 197, 45, 58]",cache/1756274574714.png,,,,
490,77,brown,large,metal,cylinder,"[160, 91, 13.009678840637207]",6308.0,"[128, 54, 61, 102]",cache/1756274574724.png,,,,
491,77,cyan,large,metal,cube,"[420, 142, 10.665168762207031]",10641.0,"[369, 93, 105, 100]",cache/1756274574688.png,,,,
492,77,brown,small,metal,sphere,"[255, 86, 14.261157989501953]",3887.0,"[204, 79, 61, 63]",cache/1756274574719.png,,,,
493,77,blue,large,rubber,cube,"[112, 152, 10.307991981506348]",9090.0,"[60, 105, 95, 95]",cache/1756274574703.png,,,,
494,77,brown,small,metal,cylinder,"[172, 136, 11.661116600036621]",6308.0,"[128, 54, 61, 102]",cache/1756274574724.png,,,,
495,77,green,small,rubber,cube,"[294, 210, 9.21737289428711]",3169.0,"[266, 180, 52, 60]",cache/1756274574709.png,,,,
496,78,red,large,metal,cube,"[303, 112, 12.37551498413086]",5417.0,"[268, 73, 67, 79]",cache/1756274466081.png,,,,
497,78,gray,small,rubber,cylinder,"[373, 146, 11.608919143676758]",1779.0,"[340, 144, 38, 46]",cache/1756274466131.png,,,,
498,78,purple,small,metal,cylinder,"[283, 182, 10.297558784484863]",1832.0,"[263, 157, 37, 48]",cache/1756274466125.png,,,,
499,78,gray,large,rubber,cylinder,"[247, 78, 14.454700469970703]",3437.0,"[220, 44, 52, 65]",cache/1756274466141.png,,,,
500,78,gray,small,metal,cylinder,"[179, 222, 9.105796813964844]",2426.0,"[156, 194, 43, 56]",cache/1756274466136.png,,,,
501,78,gray,large,rubber,cube,"[129, 104, 12.806245803833008]",6379.0,"[86, 65, 81, 78]",cache/1756274466088.png,,,,
502,78,blue,small,rubber,sphere,"[235, 261, 8.209405899047852]",2146.0,"[212, 237, 45, 47]",cache/1756274466118.png,,,,
503,78,brown,small,metal,cylinder,"[359, 168, 10.759699821472168]",1779.0,"[340, 144, 38, 46]",cache/1756274466131.png,,,,
504,79,red,large,metal,sphere,"[137, 168, 8.976941108703613]",6925.0,"[94, 125, 83, 82]",cache/1756274275014.png,,,,
505,79,green,small,metal,cylinder,"[331, 158, 10.092921257019043]",1961.0,"[311, 133, 40, 48]",cache/1756274275009.png,,,,
506,79,purple,small,metal,sphere,"[183, 147, 10.494741439819336]",1183.0,"[166, 129, 33, 35]",cache/1756274275004.png,,,,
507,80,purple,small,metal,cylinder,"[290, 170, 10.0543794631958]",19641.0,"[190, 166, 130, 150]",cache/1756274486747.png,,,,
508,80,red,large,metal,cube,"[257, 237, 7.5962233543396]",19641.0,"[190, 166, 130, 150]",cache/1756274486747.png,,,,
509,80,purple,large,metal,cylinder,"[61, 118, 11.316905975341797]",6735.0,"[19, 75, 78, 85]",cache/1756274486768.png,,,,
510,80,red,small,rubber,sphere,"[145, 157, 10.489912986755371]",11746.0,"[97, 147, 95, 123]",cache/1756274486781.png,,,,
511,80,cyan,large,rubber,cube,"[327, 108, 11.818427085876465]",6974.0,"[286, 65, 80, 86]",cache/1756274486761.png,,,,
512,80,cyan,small,rubber,cylinder,"[108, 185, 9.563230514526367]",11746.0,"[97, 147, 95, 123]",cache/1756274486781.png,,,,
513,80,brown,small,metal,cylinder,"[235, 98, 13.305343627929688]",1003.0,"[220, 79, 28, 35]",cache/1756274486794.png,,,,
514,80,brown,small,metal,cylinder,"[387, 147, 10.900260925292969]",1759.0,"[367, 123, 38, 45]",cache/1756274486788.png,,,,
515,80,cyan,small,metal,sphere,"[201, 105, 12.84852123260498]",852.0,"[186, 90, 28, 29]",cache/1756274486776.png,,,,
516,80,yellow,large,rubber,cylinder,"[149, 207, 8.282279968261719]",11746.0,"[97, 147, 95, 123]",cache/1756274486781.png,,,,
517,81,purple,large,rubber,cylinder,"[276, 217, 8.164613723754883]",11807.0,"[229, 155, 94, 124]",cache/1756274264446.png,,,,
518,81,cyan,small,metal,sphere,"[384, 141, 11.352362632751465]",1122.0,"[366, 124, 33, 33]",cache/1756274264433.png,,,,
519,81,blue,large,metal,cylinder,"[342, 105, 12.267922401428223]",5200.0,"[310, 66, 66, 78]",cache/1756274264458.png,,,,
520,81,green,large,metal,cylinder,"[134, 173, 9.37600326538086]",9279.0,"[88, 121, 87, 106]",cache/1756274264463.png,,,,
521,81,blue,large,rubber,sphere,"[131, 132, 10.914284706115723]",9279.0,"[88, 121, 87, 106]",cache/1756274264463.png,,,,
522,81,brown,small,metal,sphere,"[210, 167, 10.309286117553711]",1304.0,"[192, 148, 35, 36]",cache/1756274264453.png,,,,
523,81,blue,large,rubber,sphere,"[194, 86, 13.37081527709961]",3131.0,"[165, 57, 55, 56]",cache/1756274264427.png,,,,
524,81,red,large,rubber,sphere,"[250, 72, 14.372615814208984]",2688.0,"[224, 45, 51, 52]",cache/1756274264440.png,,,,
525,82,yellow,small,rubber,cube,"[278, 143, 11.710368156433105]",1485.0,"[259, 121, 35, 42]",cache/1756274563088.png,,,,
526,82,gray,small,rubber,cylinder,"[191, 136, 12.023515701293945]",1296.0,"[174, 115, 31, 40]",cache/1756274563095.png,,,,
527,82,green,small,metal,sphere,"[256, 125, 12.521783828735352]",861.0,"[241, 110, 28, 30]",cache/1756274563076.png,,,,
528,82,brown,small,rubber,cube,"[218, 93, 14.371028900146484]",1234.0,"[200, 74, 34, 35]",cache/1756274563082.png,,,,
529,82,brown,small,rubber,cube,"[117, 158, 11.090907096862793]",2303.0,"[92, 133, 47, 48]",cache/1756274563064.png,,,,
530,82,yellow,small,rubber,cube,"[240, 251, 8.363738059997559]",4107.0,"[210, 216, 59, 69]",cache/1756274563057.png,,,,
531,82,red,small,metal,cube,"[310, 105, 13.635578155517578]",1419.0,"[291, 85, 37, 37]",cache/1756274563071.png,,,,
532,83,blue,large,metal,cube,"[176, 154, 10.28968620300293]",10667.0,"[123, 103, 100, 105]",cache/1756274320955.png,,,,
533,83,green,small,rubber,cylinder,"[233, 210, 9.27058219909668]",2259.0,"[212, 182, 40, 55]",cache/1756274320976.png,,,,
534,83,gray,small,metal,sphere,"[412, 150, 11.166886329650879]",1199.0,"[393, 132, 35, 34]",cache/1756274320970.png,,,,
535,83,brown,small,metal,sphere,"[254, 95, 13.72336196899414]",750.0,"[239, 81, 27, 27]",cache/1756274320963.png,,,,
536,84,green,small,rubber,cylinder,"[219, 152, 10.578760147094727]",1635.0,"[200, 128, 35, 45]",cache/1756274419529.png,,,,
537,84,brown,large,metal,sphere,"[246, 81, 13.609313011169434]",2974.0,"[219, 52, 54, 54]",cache/1756274419514.png,,,,
538,84,purple,large,metal,cylinder,"[365, 112, 11.6225004196167]",5692.0,"[332, 71, 69, 81]",cache/1756274419577.png,,,,
539,84,green,small,rubber,sphere,"[199, 111, 12.61251163482666]",855.0,"[184, 96, 28, 29]",cache/1756274419522.png,,,,
540,84,red,small,rubber,cylinder,"[374, 184, 9.348878860473633]",2437.0,"[351, 157, 45, 53]",cache/1756274419568.png,,,,
541,84,green,small,rubber,cube,"[155, 140, 11.082526206970215]",2175.0,"[131, 117, 46, 46]",cache/1756274419552.png,,,,
542,84,yellow,large,metal,cylinder,"[130, 105, 12.013657569885254]",5260.0,"[94, 66, 66, 78]",cache/1756274419542.png,,,,
543,84,purple,large,metal,sphere,"[311, 147, 9.938977241516113]",5625.0,"[273, 109, 75, 74]",cache/1756274419502.png,,,,
544,85,brown,large,rubber,cube,"[251, 99, 12.6022310256958]",5023.0,"[216, 61, 65, 76]",cache/1756274546132.png,,,,
545,85,green,small,rubber,cube,"[352, 164, 10.490626335144043]",2074.0,"[331, 139, 41, 49]",cache/1756274546139.png,,,,
546,85,purple,small,rubber,sphere,"[198, 96, 13.745235443115234]",735.0,"[184, 82, 26, 27]",cache/1756274546143.png,,,,
547,86,purple,small,metal,cube,"[290, 100, 13.439239501953125]",1273.0,"[272, 81, 34, 37]",cache/1756274402308.png,,,,
548,86,brown,small,metal,cube,"[272, 235, 8.45947265625]",3463.0,"[244, 204, 54, 63]",cache/1756274402314.png,,,,
549,86,green,large,metal,sphere,"[378, 160, 9.947174072265625]",5776.0,"[340, 121, 76, 75]",cache/1756274402300.png,,,,
550,86,purple,large,rubber,cylinder,"[185, 99, 12.608025550842285]",4702.0,"[153, 60, 61, 76]",cache/1756274402324.png,,,,
551,86,cyan,large,rubber,cylinder,"[138, 124, 11.373537063598633]",6124.0,"[100, 81, 71, 85]",cache/1756274402318.png,,,,
552,86,brown,small,rubber,cylinder,"[193, 182, 9.902728080749512]",1972.0,"[172, 157, 39, 50]",cache/1756274402334.png,,,,
553,86,brown,small,rubber,cylinder,"[219, 268, 7.761955738067627]",3299.0,"[194, 234, 48, 67]",cache/1756274402329.png,,,,
554,87,red,large,metal,sphere,"[298, 84, 12.574698448181152]",3538.0,"[268, 53, 58, 59]",cache/1756274458856.png,,,,
555,87,red,small,metal,cylinder,"[135, 116, 11.771622657775879]",1193.0,"[117, 95, 33, 35]",cache/1756274458887.png,,,,
556,87,purple,large,metal,cube,"[447, 138, 9.951044082641602]",8950.0,"[392, 87, 87, 102]",cache/1756274458867.png,,,,
557,87,green,large,metal,sphere,"[146, 163, 9.044143676757812]",6894.0,"[104, 121, 82, 83]",cache/1756274458840.png,,,,
558,87,purple,small,rubber,cylinder,"[350, 197, 8.735967636108398]",2740.0,"[326, 168, 47, 57]",cache/1756274458873.png,,,,
559,87,brown,large,metal,cylinder,"[244, 69, 13.561456680297852]",6022.0,"[179, 69, 69, 87]",cache/1756274458879.png,,,,
560,87,green,small,metal,sphere,"[279, 250, 7.48783540725708]",2566.0,"[254, 224, 49, 51]",cache/1756274458851.png,,,,
561,87,brown,large,rubber,sphere,"[54, 126, 10.431029319763184]",5414.0,"[15, 89, 75, 72]",cache/1756274458862.png,,,,
562,87,purple,large,metal,cylinder,"[215, 113, 11.027198791503906]",6022.0,"[179, 69, 69, 87]",cache/1756274458879.png,,,,
563,88,blue,large,rubber,cube,"[322, 135, 10.734981536865234]",9039.0,"[276, 87, 91, 98]",cache/1756274435637.png,,,,
564,88,cyan,large,metal,cube,"[368, 109, 11.924241065979004]",7257.0,"[328, 67, 86, 84]",cache/1756274435622.png,,,,
565,88,yellow,large,metal,cylinder,"[266, 216, 8.2452392578125]",11683.0,"[220, 155, 93, 124]",cache/1756274435643.png,,,,
566,89,gray,small,rubber,cylinder,"[89, 141, 11.804351806640625]",1517.0,"[70, 119, 36, 41]",cache/1756274339149.png,,,,
567,89,cyan,large,metal,cylinder,"[224, 81, 14.104808807373047]",3653.0,"[196, 47, 54, 67]",cache/1756274339140.png,,,,
568,89,green,large,metal,cube,"[389, 153, 10.563392639160156]",10564.0,"[339, 104, 104, 100]",cache/1756274339132.png,,,,
569,89,brown,small,metal,cylinder,"[295, 185, 10.162935256958008]",1905.0,"[275, 160, 38, 49]",cache/1756274339144.png,,,,
570,90,blue,small,metal,sphere,"[98, 162, 10.735978126525879]",1240.0,"[80, 144, 35, 34]",cache/1756274308133.png,,,,
571,90,purple,small,rubber,cylinder,"[264, 175, 10.30888557434082]",1816.0,"[245, 150, 37, 49]",cache/1756274308145.png,,,,
572,90,cyan,small,rubber,cylinder,"[213, 198, 9.599637985229492]",2131.0,"[192, 171, 39, 53]",cache/1756274308149.png,,,,
573,90,gray,small,metal,sphere,"[207, 99, 13.499214172363281]",771.0,"[193, 85, 27, 28]",cache/1756274308141.png,,,,
574,90,green,small,metal,sphere,"[147, 130, 11.98378849029541]",971.0,"[130, 114, 31, 31]",cache/1756274308137.png,,,,
575,91,gray,large,metal,cylinder,"[221, 189, 8.865161895751953]",9893.0,"[177, 133, 86, 114]",cache/1756274396061.png,,,,
576,91,cyan,large,metal,cylinder,"[133, 146, 10.182981491088867]",7992.0,"[90, 97, 81, 97]",cache/1756274396071.png,,,,
577,91,green,large,metal,cube,"[298, 109, 11.657840728759766]",7695.0,"[256, 65, 86, 88]",cache/1756274396032.png,,,,
578,91,blue,small,metal,sphere,"[97, 136, 11.306269645690918]",7992.0,"[90, 97, 81, 97]",cache/1756274396071.png,,,,
579,92,brown,large,rubber,sphere,"[415, 131, 11.061747550964355]",4749.0,"[380, 96, 70, 67]",cache/1756274459266.png,,,,
580,92,green,large,rubber,sphere,"[125, 182, 9.323651313781738]",6413.0,"[84, 141, 79, 80]",cache/1756274459255.png,,,,
581,92,red,large,rubber,cube,"[315, 198, 8.863081932067871]",14672.0,"[259, 137, 115, 127]",cache/1756274459248.png,,,,
582,92,brown,small,rubber,cube,"[62, 139, 11.469382286071777]",2032.0,"[39, 116, 43, 46]",cache/1756274459261.png,,,,
583,92,green,small,metal,sphere,"[200, 108, 12.882176399230957]",832.0,"[185, 93, 28, 29]",cache/1756274459272.png,,,,
584,92,yellow,small,metal,sphere,"[369, 179, 10.06971263885498]",14672.0,"[259, 137, 115, 127]",cache/1756274459248.png,,,,
585,92,brown,large,metal,cylinder,"[260, 70, 14.192853927612305]",3593.0,"[232, 36, 53, 66]",cache/1756274459277.png,,,,
586,92,cyan,large,rubber,cube,"[213, 219, 8.353804588317871]",16178.0,"[153, 154, 119, 135]",cache/1756274459239.png,,,,
587,92,yellow,small,rubber,sphere,"[318, 124, 12.104048728942871]",951.0,"[302, 108, 30, 31]",cache/1756274459282.png,,,,
588,92,blue,small,rubber,cylinder,"[168, 161, 10.648808479309082]",1284.0,"[149, 137, 36, 35]",cache/1756274459293.png,,,,
589,93,green,large,metal,cylinder,"[156, 177, 9.404868125915527]",9158.0,"[110, 124, 85, 106]",cache/1756274420789.png,,,,
590,93,yellow,small,metal,cube,"[269, 119, 12.352912902832031]",1624.0,"[249, 98, 38, 41]",cache/1756274420784.png,,,,
591,93,red,large,metal,cube,"[375, 114, 11.790483474731445]",6490.0,"[337, 73, 80, 81]",cache/1756274420777.png,,,,
592,94,blue,small,metal,cylinder,"[145, 168, 9.892876625061035]",2102.0,"[123, 142, 41, 50]",cache/1756274513104.png,,,,
593,94,purple,small,rubber,cylinder,"[196, 101, 12.689805030822754]",1141.0,"[180, 81, 30, 37]",cache/1756274513109.png,,,,
594,94,blue,large,metal,cube,"[302, 123, 10.77789306640625]",9459.0,"[255, 75, 95, 98]",cache/1756274513096.png,,,,
595,95,gray,small,rubber,cylinder,"[227, 103, 13.211265563964844]",1033.0,"[212, 84, 28, 36]",cache/1756274276816.png,,,,
596,95,yellow,small,metal,cube,"[355, 123, 12.211164474487305]",1526.0,"[333, 101, 42, 36]",cache/1756274276811.png,,,,
597,95,red,small,rubber,sphere,"[312, 115, 12.594249725341797]",875.0,"[297, 99, 29, 29]",cache/1756274276787.png,,,,
598,95,blue,large,metal,sphere,"[198, 236, 7.985311031341553]",8799.0,"[151, 188, 92, 94]",cache/1756274276760.png,,,,
599,95,yellow,small,rubber,cube,"[351, 154, 10.921133041381836]",2409.0,"[326, 129, 48, 49]",cache/1756274276793.png,,,,
600,95,brown,small,metal,cube,"[244, 76, 14.848588943481445]",849.0,"[230, 59, 27, 31]",cache/1756274276799.png,,,,
601,95,yellow,large,metal,sphere,"[308, 208, 8.619258880615234]",7520.0,"[264, 164, 86, 87]",cache/1756274276767.png,,,,
602,95,purple,small,metal,cube,"[136, 201, 9.403934478759766]",2985.0,"[108, 173, 52, 56]",cache/1756274276782.png,,,,
603,95,yellow,large,metal,cylinder,"[414, 124, 11.348119735717773]",6719.0,"[377, 81, 77, 86]",cache/1756274276805.png,,,,
604,95,purple,large,rubber,cylinder,"[68, 122, 11.422524452209473]",6635.0,"[27, 79, 77, 85]",cache/1756274276775.png,,,,
605,96,brown,large,rubber,cube,"[243, 76, 13.886895179748535]",5296.0,"[206, 40, 72, 72]",cache/1756274266117.png,,,,
606,96,red,large,metal,cylinder,"[377, 166, 9.55135440826416]",9281.0,"[334, 115, 88, 104]",cache/1756274266128.png,,,,
607,96,green,small,metal,cube,"[278, 157, 10.609376907348633]",2381.0,"[254, 131, 46, 50]",cache/1756274266123.png,,,,
608,96,purple,small,rubber,cube,"[154, 174, 10.006121635437012]",2070.0,"[133, 148, 40, 50]",cache/1756274266107.png,,,,
609,97,red,large,rubber,cylinder,"[165, 209, 8.332063674926758]",11589.0,"[115, 149, 95, 121]",cache/1756274584818.png,,,,
610,97,purple,large,rubber,sphere,"[315, 94, 12.636207580566406]",3509.0,"[286, 63, 58, 59]",cache/1756274584805.png,,,,
611,97,red,large,rubber,cylinder,"[276, 172, 9.343718528747559]",8784.0,"[235, 120, 82, 106]",cache/1756274584829.png,,,,
612,97,blue,large,metal,cylinder,"[59, 131, 10.82363224029541]",7450.0,"[16, 86, 82, 90]",cache/1756274584824.png,,,,
613,97,brown,large,metal,cylinder,"[206, 106, 11.990880012512207]",5117.0,"[173, 66, 63, 80]",cache/1756274584835.png,,,,
614,97,cyan,small,metal,cylinder,"[127, 131, 11.661416053771973]",1480.0,"[108, 109, 35, 41]",cache/1756274584840.png,,,,
615,97,purple,small,metal,sphere,"[375, 157, 10.57845687866211]",1295.0,"[356, 139, 36, 35]",cache/1756274584812.png,,,,
616,98,blue,large,metal,cylinder,"[283, 202, 8.724720001220703]",10342.0,"[240, 145, 88, 116]",cache/1756274426310.png,,,,
617,98,cyan,large,metal,sphere,"[63, 134, 10.996070861816406]",4906.0,"[26, 99, 71, 68]",cache/1756274426292.png,,,,
618,98,blue,large,rubber,sphere,"[188, 107, 12.257586479187012]",3472.0,"[157, 75, 60, 57]",cache/1756274426315.png,,,,
619,98,gray,large,metal,sphere,"[201, 159, 10.030402183532715]",5459.0,"[163, 122, 73, 73]",cache/1756274426304.png,,,,
620,98,brown,large,rubber,cylinder,"[233, 77, 13.993512153625488]",3678.0,"[205, 43, 54, 67]",cache/1756274426320.png,,,,
621,98,blue,small,metal,sphere,"[400, 163, 10.597603797912598]",1319.0,"[381, 145, 36, 35]",cache/1756274426298.png,,,,
622,99,purple,large,metal,sphere,"[372, 122, 11.20162296295166]",4504.0,"[339, 88, 67, 66]",cache/1756274532260.png,,,,
623,99,red,small,rubber,sphere,"[191, 99, 13.370626449584961]",772.0,"[176, 85, 27, 28]",cache/1756274532273.png,,,,
624,99,gray,small,rubber,sphere,"[212, 206, 8.902382850646973]",1765.0,"[190, 185, 41, 42]",cache/1756274532282.png,,,,
625,99,gray,small,metal,cube,"[107, 149, 10.849990844726562]",2011.0,"[83, 126, 44, 44]",cache/1756274532277.png,,,,
626,99,blue,large,rubber,sphere,"[312, 142, 10.315109252929688]",5274.0,"[276, 105, 72, 72]",cache/1756274532268.png,,,,
627,100,cyan,small,rubber,sphere,"[199, 144, 11.44388198852539]",1061.0,"[182, 126, 32, 32]",cache/1756274452482.png,,,,
628,100,green,small,rubber,sphere,"[247, 133, 11.96745777130127]",961.0,"[231, 117, 30, 31]",cache/1756274452477.png,,,,
629,100,green,large,metal,sphere,"[124, 145, 10.515603065490723]",5151.0,"[87, 109, 71, 71]",cache/1756274452463.png,,,,
630,100,red,small,metal,cube,"[315, 122, 12.542705535888672]",1369.0,"[296, 103, 36, 37]",cache/1756274452471.png,,,,
631,101,yellow,small,rubber,sphere,"[311, 129, 12.074061393737793]",9932.0,"[306, 97, 98, 101]",cache/1756274247950.png,,,,
632,101,cyan,small,metal,cube,"[282, 142, 11.462003707885742]",1927.0,"[260, 119, 42, 45]",cache/1756274247942.png,,,,
633,101,green,small,rubber,sphere,"[156, 111, 13.06102466583252]",837.0,"[141, 96, 28, 29]",cache/1756274247932.png,,,,
634,101,cyan,large,rubber,cube,"[354, 146, 10.469706535339355]",9932.0,"[306, 97, 98, 101]",cache/1756274247950.png,,,,
635,102,yellow,small,metal,cylinder,"[275, 224, 7.967528820037842]",3117.0,"[250, 192, 48, 64]",cache/1756274303880.png,,,,
636,102,yellow,large,metal,sphere,"[233, 86, 12.4924898147583]",3548.0,"[203, 55, 59, 59]",cache/1756274303846.png,,,,
637,102,gray,small,metal,sphere,"[159, 167, 9.594426155090332]",1486.0,"[139, 147, 38, 38]",cache/1756274303886.png,,,,
638,102,green,small,rubber,cylinder,"[194, 131, 11.003042221069336]",1532.0,"[176, 109, 34, 43]",cache/1756274303891.png,,,,
639,102,red,small,rubber,cube,"[305, 121, 11.505555152893066]",1912.0,"[283, 98, 43, 44]",cache/1756274303841.png,,,,
640,102,cyan,small,metal,cube,"[86, 145, 10.407672882080078]",2274.0,"[60, 121, 48, 46]",cache/1756274303833.png,,,,
641,102,blue,small,rubber,cylinder,"[390, 187, 8.951774597167969]",2626.0,"[367, 159, 46, 55]",cache/1756274303896.png,,,,
642,102,blue,small,metal,cube,"[417, 157, 9.965108871459961]",2707.0,"[392, 130, 50, 53]",cache/1756274303870.png,,,,
643,102,brown,large,rubber,sphere,"[154, 95, 11.909597396850586]",3982.0,"[122, 63, 62, 63]",cache/1756274303875.png,,,,
644,103,gray,large,rubber,cylinder,"[271, 189, 9.558801651000977]",8590.0,"[231, 137, 81, 105]",cache/1756274267553.png,,,,
645,103,red,small,metal,cylinder,"[241, 131, 12.57222843170166]",1156.0,"[224, 111, 30, 37]",cache/1756274267559.png,,,,
646,103,yellow,large,metal,cylinder,"[72, 133, 11.670506477355957]",6365.0,"[32, 91, 75, 84]",cache/1756274267547.png,,,,
647,104,yellow,large,metal,cube,"[311, 107, 12.486226081848145]",5278.0,"[277, 69, 69, 76]",cache/1756274361794.png,,,,
648,104,cyan,small,rubber,cube,"[345, 161, 10.941381454467773]",1785.0,"[326, 137, 39, 45]",cache/1756274361800.png,,,,
649,104,cyan,large,rubber,sphere,"[124, 134, 11.233036041259766]",4501.0,"[89, 100, 67, 66]",cache/1756274361783.png,,,,
650,104,purple,large,metal,sphere,"[199, 91, 13.331343650817871]",3104.0,"[170, 62, 55, 55]",cache/1756274361774.png,,,,
651,104,gray,small,rubber,cube,"[167, 204, 9.551645278930664]",2297.0,"[144, 177, 43, 52]",cache/1756274361805.png,,,,
652,104,brown,small,metal,cylinder,"[244, 78, 15.154818534851074]",5156.0,"[231, 48, 74, 69]",cache/1756274361816.png,,,,
653,104,brown,large,metal,cube,"[275, 83, 13.809983253479004]",5156.0,"[231, 48, 74, 69]",cache/1756274361816.png,,,,
654,104,brown,large,metal,sphere,"[238, 231, 8.263511657714844]",8134.0,"[193, 186, 89, 90]",cache/1756274361788.png,,,,
655,104,gray,small,metal,sphere,"[369, 129, 12.217453956604004]",1066.0,"[350, 113, 33, 31]",cache/1756274361811.png,,,,
656,105,blue,small,metal,cube,"[261, 198, 9.082803726196289]",2347.0,"[240, 171, 43, 54]",cache/1756274275377.png,,,,
657,105,brown,large,rubber,cube,"[173, 118, 11.294983863830566]",6298.0,"[132, 77, 75, 83]",cache/1756274275399.png,,,,
658,105,yellow,small,rubber,cube,"[399, 159, 10.392324447631836]",2278.0,"[375, 133, 45, 50]",cache/1756274275391.png,,,,
659,105,red,large,metal,sphere,"[288, 83, 13.279143333435059]",2910.0,"[260, 54, 51, 56]",cache/1756274275414.png,,,,
660,105,cyan,small,metal,sphere,"[132, 183, 9.547287940979004]",1543.0,"[111, 163, 39, 39]",cache/1756274275385.png,,,,
661,105,purple,large,rubber,sphere,"[229, 73, 14.033044815063477]",2813.0,"[202, 45, 52, 53]",cache/1756274275407.png,,,,
662,105,red,large,rubber,cylinder,"[337, 103, 12.115309715270996]",5263.0,"[304, 63, 66, 78]",cache/1756274275422.png,,,,
663,106,green,large,rubber,sphere,"[74, 133, 10.725855827331543]",5044.0,"[37, 97, 71, 70]",cache/1756274411978.png,,,,
664,106,gray,large,rubber,cylinder,"[352, 116, 11.491680145263672]",11716.0,"[349, 103, 109, 107]",cache/1756274411990.png,,,,
665,106,cyan,small,rubber,sphere,"[247, 92, 13.665680885314941]",742.0,"[233, 78, 26, 27]",cache/1756274411996.png,,,,
666,106,yellow,large,metal,cube,"[161, 174, 9.265228271484375]",12544.0,"[101, 117, 112, 111]",cache/1756274411984.png,,,,
667,106,yellow,small,metal,cylinder,"[220, 116, 12.337203025817871]",1186.0,"[204, 96, 30, 38]",cache/1756274412012.png,,,,
668,106,green,large,rubber,cube,"[327, 203, 8.450027465820312]",13170.0,"[277, 144, 109, 119]",cache/1756274411963.png,,,,
669,106,blue,large,metal,cube,"[400, 156, 9.869403839111328]",11716.0,"[349, 103, 109, 107]",cache/1756274411990.png,,,,
670,106,gray,large,rubber,cylinder,"[144, 97, 12.445775985717773]",4811.0,"[109, 58, 64, 74]",cache/1756274412001.png,,,,
671,106,blue,large,metal,sphere,"[196, 231, 7.789681434631348]",9350.0,"[147, 183, 95, 97]",cache/1756274411972.png,,,,
672,107,blue,large,rubber,cylinder,"[183, 216, 8.166905403137207]",12030.0,"[132, 154, 96, 124]",cache/1756274412327.png,,,,
673,107,green,small,metal,sphere,"[365, 162, 10.425176620483398]",1314.0,"[346, 144, 36, 36]",cache/1756274412310.png,,,,
674,107,blue,small,rubber,sphere,"[74, 144, 11.148160934448242]",1176.0,"[56, 127, 34, 33]",cache/1756274412317.png,,,,
675,107,blue,large,rubber,cube,"[261, 72, 14.197028160095215]",4415.0,"[228, 38, 67, 65]",cache/1756274412321.png,,,,
676,107,gray,large,rubber,cube,"[284, 114, 11.680949211120605]",7708.0,"[243, 71, 87, 88]",cache/1756274412332.png,,,,
677,107,gray,small,metal,cylinder,"[325, 113, 12.611660957336426]",558.0,"[325, 94, 14, 37]",cache/1756274412342.png,,,,
678,107,green,small,rubber,sphere,"[135, 199, 9.233292579650879]",943.0,"[113, 179, 22, 41]",cache/1756274412337.png,,,,
679,108,gray,small,rubber,cylinder,"[198, 126, 12.17692756652832]",1230.0,"[182, 106, 31, 38]",cache/1756274610332.png,,,,
680,108,purple,large,rubber,sphere,"[401, 127, 11.160252571105957]",4676.0,"[367, 93, 69, 67]",cache/1756274610317.png,,,,
681,108,green,small,rubber,cube,"[251, 93, 14.4349946975708]",922.0,"[236, 76, 28, 32]",cache/1756274610328.png,,,,
682,108,brown,small,metal,sphere,"[144, 135, 11.692299842834473]",1017.0,"[127, 118, 31, 31]",cache/1756274610323.png,,,,
683,109,gray,small,rubber,cylinder,"[293, 108, 12.99944019317627]",1097.0,"[278, 89, 29, 37]",cache/1756274492470.png,,,,
684,109,yellow,small,rubber,cylinder,"[359, 121, 12.382705688476562]",1333.0,"[342, 101, 33, 40]",cache/1756274492475.png,,,,
685,109,green,large,rubber,sphere,"[96, 118, 11.718942642211914]",4185.0,"[62, 85, 65, 64]",cache/1756274492426.png,,,,
686,109,red,small,metal,cube,"[236, 210, 9.323147773742676]",2722.0,"[211, 181, 47, 56]",cache/1756274492439.png,,,,
687,109,blue,small,rubber,sphere,"[327, 163, 10.727703094482422]",1228.0,"[309, 145, 34, 35]",cache/1756274492450.png,,,,
688,109,blue,small,rubber,sphere,"[189, 186, 9.974364280700684]",1416.0,"[169, 167, 37, 38]",cache/1756274492455.png,,,,
689,109,cyan,large,rubber,sphere,"[262, 71, 14.276768684387207]",2765.0,"[235, 43, 51, 53]",cache/1756274492434.png,,,,
690,109,brown,large,rubber,cube,"[176, 88, 13.204971313476562]",4892.0,"[139, 52, 67, 72]",cache/1756274492445.png,,,,
691,109,yellow,small,rubber,cube,"[209, 260, 8.1715087890625]",4484.0,"[177, 224, 62, 72]",cache/1756274492460.png,,,,
692,109,purple,small,rubber,cylinder,"[393, 139, 11.614873886108398]",1577.0,"[375, 117, 36, 42]",cache/1756274492465.png,,,,
693,110,blue,large,rubber,cylinder,"[317, 140, 10.99891471862793]",6418.0,"[282, 96, 71, 89]",cache/1756274375631.png,,,,
694,110,brown,small,metal,cylinder,"[195, 115, 12.920825004577637]",1100.0,"[179, 96, 29, 37]",cache/1756274375668.png,,,,
695,110,brown,small,rubber,cylinder,"[284, 108, 13.298090934753418]",1031.0,"[269, 89, 28, 35]",cache/1756274375680.png,,,,
696,110,purple,small,metal,cylinder,"[91, 168, 10.69729232788086]",1866.0,"[70, 144, 40, 46]",cache/1756274375608.png,,,,
697,110,red,large,metal,sphere,"[272, 205, 8.910989761352539]",7058.0,"[230, 163, 83, 84]",cache/1756274375690.png,,,,
698,110,brown,small,rubber,sphere,"[137, 179, 10.330385208129883]",1302.0,"[118, 160, 35, 36]",cache/1756274375641.png,,,,
699,110,purple,large,metal,cube,"[370, 120, 11.874695777893066]",6926.0,"[332, 78, 82, 83]",cache/1756274375535.png,,,,
700,110,yellow,small,metal,cylinder,"[134, 123, 12.541354179382324]",1259.0,"[116, 103, 32, 38]",cache/1756274375674.png,,,,
701,110,cyan,large,rubber,sphere,"[61, 127, 11.55176067352295]",4430.0,"[26, 93, 67, 65]",cache/1756274375598.png,,,,
702,110,purple,large,rubber,cylinder,"[236, 73, 14.547760963439941]",3390.0,"[209, 40, 52, 64]",cache/1756274375619.png,,,,
703,111,yellow,large,metal,cube,"[96, 132, 10.689624786376953]",9610.0,"[42, 86, 100, 95]",cache/1756274250152.png,,,,
704,111,cyan,large,rubber,cylinder,"[332, 196, 8.530973434448242]",11304.0,"[286, 138, 95, 118]",cache/1756274250172.png,,,,
705,111,yellow,small,metal,cube,"[243, 84, 14.228005409240723]",1029.0,"[226, 67, 30, 33]",cache/1756274250178.png,,,,
706,111,gray,small,metal,cylinder,"[193, 199, 9.098060607910156]",2359.0,"[171, 171, 42, 55]",cache/1756274250190.png,,,,
707,111,purple,large,rubber,cylinder,"[389, 143, 10.269071578979492]",7604.0,"[352, 95, 79, 95]",cache/1756274250183.png,,,,
708,111,green,large,rubber,sphere,"[172, 89, 12.913382530212402]",3368.0,"[142, 59, 57, 58]",cache/1756274250166.png,,,,
709,111,cyan,large,metal,sphere,"[324, 101, 12.19727897644043]",3820.0,"[293, 69, 61, 61]",cache/1756274250160.png,,,,
710,112,brown,large,rubber,cube,"[194, 147, 10.12316608428955]",10420.0,"[143, 96, 98, 105]",cache/1756274488160.png,,,,
711,112,yellow,small,metal,cube,"[393, 137, 11.32043743133545]",2200.0,"[369, 114, 48, 45]",cache/1756274488155.png,,,,
712,112,red,large,metal,cylinder,"[128, 183, 8.947237014770508]",10293.0,"[79, 128, 92, 111]",cache/1756274488170.png,,,,
713,112,gray,large,metal,cube,"[309, 90, 12.813736915588379]",5636.0,"[273, 51, 72, 78]",cache/1756274488147.png,,,,
714,112,red,large,metal,sphere,"[105, 109, 11.747967720031738]",3914.0,"[71, 77, 64, 60]",cache/1756274488165.png,,,,
715,113,gray,large,rubber,cylinder,"[280, 168, 9.592514038085938]",8364.0,"[240, 117, 80, 103]",cache/1756274346442.png,,,,
716,113,cyan,large,rubber,cube,"[229, 107, 12.214790344238281]",6966.0,"[186, 65, 82, 84]",cache/1756274346430.png,,,,
717,113,green,small,metal,cylinder,"[56, 137, 11.576699256896973]",1634.0,"[36, 115, 38, 42]",cache/1756274346437.png,,,,
718,114,blue,large,rubber,sphere,"[139, 153, 9.92136001586914]",5798.0,"[100, 115, 76, 76]",cache/1756274490484.png,,,,
719,114,gray,small,rubber,cylinder,"[300, 199, 9.140222549438477]",2310.0,"[280, 171, 41, 55]",cache/1756274490498.png,,,,
720,114,brown,small,rubber,cube,"[366, 155, 10.606145858764648]",2542.0,"[340, 129, 50, 50]",cache/1756274490480.png,,,,
721,114,purple,small,rubber,cube,"[259, 225, 8.46633243560791]",2893.0,"[235, 194, 48, 59]",cache/1756274490474.png,,,,
722,114,blue,large,rubber,cylinder,"[186, 121, 11.234116554260254]",5972.0,"[149, 78, 69, 86]",cache/1756274490503.png,,,,
723,114,brown,small,metal,cube,"[230, 85, 14.167243957519531]",1236.0,"[212, 67, 35, 35]",cache/1756274490494.png,,,,
724,114,yellow,small,metal,sphere,"[315, 102, 13.100590705871582]",828.0,"[300, 87, 28, 28]",cache/1756274490489.png,,,,
725,115,red,large,rubber,cylinder,"[131, 112, 12.297981262207031]",5242.0,"[96, 72, 66, 78]",cache/1756274513724.png,,,,
726,115,yellow,small,metal,cylinder,"[256, 182, 10.231954574584961]",1838.0,"[237, 157, 37, 49]",cache/1756274513718.png,,,,
727,115,red,small,metal,cylinder,"[155, 151, 11.327897071838379]",1551.0,"[137, 129, 35, 43]",cache/1756274513728.png,,,,
728,115,red,large,rubber,cylinder,"[321, 198, 9.102998733520508]",9820.0,"[278, 143, 88, 111]",cache/1756274513713.png,,,,
729,116,cyan,small,metal,sphere,"[283, 173, 9.776761054992676]",1457.0,"[263, 154, 38, 38]",cache/1756274423386.png,,,,
730,116,blue,small,rubber,sphere,"[55, 150, 10.585155487060547]",1289.0,"[35, 132, 35, 36]",cache/1756274423425.png,,,,
731,116,yellow,small,metal,cylinder,"[235, 132, 11.343103408813477]",1462.0,"[217, 109, 33, 43]",cache/1756274423442.png,,,,
732,116,red,large,rubber,sphere,"[302, 83, 12.957503318786621]",3337.0,"[273, 53, 57, 58]",cache/1756274423400.png,,,,
733,116,yellow,large,metal,cylinder,"[189, 102, 11.906036376953125]",5238.0,"[155, 61, 64, 80]",cache/1756274423432.png,,,,
734,116,gray,small,metal,cube,"[91, 162, 10.163256645202637]",2872.0,"[63, 135, 53, 53]",cache/1756274423413.png,,,,
735,117,gray,small,rubber,cube,"[172, 152, 10.347837448120117]",1813.0,"[152, 128, 38, 47]",cache/1756274592498.png,,,,
736,117,cyan,small,metal,cylinder,"[145, 122, 11.731584548950195]",1400.0,"[127, 101, 34, 40]",cache/1756274592506.png,,,,
737,117,blue,small,metal,sphere,"[361, 136, 11.041748046875]",1163.0,"[344, 118, 34, 34]",cache/1756274592493.png,,,,
738,117,gray,small,rubber,cube,"[215, 102, 12.84908390045166]",1306.0,"[196, 82, 34, 37]",cache/1756274592502.png,,,,
739,117,yellow,large,rubber,sphere,"[264, 177, 8.73653793334961]",7280.0,"[221, 133, 84, 86]",cache/1756274592480.png,,,,
740,117,brown,small,metal,cube,"[408, 146, 10.611953735351562]",2569.0,"[381, 121, 53, 48]",cache/1756274592488.png,,,,
741,118,green,small,metal,sphere,"[167, 122, 12.39118766784668]",911.0,"[151, 106, 30, 30]",cache/1756274323578.png,,,,
742,118,blue,small,rubber,cube,"[98, 139, 11.62906551361084]",1842.0,"[77, 116, 40, 45]",cache/1756274323583.png,,,,
743,118,brown,small,rubber,cube,"[167, 181, 10.067529678344727]",1999.0,"[146, 156, 39, 50]",cache/1756274323588.png,,,,
744,118,cyan,small,metal,sphere,"[432, 161, 10.76796817779541]",1298.0,"[413, 143, 37, 34]",cache/1756274323572.png,,,,
745,119,gray,large,rubber,cube,"[177, 166, 9.290718078613281]",9805.0,"[126, 114, 93, 105]",cache/1756274251752.png,,,,
746,119,purple,small,metal,cylinder,"[228, 82, 13.868575096130371]",813.0,"[214, 64, 27, 29]",cache/1756274251771.png,,,,
747,119,purple,small,rubber,sphere,"[156, 119, 11.8540620803833]",9805.0,"[126, 114, 93, 105]",cache/1756274251752.png,,,,
748,119,purple,large,rubber,cube,"[251, 123, 10.819305419921875]",7295.0,"[210, 78, 79, 92]",cache/1756274251757.png,,,,
749,119,red,small,metal,cube,"[339, 168, 9.90866756439209]",2467.0,"[314, 143, 48, 50]",cache/1756274251745.png,,,,
750,119,blue,large,metal,sphere,"[284, 79, 13.079360008239746]",7295.0,"[210, 78, 79, 92]",cache/1756274251757.png,,,,
751,120,green,large,metal,sphere,"[194, 217, 8.244702339172363]",8295.0,"[148, 171, 90, 91]",cache/1756274432323.png,,,,
752,120,gray,small,rubber,cylinder,"[140, 122, 12.112781524658203]",1364.0,"[122, 101, 33, 40]",cache/1756274432341.png,,,,
753,120,purple,small,rubber,cube,"[266, 166, 10.33992862701416]",2343.0,"[242, 140, 45, 51]",cache/1756274432329.png,,,,
754,120,purple,large,rubber,cylinder,"[378, 174, 9.405463218688965]",9723.0,"[334, 121, 90, 106]",cache/1756274432335.png,,,,
755,121,green,small,rubber,sphere,"[379, 140, 11.342690467834473]",719.0,"[374, 123, 21, 33]",cache/1756274271609.png,,,,
756,121,blue,large,metal,cylinder,"[306, 104, 12.31751823425293]",4988.0,"[274, 65, 64, 77]",cache/1756274271604.png,,,,
757,121,purple,large,metal,sphere,"[202, 112, 11.852255821228027]",12405.0,"[170, 80, 90, 136]",cache/1756274271580.png,,,,
758,121,purple,small,rubber,cube,"[135, 146, 11.073164939880371]",1675.0,"[114, 124, 38, 43]",cache/1756274271594.png,,,,
759,121,cyan,small,metal,cylinder,"[262, 87, 14.383566856384277]",849.0,"[248, 70, 26, 32]",cache/1756274271614.png,,,,
760,121,red,small,rubber,cylinder,"[146, 192, 9.417573928833008]",2259.0,"[124, 165, 42, 53]",cache/1756274271599.png,,,,
761,121,blue,large,rubber,sphere,"[349, 152, 10.054915428161621]",5535.0,"[311, 114, 74, 73]",cache/1756274271589.png,,,,
762,121,purple,large,metal,cube,"[217, 164, 9.620987892150879]",12405.0,"[170, 80, 90, 136]",cache/1756274271580.png,,,,
763,122,yellow,small,metal,sphere,"[205, 156, 10.491720199584961]",1261.0,"[186, 138, 35, 35]",cache/1756274437510.png,,,,
764,122,gray,small,metal,cube,"[257, 106, 12.612384796142578]",1651.0,"[236, 85, 39, 41]",cache/1756274437515.png,,,,
765,122,green,large,metal,sphere,"[150, 124, 10.961874961853027]",4687.0,"[115, 89, 68, 68]",cache/1756274437497.png,,,,
766,122,green,large,metal,cube,"[379, 111, 11.545574188232422]",7181.0,"[339, 66, 80, 89]",cache/1756274437505.png,,,,
767,122,yellow,small,rubber,cube,"[193, 91, 13.411331176757812]",1396.0,"[174, 72, 37, 37]",cache/1756274437525.png,,,,
768,122,blue,large,rubber,cylinder,"[234, 67, 13.9427490234375]",3711.0,"[206, 32, 54, 67]",cache/1756274437520.png,,,,
769,123,brown,small,metal,cube,"[331, 108, 12.816227912902832]",1357.0,"[312, 88, 36, 37]",cache/1756274420346.png,,,,
770,123,cyan,large,metal,cylinder,"[269, 100, 12.310708999633789]",4921.0,"[237, 61, 62, 78]",cache/1756274420355.png,,,,
771,123,gray,small,metal,sphere,"[178, 100, 13.227437019348145]",797.0,"[163, 85, 27, 28]",cache/1756274420350.png,,,,
772,123,cyan,large,metal,cube,"[97, 144, 10.363631248474121]",8306.0,"[51, 96, 85, 97]",cache/1756274420332.png,,,,
773,123,brown,small,rubber,cylinder,"[232, 190, 9.511724472045898]",2107.0,"[212, 163, 39, 53]",cache/1756274420360.png,,,,
774,123,gray,small,metal,cube,"[293, 150, 10.87282657623291]",1942.0,"[272, 127, 42, 46]",cache/1756274420341.png,,,,
775,124,blue,small,metal,sphere,"[161, 120, 12.25153923034668]",8170.0,"[129, 113, 80, 102]",cache/1756274276471.png,,,,
776,124,red,small,rubber,cube,"[237, 136, 11.596896171569824]",1410.0,"[220, 114, 33, 41]",cache/1756274276462.png,,,,
777,124,brown,large,metal,cylinder,"[172, 164, 9.868102073669434]",8170.0,"[129, 113, 80, 102]",cache/1756274276471.png,,,,
778,124,cyan,large,rubber,cylinder,"[261, 232, 8.108928680419922]",12240.0,"[214, 169, 95, 128]",cache/1756274276450.png,,,,
779,124,purple,small,rubber,cylinder,"[382, 146, 11.199557304382324]",1705.0,"[363, 123, 38, 44]",cache/1756274276445.png,,,,
780,124,blue,small,rubber,sphere,"[211, 106, 12.945710182189941]",847.0,"[197, 90, 28, 29]",cache/1756274276458.png,,,,
781,125,brown,small,rubber,sphere,"[227, 102, 13.512724876403809]",741.0,"[213, 88, 26, 27]",cache/1756274334102.png,,,,
782,125,purple,small,rubber,cube,"[177, 124, 12.209070205688477]",1009.0,"[160, 104, 33, 30]",cache/1756274334092.png,,,,
783,125,blue,large,metal,cube,"[180, 185, 8.905599594116211]",11454.0,"[131, 129, 98, 116]",cache/1756274334054.png,,,,
784,125,brown,small,rubber,cube,"[374, 146, 11.129202842712402]",1869.0,"[353, 124, 43, 43]",cache/1756274334079.png,,,,
785,125,green,large,rubber,sphere,"[251, 73, 14.568779945373535]",2623.0,"[225, 47, 50, 51]",cache/1756274334075.png,,,,
786,125,blue,large,rubber,cylinder,"[316, 148, 10.234039306640625]",7371.0,"[278, 101, 77, 95]",cache/1756274334069.png,,,,
787,125,green,large,rubber,cube,"[113, 121, 11.484123229980469]",8358.0,"[64, 77, 93, 89]",cache/1756274334063.png,,,,
788,125,purple,large,rubber,sphere,"[343, 102, 12.541258811950684]",3291.0,"[313, 71, 59, 55]",cache/1756274334085.png,,,,
789,126,purple,large,metal,sphere,"[132, 162, 9.272905349731445]",14651.0,"[127, 162, 106, 138]",cache/1756274400752.png,,,,
790,126,blue,large,metal,cylinder,"[183, 229, 7.393642425537109]",14651.0,"[127, 162, 106, 138]",cache/1756274400752.png,,,,
791,126,cyan,small,metal,cylinder,"[251, 198, 8.839224815368652]",2404.0,"[230, 169, 42, 57]",cache/1756274400747.png,,,,
792,126,green,small,metal,cube,"[280, 113, 12.293474197387695]",1252.0,"[263, 93, 32, 38]",cache/1756274400764.png,,,,
793,126,gray,large,rubber,cube,"[57, 138, 10.16401195526123]",8981.0,"[9, 89, 88, 101]",cache/1756274400727.png,,,,
794,126,green,small,rubber,cylinder,"[305, 132, 11.318022727966309]",1468.0,"[288, 110, 34, 42]",cache/1756274400760.png,,,,
795,126,yellow,small,metal,cylinder,"[227, 98, 13.180646896362305]",1030.0,"[212, 80, 29, 35]",cache/1756274400734.png,,,,
796,126,gray,small,rubber,cylinder,"[377, 167, 9.835548400878906]",2131.0,"[356, 141, 42, 50]",cache/1756274400740.png,,,,
797,126,red,small,metal,cube,"[169, 143, 10.8096923828125]",1790.0,"[151, 119, 39, 44]",cache/1756274400769.png,,,,
798,127,purple,large,rubber,cylinder,"[221, 95, 12.356038093566895]",4814.0,"[189, 56, 61, 78]",cache/1756274277799.png,,,,
799,127,cyan,large,metal,cylinder,"[177, 128, 10.89328670501709]",6558.0,"[139, 83, 72, 90]",cache/1756274277788.png,,,,
800,127,green,large,rubber,cube,"[414, 143, 10.336607933044434]",10592.0,"[364, 94, 106, 99]",cache/1756274277759.png,,,,
801,127,red,small,metal,sphere,"[296, 91, 13.461071014404297]",763.0,"[281, 76, 27, 27]",cache/1756274277771.png,,,,
802,127,gray,large,rubber,cylinder,"[253, 254, 7.478935241699219]",13861.0,"[201, 185, 103, 133]",cache/1756274277781.png,,,,
803,127,blue,large,rubber,cylinder,"[293, 174, 9.323522567749023]",8870.0,"[253, 121, 83, 106]",cache/1756274277793.png,,,,
804,127,blue,small,metal,cylinder,"[79, 133, 11.438058853149414]",1651.0,"[59, 111, 38, 43]",cache/1756274277776.png,,,,
805,127,blue,small,metal,cylinder,"[125, 211, 8.961454391479492]",2660.0,"[101, 182, 46, 57]",cache/1756274277766.png,,,,
806,128,cyan,small,metal,cube,"[161, 135, 11.760842323303223]",1407.0,"[142, 115, 34, 40]",cache/1756274318625.png,,,,
807,128,red,large,metal,cube,"[228, 93, 13.247076988220215]",5348.0,"[192, 56, 71, 74]",cache/1756274318634.png,,,,
808,128,gray,small,metal,cube,"[422, 159, 10.701735496520996]",2353.0,"[397, 134, 47, 49]",cache/1756274318630.png,,,,
809,129,red,large,rubber,cylinder,"[325, 116, 11.390563011169434]",5939.0,"[291, 74, 70, 84]",cache/1756274380857.png,,,,
810,129,red,small,rubber,sphere,"[395, 177, 9.755483627319336]",1465.0,"[375, 158, 38, 37]",cache/1756274380852.png,,,,
811,129,red,large,metal,sphere,"[160, 91, 12.745325088500977]",2833.0,"[129, 61, 58, 48]",cache/1756274380846.png,,,,
812,129,gray,large,metal,sphere,"[253, 104, 12.034339904785156]",4982.0,"[235, 43, 68, 72]",cache/1756274380862.png,,,,
813,129,cyan,small,metal,sphere,"[408, 153, 10.615063667297363]",1265.0,"[389, 135, 36, 34]",cache/1756274380841.png,,,,
814,129,cyan,large,rubber,cube,"[270, 79, 13.516244888305664]",4982.0,"[235, 43, 68, 72]",cache/1756274380862.png,,,,
815,129,brown,small,metal,cylinder,"[314, 208, 8.848196983337402]",2555.0,"[291, 179, 44, 57]",cache/1756274380869.png,,,,
816,129,gray,small,metal,cylinder,"[233, 142, 11.060174942016602]",1100.0,"[224, 120, 25, 43]",cache/1756274380879.png,,,,
817,129,blue,large,metal,cube,"[178, 149, 10.02841854095459]",10277.0,"[129, 98, 97, 105]",cache/1756274380833.png,,,,
818,130,purple,large,rubber,cube,"[212, 99, 12.368085861206055]",6336.0,"[171, 58, 77, 81]",cache/1756274606335.png,,,,
819,130,yellow,small,metal,cube,"[147, 218, 8.768770217895508]",3739.0,"[116, 186, 58, 63]",cache/1756274606349.png,,,,
820,130,brown,large,rubber,cylinder,"[313, 150, 10.135933876037598]",7602.0,"[276, 101, 77, 97]",cache/1756274606354.png,,,,
821,130,red,large,rubber,cylinder,"[81, 139, 10.521870613098145]",7739.0,"[37, 93, 82, 93]",cache/1756274606343.png,,,,
822,130,brown,large,metal,cylinder,"[356, 120, 11.319672584533691]",5988.0,"[324, 77, 69, 86]",cache/1756274606371.png,,,,
823,130,green,small,rubber,cylinder,"[141, 124, 11.943243026733398]",1367.0,"[123, 103, 33, 40]",cache/1756274606366.png,,,,
824,130,brown,small,rubber,cube,"[177, 180, 9.840021133422852]",2680.0,"[151, 152, 49, 53]",cache/1756274606361.png,,,,
825,131,gray,large,metal,sphere,"[298, 171, 9.290586471557617]",6454.0,"[257, 130, 80, 80]",cache/1756274557750.png,,,,
826,131,brown,small,metal,cube,"[177, 112, 12.587763786315918]",1373.0,"[159, 92, 34, 39]",cache/1756274557767.png,,,,
827,131,red,small,metal,cube,"[125, 133, 11.526782035827637]",2092.0,"[101, 110, 46, 45]",cache/1756274557762.png,,,,
828,131,purple,large,rubber,cube,"[172, 219, 7.957375526428223]",16186.0,"[106, 154, 121, 133]",cache/1756274557705.png,,,,
829,131,red,small,rubber,sphere,"[216, 152, 10.695206642150879]",1135.0,"[198, 134, 34, 33]",cache/1756274557772.png,,,,
830,131,gray,small,rubber,cube,"[62, 142, 11.124201774597168]",2333.0,"[35, 119, 50, 46]",cache/1756274557756.png,,,,
831,132,yellow,small,metal,cube,"[287, 101, 14.022794723510742]",978.0,"[272, 84, 29, 33]",cache/1756274403074.png,,,,
832,132,blue,small,metal,sphere,"[223, 224, 8.638080596923828]",1873.0,"[201, 202, 43, 43]",cache/1756274403082.png,,,,
833,132,green,large,metal,cube,"[136, 124, 11.656310081481934]",6190.0,"[98, 82, 72, 85]",cache/1756274403087.png,,,,
834,132,green,large,metal,cube,"[188, 163, 9.898627281188965]",11123.0,"[134, 111, 103, 107]",cache/1756274403092.png,,,,
835,133,blue,small,metal,sphere,"[249, 171, 10.14967155456543]",1357.0,"[230, 152, 36, 36]",cache/1756274548096.png,,,,
836,133,brown,small,metal,cylinder,"[284, 90, 13.595927238464355]",1005.0,"[269, 72, 28, 35]",cache/1756274548106.png,,,,
837,133,yellow,large,metal,sphere,"[381, 114, 11.554884910583496]",4303.0,"[348, 80, 66, 64]",cache/1756274548091.png,,,,
838,133,red,large,metal,sphere,"[210, 96, 12.388954162597656]",3619.0,"[179, 65, 59, 60]",cache/1756274548083.png,,,,
839,133,red,large,metal,sphere,"[348, 188, 8.984722137451172]",6961.0,"[306, 147, 84, 82]",cache/1756274548101.png,,,,
840,134,yellow,small,rubber,cube,"[309, 162, 10.831755638122559]",2150.0,"[287, 137, 45, 47]",cache/1756274591127.png,,,,
841,134,cyan,large,metal,sphere,"[354, 115, 12.028956413269043]",3955.0,"[322, 83, 63, 62]",cache/1756274591107.png,,,,
842,134,red,large,rubber,sphere,"[266, 76, 14.22832202911377]",2740.0,"[240, 49, 51, 53]",cache/1756274591121.png,,,,
843,134,gray,small,rubber,cylinder,"[230, 230, 8.810309410095215]",2540.0,"[208, 200, 43, 58]",cache/1756274591147.png,,,,
844,134,gray,large,rubber,cube,"[201, 82, 13.856447219848633]",5407.0,"[163, 45, 73, 73]",cache/1756274591141.png,,,,
845,134,green,large,metal,sphere,"[89, 124, 11.589208602905273]",4333.0,"[55, 91, 66, 65]",cache/1756274591115.png,,,,
846,134,brown,large,metal,cylinder,"[145, 98, 12.91935920715332]",4621.0,"[112, 60, 62, 74]",cache/1756274591135.png,,,,
847,135,green,large,metal,cube,"[127, 155, 9.607915878295898]",12287.0,"[68, 101, 111, 110]",cache/1756274586294.png,,,,
848,135,red,small,rubber,cylinder,"[277, 112, 12.248598098754883]",1234.0,"[261, 92, 31, 39]",cache/1756274586305.png,,,,
849,135,yellow,small,metal,cube,"[229, 193, 9.095937728881836]",3064.0,"[202, 164, 52, 58]",cache/1756274586287.png,,,,
850,135,blue,small,rubber,sphere,"[381, 155, 10.361140251159668]",1360.0,"[363, 136, 36, 36]",cache/1756274586300.png,,,,
851,136,blue,large,rubber,cube,"[196, 190, 8.790974617004395]",14031.0,"[139, 131, 113, 124]",cache/1756274331398.png,,,,
852,136,gray,large,rubber,sphere,"[413, 133, 10.843489646911621]",5059.0,"[378, 97, 72, 70]",cache/1756274331409.png,,,,
853,136,blue,small,metal,cube,"[142, 156, 10.690217018127441]",1847.0,"[120, 133, 40, 45]",cache/1756274331413.png,,,,
854,137,brown,small,metal,sphere,"[226, 103, 12.660521507263184]",850.0,"[211, 87, 28, 29]",cache/1756274413795.png,,,,
855,137,gray,small,metal,sphere,"[269, 214, 8.358262062072754]",1835.0,"[251, 191, 40, 45]",cache/1756274413826.png,,,,
856,137,green,small,rubber,sphere,"[396, 152, 10.315079689025879]",1344.0,"[377, 133, 36, 36]",cache/1756274413790.png,,,,
857,137,red,small,metal,sphere,"[127, 130, 11.250073432922363]",5602.0,"[124, 126, 81, 69]",cache/1756274413800.png,,,,
858,137,purple,small,metal,cube,"[70, 146, 10.556588172912598]",2355.0,"[43, 122, 50, 46]",cache/1756274413779.png,,,,
859,137,blue,small,rubber,sphere,"[341, 172, 9.590705871582031]",1528.0,"[321, 152, 38, 39]",cache/1756274413806.png,,,,
860,137,cyan,large,rubber,cube,"[193, 224, 7.492444038391113]",22460.0,"[134, 155, 156, 143]",cache/1756274413818.png,,,,
861,137,yellow,small,metal,sphere,"[349, 117, 11.869479179382324]",990.0,"[333, 101, 31, 31]",cache/1756274413833.png,,,,
862,137,red,large,metal,cube,"[286, 95, 12.121149063110352]",6973.0,"[244, 54, 83, 83]",cache/1756274413769.png,,,,
863,137,yellow,large,rubber,sphere,"[166, 168, 8.985734939575195]",22460.0,"[134, 155, 156, 143]",cache/1756274413818.png,,,,
864,138,red,small,metal,sphere,"[206, 163, 10.302353858947754]",1281.0,"[188, 144, 35, 36]",cache/1756274487367.png,,,,
865,138,blue,large,metal,sphere,"[317, 107, 12.079082489013672]",3886.0,"[286, 75, 62, 62]",cache/1756274487362.png,,,,
866,138,yellow,small,rubber,cube,"[264, 111, 12.784337043762207]",1394.0,"[245, 91, 36, 38]",cache/1756274487380.png,,,,
867,138,purple,large,rubber,cylinder,"[91, 134, 10.70187759399414]",12848.0,"[88, 131, 105, 121]",cache/1756274487356.png,,,,
868,138,green,small,rubber,sphere,"[378, 131, 11.694429397583008]",1042.0,"[361, 114, 32, 32]",cache/1756274487376.png,,,,
869,138,brown,large,rubber,cube,"[141, 189, 8.672039031982422]",12848.0,"[88, 131, 105, 121]",cache/1756274487356.png,,,,
870,139,purple,small,metal,cube,"[237, 115, 12.0906400680542]",1772.0,"[215, 93, 41, 42]",cache/1756274377654.png,,,,
871,139,purple,large,metal,sphere,"[74, 122, 10.833200454711914]",7857.0,"[37, 86, 71, 109]",cache/1756274377645.png,,,,
872,139,blue,small,metal,cylinder,"[84, 171, 9.67314338684082]",7857.0,"[37, 86, 71, 109]",cache/1756274377645.png,,,,
873,139,cyan,small,metal,cylinder,"[205, 99, 13.0323486328125]",1052.0,"[189, 80, 29, 35]",cache/1756274377668.png,,,,
874,139,gray,large,metal,sphere,"[144, 188, 8.408170700073242]",7991.0,"[98, 143, 89, 89]",cache/1756274377635.png,,,,
875,139,cyan,small,metal,cylinder,"[342, 150, 10.456232070922852]",1848.0,"[322, 125, 39, 47]",cache/1756274377662.png,,,,
876,140,cyan,small,rubber,cylinder,"[96, 169, 10.818580627441406]",1821.0,"[75, 145, 39, 46]",cache/1756274507765.png,,,,
877,140,green,large,metal,cylinder,"[261, 223, 8.513533592224121]",10952.0,"[216, 164, 90, 120]",cache/1756274507759.png,,,,
878,140,red,large,metal,cube,"[137, 118, 12.203897476196289]",6344.0,"[94, 78, 82, 77]",cache/1756274507740.png,,,,
879,140,purple,small,rubber,cylinder,"[225, 121, 12.938575744628906]",1090.0,"[209, 101, 29, 37]",cache/1756274507770.png,,,,
880,140,red,large,metal,cube,"[288, 168, 10.12629508972168]",8942.0,"[244, 118, 93, 95]",cache/1756274507748.png,,,,
881,140,brown,large,rubber,cylinder,"[160, 195, 9.258661270141602]",9325.0,"[114, 142, 85, 108]",cache/1756274507775.png,,,,
882,140,green,large,rubber,cylinder,"[377, 127, 11.797131538391113]",5916.0,"[343, 85, 71, 82]",cache/1756274507753.png,,,,
883,141,purple,large,metal,sphere,"[150, 112, 12.265884399414062]",3733.0,"[118, 81, 61, 60]",cache/1756274318258.png,,,,
884,141,blue,small,metal,cube,"[174, 214, 9.135810852050781]",2728.0,"[150, 185, 47, 57]",cache/1756274318265.png,,,,
885,141,cyan,small,metal,cylinder,"[335, 195, 9.68331241607666]",2195.0,"[314, 168, 41, 52]",cache/1756274318270.png,,,,
886,141,gray,small,rubber,cube,"[94, 159, 10.951496124267578]",2308.0,"[68, 135, 48, 47]",cache/1756274318275.png,,,,
887,142,purple,large,metal,sphere,"[412, 148, 9.854511260986328]",5983.0,"[373, 110, 79, 75]",cache/1756274535270.png,,,,
888,142,cyan,small,rubber,cube,"[270, 183, 9.410229682922363]",2484.0,"[246, 156, 46, 53]",cache/1756274535265.png,,,,
889,142,cyan,small,metal,cube,"[327, 125, 11.66847038269043]",2002.0,"[304, 103, 45, 44]",cache/1756274535276.png,,,,
890,142,green,small,metal,cylinder,"[138, 116, 12.140670776367188]",1307.0,"[120, 95, 33, 39]",cache/1756274535280.png,,,,
891,142,brown,large,rubber,cylinder,"[282, 91, 12.605698585510254]",4591.0,"[251, 53, 60, 75]",cache/1756274535290.png,,,,
892,142,yellow,large,rubber,sphere,"[145, 180, 8.815690040588379]",7187.0,"[102, 137, 85, 84]",cache/1756274535259.png,,,,
893,142,blue,small,metal,cylinder,"[236, 147, 10.697561264038086]",1624.0,"[218, 123, 35, 45]",cache/1756274535285.png,,,,
894,143,brown,large,metal,cylinder,"[381, 158, 10.229366302490234]",8104.0,"[340, 110, 83, 97]",cache/1756274394515.png,,,,
895,143,yellow,small,rubber,cube,"[236, 130, 12.144227027893066]",1285.0,"[220, 109, 32, 40]",cache/1756274394493.png,,,,
896,143,blue,small,rubber,sphere,"[439, 155, 11.071232795715332]",1227.0,"[421, 138, 35, 34]",cache/1756274394504.png,,,,
897,143,purple,small,rubber,cylinder,"[310, 106, 13.347369194030762]",1062.0,"[294, 87, 29, 36]",cache/1756274394498.png,,,,
898,143,purple,small,rubber,cylinder,"[94, 141, 11.648295402526855]",1548.0,"[75, 119, 36, 42]",cache/1756274394509.png,,,,
899,143,brown,small,metal,cube,"[154, 119, 12.642914772033691]",1267.0,"[137, 99, 32, 39]",cache/1756274394486.png,,,,
900,143,cyan,large,metal,sphere,"[181, 210, 8.685542106628418]",7497.0,"[137, 167, 86, 87]",cache/1756274394478.png,,,,
901,144,brown,large,metal,sphere,"[255, 219, 8.116168022155762]",8594.0,"[209, 172, 91, 93]",cache/1756274616198.png,,,,
902,144,cyan,small,rubber,cube,"[228, 82, 13.976381301879883]",1323.0,"[209, 63, 36, 36]",cache/1756274616220.png,,,,
903,144,yellow,large,rubber,sphere,"[178, 120, 11.158584594726562]",4470.0,"[144, 86, 66, 67]",cache/1756274616209.png,,,,
904,144,purple,small,metal,sphere,"[126, 118, 12.045568466186523]",781.0,"[110, 102, 31, 24]",cache/1756274616215.png,,,,
905,144,brown,large,metal,cube,"[118, 179, 9.107259750366211]",12740.0,"[61, 122, 107, 118]",cache/1756274616189.png,,,,
906,144,green,small,metal,sphere,"[76, 151, 10.715136528015137]",12740.0,"[61, 122, 107, 118]",cache/1756274616189.png,,,,
907,144,gray,large,rubber,cylinder,"[275, 76, 13.404211044311523]",4136.0,"[246, 40, 58, 71]",cache/1756274616226.png,,,,
908,144,brown,large,rubber,cylinder,"[390, 154, 9.889822006225586]",8809.0,"[348, 104, 87, 100]",cache/1756274616203.png,,,,
909,145,green,small,metal,sphere,"[290, 178, 10.300877571105957]",1322.0,"[271, 159, 36, 36]",cache/1756274421109.png,,,,
910,145,gray,small,metal,cube,"[265, 137, 11.800328254699707]",1456.0,"[246, 116, 34, 41]",cache/1756274421119.png,,,,
911,145,red,large,rubber,cylinder,"[302, 90, 13.302117347717285]",4271.0,"[273, 54, 58, 72]",cache/1756274421114.png,,,,
912,146,gray,small,metal,cube,"[275, 104, 13.080471992492676]",5433.0,"[222, 41, 67, 80]",cache/1756274258992.png,,,,
913,146,red,small,rubber,cylinder,"[211, 255, 7.759524822235107]",3294.0,"[186, 221, 49, 67]",cache/1756274258967.png,,,,
914,146,red,small,metal,sphere,"[416, 170, 10.057035446166992]",1451.0,"[396, 151, 38, 37]",cache/1756274258956.png,,,,
915,146,yellow,small,metal,sphere,"[146, 116, 12.374677658081055]",923.0,"[130, 101, 30, 30]",cache/1756274258982.png,,,,
916,146,purple,small,metal,cylinder,"[310, 185, 9.558525085449219]",2155.0,"[289, 158, 41, 52]",cache/1756274258972.png,,,,
917,146,cyan,small,rubber,cube,"[348, 156, 10.593600273132324]",2364.0,"[325, 130, 46, 50]",cache/1756274258977.png,,,,
918,146,gray,large,metal,cylinder,"[250, 75, 13.980701446533203]",5433.0,"[222, 41, 67, 80]",cache/1756274258992.png,,,,
919,146,gray,small,metal,sphere,"[160, 142, 11.150629043579102]",1107.0,"[143, 125, 33, 33]",cache/1756274258987.png,,,,
920,146,brown,large,rubber,cylinder,"[90, 118, 11.404114723205566]",6393.0,"[50, 76, 75, 84]",cache/1756274258962.png,,,,
921,147,red,small,metal,sphere,"[302, 156, 10.40904426574707]",1283.0,"[284, 137, 35, 35]",cache/1756274511824.png,,,,
922,147,purple,large,rubber,cylinder,"[202, 223, 7.856787204742432]",12876.0,"[151, 159, 98, 130]",cache/1756274511815.png,,,,
923,147,red,small,metal,cylinder,"[262, 176, 9.714876174926758]",2013.0,"[242, 150, 38, 51]",cache/1756274511829.png,,,,
924,147,cyan,large,metal,cube,"[133, 100, 11.998181343078613]",6520.0,"[93, 58, 77, 84]",cache/1756274511806.png,,,,
925,148,brown,large,metal,sphere,"[67, 131, 10.770221710205078]",5045.0,"[29, 96, 72, 69]",cache/1756274525344.png,,,,
926,148,blue,large,metal,cylinder,"[286, 125, 11.046112060546875]",6135.0,"[251, 82, 70, 87]",cache/1756274525380.png,,,,
927,148,gray,small,rubber,sphere,"[364, 166, 10.175727844238281]",1403.0,"[345, 146, 37, 37]",cache/1756274525397.png,,,,
928,148,red,small,metal,cylinder,"[189, 110, 12.743021965026855]",1124.0,"[173, 90, 30, 37]",cache/1756274525416.png,,,,
929,148,blue,large,rubber,sphere,"[263, 205, 8.269095420837402]",8191.0,"[217, 159, 89, 91]",cache/1756274525356.png,,,,
930,148,blue,large,rubber,sphere,"[194, 167, 9.394989967346191]",6305.0,"[154, 127, 78, 79]",cache/1756274525366.png,,,,
931,149,green,large,rubber,sphere,"[361, 146, 10.70166301727295]",5019.0,"[326, 111, 70, 70]",cache/1756274254661.png,,,,
932,149,cyan,large,rubber,sphere,"[279, 90, 13.266400337219238]",3164.0,"[251, 61, 55, 56]",cache/1756274254677.png,,,,
933,149,gray,large,rubber,cube,"[121, 167, 9.987041473388672]",11468.0,"[67, 114, 104, 110]",cache/1756274254671.png,,,,
934,149,purple,large,metal,sphere,"[209, 96, 12.909634590148926]",2373.0,"[180, 67, 55, 42]",cache/1756274254688.png,,,,
935,149,cyan,large,rubber,cube,"[224, 131, 11.27824878692627]",7421.0,"[183, 86, 81, 91]",cache/1756274254682.png,,,,
936,149,red,large,rubber,sphere,"[244, 225, 8.408766746520996]",7843.0,"[200, 181, 87, 89]",cache/1756274254666.png,,,,
937,150,green,large,rubber,sphere,"[186, 121, 11.389615058898926]",4261.0,"[152, 88, 64, 65]",cache/1756274471460.png,,,,
938,150,red,large,metal,cube,"[398, 150, 10.073390007019043]",11337.0,"[345, 100, 109, 103]",cache/1756274471453.png,,,,
939,150,green,large,metal,cube,"[311, 98, 12.767810821533203]",6131.0,"[273, 60, 79, 77]",cache/1756274471471.png,,,,
940,150,green,large,metal,cube,"[265, 130, 10.938660621643066]",8673.0,"[219, 85, 91, 94]",cache/1756274471466.png,,,,
941,151,brown,small,metal,sphere,"[224, 188, 9.78508186340332]",1432.0,"[204, 168, 37, 38]",cache/1756274478510.png,,,,
942,151,brown,small,rubber,sphere,"[140, 116, 12.674713134765625]",871.0,"[125, 101, 29, 29]",cache/1756274478505.png,,,,
943,151,cyan,small,rubber,cylinder,"[299, 126, 12.181405067443848]",1301.0,"[282, 105, 32, 40]",cache/1756274478515.png,,,,
944,151,green,small,rubber,cube,"[288, 223, 8.809285163879395]",2780.0,"[263, 194, 48, 57]",cache/1756274478495.png,,,,
945,151,red,small,metal,cube,"[71, 147, 11.235432624816895]",1775.0,"[50, 125, 39, 44]",cache/1756274478490.png,,,,
946,151,yellow,small,rubber,cube,"[353, 170, 10.369697570800781]",2229.0,"[330, 146, 46, 48]",cache/1756274478500.png,,,,
947,152,brown,small,metal,cylinder,"[247, 95, 13.638158798217773]",4474.0,"[246, 89, 66, 67]",cache/1756274569546.png,,,,
948,152,cyan,small,metal,sphere,"[77, 162, 10.307641983032227]",1406.0,"[57, 143, 37, 37]",cache/1756274569540.png,,,,
949,152,yellow,large,metal,sphere,"[280, 123, 11.15689754486084]",4474.0,"[246, 89, 66, 67]",cache/1756274569546.png,,,,
950,152,blue,small,rubber,cylinder,"[318, 170, 10.045455932617188]",1945.0,"[298, 144, 39, 49]",cache/1756274569565.png,,,,
951,152,blue,small,rubber,cube,"[125, 197, 9.157066345214844]",3196.0,"[98, 167, 53, 59]",cache/1756274569532.png,,,,
952,152,brown,large,rubber,sphere,"[199, 167, 9.414602279663086]",6232.0,"[159, 127, 78, 79]",cache/1756274569570.png,,,,
953,152,green,small,metal,sphere,"[348, 117, 12.316167831420898]",882.0,"[332, 101, 28, 30]",cache/1756274569554.png,,,,
954,152,purple,small,rubber,cylinder,"[232, 220, 8.52172565460205]",2684.0,"[208, 190, 44, 59]",cache/1756274569560.png,,,,
955,152,red,large,metal,cylinder,"[394, 133, 10.713696479797363]",7291.0,"[355, 88, 80, 90]",cache/1756274569576.png,,,,
956,152,brown,small,metal,sphere,"[184, 128, 11.793111801147461]",807.0,"[167, 111, 31, 25]",cache/1756274569581.png,,,,
957,153,green,large,rubber,sphere,"[270, 83, 13.16389274597168]",3171.0,"[241, 53, 54, 58]",cache/1756274278449.png,,,,
958,153,blue,large,metal,cylinder,"[364, 179, 9.087273597717285]",10229.0,"[319, 125, 92, 110]",cache/1756274278454.png,,,,
959,153,blue,large,metal,cylinder,"[316, 113, 11.565315246582031]",5849.0,"[282, 71, 69, 84]",cache/1756274278461.png,,,,
960,154,blue,large,rubber,cylinder,"[220, 206, 8.684664726257324]",10361.0,"[174, 148, 88, 116]",cache/1756274382910.png,,,,
961,154,purple,large,rubber,cylinder,"[132, 140, 10.900312423706055]",6787.0,"[92, 96, 75, 90]",cache/1756274382915.png,,,,
962,154,blue,small,metal,sphere,"[311, 180, 10.13737678527832]",1396.0,"[292, 161, 37, 37]",cache/1756274382904.png,,,,
963,155,red,large,rubber,cube,"[313, 93, 13.195035934448242]",5790.0,"[274, 56, 77, 75]",cache/1756274612996.png,,,,
964,155,blue,large,metal,sphere,"[138, 108, 12.267024993896484]",3750.0,"[107, 76, 61, 61]",cache/1756274612977.png,,,,
965,155,blue,large,metal,cylinder,"[229, 83, 13.95557975769043]",3611.0,"[201, 49, 54, 66]",cache/1756274613002.png,,,,
966,155,blue,large,metal,cube,"[364, 124, 11.402287483215332]",7465.0,"[322, 80, 83, 89]",cache/1756274612990.png,,,,
967,155,blue,small,rubber,cylinder,"[175, 214, 8.764400482177734]",2589.0,"[151, 185, 44, 58]",cache/1756274613016.png,,,,
968,155,purple,large,metal,cube,"[296, 179, 9.134171485900879]",13079.0,"[242, 123, 111, 116]",cache/1756274612983.png,,,,
969,155,purple,small,metal,cylinder,"[253, 240, 8.104098320007324]",2977.0,"[228, 208, 46, 63]",cache/1756274613008.png,,,,
970,155,purple,large,metal,sphere,"[84, 150, 10.187520980834961]",5541.0,"[44, 113, 75, 73]",cache/1756274612971.png,,,,
971,156,green,small,rubber,cylinder,"[140, 138, 10.99937629699707]",1253.0,"[121, 115, 36, 34]",cache/1756274308710.png,,,,
972,156,red,large,metal,cylinder,"[265, 157, 9.395394325256348]",8485.0,"[225, 106, 81, 104]",cache/1756274308694.png,,,,
973,156,purple,small,metal,sphere,"[197, 112, 12.272224426269531]",931.0,"[181, 96, 30, 30]",cache/1756274308683.png,,,,
974,156,yellow,large,rubber,sphere,"[359, 111, 11.38833999633789]",4333.0,"[326, 78, 66, 65]",cache/1756274308677.png,,,,
975,156,gray,small,metal,cylinder,"[370, 190, 9.044877052307129]",2512.0,"[347, 162, 45, 55]",cache/1756274308705.png,,,,
976,156,green,large,rubber,cube,"[281, 79, 13.396684646606445]",5113.0,"[243, 42, 74, 68]",cache/1756274308688.png,,,,
977,156,blue,small,metal,cube,"[225, 223, 8.121271133422852]",3827.0,"[196, 190, 57, 67]",cache/1756274308658.png,,,,
978,156,yellow,large,rubber,cube,"[59, 135, 10.272276878356934]",11051.0,"[1, 86, 109, 100]",cache/1756274308671.png,,,,
979,156,red,small,rubber,cylinder,"[412, 157, 10.167217254638672]",2060.0,"[390, 133, 42, 48]",cache/1756274308700.png,,,,
980,156,yellow,large,rubber,sphere,"[143, 191, 8.318253517150879]",8127.0,"[97, 145, 90, 90]",cache/1756274308665.png,,,,
981,157,cyan,small,rubber,cube,"[169, 122, 12.09263801574707]",1370.0,"[152, 101, 33, 40]",cache/1756274380512.png,,,,
982,157,gray,small,rubber,sphere,"[205, 98, 13.453890800476074]",774.0,"[191, 83, 27, 28]",cache/1756274380537.png,,,,
983,157,brown,small,rubber,cylinder,"[139, 153, 10.710285186767578]",1719.0,"[119, 130, 37, 45]",cache/1756274380529.png,,,,
984,157,cyan,large,metal,cylinder,"[339, 183, 8.980450630187988]",10156.0,"[295, 127, 90, 111]",cache/1756274380517.png,,,,
985,157,cyan,large,rubber,cylinder,"[396, 122, 11.219893455505371]",6483.0,"[360, 79, 74, 86]",cache/1756274380523.png,,,,
986,157,red,large,rubber,sphere,"[273, 94, 12.729594230651855]",3415.0,"[244, 64, 58, 58]",cache/1756274380496.png,,,,
987,157,green,small,rubber,cylinder,"[217, 180, 9.768997192382812]",1980.0,"[196, 153, 38, 51]",cache/1756274380507.png,,,,
988,157,blue,small,rubber,cube,"[261, 235, 8.246625900268555]",4191.0,"[230, 200, 60, 68]",cache/1756274380488.png,,,,
989,157,green,large,rubber,cylinder,"[56, 128, 10.953607559204102]",7201.0,"[13, 84, 81, 88]",cache/1756274380501.png,,,,
990,157,brown,small,metal,cylinder,"[336, 115, 12.474358558654785]",1097.0,"[319, 95, 32, 34]",cache/1756274380542.png,,,,
991,158,red,small,rubber,sphere,"[259, 108, 13.305285453796387]",773.0,"[245, 93, 27, 28]",cache/1756274587442.png,,,,
992,158,purple,small,metal,cylinder,"[120, 152, 11.269858360290527]",1608.0,"[100, 129, 36, 43]",cache/1756274587426.png,,,,
993,158,gray,large,metal,sphere,"[176, 88, 13.531767845153809]",3037.0,"[148, 59, 54, 55]",cache/1756274587431.png,,,,
994,158,cyan,small,metal,sphere,"[225, 165, 10.779729843139648]",1055.0,"[207, 147, 33, 31]",cache/1756274587452.png,,,,
995,158,cyan,small,rubber,sphere,"[344, 133, 12.056446075439453]",875.0,"[328, 117, 30, 28]",cache/1756274587468.png,,,,
996,158,green,large,rubber,cylinder,"[195, 223, 8.457597732543945]",11109.0,"[147, 163, 91, 121]",cache/1756274587437.png,,,,
997,158,purple,large,rubber,sphere,"[325, 172, 9.838299751281738]",5767.0,"[287, 134, 75, 75]",cache/1756274587417.png,,,,
998,158,yellow,small,rubber,sphere,"[241, 80, 15.012505531311035]",615.0,"[228, 67, 24, 25]",cache/1756274587447.png,,,,
999,158,gray,large,rubber,cube,"[400, 158, 10.327643394470215]",8692.0,"[358, 109, 87, 99]",cache/1756274587457.png,,,,
1000,158,yellow,small,rubber,sphere,"[154, 125, 12.422740936279297]",914.0,"[139, 109, 29, 30]",cache/1756274587464.png,,,,
1001,159,yellow,small,metal,cylinder,"[230, 163, 10.274670600891113]",1764.0,"[211, 138, 36, 47]",cache/1756274466913.png,,,,
1002,159,blue,large,metal,sphere,"[173, 93, 12.7327299118042]",3504.0,"[143, 62, 59, 59]",cache/1756274466886.png,,,,
1003,159,brown,small,metal,cube,"[334, 126, 11.826587677001953]",1742.0,"[313, 104, 40, 43]",cache/1756274466894.png,,,,
1004,159,brown,large,metal,cylinder,"[186, 224, 7.799152374267578]",13132.0,"[133, 160, 100, 131]",cache/1756274466906.png,,,,
1005,159,purple,small,rubber,cylinder,"[319, 186, 9.487088203430176]",2199.0,"[298, 159, 41, 52]",cache/1756274466900.png,,,,
1006,160,yellow,large,metal,cylinder,"[252, 183, 8.843802452087402]",9755.0,"[208, 128, 86, 113]",cache/1756274362145.png,,,,
1007,160,cyan,small,metal,sphere,"[232, 99, 13.192880630493164]",802.0,"[218, 84, 28, 28]",cache/1756274362135.png,,,,
1008,160,green,small,metal,cube,"[114, 160, 10.329019546508789]",2310.0,"[91, 134, 45, 50]",cache/1756274362139.png,,,,
1009,160,cyan,large,rubber,cube,"[395, 134, 10.544228553771973]",8580.0,"[350, 89, 94, 90]",cache/1756274362123.png,,,,
1010,160,blue,small,metal,cylinder,"[106, 135, 11.340418815612793]",2310.0,"[91, 134, 45, 50]",cache/1756274362139.png,,,,
1011,160,red,large,rubber,cylinder,"[155, 103, 12.00996208190918]",5283.0,"[120, 64, 66, 79]",cache/1756274362150.png,,,,
1012,160,brown,small,rubber,cylinder,"[284, 92, 13.617258071899414]",868.0,"[269, 74, 25, 34]",cache/1756274362170.png,,,,
1013,160,green,large,metal,cube,"[333, 95, 12.472843170166016]",6768.0,"[292, 55, 83, 80]",cache/1756274362114.png,,,,
1014,160,gray,small,rubber,cylinder,"[147, 220, 8.50516128540039]",2861.0,"[122, 189, 47, 60]",cache/1756274362163.png,,,,
1015,160,blue,small,rubber,sphere,"[325, 175, 9.799777030944824]",1472.0,"[305, 155, 37, 38]",cache/1756274362129.png,,,,
1016,161,green,large,metal,cylinder,"[148, 168, 9.84009838104248]",8151.0,"[105, 119, 81, 100]",cache/1756274263234.png,,,,
1017,161,brown,large,rubber,sphere,"[297, 206, 8.627511024475098]",7513.0,"[253, 163, 85, 87]",cache/1756274263198.png,,,,
1018,161,purple,large,metal,sphere,"[244, 91, 13.691950798034668]",2977.0,"[217, 62, 54, 55]",cache/1756274263188.png,,,,
1019,161,green,large,rubber,cube,"[343, 154, 10.348515510559082]",10374.0,"[294, 105, 100, 102]",cache/1756274263204.png,,,,
1020,161,blue,small,rubber,cube,"[150, 125, 12.53477668762207]",8151.0,"[105, 119, 81, 100]",cache/1756274263234.png,,,,
1021,161,cyan,large,metal,sphere,"[190, 132, 11.312552452087402]",4163.0,"[159, 98, 62, 66]",cache/1756274263213.png,,,,
1022,161,green,large,rubber,cylinder,"[74, 142, 10.856313705444336]",6945.0,"[32, 98, 77, 89]",cache/1756274263221.png,,,,
1023,161,gray,small,metal,cylinder,"[207, 204, 9.366662979125977]",2174.0,"[186, 177, 40, 53]",cache/1756274263227.png,,,,
1024,162,blue,large,rubber,cylinder,"[111, 132, 10.637263298034668]",7440.0,"[68, 86, 79, 93]",cache/1756274520524.png,,,,
1025,162,purple,large,metal,cylinder,"[276, 100, 11.971503257751465]",10777.0,"[177, 97, 99, 108]",cache/1756274520518.png,,,,
1026,162,brown,large,rubber,cube,"[228, 150, 10.038043022155762]",10777.0,"[177, 97, 99, 108]",cache/1756274520518.png,,,,
1027,162,yellow,small,metal,cylinder,"[167, 218, 8.794854164123535]",2680.0,"[143, 188, 45, 58]",cache/1756274520541.png,,,,
1028,162,red,large,metal,cube,"[409, 121, 11.049135208129883]",9014.0,"[362, 76, 98, 91]",cache/1756274520512.png,,,,
1029,162,red,small,rubber,cylinder,"[361, 203, 9.151251792907715]",2531.0,"[338, 175, 45, 55]",cache/1756274520536.png,,,,
1030,163,green,small,rubber,cube,"[211, 242, 8.367134094238281]",3459.0,"[184, 209, 53, 65]",cache/1756274489271.png,,,,
1031,163,purple,small,metal,cylinder,"[289, 159, 10.80239200592041]",1632.0,"[271, 136, 35, 45]",cache/1756274489303.png,,,,
1032,163,purple,small,rubber,sphere,"[335, 138, 11.666169166564941]",1014.0,"[318, 121, 31, 32]",cache/1756274489319.png,,,,
1033,163,cyan,small,metal,sphere,"[155, 212, 9.097618103027344]",1728.0,"[134, 191, 41, 42]",cache/1756274489308.png,,,,
1034,163,blue,small,metal,cylinder,"[166, 105, 13.32995891571045]",1060.0,"[150, 86, 29, 35]",cache/1756274489290.png,,,,
1035,163,red,small,metal,cylinder,"[386, 174, 10.269036293029785]",1997.0,"[365, 149, 41, 48]",cache/1756274489313.png,,,,
1036,163,cyan,small,rubber,cube,"[395, 148, 11.250465393066406]",2032.0,"[371, 123, 47, 42]",cache/1756274489323.png,,,,
1037,163,purple,small,rubber,sphere,"[303, 115, 12.789416313171387]",843.0,"[288, 99, 28, 29]",cache/1756274489297.png,,,,
1038,163,blue,large,rubber,sphere,"[247, 112, 12.045443534851074]",3862.0,"[215, 80, 61, 62]",cache/1756274489280.png,,,,
1039,163,red,small,metal,cube,"[111, 178, 10.125493049621582]",2818.0,"[84, 151, 53, 53]",cache/1756274489285.png,,,,
1040,164,brown,small,metal,sphere,"[131, 165, 10.265608787536621]",1327.0,"[112, 146, 36, 36]",cache/1756274379725.png,,,,
1041,164,brown,small,metal,cylinder,"[338, 112, 12.442304611206055]",1262.0,"[321, 92, 32, 38]",cache/1756274379747.png,,,,
1042,164,purple,small,metal,cylinder,"[199, 235, 8.318033218383789]",2881.0,"[175, 204, 46, 62]",cache/1756274379731.png,,,,
1043,164,gray,small,metal,cube,"[243, 128, 11.70262622833252]",1654.0,"[223, 106, 38, 42]",cache/1756274379742.png,,,,
1044,164,cyan,large,metal,cylinder,"[285, 169, 9.440423965454102]",8742.0,"[245, 116, 82, 106]",cache/1756274379736.png,,,,
1045,164,green,large,metal,sphere,"[399, 127, 10.923925399780273]",4870.0,"[364, 92, 70, 68]",cache/1756274379715.png,,,,
1046,165,blue,large,metal,cylinder,"[64, 132, 10.294679641723633]",8145.0,"[18, 85, 86, 94]",cache/1756274411637.png,,,,
1047,165,red,large,metal,cube,"[202, 198, 8.131505966186523]",16829.0,"[136, 134, 124, 135]",cache/1756274411595.png,,,,
1048,165,cyan,large,rubber,sphere,"[137, 108, 11.410491943359375]",4396.0,"[103, 74, 65, 66]",cache/1756274411619.png,,,,
1049,165,red,large,metal,cylinder,"[234, 118, 10.945345878601074]",5691.0,"[198, 74, 69, 81]",cache/1756274411644.png,,,,
1050,165,blue,small,metal,sphere,"[302, 102, 12.679129600524902]",4892.0,"[236, 36, 70, 69]",cache/1756274411626.png,,,,
1051,165,brown,small,metal,cylinder,"[412, 173, 9.574639320373535]",1180.0,"[411, 148, 23, 50]",cache/1756274411650.png,,,,
1052,165,cyan,large,rubber,cube,"[356, 101, 11.786910057067871]",6418.0,"[311, 59, 90, 70]",cache/1756274411612.png,,,,
1053,165,gray,small,metal,cylinder,"[161, 160, 9.997539520263672]",1020.0,"[140, 135, 36, 27]",cache/1756274411655.png,,,,
1054,165,brown,large,rubber,cube,"[357, 173, 8.852322578430176]",16329.0,"[299, 114, 134, 121]",cache/1756274411604.png,,,,
1055,165,brown,large,metal,cube,"[271, 71, 13.674264907836914]",4892.0,"[236, 36, 70, 69]",cache/1756274411626.png,,,,
1056,166,green,large,rubber,cube,"[157, 137, 10.408883094787598]",5240.0,"[117, 91, 78, 66]",cache/1756274589421.png,,,,
1057,166,purple,small,metal,cube,"[246, 88, 14.243403434753418]",1154.0,"[228, 70, 33, 34]",cache/1756274589373.png,,,,
1058,166,red,small,metal,cylinder,"[213, 131, 11.589288711547852]",1334.0,"[196, 110, 32, 41]",cache/1756274589414.png,,,,
1059,166,yellow,large,rubber,cylinder,"[154, 206, 8.048164367675781]",12452.0,"[101, 145, 99, 125]",cache/1756274589406.png,,,,
1060,166,cyan,small,metal,cylinder,"[382, 174, 9.764732360839844]",2198.0,"[360, 148, 43, 50]",cache/1756274589399.png,,,,
1061,166,red,large,metal,cylinder,"[337, 109, 11.814197540283203]",5499.0,"[303, 69, 68, 80]",cache/1756274589365.png,,,,
1062,166,gray,large,metal,cylinder,"[142, 98, 12.495100975036621]",4410.0,"[108, 60, 62, 70]",cache/1756274589428.png,,,,
1063,166,yellow,small,metal,cylinder,"[318, 208, 8.679329872131348]",2668.0,"[295, 178, 45, 58]",cache/1756274589388.png,,,,
1064,166,red,small,metal,cylinder,"[257, 193, 9.110611915588379]",2286.0,"[236, 165, 41, 54]",cache/1756274589380.png,,,,
1065,167,green,small,rubber,sphere,"[281, 95, 13.877827644348145]",722.0,"[267, 81, 26, 27]",cache/1756274488518.png,,,,
1066,167,blue,large,rubber,cylinder,"[216, 98, 12.672436714172363]",4510.0,"[185, 60, 60, 74]",cache/1756274488513.png,,,,
1067,167,red,small,rubber,cube,"[83, 138, 11.429353713989258]",2142.0,"[57, 115, 48, 44]",cache/1756274488502.png,,,,
1068,167,yellow,small,rubber,cylinder,"[155, 160, 10.482507705688477]",1783.0,"[135, 136, 37, 47]",cache/1756274488524.png,,,,
1069,167,red,large,metal,cylinder,"[259, 173, 9.27428150177002]",8774.0,"[218, 120, 82, 106]",cache/1756274488507.png,,,,
1070,167,gray,large,rubber,cylinder,"[437, 138, 10.605502128601074]",7579.0,"[396, 92, 82, 91]",cache/1756274488533.png,,,,
1071,167,purple,large,rubber,cylinder,"[370, 111, 11.924392700195312]",5610.0,"[335, 71, 70, 80]",cache/1756274488528.png,,,,
1072,168,yellow,large,metal,cylinder,"[249, 169, 9.175392150878906]",8973.0,"[207, 116, 83, 107]",cache/1756274248295.png,,,,
1073,168,brown,small,rubber,sphere,"[208, 124, 11.841992378234863]",957.0,"[192, 108, 30, 31]",cache/1756274248320.png,,,,
1074,168,gray,large,metal,sphere,"[313, 131, 10.631023406982422]",4825.0,"[279, 95, 68, 70]",cache/1756274248269.png,,,,
1075,168,red,small,rubber,sphere,"[109, 134, 11.357979774475098]",1095.0,"[92, 117, 33, 33]",cache/1756274248289.png,,,,
1076,168,gray,large,rubber,cube,"[164, 94, 12.587689399719238]",6554.0,"[121, 54, 82, 79]",cache/1756274248301.png,,,,
1077,168,red,small,rubber,cube,"[383, 174, 9.7596435546875]",2995.0,"[356, 146, 54, 55]",cache/1756274248283.png,,,,
1078,168,gray,large,metal,cube,"[439, 142, 10.1665678024292]",9122.0,"[388, 94, 91, 99]",cache/1756274248307.png,,,,
1079,168,gray,large,rubber,cube,"[271, 75, 13.907491683959961]",4263.0,"[240, 41, 62, 67]",cache/1756274248314.png,,,,
1080,168,cyan,small,rubber,sphere,"[155, 207, 8.738457679748535]",1850.0,"[133, 185, 42, 43]",cache/1756274248276.png,,,,
1081,168,gray,small,rubber,sphere,"[233, 99, 13.294527053833008]",778.0,"[219, 84, 27, 28]",cache/1756274248326.png,,,,
1082,169,yellow,small,rubber,cylinder,"[316, 105, 13.142552375793457]",1110.0,"[300, 86, 30, 36]",cache/1756274415121.png,,,,
1083,169,green,large,rubber,cylinder,"[394, 158, 9.798796653747559]",8261.0,"[357, 108, 81, 100]",cache/1756274415114.png,,,,
1084,169,blue,large,rubber,cylinder,"[240, 100, 12.516475677490234]",4591.0,"[209, 62, 60, 75]",cache/1756274415099.png,,,,
1085,169,brown,large,metal,sphere,"[187, 142, 10.409729957580566]",5027.0,"[151, 106, 70, 71]",cache/1756274415062.png,,,,
1086,169,cyan,large,metal,sphere,"[116, 172, 9.31749153137207]",6475.0,"[74, 132, 81, 79]",cache/1756274415071.png,,,,
1087,169,blue,small,rubber,cube,"[210, 262, 7.628597736358643]",4484.0,"[178, 226, 61, 72]",cache/1756274415081.png,,,,
1088,169,cyan,large,rubber,sphere,"[93, 128, 11.048806190490723]",4474.0,"[56, 93, 69, 64]",cache/1756274415106.png,,,,
1089,169,green,large,metal,cube,"[319, 195, 8.622349739074707]",11345.0,"[273, 139, 99, 113]",cache/1756274415035.png,,,,
1090,170,blue,small,rubber,cube,"[295, 95, 13.466415405273438]",1445.0,"[276, 75, 37, 38]",cache/1756274262225.png,,,,
1091,170,green,large,metal,cylinder,"[297, 212, 8.304636001586914]",11593.0,"[251, 152, 94, 123]",cache/1756274262271.png,,,,
1092,170,brown,small,metal,cylinder,"[100, 146, 11.001273155212402]",1655.0,"[79, 123, 36, 45]",cache/1756274262241.png,,,,
1093,170,cyan,small,metal,cylinder,"[223, 165, 10.328340530395508]",1781.0,"[204, 140, 36, 48]",cache/1756274262282.png,,,,
1094,170,red,large,metal,cylinder,"[160, 182, 9.105677604675293]",9686.0,"[113, 128, 88, 110]",cache/1756274262264.png,,,,
1095,170,red,small,rubber,cube,"[242, 108, 12.72038459777832]",1617.0,"[222, 87, 39, 40]",cache/1756274262231.png,,,,
1096,170,purple,large,metal,cylinder,"[377, 158, 9.841693878173828]",8488.0,"[337, 108, 84, 100]",cache/1756274262247.png,,,,
1097,170,green,large,metal,cube,"[442, 134, 10.70447826385498]",7970.0,"[397, 87, 82, 96]",cache/1756274262236.png,,,,
1098,170,purple,small,rubber,sphere,"[148, 132, 11.602083206176758]",576.0,"[132, 115, 31, 18]",cache/1756274262277.png,,,,
1099,170,yellow,small,metal,sphere,"[201, 122, 12.014619827270508]",950.0,"[185, 106, 30, 31]",cache/1756274262287.png,,,,
1100,171,green,large,metal,cylinder,"[301, 146, 10.25056266784668]",7365.0,"[264, 98, 75, 96]",cache/1756274442483.png,,,,
1101,171,green,small,metal,cube,"[123, 117, 12.0980224609375]",1517.0,"[103, 97, 37, 40]",cache/1756274442456.png,,,,
1102,171,brown,small,rubber,cylinder,"[160, 217, 8.895696640014648]",2571.0,"[137, 188, 44, 57]",cache/1756274442477.png,,,,
1103,171,blue,small,metal,sphere,"[423, 149, 10.870390892028809]",1095.0,"[409, 131, 31, 35]",cache/1756274442451.png,,,,
1104,171,blue,large,rubber,cube,"[242, 221, 8.243504524230957]",16082.0,"[184, 155, 118, 135]",cache/1756274442438.png,,,,
1105,171,gray,small,metal,sphere,"[143, 183, 9.791573524475098]",1506.0,"[123, 163, 38, 39]",cache/1756274442467.png,,,,
1106,171,green,large,metal,cylinder,"[374, 181, 9.210442543029785]",10191.0,"[329, 126, 92, 109]",cache/1756274442494.png,,,,
1107,171,red,large,rubber,sphere,"[208, 123, 11.108065605163574]",4509.0,"[174, 88, 66, 67]",cache/1756274442445.png,,,,
1108,171,cyan,large,rubber,cylinder,"[262, 69, 13.719026565551758]",3899.0,"[234, 34, 55, 69]",cache/1756274442489.png,,,,
1109,171,purple,small,rubber,sphere,"[314, 103, 12.75875473022461]",7365.0,"[264, 98, 75, 96]",cache/1756274442483.png,,,,
1110,172,red,small,rubber,cylinder,"[163, 118, 11.709267616271973]",7452.0,"[85, 83, 79, 93]",cache/1756274446316.png,,,,
1111,172,purple,large,rubber,cylinder,"[127, 130, 10.347121238708496]",7452.0,"[85, 83, 79, 93]",cache/1756274446316.png,,,,
1112,172,brown,small,metal,cylinder,"[308, 103, 12.485031127929688]",1197.0,"[292, 83, 31, 38]",cache/1756274446322.png,,,,
1113,172,red,small,rubber,cylinder,"[283, 206, 8.576804161071777]",2614.0,"[260, 176, 44, 58]",cache/1756274446311.png,,,,
1114,172,green,large,metal,sphere,"[361, 162, 9.156752586364746]",6838.0,"[320, 121, 82, 82]",cache/1756274446289.png,,,,
1115,172,brown,small,metal,cube,"[245, 159, 10.018024444580078]",2685.0,"[220, 132, 50, 53]",cache/1756274446306.png,,,,
1116,172,blue,small,metal,sphere,"[185, 250, 7.55892276763916]",2523.0,"[160, 224, 49, 51]",cache/1756274446296.png,,,,
1117,172,gray,small,metal,cube,"[59, 133, 11.046805381774902]",2363.0,"[32, 109, 50, 46]",cache/1756274446301.png,,,,
1118,173,gray,small,rubber,sphere,"[108, 142, 11.046414375305176]",11851.0,"[102, 105, 105, 112]",cache/1756274268595.png,,,,
1119,173,blue,small,rubber,sphere,"[250, 159, 10.384298324584961]",1281.0,"[232, 140, 35, 36]",cache/1756274268601.png,,,,
1120,173,green,large,metal,sphere,"[199, 215, 8.095840454101562]",8572.0,"[152, 168, 91, 93]",cache/1756274268587.png,,,,
1121,173,gray,large,metal,cube,"[157, 159, 9.65954875946045]",11851.0,"[102, 105, 105, 112]",cache/1756274268595.png,,,,
1122,173,red,small,metal,cube,"[385, 183, 9.579859733581543]",3271.0,"[356, 155, 57, 57]",cache/1756274268559.png,,,,
1123,173,purple,large,rubber,cube,"[317, 112, 11.533489227294922]",7220.0,"[275, 68, 88, 81]",cache/1756274268572.png,,,,
1124,173,blue,large,rubber,cube,"[258, 68, 14.111705780029297]",4980.0,"[222, 33, 70, 70]",cache/1756274268580.png,,,,
1125,173,yellow,large,metal,sphere,"[309, 182, 8.952842712402344]",7007.0,"[267, 140, 83, 84]",cache/1756274268565.png,,,,
1126,173,cyan,small,rubber,cylinder,"[148, 107, 12.652325630187988]",810.0,"[131, 87, 30, 26]",cache/1756274268607.png,,,,
1127,174,red,large,rubber,cylinder,"[157, 140, 10.464010238647461]",7017.0,"[117, 95, 75, 92]",cache/1756274253744.png,,,,
1128,174,blue,small,rubber,cube,"[162, 222, 8.476264953613281]",3910.0,"[130, 190, 60, 64]",cache/1756274253729.png,,,,
1129,174,green,small,metal,cube,"[247, 169, 10.122147560119629]",2539.0,"[221, 143, 48, 52]",cache/1756274253724.png,,,,
1130,174,yellow,small,metal,sphere,"[219, 126, 12.010038375854492]",954.0,"[203, 110, 30, 31]",cache/1756274253739.png,,,,
1131,174,green,large,metal,sphere,"[288, 93, 12.96617317199707]",3106.0,"[259, 63, 53, 58]",cache/1756274253734.png,,,,
1132,174,purple,small,metal,sphere,"[83, 142, 11.2318754196167]",1142.0,"[65, 125, 34, 33]",cache/1756274253717.png,,,,
1133,174,purple,large,rubber,cylinder,"[378, 163, 9.578250885009766]",9095.0,"[335, 112, 88, 102]",cache/1756274253754.png,,,,
1134,174,blue,large,rubber,cylinder,"[321, 119, 11.473179817199707]",5875.0,"[286, 77, 70, 83]",cache/1756274253749.png,,,,
1135,175,purple,large,rubber,cube,"[221, 92, 13.55037784576416]",5950.0,"[186, 56, 83, 71]",cache/1756274421487.png,,,,
1136,175,cyan,large,rubber,cube,"[137, 118, 12.03626537322998]",7696.0,"[136, 98, 82, 93]",cache/1756274421474.png,,,,
1137,175,blue,large,metal,cube,"[177, 144, 10.839866638183594]",7696.0,"[136, 98, 82, 93]",cache/1756274421474.png,,,,
1138,175,red,small,rubber,cylinder,"[311, 188, 9.9639892578125]",1979.0,"[292, 162, 39, 50]",cache/1756274421505.png,,,,
1139,175,blue,large,metal,sphere,"[354, 113, 12.3370943069458]",3793.0,"[323, 81, 61, 61]",cache/1756274421481.png,,,,
1140,175,gray,large,rubber,cube,"[407, 156, 10.38807201385498]",10054.0,"[358, 108, 103, 97]",cache/1756274421499.png,,,,
1141,175,purple,small,metal,sphere,"[258, 92, 14.579306602478027]",412.0,"[254, 78, 16, 25]",cache/1756274421511.png,,,,
1142,176,gray,large,metal,cylinder,"[253, 83, 13.197432518005371]",4148.0,"[223, 47, 58, 70]",cache/1756274582034.png,,,,
1143,176,gray,small,rubber,cylinder,"[362, 127, 11.625239372253418]",1334.0,"[344, 105, 32, 41]",cache/1756274582039.png,,,,
1144,176,brown,large,metal,sphere,"[401, 138, 10.252077102661133]",5569.0,"[362, 100, 76, 73]",cache/1756274582029.png,,,,
1145,176,red,small,metal,sphere,"[157, 213, 8.492414474487305]",1954.0,"[135, 190, 44, 44]",cache/1756274582025.png,,,,
1146,177,yellow,small,metal,sphere,"[314, 140, 11.050800323486328]",1146.0,"[296, 122, 33, 34]",cache/1756274349163.png,,,,
1147,177,gray,small,rubber,cylinder,"[280, 238, 8.064973831176758]",3101.0,"[255, 206, 48, 64]",cache/1756274349172.png,,,,
1148,177,gray,large,metal,sphere,"[164, 191, 8.604621887207031]",7660.0,"[119, 147, 87, 87]",cache/1756274349158.png,,,,
1149,177,brown,large,rubber,cube,"[148, 101, 12.039078712463379]",6162.0,"[106, 61, 77, 79]",cache/1756274349153.png,,,,
1150,177,gray,small,rubber,cube,"[227, 88, 13.734086990356445]",1184.0,"[209, 69, 33, 35]",cache/1756274349168.png,,,,
1151,178,yellow,small,metal,cube,"[265, 113, 12.14881420135498]",1288.0,"[248, 93, 32, 39]",cache/1756274572778.png,,,,
1152,178,blue,large,rubber,sphere,"[100, 124, 10.722090721130371]",5002.0,"[63, 88, 71, 69]",cache/1756274572742.png,,,,
1153,178,cyan,large,metal,cube,"[314, 175, 8.878047943115234]",12055.0,"[263, 118, 101, 119]",cache/1756274572766.png,,,,
1154,178,green,large,rubber,sphere,"[208, 107, 11.564377784729004]",4116.0,"[175, 73, 63, 64]",cache/1756274572761.png,,,,
1155,178,yellow,large,rubber,cylinder,"[231, 236, 7.3613691329956055]",14712.0,"[178, 168, 104, 140]",cache/1756274572754.png,,,,
1156,178,red,small,metal,cylinder,"[163, 105, 12.543149948120117]",1169.0,"[146, 86, 30, 37]",cache/1756274572788.png,,,,
1157,178,cyan,small,metal,cylinder,"[396, 158, 10.18281078338623]",1983.0,"[376, 133, 40, 48]",cache/1756274572783.png,,,,
1158,178,brown,small,rubber,sphere,"[380, 181, 9.410670280456543]",1584.0,"[360, 160, 39, 39]",cache/1756274572773.png,,,,
1159,179,green,small,rubber,cylinder,"[210, 156, 11.398438453674316]",1437.0,"[192, 133, 33, 43]",cache/1756274432639.png,,,,
1160,179,gray,small,rubber,cube,"[182, 177, 10.585549354553223]",2361.0,"[158, 151, 46, 50]",cache/1756274432635.png,,,,
1161,179,cyan,large,rubber,cylinder,"[295, 108, 12.871912956237793]",4532.0,"[265, 70, 60, 74]",cache/1756274432630.png,,,,
1162,179,gray,small,metal,sphere,"[158, 136, 12.276801109313965]",928.0,"[142, 120, 30, 30]",cache/1756274432625.png,,,,
1163,179,brown,large,metal,cube,"[276, 190, 9.473816871643066]",11680.0,"[224, 135, 101, 114]",cache/1756274432617.png,,,,
1164,180,green,small,metal,sphere,"[385, 139, 11.127267837524414]",1152.0,"[367, 122, 34, 33]",cache/1756274301269.png,,,,
1165,180,red,small,rubber,cube,"[260, 178, 9.632020950317383]",2347.0,"[234, 150, 41, 56]",cache/1756274301279.png,,,,
1166,180,brown,large,metal,cube,"[320, 200, 8.314720153808594]",15924.0,"[260, 137, 119, 132]",cache/1756274301260.png,,,,
1167,180,green,large,metal,sphere,"[180, 86, 13.029834747314453]",3264.0,"[151, 56, 56, 57]",cache/1756274301274.png,,,,
1168,180,gray,small,rubber,cube,"[351, 120, 12.026792526245117]",1767.0,"[329, 99, 42, 41]",cache/1756274301294.png,,,,
1169,180,green,large,rubber,cylinder,"[67, 136, 10.436105728149414]",7873.0,"[22, 90, 84, 93]",cache/1756274301298.png,,,,
1170,180,green,large,metal,sphere,"[148, 115, 11.39380168914795]",4322.0,"[114, 81, 65, 65]",cache/1756274301284.png,,,,
1171,180,blue,small,metal,cylinder,"[238, 110, 12.594298362731934]",1155.0,"[222, 90, 30, 37]",cache/1756274301289.png,,,,
1172,181,brown,small,metal,cylinder,"[403, 174, 9.927389144897461]",2161.0,"[381, 149, 43, 49]",cache/1756274450916.png,,,,
1173,181,brown,small,rubber,sphere,"[185, 135, 11.529293060302734]",1021.0,"[168, 118, 31, 32]",cache/1756274450906.png,,,,
1174,181,gray,large,rubber,sphere,"[106, 133, 10.771564483642578]",4919.0,"[69, 97, 70, 69]",cache/1756274450896.png,,,,
1175,181,blue,small,rubber,sphere,"[324, 125, 12.02416706085205]",972.0,"[308, 109, 30, 31]",cache/1756274450887.png,,,,
1176,181,brown,small,metal,cube,"[213, 191, 9.370562553405762]",2247.0,"[192, 164, 42, 53]",cache/1756274450881.png,,,,
1177,181,brown,large,metal,cylinder,"[150, 96, 12.684028625488281]",4691.0,"[116, 59, 62, 74]",cache/1756274450925.png,,,,
1178,181,yellow,small,metal,cylinder,"[313, 216, 8.655305862426758]",2709.0,"[290, 186, 45, 58]",cache/1756274450901.png,,,,
1179,181,green,small,rubber,cube,"[218, 98, 13.57476806640625]",1286.0,"[199, 79, 35, 36]",cache/1756274450911.png,,,,
1180,181,green,large,metal,cube,"[266, 79, 13.877403259277344]",4949.0,"[231, 44, 70, 70]",cache/1756274450891.png,,,,
1181,181,yellow,small,rubber,cylinder,"[358, 183, 9.615528106689453]",2216.0,"[337, 157, 42, 52]",cache/1756274450920.png,,,,
1182,182,purple,large,metal,cube,"[201, 152, 10.063263893127441]",9909.0,"[154, 100, 94, 105]",cache/1756274600183.png,,,,
1183,182,red,small,metal,cube,"[227, 228, 8.58913516998291]",3625.0,"[198, 196, 55, 64]",cache/1756274600194.png,,,,
1184,182,brown,large,metal,cube,"[346, 120, 11.266550064086914]",8067.0,"[303, 76, 89, 89]",cache/1756274600176.png,,,,
1185,182,blue,large,metal,sphere,"[120, 189, 8.941611289978027]",7188.0,"[76, 147, 85, 84]",cache/1756274600188.png,,,,
1186,182,blue,small,rubber,cube,"[266, 84, 13.936731338500977]",1076.0,"[249, 66, 30, 34]",cache/1756274600199.png,,,,
1187,183,brown,small,rubber,cube,"[345, 172, 10.25696086883545]",2197.0,"[323, 146, 43, 50]",cache/1756274460785.png,,,,
1188,183,purple,small,rubber,cylinder,"[257, 119, 12.677301406860352]",1128.0,"[242, 99, 29, 37]",cache/1756274460799.png,,,,
1189,183,yellow,small,metal,sphere,"[308, 109, 13.224796295166016]",803.0,"[293, 95, 28, 28]",cache/1756274460780.png,,,,
1190,183,yellow,small,metal,cube,"[372, 138, 11.679217338562012]",1914.0,"[350, 116, 44, 42]",cache/1756274460776.png,,,,
1191,183,yellow,small,metal,sphere,"[234, 160, 10.724918365478516]",1184.0,"[216, 142, 34, 34]",cache/1756274460794.png,,,,
1192,183,green,small,metal,cube,"[140, 148, 11.211820602416992]",1777.0,"[118, 126, 41, 43]",cache/1756274460766.png,,,,
1193,183,brown,large,metal,sphere,"[185, 112, 12.115801811218262]",3776.0,"[153, 80, 61, 61]",cache/1756274460771.png,,,,
1194,183,blue,small,metal,cube,"[294, 182, 9.910360336303711]",2144.0,"[272, 156, 42, 50]",cache/1756274460790.png,,,,
1195,183,purple,small,rubber,cube,"[182, 231, 8.469072341918945]",3838.0,"[151, 198, 58, 65]",cache/1756274460758.png,,,,
1196,184,gray,small,metal,sphere,"[114, 165, 10.095071792602539]",1388.0,"[94, 146, 37, 37]",cache/1756274376990.png,,,,
1197,184,green,large,metal,cube,"[244, 187, 8.725556373596191]",14368.0,"[185, 126, 114, 125]",cache/1756274376976.png,,,,
1198,184,red,small,rubber,sphere,"[292, 117, 12.128969192504883]",949.0,"[276, 101, 30, 31]",cache/1756274376994.png,,,,
1199,184,blue,small,metal,cylinder,"[421, 142, 10.976373672485352]",1826.0,"[401, 119, 40, 45]",cache/1756274376985.png,,,,
1200,184,cyan,large,rubber,cylinder,"[185, 121, 11.099239349365234]",6107.0,"[148, 77, 69, 87]",cache/1756274376999.png,,,,
1201,185,brown,small,metal,cube,"[290, 192, 9.305371284484863]",3320.0,"[262, 162, 55, 59]",cache/1756274352849.png,,,,
1202,185,green,large,metal,cylinder,"[197, 256, 7.252347946166992]",14386.0,"[140, 185, 107, 133]",cache/1756274352869.png,,,,
1203,185,purple,large,rubber,sphere,"[119, 101, 11.977904319763184]",3752.0,"[86, 68, 63, 59]",cache/1756274352856.png,,,,
1204,185,yellow,large,metal,sphere,"[141, 146, 10.070474624633789]",5531.0,"[102, 108, 74, 74]",cache/1756274352841.png,,,,
1205,185,brown,small,metal,cylinder,"[258, 75, 14.401301383972168]",857.0,"[244, 58, 26, 32]",cache/1756274352882.png,,,,
1206,185,red,large,rubber,cube,"[356, 119, 11.103181838989258]",8980.0,"[309, 73, 94, 94]",cache/1756274352832.png,,,,
1207,185,red,large,metal,cylinder,"[188, 87, 12.70390510559082]",4598.0,"[156, 49, 61, 75]",cache/1756274352876.png,,,,
1208,185,yellow,small,rubber,sphere,"[71, 144, 10.880921363830566]",1225.0,"[53, 126, 35, 34]",cache/1756274352862.png,,,,
1209,186,green,small,metal,cylinder,"[140, 192, 10.195721626281738]",1994.0,"[119, 167, 40, 49]",cache/1756274296800.png,,,,
1210,186,gray,large,metal,cube,"[184, 140, 11.386979103088379]",6591.0,"[142, 98, 76, 85]",cache/1756274296786.png,,,,
1211,186,cyan,large,rubber,cube,"[261, 115, 12.556183815002441]",5295.0,"[226, 76, 67, 78]",cache/1756274296794.png,,,,
1212,187,green,large,metal,cylinder,"[403, 125, 11.602485656738281]",6187.0,"[367, 83, 74, 82]",cache/1756274261926.png,,,,
1213,187,cyan,small,metal,sphere,"[248, 110, 13.456506729125977]",776.0,"[234, 95, 27, 27]",cache/1756274261919.png,,,,
1214,187,green,small,metal,cube,"[182, 120, 12.818601608276367]",1397.0,"[162, 100, 36, 38]",cache/1756274261930.png,,,,
1215,188,green,small,rubber,sphere,"[153, 138, 11.697433471679688]",1021.0,"[136, 122, 31, 32]",cache/1756274256634.png,,,,
1216,188,red,small,rubber,sphere,"[219, 99, 13.592961311340332]",584.0,"[205, 84, 20, 27]",cache/1756274256624.png,,,,
1217,188,brown,small,metal,cylinder,"[365, 175, 10.34656810760498]",1959.0,"[344, 151, 40, 48]",cache/1756274256603.png,,,,
1218,188,brown,large,rubber,cylinder,"[86, 114, 11.954428672790527]",5969.0,"[48, 73, 72, 81]",cache/1756274256613.png,,,,
1219,188,gray,large,metal,cylinder,"[274, 72, 14.261852264404297]",4887.0,"[225, 66, 62, 78]",cache/1756274256608.png,,,,
1220,188,purple,small,rubber,cylinder,"[106, 158, 10.944872856140137]",1792.0,"[85, 134, 38, 45]",cache/1756274256619.png,,,,
1221,188,red,small,metal,sphere,"[319, 192, 9.836675643920898]",1436.0,"[299, 172, 37, 37]",cache/1756274256598.png,,,,
1222,188,green,large,rubber,sphere,"[233, 193, 9.166014671325684]",6604.0,"[192, 152, 80, 82]",cache/1756274256590.png,,,,
1223,188,purple,large,metal,cylinder,"[256, 106, 12.353577613830566]",4887.0,"[225, 66, 62, 78]",cache/1756274256608.png,,,,
1224,189,red,small,metal,sphere,"[222, 118, 11.998653411865234]",945.0,"[206, 102, 30, 30]",cache/1756274511454.png,,,,
1225,189,red,small,rubber,cube,"[255, 103, 12.785211563110352]",1226.0,"[238, 83, 32, 38]",cache/1756274511480.png,,,,
1226,189,brown,large,rubber,cylinder,"[120, 175, 9.076409339904785]",10125.0,"[71, 120, 91, 110]",cache/1756274511459.png,,,,
1227,189,red,large,rubber,sphere,"[323, 115, 11.303301811218262]",8633.0,"[321, 101, 85, 100]",cache/1756274511487.png,,,,
1228,189,cyan,large,rubber,cylinder,"[363, 150, 9.862625122070312]",8633.0,"[321, 101, 85, 100]",cache/1756274511487.png,,,,
1229,189,gray,small,metal,cylinder,"[313, 220, 8.490470886230469]",2841.0,"[289, 190, 46, 60]",cache/1756274511465.png,,,,
1230,189,brown,small,metal,cylinder,"[414, 144, 10.858926773071289]",1573.0,"[400, 121, 34, 45]",cache/1756274511493.png,,,,
1231,190,brown,large,rubber,sphere,"[231, 174, 9.304567337036133]",6391.0,"[191, 133, 79, 80]",cache/1756274469213.png,,,,
1232,190,cyan,small,metal,cube,"[282, 100, 13.792917251586914]",1211.0,"[264, 82, 34, 35]",cache/1756274469221.png,,,,
1233,190,blue,small,metal,sphere,"[174, 112, 13.003813743591309]",824.0,"[159, 97, 28, 28]",cache/1756274469231.png,,,,
1234,190,green,small,rubber,sphere,"[147, 140, 11.4756441116333]",1065.0,"[129, 123, 32, 32]",cache/1756274469235.png,,,,
1235,190,purple,small,rubber,sphere,"[197, 247, 7.945706844329834]",2250.0,"[173, 222, 46, 48]",cache/1756274469226.png,,,,
1236,191,purple,large,rubber,sphere,"[351, 110, 12.492307662963867]",3647.0,"[321, 79, 60, 60]",cache/1756274349885.png,,,,
1237,191,yellow,small,metal,cube,"[189, 198, 9.36992073059082]",1907.0,"[161, 169, 32, 58]",cache/1756274349926.png,,,,
1238,191,yellow,small,rubber,sphere,"[156, 172, 10.305188179016113]",1326.0,"[137, 153, 35, 36]",cache/1756274349905.png,,,,
1239,191,green,small,metal,cube,"[427, 149, 11.31588077545166]",1872.0,"[406, 127, 44, 42]",cache/1756274349895.png,,,,
1240,191,gray,large,metal,sphere,"[260, 84, 14.404915809631348]",2766.0,"[234, 57, 51, 53]",cache/1756274349910.png,,,,
1241,191,red,small,metal,sphere,"[112, 134, 12.08682918548584]",966.0,"[96, 118, 31, 30]",cache/1756274349890.png,,,,
1242,191,purple,large,metal,cylinder,"[236, 219, 8.054612159729004]",12002.0,"[187, 158, 95, 125]",cache/1756274349915.png,,,,
1243,191,red,small,rubber,sphere,"[389, 159, 10.858439445495605]",1199.0,"[372, 141, 34, 34]",cache/1756274349900.png,,,,
1244,191,brown,small,metal,cube,"[356, 186, 9.765185356140137]",2481.0,"[332, 159, 46, 53]",cache/1756274349873.png,,,,
1245,191,red,small,rubber,cylinder,"[284, 112, 13.40135383605957]",1008.0,"[269, 94, 29, 34]",cache/1756274349921.png,,,,
1246,192,brown,small,metal,cylinder,"[239, 220, 8.85038948059082]",2471.0,"[217, 190, 42, 57]",cache/1756274285424.png,,,,
1247,192,green,small,rubber,cube,"[201, 259, 7.9537506103515625]",4257.0,"[169, 224, 60, 70]",cache/1756274285412.png,,,,
1248,192,purple,large,rubber,sphere,"[271, 78, 13.89635181427002]",2860.0,"[244, 50, 52, 54]",cache/1756274285402.png,,,,
1249,192,purple,large,rubber,sphere,"[187, 97, 12.750917434692383]",3421.0,"[158, 66, 58, 58]",cache/1756274285393.png,,,,
1250,192,purple,small,rubber,sphere,"[74, 141, 11.427631378173828]",2509.0,"[64, 137, 49, 51]",cache/1756274285444.png,,,,
1251,192,red,small,metal,sphere,"[146, 181, 9.957404136657715]",1398.0,"[127, 162, 37, 37]",cache/1756274285407.png,,,,
1252,192,purple,large,metal,cylinder,"[364, 138, 10.765558242797852]",7062.0,"[326, 93, 77, 91]",cache/1756274285418.png,,,,
1253,192,brown,large,metal,cylinder,"[326, 107, 12.17821979522705]",5182.0,"[294, 68, 65, 78]",cache/1756274285429.png,,,,
1254,192,purple,small,rubber,cube,"[90, 163, 10.575907707214355]",2509.0,"[64, 137, 49, 51]",cache/1756274285444.png,,,,
1255,192,gray,small,metal,cylinder,"[129, 128, 12.023569107055664]",1376.0,"[111, 107, 34, 40]",cache/1756274285434.png,,,,
1256,193,gray,large,metal,cube,"[330, 113, 11.936878204345703]",4855.0,"[290, 70, 80, 60]",cache/1756274519094.png,,,,
1257,193,yellow,large,rubber,cube,"[181, 210, 8.636663436889648]",12810.0,"[129, 150, 102, 124]",cache/1756274519049.png,,,,
1258,193,gray,small,rubber,cylinder,"[247, 202, 9.45885944366455]",2143.0,"[227, 175, 39, 53]",cache/1756274519106.png,,,,
1259,193,green,large,metal,cube,"[156, 144, 10.628204345703125]",8501.0,"[105, 96, 94, 90]",cache/1756274519069.png,,,,
1260,193,green,small,metal,sphere,"[268, 136, 11.705155372619629]",1011.0,"[252, 119, 31, 32]",cache/1756274519088.png,,,,
1261,193,cyan,large,rubber,cube,"[317, 169, 9.78847599029541]",10314.0,"[269, 115, 94, 109]",cache/1756274519099.png,,,,
1262,194,purple,small,rubber,sphere,"[314, 152, 10.92916202545166]",1176.0,"[297, 134, 34, 34]",cache/1756274561339.png,,,,
1263,194,yellow,large,metal,cylinder,"[188, 113, 11.959661483764648]",5188.0,"[154, 73, 64, 80]",cache/1756274561344.png,,,,
1264,194,yellow,large,rubber,cube,"[107, 164, 9.676960945129395]",11387.0,"[54, 112, 103, 109]",cache/1756274561332.png,,,,
1265,195,gray,small,rubber,sphere,"[416, 154, 10.564566612243652]",1320.0,"[398, 135, 36, 36]",cache/1756274428159.png,,,,
1266,195,cyan,large,metal,sphere,"[253, 76, 13.588014602661133]",3006.0,"[225, 48, 54, 55]",cache/1756274428143.png,,,,
1267,195,gray,large,rubber,cylinder,"[234, 255, 7.1864542961120605]",14505.0,"[179, 185, 108, 134]",cache/1756274428164.png,,,,
1268,195,green,large,rubber,sphere,"[328, 113, 11.493728637695312]",4045.0,"[294, 80, 65, 61]",cache/1756274428154.png,,,,
1269,195,red,small,rubber,cylinder,"[203, 96, 13.340437889099121]",7023.0,"[124, 63, 83, 84]",cache/1756274428148.png,,,,
1270,195,purple,large,metal,cube,"[294, 183, 8.873778343200684]",11623.0,"[243, 126, 98, 117]",cache/1756274428136.png,,,,
1271,195,yellow,large,rubber,cube,"[168, 105, 11.915406227111816]",7023.0,"[124, 63, 83, 84]",cache/1756274428148.png,,,,
1272,195,cyan,small,rubber,cube,"[87, 140, 11.107913970947266]",1899.0,"[66, 117, 40, 46]",cache/1756274428129.png,,,,
1273,195,purple,small,metal,sphere,"[301, 106, 12.752375602722168]",4045.0,"[294, 80, 65, 61]",cache/1756274428154.png,,,,
1274,196,blue,small,metal,cube,"[321, 100, 12.842053413391113]",660.0,"[304, 81, 18, 35]",cache/1756274291307.png,,,,
1275,196,yellow,small,rubber,sphere,"[201, 115, 12.118467330932617]",932.0,"[186, 99, 29, 31]",cache/1756274291301.png,,,,
1276,196,purple,small,metal,sphere,"[249, 89, 13.436238288879395]",766.0,"[235, 75, 27, 27]",cache/1756274291268.png,,,,
1277,196,cyan,large,rubber,sphere,"[286, 141, 10.316910743713379]",4536.0,"[249, 104, 70, 64]",cache/1756274291290.png,,,,
1278,196,purple,small,rubber,cube,"[101, 165, 10.20383071899414]",2193.0,"[78, 140, 44, 49]",cache/1756274291263.png,,,,
1279,196,green,large,metal,cube,"[353, 114, 11.367086410522461]",6913.0,"[312, 69, 81, 85]",cache/1756274291285.png,,,,
1280,196,red,large,rubber,cube,"[318, 187, 8.904014587402344]",14215.0,"[262, 127, 114, 124]",cache/1756274291273.png,,,,
1281,196,brown,small,rubber,sphere,"[415, 144, 10.919668197631836]",1216.0,"[397, 127, 35, 34]",cache/1756274291296.png,,,,
1282,196,gray,large,metal,sphere,"[150, 215, 8.207690238952637]",8519.0,"[103, 169, 91, 93]",cache/1756274291255.png,,,,
1283,196,yellow,small,metal,cube,"[169, 106, 12.565747261047363]",1677.0,"[147, 85, 40, 41]",cache/1756274291280.png,,,,
1284,197,blue,small,rubber,cylinder,"[360, 131, 11.020968437194824]",1664.0,"[342, 108, 37, 44]",cache/1756274302358.png,,,,
1285,197,cyan,small,rubber,cylinder,"[209, 121, 11.4941987991333]",1428.0,"[191, 99, 33, 42]",cache/1756274302362.png,,,,
1286,197,green,small,rubber,sphere,"[106, 144, 10.481290817260742]",1313.0,"[87, 125, 36, 36]",cache/1756274302351.png,,,,
1287,198,green,small,rubber,cylinder,"[219, 160, 10.49537181854248]",1633.0,"[200, 136, 35, 45]",cache/1756274438023.png,,,,
1288,198,cyan,small,rubber,cylinder,"[294, 111, 12.78252124786377]",1132.0,"[279, 92, 30, 37]",cache/1756274438030.png,,,,
1289,198,blue,large,rubber,sphere,"[280, 165, 9.556536674499512]",13113.0,"[207, 164, 99, 132]",cache/1756274438036.png,,,,
1290,198,red,large,metal,cube,"[47, 130, 10.956835746765137]",9110.0,"[0, 83, 96, 94]",cache/1756274437937.png,,,,
1291,198,green,small,metal,cylinder,"[354, 127, 11.952597618103027]",1391.0,"[337, 106, 34, 40]",cache/1756274437997.png,,,,
1292,198,blue,small,metal,cylinder,"[151, 198, 9.209624290466309]",2388.0,"[128, 170, 43, 54]",cache/1756274437981.png,,,,
1293,198,gray,large,rubber,cylinder,"[257, 228, 7.769083023071289]",13113.0,"[207, 164, 99, 132]",cache/1756274438036.png,,,,
1294,198,cyan,small,metal,cube,"[402, 167, 10.214024543762207]",2820.0,"[375, 141, 54, 51]",cache/1756274437971.png,,,,
1295,198,blue,small,rubber,cube,"[115, 124, 12.099194526672363]",1817.0,"[92, 102, 43, 41]",cache/1756274438005.png,,,,
1296,199,gray,small,metal,cube,"[169, 201, 9.55681037902832]",2873.0,"[142, 173, 51, 56]",cache/1756274448863.png,,,,
1297,199,green,large,rubber,sphere,"[246, 90, 13.515199661254883]",3059.0,"[218, 61, 54, 56]",cache/1756274448858.png,,,,
1298,199,red,large,metal,sphere,"[318, 118, 11.934847831726074]",11243.0,"[270, 86, 83, 134]",cache/1756274448852.png,,,,
1299,199,yellow,large,metal,sphere,"[104, 129, 11.432597160339355]",4374.0,"[69, 96, 66, 65]",cache/1756274448845.png,,,,
1300,199,yellow,large,metal,cube,"[311, 170, 9.872020721435547]",11243.0,"[270, 86, 83, 134]",cache/1756274448852.png,,,,
1301,200,gray,large,rubber,cylinder,"[189, 224, 7.905514240264893]",12923.0,"[136, 160, 99, 130]",cache/1756274616552.png,,,,
1302,200,yellow,small,rubber,cube,"[284, 149, 10.740640640258789]",2255.0,"[261, 124, 45, 49]",cache/1756274616542.png,,,,
1303,200,brown,large,metal,cube,"[156, 163, 9.50965690612793]",12923.0,"[136, 160, 99, 130]",cache/1756274616552.png,,,,
1304,200,green,large,metal,sphere,"[367, 122, 11.01753044128418]",4636.0,"[333, 87, 69, 67]",cache/1756274616530.png,,,,
1305,200,purple,large,metal,cube,"[108, 111, 11.524858474731445]",7281.0,"[65, 67, 81, 89]",cache/1756274616522.png,,,,
1306,200,cyan,small,rubber,cylinder,"[348, 167, 10.079779624938965]",2033.0,"[327, 142, 40, 49]",cache/1756274616547.png,,,,
1307,201,purple,small,metal,cylinder,"[281, 94, 13.902165412902832]",927.0,"[267, 76, 27, 33]",cache/1756274390189.png,,,,
1308,201,yellow,small,metal,sphere,"[136, 143, 11.202337265014648]",1076.0,"[119, 125, 32, 33]",cache/1756274390199.png,,,,
1309,201,cyan,large,rubber,sphere,"[335, 112, 11.842240333557129]",4007.0,"[303, 79, 63, 63]",cache/1756274390152.png,,,,
1310,201,yellow,small,rubber,sphere,"[261, 117, 12.459776878356934]",891.0,"[245, 102, 29, 30]",cache/1756274390164.png,,,,
1311,201,red,small,rubber,cube,"[234, 212, 8.764888763427734]",3629.0,"[204, 180, 57, 63]",cache/1756274390158.png,,,,
1312,201,blue,small,metal,cylinder,"[178, 184, 9.609374046325684]",2111.0,"[157, 158, 40, 51]",cache/1756274390173.png,,,,
1313,201,gray,small,rubber,cube,"[204, 101, 13.456515312194824]",1190.0,"[187, 82, 33, 35]",cache/1756274390206.png,,,,
1314,201,brown,large,metal,cube,"[72, 149, 10.115480422973633]",11153.0,"[16, 98, 106, 104]",cache/1756274390144.png,,,,
1315,201,green,large,metal,cylinder,"[418, 131, 10.886956214904785]",7203.0,"[379, 86, 80, 89]",cache/1756274390178.png,,,,
1316,202,yellow,small,rubber,cylinder,"[245, 80, 13.932364463806152]",936.0,"[231, 62, 27, 34]",cache/1756274397215.png,,,,
1317,202,red,small,metal,cylinder,"[337, 117, 11.866886138916016]",1394.0,"[320, 96, 34, 40]",cache/1756274397206.png,,,,
1318,202,purple,small,rubber,cylinder,"[181, 151, 10.458269119262695]",1779.0,"[161, 126, 37, 47]",cache/1756274397195.png,,,,
1319,203,gray,small,metal,sphere,"[153, 186, 9.776504516601562]",1460.0,"[133, 166, 38, 38]",cache/1756274276123.png,,,,
1320,203,cyan,small,metal,cube,"[227, 146, 11.253597259521484]",1850.0,"[206, 122, 40, 45]",cache/1756274276110.png,,,,
1321,203,gray,small,metal,cube,"[329, 118, 12.591391563415527]",1695.0,"[308, 96, 41, 41]",cache/1756274276131.png,,,,
1322,203,yellow,large,rubber,sphere,"[97, 111, 12.056842803955078]",3941.0,"[64, 79, 63, 62]",cache/1756274276144.png,,,,
1323,203,yellow,small,metal,cube,"[114, 158, 10.756258964538574]",2298.0,"[90, 133, 46, 49]",cache/1756274276149.png,,,,
1324,203,green,large,rubber,cylinder,"[277, 81, 13.857320785522461]",3789.0,"[249, 47, 55, 67]",cache/1756274276138.png,,,,
1325,203,yellow,small,rubber,sphere,"[375, 139, 11.556557655334473]",1064.0,"[358, 122, 32, 32]",cache/1756274276117.png,,,,
1326,204,brown,small,metal,sphere,"[235, 126, 12.331530570983887]",900.0,"[219, 110, 29, 30]",cache/1756274346800.png,,,,
1327,204,green,large,rubber,sphere,"[175, 121, 11.724811553955078]",4049.0,"[142, 88, 63, 63]",cache/1756274346783.png,,,,
1328,204,green,small,rubber,cylinder,"[324, 109, 13.130210876464844]",1121.0,"[309, 90, 30, 37]",cache/1756274346816.png,,,,
1329,204,cyan,large,rubber,sphere,"[363, 135, 11.116938591003418]",4606.0,"[329, 101, 67, 67]",cache/1756274346790.png,,,,
1330,204,blue,small,metal,sphere,"[212, 96, 13.884998321533203]",718.0,"[198, 82, 26, 27]",cache/1756274346795.png,,,,
1331,204,yellow,small,rubber,cylinder,"[100, 163, 10.820406913757324]",1829.0,"[79, 139, 39, 46]",cache/1756274346811.png,,,,
1332,204,red,large,metal,cylinder,"[301, 209, 8.781096458435059]",10401.0,"[258, 151, 89, 116]",cache/1756274346806.png,,,,
1333,205,gray,large,rubber,cylinder,"[241, 112, 12.028112411499023]",6709.0,"[208, 71, 81, 81]",cache/1756274328150.png,,,,
1334,205,blue,small,rubber,cylinder,"[122, 148, 11.293083190917969]",1594.0,"[102, 125, 35, 44]",cache/1756274328145.png,,,,
1335,205,yellow,large,metal,cube,"[321, 183, 9.44727611541748]",12503.0,"[267, 126, 106, 117]",cache/1756274328139.png,,,,
1336,205,gray,small,rubber,cylinder,"[277, 90, 14.078502655029297]",6709.0,"[208, 71, 81, 81]",cache/1756274328150.png,,,,
1337,205,red,large,metal,sphere,"[174, 162, 10.082103729248047]",5398.0,"[137, 124, 73, 73]",cache/1756274328129.png,,,,
1338,206,red,small,rubber,sphere,"[249, 96, 13.765284538269043]",726.0,"[235, 82, 26, 27]",cache/1756274300938.png,,,,
1339,206,cyan,large,rubber,cube,"[291, 148, 10.47143268585205]",9386.0,"[245, 99, 94, 99]",cache/1756274300925.png,,,,
1340,206,gray,large,rubber,cylinder,"[143, 183, 9.308171272277832]",9512.0,"[96, 129, 87, 108]",cache/1756274300932.png,,,,
1341,207,purple,large,metal,cube,"[357, 177, 9.015157699584961]",10737.0,"[312, 121, 93, 114]",cache/1756274465389.png,,,,
1342,207,green,large,rubber,cylinder,"[119, 147, 9.996891021728516]",8262.0,"[75, 98, 83, 98]",cache/1756274465395.png,,,,
1343,207,brown,large,rubber,cube,"[265, 198, 8.440314292907715]",11257.0,"[220, 141, 96, 116]",cache/1756274465374.png,,,,
1344,208,purple,small,metal,sphere,"[315, 114, 12.421178817749023]",912.0,"[300, 98, 30, 30]",cache/1756274290219.png,,,,
1345,208,purple,large,rubber,cylinder,"[97, 130, 10.832974433898926]",7118.0,"[55, 85, 78, 90]",cache/1756274290256.png,,,,
1346,208,green,small,metal,cylinder,"[266, 122, 12.012977600097656]",1286.0,"[249, 101, 31, 40]",cache/1756274290275.png,,,,
1347,208,brown,small,metal,sphere,"[294, 179, 9.759379386901855]",1453.0,"[275, 159, 38, 38]",cache/1756274290227.png,,,,
1348,208,green,small,rubber,cylinder,"[191, 226, 8.438484191894531]",2791.0,"[167, 196, 45, 61]",cache/1756274290242.png,,,,
1349,209,yellow,small,rubber,cylinder,"[95, 150, 11.214668273925781]",1685.0,"[75, 127, 37, 44]",cache/1756274530622.png,,,,
1350,209,cyan,small,metal,cylinder,"[234, 203, 9.465193748474121]",2179.0,"[213, 176, 40, 54]",cache/1756274530627.png,,,,
1351,209,cyan,small,rubber,sphere,"[127, 132, 11.930577278137207]",1004.0,"[111, 115, 31, 31]",cache/1756274530617.png,,,,
1352,209,green,large,metal,cube,"[249, 101, 12.574872016906738]",4725.0,"[218, 63, 62, 75]",cache/1756274530609.png,,,,
1353,209,green,large,metal,cylinder,"[324, 164, 9.981589317321777]",8004.0,"[285, 114, 80, 99]",cache/1756274530634.png,,,,
1354,209,blue,small,metal,cube,"[300, 226, 8.885780334472656]",3658.0,"[271, 194, 57, 63]",cache/1756274530641.png,,,,
1355,210,brown,small,rubber,cylinder,"[197, 156, 10.740571022033691]",1633.0,"[179, 133, 35, 45]",cache/1756274417783.png,,,,
1356,210,cyan,small,metal,sphere,"[133, 192, 9.446535110473633]",1580.0,"[112, 172, 39, 39]",cache/1756274417762.png,,,,
1357,210,yellow,large,rubber,sphere,"[288, 85, 13.675312042236328]",3000.0,"[260, 57, 54, 55]",cache/1756274417769.png,,,,
1358,210,yellow,small,rubber,sphere,"[335, 130, 11.929418563842773]",987.0,"[319, 114, 31, 31]",cache/1756274417779.png,,,,
1359,210,brown,small,rubber,sphere,"[232, 92, 14.265610694885254]",675.0,"[219, 78, 25, 26]",cache/1756274417774.png,,,,
1360,211,blue,small,rubber,sphere,"[192, 105, 12.901156425476074]",861.0,"[177, 89, 28, 29]",cache/1756274578177.png,,,,
1361,211,red,small,rubber,cylinder,"[288, 166, 10.330374717712402]",1818.0,"[269, 141, 37, 48]",cache/1756274578197.png,,,,
1362,211,yellow,small,rubber,sphere,"[303, 122, 12.03618335723877]",967.0,"[287, 106, 30, 31]",cache/1756274578188.png,,,,
1363,211,cyan,small,metal,sphere,"[211, 151, 10.864293098449707]",1172.0,"[194, 133, 34, 34]",cache/1756274578182.png,,,,
1364,212,cyan,large,rubber,cube,"[175, 159, 9.948588371276855]",10780.0,"[121, 108, 101, 106]",cache/1756274592163.png,,,,
1365,212,brown,small,metal,cube,"[168, 112, 12.995835304260254]",10780.0,"[121, 108, 101, 106]",cache/1756274592163.png,,,,
1366,212,blue,large,rubber,cylinder,"[104, 129, 11.21475887298584]",6182.0,"[65, 86, 71, 86]",cache/1756274592169.png,,,,
1367,212,yellow,large,metal,cube,"[261, 176, 9.3521728515625]",9331.0,"[218, 125, 89, 104]",cache/1756274592145.png,,,,
1368,212,cyan,small,metal,cube,"[222, 261, 7.77017068862915]",4838.0,"[189, 224, 64, 74]",cache/1756274592152.png,,,,
1369,212,red,large,metal,cylinder,"[363, 113, 12.02863597869873]",5467.0,"[329, 73, 68, 79]",cache/1756274592158.png,,,,
1370,212,green,small,rubber,cube,"[275, 107, 13.318463325500488]",1060.0,"[258, 89, 30, 35]",cache/1756274592175.png,,,,
1371,213,gray,small,rubber,cube,"[311, 116, 12.605729103088379]",1664.0,"[290, 94, 40, 41]",cache/1756274284060.png,,,,
1372,213,cyan,large,rubber,cube,"[208, 139, 10.720165252685547]",7706.0,"[164, 93, 82, 93]",cache/1756274284052.png,,,,
1373,213,purple,large,metal,sphere,"[265, 82, 13.586053848266602]",3017.0,"[238, 53, 54, 55]",cache/1756274284046.png,,,,
1374,214,yellow,large,metal,cylinder,"[114, 130, 11.217209815979004]",6648.0,"[74, 86, 75, 88]",cache/1756274540151.png,,,,
1375,214,yellow,small,rubber,sphere,"[253, 96, 13.6503267288208]",755.0,"[239, 81, 27, 27]",cache/1756274540146.png,,,,
1376,214,red,small,rubber,cylinder,"[203, 179, 10.202396392822266]",1856.0,"[184, 153, 37, 49]",cache/1756274540161.png,,,,
1377,214,yellow,small,metal,cylinder,"[367, 169, 10.502399444580078]",1945.0,"[346, 145, 40, 48]",cache/1756274540156.png,,,,
1378,215,yellow,small,rubber,cylinder,"[302, 179, 9.973236083984375]",2025.0,"[281, 153, 40, 50]",cache/1756274452134.png,,,,
1379,215,yellow,large,metal,cube,"[255, 137, 10.809465408325195]",8567.0,"[210, 91, 89, 95]",cache/1756274452109.png,,,,
1380,215,yellow,small,metal,sphere,"[200, 103, 13.548724174499512]",712.0,"[186, 88, 25, 27]",cache/1756274452138.png,,,,
1381,215,gray,small,metal,cube,"[225, 115, 12.797513961791992]",896.0,"[205, 95, 26, 33]",cache/1756274452143.png,,,,
1382,215,brown,large,rubber,cube,"[324, 125, 11.381961822509766]",6091.0,"[291, 84, 73, 82]",cache/1756274452129.png,,,,
1383,215,blue,large,rubber,cylinder,"[148, 178, 9.295304298400879]",9299.0,"[102, 125, 86, 107]",cache/1756274452123.png,,,,
1384,215,yellow,large,rubber,cylinder,"[89, 115, 11.908926963806152]",5718.0,"[52, 74, 70, 81]",cache/1756274452118.png,,,,
1385,215,brown,small,rubber,sphere,"[369, 162, 10.581672668457031]",1312.0,"[349, 144, 37, 35]",cache/1756274452147.png,,,,
1386,216,purple,small,metal,cube,"[291, 95, 13.804529190063477]",989.0,"[276, 77, 28, 34]",cache/1756274505763.png,,,,
1387,216,gray,large,metal,cylinder,"[147, 97, 12.827037811279297]",4744.0,"[114, 59, 63, 75]",cache/1756274505784.png,,,,
1388,216,blue,small,rubber,cylinder,"[370, 172, 10.381019592285156]",1983.0,"[349, 147, 40, 48]",cache/1756274505770.png,,,,
1389,216,green,large,rubber,cylinder,"[216, 186, 9.263691902160645]",9016.0,"[174, 132, 82, 108]",cache/1756274505775.png,,,,
1390,216,brown,small,rubber,sphere,"[269, 155, 10.969050407409668]",1048.0,"[254, 137, 30, 34]",cache/1756274505780.png,,,,
1391,217,green,large,rubber,sphere,"[372, 127, 11.5128755569458]",4298.0,"[339, 93, 65, 65]",cache/1756274267117.png,,,,
1392,217,red,small,metal,cube,"[141, 180, 10.24470329284668]",2663.0,"[115, 153, 50, 52]",cache/1756274267132.png,,,,
1393,217,cyan,small,metal,cube,"[298, 111, 13.077237129211426]",1249.0,"[281, 91, 32, 38]",cache/1756274267149.png,,,,
1394,217,brown,small,metal,sphere,"[193, 154, 11.171549797058105]",6621.0,"[167, 154, 80, 82]",cache/1756274267125.png,,,,
1395,217,red,small,rubber,cylinder,"[241, 123, 12.47402572631836]",1169.0,"[226, 103, 30, 38]",cache/1756274267184.png,,,,
1396,217,cyan,large,rubber,cylinder,"[180, 87, 13.523050308227539]",4120.0,"[150, 51, 58, 70]",cache/1756274267173.png,,,,
1397,217,purple,large,rubber,sphere,"[208, 195, 9.136771202087402]",6621.0,"[167, 154, 80, 82]",cache/1756274267125.png,,,,
1398,217,brown,large,rubber,sphere,"[255, 77, 14.166367530822754]",2749.0,"[229, 49, 51, 52]",cache/1756274267156.png,,,,
1399,217,green,small,metal,cylinder,"[301, 233, 8.790143013000488]",2630.0,"[278, 203, 44, 58]",cache/1756274267140.png,,,,
1400,217,green,small,metal,cylinder,"[110, 133, 12.025727272033691]",1416.0,"[91, 112, 34, 40]",cache/1756274267164.png,,,,
1401,218,green,small,metal,sphere,"[333, 152, 10.954808235168457]",1155.0,"[316, 134, 34, 33]",cache/1756274587883.png,,,,
1402,218,brown,small,metal,sphere,"[167, 136, 11.706562995910645]",10681.0,"[69, 100, 104, 102]",cache/1756274587864.png,,,,
1403,218,green,large,metal,sphere,"[280, 113, 11.98886775970459]",4402.0,"[222, 50, 64, 68]",cache/1756274587905.png,,,,
1404,218,red,small,metal,sphere,"[205, 115, 12.850005149841309]",827.0,"[190, 99, 28, 29]",cache/1756274587899.png,,,,
1405,218,red,large,rubber,cylinder,"[219, 212, 8.22976303100586]",11459.0,"[170, 152, 93, 122]",cache/1756274587888.png,,,,
1406,218,green,large,rubber,cube,"[124, 149, 10.264988899230957]",10681.0,"[69, 100, 104, 102]",cache/1756274587864.png,,,,
1407,218,green,large,metal,cube,"[254, 84, 13.854019165039062]",4402.0,"[222, 50, 64, 68]",cache/1756274587905.png,,,,
1408,219,red,large,metal,cube,"[413, 154, 9.56682300567627]",11254.0,"[363, 99, 100, 111]",cache/1756274532916.png,,,,
1409,219,gray,large,metal,sphere,"[314, 100, 11.655355453491211]",4157.0,"[281, 67, 64, 64]",cache/1756274532939.png,,,,
1410,219,yellow,small,metal,cube,"[114, 153, 10.302413940429688]",6749.0,"[47, 68, 77, 87]",cache/1756274532951.png,,,,
1411,219,green,large,metal,sphere,"[290, 197, 8.357118606567383]",8034.0,"[245, 152, 89, 90]",cache/1756274532927.png,,,,
1412,219,blue,large,metal,cylinder,"[88, 112, 11.12750244140625]",6749.0,"[47, 68, 77, 87]",cache/1756274532951.png,,,,
1413,219,red,large,metal,sphere,"[208, 84, 12.48608112335205]",3579.0,"[178, 53, 59, 60]",cache/1756274532934.png,,,,
1414,220,gray,small,rubber,cube,"[307, 201, 9.68189811706543]",2886.0,"[281, 172, 50, 57]",cache/1756274382591.png,,,,
1415,220,cyan,large,rubber,cylinder,"[227, 101, 12.77150821685791]",4545.0,"[196, 63, 59, 76]",cache/1756274382586.png,,,,
1416,220,green,large,rubber,cylinder,"[330, 132, 11.324464797973633]",6205.0,"[295, 89, 71, 87]",cache/1756274382573.png,,,,
1417,220,brown,small,metal,cylinder,"[186, 183, 10.221360206604004]",1874.0,"[166, 157, 38, 49]",cache/1756274382581.png,,,,
1418,220,yellow,small,metal,cylinder,"[178, 102, 13.590968132019043]",1002.0,"[162, 83, 28, 35]",cache/1756274382596.png,,,,
1419,221,gray,large,metal,sphere,"[105, 156, 9.837197303771973]",6445.0,"[59, 117, 83, 77]",cache/1756274516921.png,,,,
1420,221,green,small,rubber,sphere,"[194, 103, 13.59519100189209]",747.0,"[180, 88, 26, 27]",cache/1756274516953.png,,,,
1421,221,green,small,rubber,sphere,"[391, 146, 11.09836196899414]",10334.0,"[308, 114, 99, 103]",cache/1756274516939.png,,,,
1422,221,green,large,metal,cylinder,"[214, 212, 7.998146057128906]",12141.0,"[164, 151, 96, 126]",cache/1756274516945.png,,,,
1423,221,blue,small,metal,cylinder,"[248, 87, 14.852151870727539]",626.0,"[234, 70, 20, 30]",cache/1756274516958.png,,,,
1424,221,gray,small,rubber,cylinder,"[78, 139, 11.468737602233887]",1251.0,"[58, 117, 31, 39]",cache/1756274516963.png,,,,
1425,221,green,small,metal,sphere,"[164, 126, 12.14238166809082]",940.0,"[148, 110, 30, 30]",cache/1756274516934.png,,,,
1426,221,green,large,metal,cylinder,"[350, 165, 9.483414649963379]",10334.0,"[308, 114, 99, 103]",cache/1756274516939.png,,,,
1427,221,cyan,large,metal,sphere,"[273, 95, 13.06078815460205]",3307.0,"[243, 65, 57, 57]",cache/1756274516928.png,,,,
1428,222,cyan,small,metal,sphere,"[318, 182, 9.513444900512695]",1557.0,"[298, 162, 39, 39]",cache/1756274393370.png,,,,
1429,222,green,large,rubber,cylinder,"[152, 105, 11.973318099975586]",5292.0,"[117, 65, 66, 79]",cache/1756274393365.png,,,,
1430,222,blue,small,metal,cube,"[163, 168, 10.015806198120117]",2067.0,"[140, 143, 42, 48]",cache/1756274393379.png,,,,
1431,222,blue,large,metal,sphere,"[236, 189, 8.616406440734863]",7561.0,"[192, 145, 85, 87]",cache/1756274393347.png,,,,
1432,222,red,small,metal,cylinder,"[209, 259, 7.546631336212158]",3481.0,"[183, 224, 50, 68]",cache/1756274393387.png,,,,
1433,222,yellow,large,metal,cylinder,"[279, 135, 10.514350891113281]",6750.0,"[243, 89, 73, 92]",cache/1756274393401.png,,,,
1434,222,blue,small,rubber,sphere,"[56, 140, 11.137173652648926]",1197.0,"[37, 122, 35, 34]",cache/1756274393354.png,,,,
1435,222,yellow,small,metal,cube,"[316, 106, 12.889307975769043]",6750.0,"[243, 89, 73, 92]",cache/1756274393401.png,,,,
1436,222,blue,large,rubber,sphere,"[251, 72, 14.141190528869629]",2768.0,"[224, 44, 52, 52]",cache/1756274393359.png,,,,
1437,223,yellow,small,rubber,cube,"[380, 170, 10.740224838256836]",2034.0,"[357, 146, 44, 46]",cache/1756274507452.png,,,,
1438,223,green,large,metal,sphere,"[98, 137, 11.292244911193848]",4554.0,"[62, 103, 68, 66]",cache/1756274507445.png,,,,
1439,223,yellow,small,rubber,sphere,"[251, 103, 13.874303817749023]",729.0,"[237, 88, 26, 27]",cache/1756274507457.png,,,,
1440,224,red,small,metal,cylinder,"[280, 92, 13.617742538452148]",989.0,"[265, 74, 28, 34]",cache/1756274263839.png,,,,
1441,224,cyan,small,rubber,sphere,"[222, 100, 13.122274398803711]",825.0,"[207, 85, 28, 29]",cache/1756274263828.png,,,,
1442,224,red,small,metal,cylinder,"[102, 158, 10.430744171142578]",1940.0,"[80, 134, 40, 47]",cache/1756274263822.png,,,,
1443,224,cyan,large,metal,cube,"[343, 132, 10.686129570007324]",9417.0,"[295, 84, 95, 98]",cache/1756274263813.png,,,,
1444,224,purple,large,metal,cylinder,"[252, 183, 8.888279914855957]",9743.0,"[209, 128, 86, 112]",cache/1756274263832.png,,,,
1445,225,yellow,small,rubber,sphere,"[334, 133, 11.38794994354248]",10252.0,"[275, 129, 89, 114]",cache/1756274588609.png,,,,
1446,225,yellow,large,rubber,sphere,"[244, 89, 12.734861373901367]",8486.0,"[235, 83, 89, 95]",cache/1756274588597.png,,,,
1447,225,brown,large,metal,cube,"[185, 169, 9.284595489501953]",10795.0,"[131, 116, 98, 109]",cache/1756274588571.png,,,,
1448,225,blue,large,metal,cylinder,"[319, 185, 8.825933456420898]",10252.0,"[275, 129, 89, 114]",cache/1756274588609.png,,,,
1449,225,gray,large,rubber,cube,"[78, 139, 10.338464736938477]",9595.0,"[24, 92, 100, 95]",cache/1756274588591.png,,,,
1450,225,red,small,rubber,cube,"[414, 169, 9.984262466430664]",2714.0,"[388, 142, 50, 54]",cache/1756274588582.png,,,,
1451,225,gray,small,metal,cube,"[365, 122, 11.891555786132812]",1887.0,"[343, 99, 43, 43]",cache/1756274588619.png,,,,
1452,225,brown,large,rubber,cube,"[278, 130, 10.704419136047363]",10252.0,"[275, 129, 89, 114]",cache/1756274588609.png,,,,
1453,225,cyan,small,rubber,cube,"[169, 108, 12.576956748962402]",1379.0,"[147, 87, 40, 33]",cache/1756274588647.png,,,,
1454,226,yellow,small,metal,cylinder,"[351, 128, 11.799677848815918]",1463.0,"[333, 106, 35, 41]",cache/1756274558845.png,,,,
1455,226,brown,large,rubber,cylinder,"[82, 124, 11.135222434997559]",6862.0,"[40, 80, 78, 87]",cache/1756274558839.png,,,,
1456,226,yellow,large,rubber,cylinder,"[262, 147, 10.20465087890625]",7303.0,"[224, 99, 75, 96]",cache/1756274558849.png,,,,
1457,226,red,small,metal,cube,"[234, 94, 13.559130668640137]",1082.0,"[218, 76, 30, 35]",cache/1756274558854.png,,,,
1458,227,cyan,small,rubber,sphere,"[385, 169, 10.025293350219727]",1451.0,"[366, 150, 38, 37]",cache/1756274408466.png,,,,
1459,227,red,small,rubber,cylinder,"[269, 114, 12.148345947265625]",1260.0,"[253, 93, 31, 40]",cache/1756274408491.png,,,,
1460,227,yellow,large,rubber,cube,"[215, 76, 13.235946655273438]",5716.0,"[177, 38, 74, 76]",cache/1756274408455.png,,,,
1461,227,red,small,rubber,cube,"[172, 187, 9.501642227172852]",3164.0,"[144, 157, 53, 58]",cache/1756274408472.png,,,,
1462,227,red,small,metal,cube,"[98, 149, 10.728665351867676]",2521.0,"[71, 123, 50, 49]",cache/1756274408461.png,,,,
1463,227,green,large,metal,cylinder,"[326, 108, 11.58609390258789]",5859.0,"[292, 66, 69, 84]",cache/1756274408496.png,,,,
1464,227,purple,small,rubber,cylinder,"[141, 159, 10.380837440490723]",1822.0,"[121, 134, 38, 47]",cache/1756274408486.png,,,,
1465,227,gray,large,metal,cylinder,"[247, 235, 7.761480808258057]",13284.0,"[197, 169, 99, 133]",cache/1756274408480.png,,,,
1466,228,brown,small,rubber,cube,"[202, 149, 10.921951293945312]",2188.0,"[179, 125, 45, 48]",cache/1756274550442.png,,,,
1467,228,red,small,metal,cylinder,"[325, 126, 12.021316528320312]",1314.0,"[308, 105, 33, 39]",cache/1756274550437.png,,,,
1468,228,gray,large,rubber,cylinder,"[83, 117, 11.566513061523438]",12133.0,"[40, 108, 112, 107]",cache/1756274550420.png,,,,
1469,228,brown,small,rubber,sphere,"[387, 170, 10.090734481811523]",1401.0,"[368, 151, 37, 37]",cache/1756274550432.png,,,,
1470,228,blue,small,metal,cube,"[210, 209, 8.837093353271484]",3584.0,"[180, 178, 56, 63]",cache/1756274550426.png,,,,
1471,228,purple,large,rubber,cylinder,"[254, 81, 13.777965545654297]",3743.0,"[226, 47, 55, 67]",cache/1756274550447.png,,,,
1472,228,gray,small,metal,sphere,"[165, 114, 12.65942096710205]",878.0,"[149, 98, 29, 29]",cache/1756274550457.png,,,,
1473,228,purple,large,metal,cube,"[100, 161, 9.673367500305176]",12133.0,"[40, 108, 112, 107]",cache/1756274550420.png,,,,
1474,228,yellow,small,metal,cylinder,"[275, 198, 9.170294761657715]",2310.0,"[254, 170, 42, 54]",cache/1756274550452.png,,,,
1475,229,cyan,small,rubber,cube,"[96, 170, 9.674306869506836]",2866.0,"[70, 142, 51, 55]",cache/1756274461637.png,,,,
1476,229,gray,small,metal,sphere,"[314, 127, 11.41020393371582]",1049.0,"[298, 110, 32, 32]",cache/1756274461647.png,,,,
1477,229,yellow,small,metal,sphere,"[235, 95, 13.178407669067383]",556.0,"[220, 81, 19, 28]",cache/1756274461652.png,,,,
1478,229,yellow,large,metal,cube,"[197, 195, 8.215392112731934]",12213.0,"[148, 135, 99, 123]",cache/1756274461629.png,,,,
1479,229,brown,large,metal,cube,"[276, 95, 12.222078323364258]",5724.0,"[238, 55, 72, 79]",cache/1756274461642.png,,,,
1480,230,cyan,large,rubber,cylinder,"[316, 204, 7.9089813232421875]",12873.0,"[268, 141, 100, 128]",cache/1756274564988.png,,,,
1481,230,gray,large,metal,sphere,"[103, 108, 11.470749855041504]",4340.0,"[69, 74, 66, 65]",cache/1756274564949.png,,,,
1482,230,blue,small,metal,cube,"[253, 116, 12.017694473266602]",1797.0,"[232, 94, 41, 42]",cache/1756274564982.png,,,,
1483,230,red,small,metal,sphere,"[221, 185, 9.142199516296387]",1642.0,"[200, 164, 40, 40]",cache/1756274564957.png,,,,
1484,230,yellow,large,metal,cube,"[372, 151, 9.54106616973877]",9472.0,"[329, 99, 88, 106]",cache/1756274564964.png,,,,
1485,230,green,small,metal,cylinder,"[192, 144, 10.633475303649902]",1655.0,"[173, 121, 36, 45]",cache/1756274564995.png,,,,
1486,230,red,large,metal,sphere,"[316, 117, 11.0211763381958]",3884.0,"[282, 82, 63, 61]",cache/1756274564975.png,,,,
1487,231,yellow,large,metal,cylinder,"[278, 153, 10.197482109069824]",5229.0,"[261, 75, 65, 79]",cache/1756274355995.png,,,,
1488,231,brown,small,rubber,cube,"[198, 123, 12.208168029785156]",1793.0,"[176, 101, 41, 42]",cache/1756274355991.png,,,,
1489,231,purple,large,rubber,cube,"[239, 81, 13.563888549804688]",5421.0,"[201, 44, 73, 74]",cache/1756274355979.png,,,,
1490,231,cyan,large,metal,cylinder,"[293, 117, 11.644593238830566]",5229.0,"[261, 75, 65, 79]",cache/1756274355995.png,,,,
1491,231,cyan,large,rubber,cylinder,"[388, 126, 11.268720626831055]",3802.0,"[355, 82, 72, 52]",cache/1756274356000.png,,,,
1492,231,red,large,metal,cylinder,"[376, 166, 9.77993392944336]",8875.0,"[334, 115, 86, 102]",cache/1756274355985.png,,,,
1493,232,cyan,large,metal,sphere,"[287, 158, 9.778044700622559]",5864.0,"[249, 119, 76, 77]",cache/1756274566016.png,,,,
1494,232,purple,large,metal,sphere,"[339, 103, 12.50564956665039]",3611.0,"[309, 72, 60, 60]",cache/1756274566021.png,,,,
1495,232,red,small,metal,cube,"[107, 132, 11.798954963684082]",1815.0,"[84, 111, 44, 40]",cache/1756274566027.png,,,,
1496,232,cyan,small,rubber,sphere,"[125, 158, 10.602113723754883]",1258.0,"[106, 139, 35, 35]",cache/1756274566032.png,,,,
1497,232,brown,small,metal,sphere,"[194, 100, 13.752891540527344]",716.0,"[179, 86, 26, 26]",cache/1756274566037.png,,,,
1498,232,purple,small,metal,cube,"[222, 258, 7.5808210372924805]",3531.0,"[196, 224, 51, 68]",cache/1756274566008.png,,,,
1499,232,purple,large,metal,cylinder,"[413, 125, 11.252376556396484]",6565.0,"[376, 83, 77, 84]",cache/1756274566047.png,,,,
1500,232,gray,large,rubber,cube,"[245, 76, 14.46826171875]",4663.0,"[210, 43, 68, 67]",cache/1756274566042.png,,,,
1501,233,green,small,rubber,cube,"[58, 149, 10.861446380615234]",2437.0,"[32, 124, 49, 49]",cache/1756274476139.png,,,,
1502,233,brown,small,rubber,cylinder,"[232, 84, 14.41188907623291]",851.0,"[218, 67, 26, 32]",cache/1756274476135.png,,,,
1503,233,green,small,metal,sphere,"[291, 185, 9.548205375671387]",1545.0,"[271, 165, 39, 39]",cache/1756274476128.png,,,,
1504,234,green,large,rubber,cylinder,"[290, 112, 11.536261558532715]",11465.0,"[221, 105, 103, 110]",cache/1756274609953.png,,,,
1505,234,purple,large,rubber,cube,"[131, 133, 10.674128532409668]",5246.0,"[91, 86, 77, 67]",cache/1756274609962.png,,,,
1506,234,red,large,metal,cube,"[378, 126, 10.927276611328125]",7483.0,"[338, 83, 84, 88]",cache/1756274609942.png,,,,
1507,234,gray,large,metal,cube,"[137, 201, 8.558752059936523]",12903.0,"[77, 143, 109, 117]",cache/1756274609933.png,,,,
1508,234,cyan,small,metal,cube,"[248, 91, 13.480448722839355]",1261.0,"[229, 71, 32, 38]",cache/1756274610003.png,,,,
1509,234,green,small,rubber,sphere,"[365, 193, 9.387805938720703]",1578.0,"[345, 173, 40, 39]",cache/1756274609978.png,,,,
1510,234,gray,large,rubber,cube,"[310, 86, 12.86644172668457]",3880.0,"[258, 69, 66, 58]",cache/1756274609985.png,,,,
1511,234,cyan,large,rubber,cube,"[272, 159, 9.746211051940918]",11465.0,"[221, 105, 103, 110]",cache/1756274609953.png,,,,
1512,234,cyan,large,metal,sphere,"[196, 93, 12.500093460083008]",3598.0,"[166, 61, 59, 60]",cache/1756274610013.png,,,,
1513,234,gray,small,metal,sphere,"[209, 243, 8.168292999267578]",2100.0,"[185, 220, 45, 46]",cache/1756274609971.png,,,,
1514,235,green,large,metal,sphere,"[147, 100, 12.655292510986328]",3542.0,"[116, 70, 59, 59]",cache/1756274572151.png,,,,
1515,235,cyan,small,rubber,cylinder,"[273, 100, 13.637500762939453]",984.0,"[258, 81, 28, 34]",cache/1756274572163.png,,,,
1516,235,gray,large,metal,cube,"[417, 146, 10.505447387695312]",9914.0,"[368, 96, 97, 101]",cache/1756274572157.png,,,,
1517,236,cyan,small,rubber,sphere,"[177, 171, 10.215221405029297]",1327.0,"[158, 152, 36, 36]",cache/1756274409527.png,,,,
1518,236,brown,small,metal,cube,"[264, 135, 11.689722061157227]",6324.0,"[201, 59, 79, 79]",cache/1756274409537.png,,,,
1519,236,green,small,metal,sphere,"[335, 203, 9.178365707397461]",1671.0,"[314, 182, 41, 40]",cache/1756274409507.png,,,,
1520,236,yellow,small,metal,sphere,"[213, 231, 8.427436828613281]",1953.0,"[190, 208, 43, 44]",cache/1756274409502.png,,,,
1521,236,brown,small,metal,sphere,"[129, 148, 11.083816528320312]",1139.0,"[111, 131, 33, 33]",cache/1756274409512.png,,,,
1522,236,gray,large,rubber,cube,"[242, 99, 12.688535690307617]",6324.0,"[201, 59, 79, 79]",cache/1756274409537.png,,,,
1523,236,green,large,metal,cylinder,"[163, 93, 13.072556495666504]",4383.0,"[131, 56, 60, 72]",cache/1756274409522.png,,,,
1524,236,green,large,rubber,cylinder,"[344, 107, 12.250456809997559]",5192.0,"[311, 67, 66, 78]",cache/1756274409517.png,,,,
1525,236,red,large,rubber,sphere,"[392, 145, 10.425427436828613]",5221.0,"[355, 109, 73, 71]",cache/1756274409493.png,,,,
1526,236,blue,small,rubber,cylinder,"[279, 93, 14.090537071228027]",448.0,"[278, 75, 13, 33]",cache/1756274409544.png,,,,
1527,237,purple,small,metal,cube,"[108, 155, 10.747791290283203]",14557.0,"[68, 129, 119, 122]",cache/1756274528825.png,,,,
1528,237,blue,small,rubber,sphere,"[304, 122, 12.1653413772583]",740.0,"[288, 106, 30, 24]",cache/1756274528852.png,,,,
1529,237,green,small,metal,cylinder,"[212, 229, 8.495526313781738]",2720.0,"[189, 198, 44, 60]",cache/1756274528832.png,,,,
1530,237,gray,large,rubber,cube,"[131, 188, 8.926304817199707]",14557.0,"[68, 129, 119, 122]",cache/1756274528825.png,,,,
1531,237,red,small,rubber,cylinder,"[350, 132, 11.705097198486328]",1445.0,"[333, 110, 34, 41]",cache/1756274528837.png,,,,
1532,237,gray,large,rubber,cylinder,"[197, 100, 12.409655570983887]",4788.0,"[165, 61, 62, 77]",cache/1756274528847.png,,,,
1533,237,purple,small,rubber,cylinder,"[234, 91, 13.923202514648438]",728.0,"[226, 73, 21, 33]",cache/1756274528842.png,,,,
1534,237,brown,large,metal,sphere,"[297, 165, 9.6514892578125]",6023.0,"[258, 125, 77, 78]",cache/1756274528818.png,,,,
1535,238,cyan,large,rubber,cylinder,"[272, 225, 7.848874568939209]",13037.0,"[222, 161, 99, 130]",cache/1756274296477.png,,,,
1536,238,cyan,small,rubber,cylinder,"[203, 97, 13.364559173583984]",816.0,"[194, 79, 22, 35]",cache/1756274296500.png,,,,
1537,238,purple,small,rubber,cylinder,"[362, 179, 9.731464385986328]",2193.0,"[341, 153, 42, 51]",cache/1756274296457.png,,,,
1538,238,purple,small,rubber,sphere,"[398, 135, 11.395196914672852]",1103.0,"[381, 118, 33, 33]",cache/1756274296462.png,,,,
1539,238,red,small,rubber,cube,"[229, 201, 9.086194038391113]",13037.0,"[222, 161, 99, 130]",cache/1756274296477.png,,,,
1540,238,purple,large,rubber,sphere,"[294, 103, 12.092056274414062]",3801.0,"[263, 71, 61, 62]",cache/1756274296450.png,,,,
1541,238,cyan,large,rubber,cylinder,"[165, 114, 11.555139541625977]",5730.0,"[129, 72, 68, 83]",cache/1756274296489.png,,,,
1542,238,red,small,metal,cylinder,"[438, 153, 10.66164779663086]",1952.0,"[417, 129, 42, 46]",cache/1756274296466.png,,,,
1543,238,cyan,large,rubber,cylinder,"[121, 152, 9.954171180725098]",8252.0,"[77, 102, 83, 99]",cache/1756274296471.png,,,,
1544,238,red,small,rubber,cylinder,"[81, 147, 10.912212371826172]",8252.0,"[77, 102, 83, 99]",cache/1756274296471.png,,,,
1545,239,cyan,large,rubber,cylinder,"[237, 115, 11.082261085510254]",6002.0,"[201, 71, 68, 87]",cache/1756274416918.png,,,,
1546,239,purple,small,rubber,cylinder,"[382, 186, 9.17380428314209]",2564.0,"[358, 158, 46, 54]",cache/1756274416904.png,,,,
1547,239,green,small,metal,cylinder,"[205, 196, 8.859291076660156]",2454.0,"[182, 168, 43, 56]",cache/1756274416913.png,,,,
1548,239,red,small,metal,cylinder,"[91, 158, 10.080256462097168]",2056.0,"[69, 133, 42, 48]",cache/1756274416896.png,,,,
1549,239,gray,small,rubber,cube,"[312, 146, 10.530227661132812]",2107.0,"[290, 122, 44, 47]",cache/1756274416909.png,,,,
1550,239,blue,large,rubber,cylinder,"[148, 93, 12.230838775634766]",5138.0,"[113, 54, 66, 77]",cache/1756274416923.png,,,,
1551,240,red,small,rubber,cylinder,"[280, 99, 13.204541206359863]",817.0,"[271, 80, 23, 35]",cache/1756274249755.png,,,,
1552,240,brown,large,metal,sphere,"[256, 109, 11.787269592285156]",4072.0,"[224, 76, 62, 65]",cache/1756274249749.png,,,,
1553,240,purple,small,metal,sphere,"[112, 138, 11.325075149536133]",1108.0,"[95, 120, 33, 33]",cache/1756274249723.png,,,,
1554,240,blue,large,metal,cube,"[213, 155, 9.923254013061523]",16010.0,"[105, 145, 118, 134]",cache/1756274249714.png,,,,
1555,240,blue,large,rubber,cube,"[166, 210, 8.34880542755127]",16010.0,"[105, 145, 118, 134]",cache/1756274249714.png,,,,
1556,240,blue,large,rubber,cylinder,"[387, 129, 10.901247024536133]",6736.0,"[353, 84, 74, 90]",cache/1756274249779.png,,,,
1557,240,cyan,large,metal,cube,"[233, 78, 13.49878978729248]",4072.0,"[224, 76, 62, 65]",cache/1756274249749.png,,,,
1558,240,purple,large,metal,cylinder,"[331, 169, 9.470932960510254]",8967.0,"[290, 117, 85, 105]",cache/1756274249729.png,,,,
1559,241,green,large,metal,cylinder,"[130, 141, 10.260452270507812]",7739.0,"[88, 93, 80, 96]",cache/1756274336889.png,,,,
1560,241,gray,small,rubber,sphere,"[198, 254, 7.86811637878418]",2283.0,"[174, 229, 46, 48]",cache/1756274336895.png,,,,
1561,241,purple,small,metal,cube,"[236, 124, 11.737459182739258]",1825.0,"[215, 101, 41, 44]",cache/1756274336866.png,,,,
1562,241,red,large,rubber,sphere,"[312, 212, 8.18484878540039]",8260.0,"[267, 167, 90, 91]",cache/1756274336860.png,,,,
1563,241,green,large,metal,cube,"[266, 67, 13.945804595947266]",4986.0,"[230, 31, 69, 71]",cache/1756274336853.png,,,,
1564,241,yellow,small,rubber,cube,"[377, 195, 9.254204750061035]",3346.0,"[350, 165, 56, 59]",cache/1756274336878.png,,,,
1565,241,red,large,rubber,sphere,"[327, 130, 10.675400733947754]",4837.0,"[292, 94, 69, 69]",cache/1756274336871.png,,,,
1566,241,purple,large,metal,cylinder,"[180, 85, 12.797478675842285]",4557.0,"[148, 48, 61, 74]",cache/1756274336884.png,,,,
1567,242,yellow,large,metal,sphere,"[149, 137, 10.75294017791748]",4854.0,"[113, 101, 69, 69]",cache/1756274544226.png,,,,
1568,242,cyan,large,metal,sphere,"[296, 101, 12.665355682373047]",3487.0,"[266, 70, 59, 58]",cache/1756274544234.png,,,,
1569,242,green,large,rubber,cube,"[388, 119, 11.605066299438477]",7436.0,"[346, 78, 89, 83]",cache/1756274544239.png,,,,
1570,242,red,large,rubber,sphere,"[267, 163, 9.66220760345459]",5848.0,"[228, 125, 76, 76]",cache/1756274544244.png,,,,
1571,243,green,small,rubber,cube,"[231, 268, 7.177867412567139]",5729.0,"[195, 228, 70, 81]",cache/1756274273292.png,,,,
1572,243,yellow,large,metal,sphere,"[309, 112, 11.420294761657715]",3554.0,"[276, 79, 65, 54]",cache/1756274273303.png,,,,
1573,243,purple,small,rubber,cylinder,"[213, 118, 12.043268203735352]",1245.0,"[197, 98, 31, 39]",cache/1756274273320.png,,,,
1574,243,brown,small,rubber,cylinder,"[122, 164, 9.977729797363281]",8765.0,"[112, 156, 93, 93]",cache/1756274273279.png,,,,
1575,243,green,large,metal,sphere,"[78, 127, 10.700576782226562]",5151.0,"[41, 91, 72, 71]",cache/1756274273286.png,,,,
1576,243,purple,small,metal,cylinder,"[388, 185, 9.241687774658203]",2455.0,"[365, 158, 45, 53]",cache/1756274273315.png,,,,
1577,243,blue,small,rubber,cube,"[404, 155, 10.330487251281738]",2577.0,"[379, 129, 52, 49]",cache/1756274273325.png,,,,
1578,243,cyan,large,metal,sphere,"[160, 204, 8.014571189880371]",8765.0,"[112, 156, 93, 93]",cache/1756274273279.png,,,,
1579,243,purple,small,metal,sphere,"[258, 90, 13.809785842895508]",719.0,"[244, 76, 26, 27]",cache/1756274273298.png,,,,
1580,243,brown,large,metal,cube,"[305, 186, 8.503259658813477]",11899.0,"[254, 128, 98, 120]",cache/1756274273309.png,,,,
1581,244,blue,large,metal,cylinder,"[261, 90, 13.444254875183105]",3978.0,"[232, 55, 56, 69]",cache/1756274295196.png,,,,
1582,244,cyan,small,metal,cylinder,"[321, 130, 12.062767028808594]",18304.0,"[262, 109, 115, 158]",cache/1756274295152.png,,,,
1583,244,blue,large,rubber,cube,"[369, 163, 9.801755905151367]",18304.0,"[262, 109, 115, 158]",cache/1756274295152.png,,,,
1584,244,cyan,large,rubber,cube,"[176, 151, 10.276588439941406]",10365.0,"[123, 101, 100, 103]",cache/1756274295142.png,,,,
1585,244,red,large,rubber,cube,"[134, 108, 12.328617095947266]",10365.0,"[123, 101, 100, 103]",cache/1756274295142.png,,,,
1586,244,red,small,metal,cylinder,"[209, 95, 14.123841285705566]",879.0,"[195, 78, 26, 32]",cache/1756274295204.png,,,,
1587,244,blue,large,rubber,sphere,"[62, 134, 10.987251281738281]",4840.0,"[25, 99, 71, 67]",cache/1756274295132.png,,,,
1588,244,cyan,large,metal,cube,"[319, 200, 8.62374496459961]",18304.0,"[262, 109, 115, 158]",cache/1756274295152.png,,,,
1589,244,yellow,small,metal,cylinder,"[240, 247, 8.060822486877441]",2993.0,"[216, 215, 46, 64]",cache/1756274295180.png,,,,
1590,244,purple,large,metal,cube,"[401, 125, 11.417425155639648]",7626.0,"[358, 81, 92, 82]",cache/1756274295169.png,,,,
1591,245,purple,small,metal,sphere,"[250, 134, 12.010573387145996]",961.0,"[234, 118, 30, 31]",cache/1756274324832.png,,,,
1592,245,brown,small,metal,cylinder,"[363, 188, 9.935827255249023]",2103.0,"[342, 162, 41, 50]",cache/1756274324850.png,,,,
1593,245,red,large,rubber,sphere,"[180, 149, 10.594978332519531]",4917.0,"[144, 113, 70, 70]",cache/1756274324815.png,,,,
1594,245,green,small,metal,cube,"[296, 143, 11.604418754577637]",2012.0,"[274, 120, 43, 45]",cache/1756274324844.png,,,,
1595,245,blue,small,metal,cube,"[278, 212, 9.217377662658691]",2646.0,"[255, 184, 47, 55]",cache/1756274324806.png,,,,
1596,245,gray,small,metal,sphere,"[198, 250, 8.283931732177734]",2058.0,"[175, 226, 44, 46]",cache/1756274324820.png,,,,
1597,245,cyan,large,metal,cube,"[148, 99, 12.97729206085205]",6190.0,"[106, 60, 80, 77]",cache/1756274324826.png,,,,
1598,245,brown,small,metal,cylinder,"[235, 89, 14.589954376220703]",820.0,"[222, 72, 25, 31]",cache/1756274324855.png,,,,
1599,245,cyan,large,rubber,cube,"[315, 107, 12.534875869750977]",6272.0,"[277, 67, 76, 81]",cache/1756274324838.png,,,,
1600,246,green,small,rubber,cylinder,"[405, 165, 10.507942199707031]",1942.0,"[384, 141, 41, 47]",cache/1756274422993.png,,,,
1601,246,cyan,large,rubber,cylinder,"[318, 158, 10.022932052612305]",7697.0,"[280, 109, 78, 98]",cache/1756274422998.png,,,,
1602,246,blue,large,rubber,sphere,"[145, 109, 12.290644645690918]",3767.0,"[113, 78, 61, 61]",cache/1756274422978.png,,,,
1603,246,purple,small,rubber,sphere,"[212, 232, 8.447510719299316]",1980.0,"[190, 209, 43, 45]",cache/1756274422989.png,,,,
1604,246,green,small,rubber,sphere,"[200, 104, 13.617594718933105]",754.0,"[186, 89, 26, 27]",cache/1756274422983.png,,,,
1605,246,yellow,small,metal,cube,"[263, 205, 9.168426513671875]",3297.0,"[235, 175, 54, 60]",cache/1756274423006.png,,,,
1606,247,brown,large,metal,cylinder,"[123, 181, 9.122596740722656]",10248.0,"[73, 126, 92, 110]",cache/1756274469605.png,,,,
1607,247,cyan,large,rubber,cube,"[292, 88, 12.717422485351562]",6539.0,"[252, 47, 80, 81]",cache/1756274469587.png,,,,
1608,247,blue,small,rubber,sphere,"[228, 114, 12.228172302246094]",935.0,"[212, 98, 30, 31]",cache/1756274469595.png,,,,
1609,247,blue,small,metal,cube,"[362, 175, 9.94630241394043]",14830.0,"[255, 135, 128, 115]",cache/1756274469617.png,,,,
1610,247,red,small,metal,cube,"[89, 165, 10.264286041259766]",10248.0,"[73, 126, 92, 110]",cache/1756274469605.png,,,,
1611,247,green,large,metal,cylinder,"[298, 192, 8.823333740234375]",10208.0,"[255, 135, 88, 114]",cache/1756274469611.png,,,,
1612,248,red,large,metal,cube,"[231, 241, 7.573667049407959]",20012.0,"[163, 170, 134, 148]",cache/1756274599565.png,,,,
1613,248,brown,large,rubber,sphere,"[158, 187, 9.02292537689209]",6912.0,"[115, 145, 82, 83]",cache/1756274599582.png,,,,
1614,248,green,small,metal,sphere,"[208, 172, 10.291213989257812]",1027.0,"[192, 153, 33, 30]",cache/1756274599588.png,,,,
1615,248,green,large,rubber,sphere,"[296, 98, 13.221999168395996]",3213.0,"[267, 68, 56, 56]",cache/1756274599576.png,,,,
1616,248,cyan,small,rubber,cylinder,"[260, 149, 11.283441543579102]",1466.0,"[242, 127, 34, 43]",cache/1756274599593.png,,,,
1617,249,cyan,large,metal,sphere,"[244, 89, 13.557698249816895]",9072.0,"[178, 60, 92, 97]",cache/1756274262575.png,,,,
1618,249,purple,small,rubber,cylinder,"[354, 200, 9.588055610656738]",2314.0,"[332, 173, 43, 53]",cache/1756274262559.png,,,,
1619,249,cyan,large,metal,sphere,"[211, 126, 11.566991806030273]",9072.0,"[178, 60, 92, 97]",cache/1756274262575.png,,,,
1620,250,purple,small,metal,sphere,"[209, 102, 13.281292915344238]",781.0,"[194, 87, 27, 28]",cache/1756274347173.png,,,,
1621,250,brown,small,rubber,sphere,"[246, 155, 10.77779769897461]",1161.0,"[229, 137, 33, 34]",cache/1756274347193.png,,,,
1622,250,purple,large,metal,sphere,"[147, 166, 9.644905090332031]",6012.0,"[107, 127, 78, 77]",cache/1756274347166.png,,,,
1623,250,purple,large,metal,cylinder,"[276, 102, 12.329547882080078]",4882.0,"[244, 63, 62, 77]",cache/1756274347183.png,,,,
1624,250,yellow,small,metal,cube,"[344, 174, 10.068180084228516]",2753.0,"[317, 147, 50, 54]",cache/1756274347179.png,,,,
1625,250,red,small,rubber,cube,"[382, 146, 11.129350662231445]",2279.0,"[358, 121, 47, 47]",cache/1756274347189.png,,,,
1626,251,gray,small,metal,cube,"[310, 153, 10.580313682556152]",1965.0,"[289, 128, 40, 48]",cache/1756274436017.png,,,,
1627,251,blue,large,metal,sphere,"[140, 159, 9.69888687133789]",6033.0,"[100, 119, 78, 77]",cache/1756274436003.png,,,,
1628,251,cyan,large,rubber,sphere,"[223, 196, 8.648027420043945]",7433.0,"[180, 153, 85, 86]",cache/1756274436010.png,,,,
1629,251,gray,small,metal,cylinder,"[274, 119, 11.895577430725098]",1332.0,"[257, 98, 32, 40]",cache/1756274436022.png,,,,
1630,252,brown,small,metal,cube,"[117, 197, 9.222466468811035]",3034.0,"[88, 169, 54, 55]",cache/1756274529938.png,,,,
1631,252,red,large,metal,cube,"[269, 139, 10.439496994018555]",8711.0,"[223, 91, 88, 98]",cache/1756274529976.png,,,,
1632,252,red,large,metal,cylinder,"[252, 74, 13.720097541809082]",3645.0,"[224, 40, 55, 65]",cache/1756274529983.png,,,,
1633,252,green,small,rubber,cube,"[301, 108, 12.678812026977539]",8711.0,"[223, 91, 88, 98]",cache/1756274529976.png,,,,
1634,252,blue,small,rubber,cube,"[197, 128, 11.713912010192871]",1789.0,"[177, 105, 40, 44]",cache/1756274529970.png,,,,
1635,252,cyan,large,metal,cube,"[404, 156, 9.830496788024902]",12433.0,"[349, 103, 114, 108]",cache/1756274529944.png,,,,
1636,252,red,large,metal,cylinder,"[362, 106, 11.913969993591309]",12433.0,"[349, 103, 114, 108]",cache/1756274529944.png,,,,
1637,252,yellow,large,metal,sphere,"[216, 208, 8.300849914550781]",8009.0,"[171, 163, 89, 89]",cache/1756274529931.png,,,,
1638,252,gray,large,metal,sphere,"[179, 85, 13.055977821350098]",3342.0,"[150, 55, 56, 58]",cache/1756274529958.png,,,,
1639,252,blue,small,metal,sphere,"[115, 135, 11.385863304138184]",1093.0,"[97, 118, 33, 32]",cache/1756274529952.png,,,,
1640,253,red,large,metal,sphere,"[152, 118, 11.773910522460938]",4127.0,"[119, 85, 63, 64]",cache/1756274577826.png,,,,
1641,253,green,large,metal,cube,"[223, 186, 9.095837593078613]",12605.0,"[170, 129, 106, 118]",cache/1756274577834.png,,,,
1642,253,purple,large,metal,cylinder,"[255, 129, 11.231025695800781]",12605.0,"[170, 129, 106, 118]",cache/1756274577834.png,,,,
1643,253,red,small,metal,cylinder,"[368, 164, 10.579036712646484]",1861.0,"[348, 140, 39, 46]",cache/1756274577840.png,,,,
1644,254,green,large,metal,cube,"[412, 132, 10.991409301757812]",9670.0,"[363, 85, 100, 96]",cache/1756274274596.png,,,,
1645,254,cyan,small,rubber,cube,"[186, 124, 12.197004318237305]",1482.0,"[168, 102, 36, 40]",cache/1756274274664.png,,,,
1646,254,red,small,rubber,sphere,"[235, 93, 13.92831039428711]",710.0,"[221, 78, 26, 27]",cache/1756274274646.png,,,,
1647,254,yellow,small,rubber,sphere,"[322, 107, 13.055499076843262]",823.0,"[307, 92, 28, 29]",cache/1756274274655.png,,,,
1648,254,brown,large,metal,sphere,"[272, 149, 10.343162536621094]",5104.0,"[236, 112, 71, 71]",cache/1756274274608.png,,,,
1649,254,brown,large,rubber,cylinder,"[206, 223, 8.144388198852539]",11906.0,"[156, 162, 94, 125]",cache/1756274274639.png,,,,
1650,254,yellow,large,metal,cube,"[117, 119, 11.604811668395996]",5506.0,"[72, 77, 82, 66]",cache/1756274274618.png,,,,
1651,254,red,large,rubber,cube,"[134, 175, 9.438353538513184]",12750.0,"[74, 120, 110, 115]",cache/1756274274628.png,,,,
1652,255,green,large,metal,cube,"[216, 93, 12.236815452575684]",7019.0,"[174, 51, 81, 85]",cache/1756274605688.png,,,,
1653,255,blue,large,rubber,cube,"[307, 114, 11.303470611572266]",7175.0,"[268, 70, 81, 87]",cache/1756274605693.png,,,,
1654,255,cyan,small,rubber,cube,"[128, 198, 9.28624439239502]",2841.0,"[103, 168, 48, 58]",cache/1756274605664.png,,,,
1655,255,blue,small,rubber,sphere,"[182, 231, 8.508234024047852]",1924.0,"[160, 208, 43, 44]",cache/1756274605678.png,,,,
1656,255,gray,large,rubber,sphere,"[372, 166, 9.51527214050293]",6294.0,"[332, 126, 80, 78]",cache/1756274605673.png,,,,
1657,255,purple,large,metal,cube,"[277, 69, 13.499327659606934]",4703.0,"[242, 31, 69, 67]",cache/1756274605704.png,,,,
1658,255,purple,small,rubber,sphere,"[110, 143, 10.942471504211426]",1195.0,"[92, 125, 34, 34]",cache/1756274605683.png,,,,
1659,255,green,large,metal,cylinder,"[259, 146, 10.141267776489258]",7426.0,"[221, 97, 75, 98]",cache/1756274605699.png,,,,
1660,256,red,large,metal,cylinder,"[182, 151, 10.840073585510254]",6590.0,"[144, 106, 72, 91]",cache/1756274530311.png,,,,
1661,256,brown,small,metal,cube,"[237, 259, 8.397302627563477]",4004.0,"[208, 224, 58, 68]",cache/1756274530300.png,,,,
1662,256,brown,small,metal,cube,"[291, 145, 11.815735816955566]",1609.0,"[272, 124, 38, 42]",cache/1756274530307.png,,,,
1663,257,red,large,metal,cylinder,"[264, 78, 14.015677452087402]",3606.0,"[237, 44, 54, 65]",cache/1756274427808.png,,,,
1664,257,gray,large,metal,cylinder,"[180, 122, 11.234967231750488]",5942.0,"[144, 80, 69, 85]",cache/1756274427814.png,,,,
1665,257,purple,small,rubber,sphere,"[408, 150, 10.805147171020508]",1267.0,"[389, 132, 36, 35]",cache/1756274427804.png,,,,
1666,257,purple,large,rubber,cylinder,"[316, 170, 9.252330780029297]",9185.0,"[274, 118, 85, 106]",cache/1756274427797.png,,,,
1667,257,green,large,metal,cylinder,"[150, 99, 12.548800468444824]",4617.0,"[116, 61, 61, 75]",cache/1756274427820.png,,,,
1668,258,gray,large,metal,sphere,"[175, 151, 10.10092830657959]",6201.0,"[137, 105, 74, 83]",cache/1756274516190.png,,,,
1669,258,cyan,small,metal,sphere,"[273, 221, 8.753238677978516]",1896.0,"[251, 198, 42, 44]",cache/1756274516204.png,,,,
1670,258,gray,large,rubber,sphere,"[324, 134, 10.74404239654541]",4740.0,"[289, 98, 66, 70]",cache/1756274516209.png,,,,
1671,258,yellow,large,rubber,cube,"[392, 169, 9.512384414672852]",10342.0,"[347, 117, 97, 106]",cache/1756274516199.png,,,,
1672,258,gray,small,metal,sphere,"[158, 122, 12.039556503295898]",6201.0,"[137, 105, 74, 83]",cache/1756274516190.png,,,,
1673,259,brown,large,rubber,sphere,"[287, 96, 12.39258861541748]",3644.0,"[257, 65, 59, 60]",cache/1756274581727.png,,,,
1674,259,red,small,metal,cube,"[222, 193, 9.404708862304688]",2362.0,"[200, 166, 43, 54]",cache/1756274581721.png,,,,
1675,259,blue,small,rubber,cylinder,"[204, 159, 10.473609924316406]",1732.0,"[184, 135, 36, 47]",cache/1756274581731.png,,,,
1676,260,cyan,large,metal,sphere,"[409, 145, 10.134318351745605]",5656.0,"[371, 107, 76, 73]",cache/1756274369432.png,,,,
1677,260,yellow,small,metal,cube,"[337, 131, 11.616232872009277]",1529.0,"[318, 110, 37, 41]",cache/1756274369449.png,,,,
1678,260,blue,small,metal,cube,"[158, 145, 10.949934959411621]",2006.0,"[135, 122, 44, 45]",cache/1756274369438.png,,,,
1679,260,green,small,metal,cylinder,"[226, 199, 9.02675724029541]",2341.0,"[204, 170, 42, 55]",cache/1756274369458.png,,,,
1680,260,cyan,small,rubber,cube,"[200, 98, 13.520203590393066]",1307.0,"[181, 79, 36, 36]",cache/1756274369463.png,,,,
1681,260,purple,small,metal,cube,"[83, 136, 11.362277030944824]",2227.0,"[58, 113, 48, 46]",cache/1756274369443.png,,,,
1682,260,red,small,rubber,cylinder,"[113, 183, 9.520298957824707]",2244.0,"[90, 157, 43, 51]",cache/1756274369468.png,,,,
1683,260,purple,small,metal,cube,"[289, 105, 13.075376510620117]",1502.0,"[269, 85, 38, 38]",cache/1756274369453.png,,,,
1684,261,cyan,small,rubber,sphere,"[420, 155, 10.625030517578125]",1319.0,"[401, 136, 36, 35]",cache/1756274443554.png,,,,
1685,261,yellow,small,metal,cylinder,"[304, 162, 10.338807106018066]",10575.0,"[217, 137, 90, 117]",cache/1756274443564.png,,,,
1686,261,blue,large,rubber,sphere,"[354, 110, 11.81027889251709]",4065.0,"[322, 78, 64, 63]",cache/1756274443543.png,,,,
1687,261,red,large,metal,cylinder,"[262, 195, 8.547886848449707]",10575.0,"[217, 137, 90, 117]",cache/1756274443564.png,,,,
1688,261,yellow,large,metal,cylinder,"[139, 178, 9.055843353271484]",9885.0,"[92, 124, 89, 109]",cache/1756274443559.png,,,,
1689,261,green,small,rubber,cylinder,"[226, 172, 9.976612091064453]",10575.0,"[217, 137, 90, 117]",cache/1756274443564.png,,,,
1690,261,green,large,rubber,cube,"[209, 100, 12.37791633605957]",4925.0,"[174, 63, 65, 75]",cache/1756274443549.png,,,,
1691,262,brown,large,metal,sphere,"[245, 183, 8.891284942626953]",7013.0,"[202, 141, 83, 84]",cache/1756274476918.png,,,,
1692,262,red,large,rubber,sphere,"[261, 123, 11.133537292480469]",4215.0,"[227, 89, 66, 63]",cache/1756274476941.png,,,,
1693,262,cyan,small,metal,sphere,"[140, 181, 9.65345287322998]",1523.0,"[120, 161, 38, 39]",cache/1756274476912.png,,,,
1694,262,brown,large,metal,sphere,"[266, 75, 13.97995662689209]",2577.0,"[239, 47, 53, 48]",cache/1756274476924.png,,,,
1695,262,blue,large,metal,cylinder,"[425, 135, 10.627161026000977]",7676.0,"[384, 89, 83, 91]",cache/1756274476930.png,,,,
1696,262,brown,small,rubber,sphere,"[205, 254, 7.747042655944824]",2332.0,"[181, 229, 47, 49]",cache/1756274476936.png,,,,
1697,263,cyan,large,rubber,cube,"[227, 158, 9.7921724319458]",9000.0,"[180, 107, 87, 102]",cache/1756274523863.png,,,,
1698,263,purple,large,metal,cube,"[261, 100, 12.208879470825195]",6943.0,"[220, 58, 82, 84]",cache/1756274523877.png,,,,
1699,263,green,large,rubber,sphere,"[153, 112, 11.594259262084961]",4197.0,"[120, 79, 63, 65]",cache/1756274523883.png,,,,
1700,263,yellow,small,rubber,cube,"[370, 143, 11.058732032775879]",2295.0,"[346, 119, 47, 48]",cache/1756274523889.png,,,,
1701,263,yellow,small,metal,cylinder,"[318, 153, 10.697463989257812]",1717.0,"[299, 129, 37, 46]",cache/1756274523899.png,,,,
1702,263,gray,small,rubber,cylinder,"[205, 97, 13.251123428344727]",960.0,"[190, 79, 28, 33]",cache/1756274523904.png,,,,
1703,263,gray,small,rubber,cube,"[360, 192, 9.398564338684082]",3280.0,"[333, 163, 56, 57]",cache/1756274523894.png,,,,
1704,263,green,large,rubber,sphere,"[86, 142, 10.335674285888672]",5402.0,"[48, 105, 74, 72]",cache/1756274523871.png,,,,
1705,264,purple,small,rubber,sphere,"[315, 136, 11.590230941772461]",1038.0,"[298, 119, 32, 32]",cache/1756274535901.png,,,,
1706,264,gray,large,metal,cube,"[145, 170, 9.27874755859375]",11843.0,"[92, 116, 104, 113]",cache/1756274535895.png,,,,
1707,264,yellow,small,rubber,sphere,"[242, 172, 10.006403923034668]",1371.0,"[223, 152, 36, 37]",cache/1756274535911.png,,,,
1708,264,yellow,small,rubber,sphere,"[210, 115, 12.789067268371582]",862.0,"[195, 99, 28, 29]",cache/1756274535906.png,,,,
1709,265,purple,small,rubber,sphere,"[253, 111, 12.683318138122559]",819.0,"[238, 96, 27, 29]",cache/1756274419154.png,,,,
1710,265,gray,large,metal,sphere,"[296, 113, 11.676192283630371]",3780.0,"[264, 80, 62, 60]",cache/1756274419163.png,,,,
1711,265,blue,large,metal,cube,"[323, 157, 9.85397720336914]",8534.0,"[281, 108, 85, 99]",cache/1756274419147.png,,,,
1712,266,brown,large,rubber,sphere,"[281, 131, 10.592193603515625]",4918.0,"[246, 94, 69, 70]",cache/1756274553727.png,,,,
1713,266,brown,small,rubber,sphere,"[407, 158, 10.300272941589355]",1345.0,"[388, 139, 37, 36]",cache/1756274553738.png,,,,
1714,266,brown,small,metal,cylinder,"[157, 183, 9.407097816467285]",2206.0,"[135, 157, 41, 52]",cache/1756274553750.png,,,,
1715,266,brown,large,rubber,cylinder,"[254, 86, 12.93453311920166]",4273.0,"[224, 50, 59, 72]",cache/1756274553757.png,,,,
1716,266,purple,small,rubber,sphere,"[344, 126, 11.64622688293457]",549.0,"[327, 109, 31, 17]",cache/1756274553765.png,,,,
1717,266,brown,small,metal,cube,"[198, 229, 8.154024124145508]",3976.0,"[169, 195, 58, 68]",cache/1756274553714.png,,,,
1718,266,blue,small,metal,cube,"[142, 111, 12.408562660217285]",1480.0,"[123, 91, 36, 40]",cache/1756274553722.png,,,,
1719,266,gray,small,rubber,cube,"[102, 139, 11.07026481628418]",2291.0,"[77, 115, 48, 47]",cache/1756274553733.png,,,,
1720,266,cyan,large,rubber,cylinder,"[341, 180, 8.822047233581543]",10487.0,"[296, 124, 92, 113]",cache/1756274553743.png,,,,
1721,267,gray,small,rubber,sphere,"[77, 140, 10.718832969665527]",1304.0,"[58, 121, 35, 36]",cache/1756274475324.png,,,,
1722,267,blue,small,rubber,cube,"[288, 107, 12.36495304107666]",1654.0,"[267, 86, 40, 40]",cache/1756274475319.png,,,,
1723,267,green,small,rubber,cube,"[114, 173, 9.476601600646973]",2385.0,"[90, 146, 45, 52]",cache/1756274475315.png,,,,
1724,267,red,large,rubber,cylinder,"[372, 110, 11.261601448059082]",6314.0,"[336, 67, 74, 85]",cache/1756274475310.png,,,,
1725,267,blue,large,metal,cube,"[206, 134, 10.141337394714355]",9437.0,"[159, 85, 93, 101]",cache/1756274475304.png,,,,
1726,268,green,large,metal,cylinder,"[200, 165, 9.382963180541992]",8552.0,"[158, 114, 81, 104]",cache/1756274391195.png,,,,
1727,268,red,small,rubber,sphere,"[316, 152, 10.723294258117676]",1205.0,"[298, 134, 34, 35]",cache/1756274391211.png,,,,
1728,268,yellow,small,metal,sphere,"[121, 138, 11.344517707824707]",1113.0,"[104, 121, 33, 33]",cache/1756274391206.png,,,,
1729,268,blue,large,rubber,cylinder,"[330, 102, 12.390727043151855]",4899.0,"[298, 64, 64, 75]",cache/1756274391201.png,,,,
1730,268,yellow,large,metal,cube,"[268, 79, 14.003087997436523]",3710.0,"[239, 47, 56, 65]",cache/1756274391180.png,,,,
1731,268,red,large,rubber,cylinder,"[156, 98, 12.663628578186035]",4596.0,"[123, 61, 62, 73]",cache/1756274391215.png,,,,
1732,269,cyan,large,rubber,cube,"[182, 106, 12.484959602355957]",5067.0,"[145, 68, 67, 75]",cache/1756274304278.png,,,,
1733,269,yellow,small,metal,cylinder,"[351, 145, 11.368219375610352]",10943.0,"[334, 107, 113, 96]",cache/1756274304285.png,,,,
1734,269,blue,small,rubber,sphere,"[211, 250, 8.015048027038574]",2214.0,"[188, 226, 46, 47]",cache/1756274304290.png,,,,
1735,269,red,small,metal,sphere,"[301, 182, 9.886648178100586]",1417.0,"[281, 163, 37, 37]",cache/1756274304295.png,,,,
1736,269,green,large,rubber,cube,"[393, 155, 10.13633918762207]",10943.0,"[334, 107, 113, 96]",cache/1756274304285.png,,,,
1737,270,red,small,rubber,cylinder,"[154, 165, 10.280838012695312]",1897.0,"[134, 140, 38, 48]",cache/1756274402736.png,,,,
1738,270,yellow,large,rubber,sphere,"[208, 90, 12.454300880432129]",3608.0,"[177, 59, 59, 60]",cache/1756274402710.png,,,,
1739,270,brown,small,metal,cube,"[420, 153, 10.654571533203125]",2488.0,"[395, 127, 48, 51]",cache/1756274402705.png,,,,
1740,270,yellow,small,metal,cylinder,"[258, 220, 8.802502632141113]",2552.0,"[235, 190, 43, 58]",cache/1756274402721.png,,,,
1741,270,blue,small,rubber,cube,"[270, 83, 13.67454719543457]",1385.0,"[251, 64, 36, 37]",cache/1756274402716.png,,,,
1742,270,gray,small,rubber,sphere,"[166, 240, 8.354557037353516]",2043.0,"[143, 217, 44, 46]",cache/1756274402731.png,,,,
1743,270,gray,small,metal,cylinder,"[369, 191, 9.507570266723633]",2395.0,"[347, 164, 44, 53]",cache/1756274402740.png,,,,
1744,270,gray,large,rubber,cylinder,"[113, 113, 11.405549049377441]",6437.0,"[74, 70, 74, 86]",cache/1756274402725.png,,,,
1745,271,red,large,metal,sphere,"[154, 156, 10.158469200134277]",5502.0,"[116, 119, 74, 74]",cache/1756274351800.png,,,,
1746,271,gray,large,rubber,cylinder,"[320, 102, 12.399377822875977]",5080.0,"[288, 63, 64, 78]",cache/1756274351818.png,,,,
1747,271,blue,small,rubber,cube,"[193, 234, 8.632320404052734]",2891.0,"[168, 204, 48, 59]",cache/1756274351808.png,,,,
1748,271,green,small,rubber,sphere,"[131, 132, 11.83853530883789]",704.0,"[114, 115, 27, 25]",cache/1756274351825.png,,,,
1749,271,yellow,large,rubber,cube,"[256, 75, 13.938432693481445]",5154.0,"[220, 39, 70, 72]",cache/1756274351813.png,,,,
1750,272,red,small,metal,cylinder,"[276, 105, 13.288286209106445]",1046.0,"[261, 86, 29, 35]",cache/1756274537277.png,,,,
1751,272,red,large,rubber,sphere,"[158, 106, 12.304828643798828]",3736.0,"[126, 75, 60, 61]",cache/1756274537265.png,,,,
1752,272,purple,small,metal,sphere,"[256, 161, 10.733053207397461]",1220.0,"[238, 142, 34, 35]",cache/1756274537273.png,,,,
1753,273,gray,large,metal,sphere,"[254, 66, 14.588868141174316]",2518.0,"[230, 39, 48, 51]",cache/1756274518373.png,,,,
1754,273,blue,small,rubber,sphere,"[209, 119, 12.454386711120605]",5718.0,"[159, 46, 75, 76]",cache/1756274518368.png,,,,
1755,273,cyan,small,metal,sphere,"[138, 209, 9.21544075012207]",1682.0,"[117, 189, 40, 41]",cache/1756274518341.png,,,,
1756,273,red,small,metal,cube,"[303, 112, 12.787797927856445]",1620.0,"[283, 91, 40, 40]",cache/1756274518352.png,,,,
1757,273,purple,large,metal,sphere,"[214, 227, 8.207717895507812]",8336.0,"[168, 181, 90, 92]",cache/1756274518324.png,,,,
1758,273,yellow,small,metal,sphere,"[105, 165, 10.559078216552734]",1260.0,"[86, 147, 35, 35]",cache/1756274518362.png,,,,
1759,273,cyan,small,rubber,cube,"[365, 131, 11.901803016662598]",1874.0,"[344, 108, 42, 44]",cache/1756274518332.png,,,,
1760,273,brown,large,rubber,cube,"[198, 83, 13.472151756286621]",5718.0,"[159, 46, 75, 76]",cache/1756274518368.png,,,,
1761,273,blue,small,metal,cube,"[84, 134, 11.767412185668945]",2076.0,"[61, 110, 45, 45]",cache/1756274518347.png,,,,
1762,273,yellow,small,rubber,cube,"[279, 148, 11.16688060760498]",1776.0,"[259, 125, 38, 45]",cache/1756274518357.png,,,,
1763,274,cyan,large,metal,sphere,"[245, 227, 8.169466972351074]",8374.0,"[199, 181, 90, 92]",cache/1756274272253.png,,,,
1764,274,red,small,rubber,cube,"[179, 141, 11.661704063415527]",5648.0,"[175, 65, 72, 77]",cache/1756274272283.png,,,,
1765,274,cyan,large,rubber,cube,"[214, 104, 12.664578437805176]",5648.0,"[175, 65, 72, 77]",cache/1756274272283.png,,,,
1766,274,purple,large,rubber,cube,"[277, 137, 11.019487380981445]",8771.0,"[231, 91, 91, 95]",cache/1756274272267.png,,,,
1767,274,purple,small,rubber,cylinder,"[151, 111, 13.163233757019043]",1087.0,"[134, 92, 30, 35]",cache/1756274272289.png,,,,
1768,274,purple,small,rubber,cube,"[337, 176, 10.305316925048828]",2765.0,"[310, 149, 52, 52]",cache/1756274272262.png,,,,
1769,274,yellow,large,metal,cube,"[285, 88, 13.66608715057373]",2831.0,"[256, 53, 57, 49]",cache/1756274272273.png,,,,
1770,275,red,small,metal,sphere,"[146, 114, 12.872929573059082]",855.0,"[131, 98, 29, 29]",cache/1756274523163.png,,,,
1771,275,gray,small,metal,cylinder,"[231, 102, 13.665644645690918]",948.0,"[216, 84, 27, 33]",cache/1756274523175.png,,,,
1772,275,red,small,metal,cylinder,"[141, 175, 9.956944465637207]",2019.0,"[119, 150, 40, 49]",cache/1756274523169.png,,,,
1773,276,cyan,small,metal,cylinder,"[399, 162, 10.157773971557617]",2129.0,"[378, 137, 42, 49]",cache/1756274398055.png,,,,
1774,276,red,small,rubber,cube,"[272, 111, 12.068327903747559]",1839.0,"[251, 89, 41, 44]",cache/1756274398050.png,,,,
1775,276,green,small,metal,cube,"[233, 92, 12.974875450134277]",1544.0,"[213, 72, 38, 40]",cache/1756274398045.png,,,,
1776,276,cyan,large,metal,cube,"[324, 180, 8.990121841430664]",13503.0,"[268, 120, 109, 123]",cache/1756274398038.png,,,,
1777,277,brown,small,rubber,cylinder,"[137, 141, 11.20265007019043]",1561.0,"[118, 119, 35, 43]",cache/1756274441231.png,,,,
1778,277,cyan,small,rubber,sphere,"[300, 214, 8.678438186645508]",1845.0,"[279, 192, 42, 43]",cache/1756274441194.png,,,,
1779,277,brown,large,rubber,cylinder,"[363, 150, 10.011138916015625]",8048.0,"[323, 102, 82, 97]",cache/1756274441219.png,,,,
1780,277,purple,small,metal,cylinder,"[251, 119, 12.30643081665039]",1203.0,"[235, 99, 31, 38]",cache/1756274441225.png,,,,
1781,277,purple,large,rubber,sphere,"[58, 140, 10.427749633789062]",5378.0,"[19, 103, 75, 71]",cache/1756274441186.png,,,,
1782,277,gray,large,metal,sphere,"[314, 111, 11.818817138671875]",4055.0,"[283, 78, 62, 65]",cache/1756274441209.png,,,,
1783,277,brown,large,rubber,sphere,"[197, 216, 7.971149444580078]",8779.0,"[149, 169, 93, 94]",cache/1756274441199.png,,,,
1784,277,cyan,small,metal,sphere,"[229, 87, 14.330794334411621]",669.0,"[216, 73, 25, 26]",cache/1756274441205.png,,,,
1785,277,yellow,small,metal,cube,"[176, 109, 12.884504318237305]",1467.0,"[156, 89, 38, 38]",cache/1756274441214.png,,,,
1786,278,purple,small,metal,cube,"[65, 153, 10.34046745300293]",2477.0,"[40, 127, 48, 51]",cache/1756274494887.png,,,,
1787,278,blue,large,metal,cube,"[260, 118, 10.963828086853027]",8817.0,"[214, 72, 92, 94]",cache/1756274494904.png,,,,
1788,278,cyan,large,metal,cube,"[302, 87, 12.547263145446777]",8817.0,"[214, 72, 92, 94]",cache/1756274494904.png,,,,
1789,278,purple,small,metal,cube,"[219, 226, 8.211355209350586]",4050.0,"[189, 192, 59, 68]",cache/1756274494880.png,,,,
1790,278,blue,small,metal,cube,"[142, 167, 9.842202186584473]",2960.0,"[115, 139, 53, 55]",cache/1756274494913.png,,,,
1791,278,purple,small,metal,sphere,"[366, 146, 10.595033645629883]",1265.0,"[347, 128, 35, 35]",cache/1756274494895.png,,,,
1792,278,red,large,rubber,sphere,"[118, 104, 11.650565147399902]",4149.0,"[84, 70, 64, 64]",cache/1756274494927.png,,,,
1793,279,brown,small,rubber,cube,"[252, 111, 12.170736312866211]",1574.0,"[232, 90, 37, 41]",cache/1756274464542.png,,,,
1794,279,blue,small,rubber,cylinder,"[390, 180, 9.52355670928955]",2426.0,"[367, 153, 45, 53]",cache/1756274464525.png,,,,
1795,279,yellow,large,rubber,cylinder,"[163, 110, 11.365762710571289]",6026.0,"[126, 67, 70, 86]",cache/1756274464532.png,,,,
1796,279,brown,small,metal,sphere,"[207, 219, 8.506962776184082]",1943.0,"[184, 196, 43, 44]",cache/1756274464515.png,,,,
1797,280,red,large,metal,cube,"[307, 126, 10.998207092285156]",7355.0,"[267, 80, 79, 93]",cache/1756274593156.png,,,,
1798,280,red,large,metal,cylinder,"[412, 150, 10.124605178833008]",8686.0,"[369, 101, 88, 98]",cache/1756274593161.png,,,,
1799,280,purple,large,metal,sphere,"[197, 78, 13.302720069885254]",3172.0,"[169, 49, 56, 56]",cache/1756274593149.png,,,,
1800,281,yellow,small,rubber,cube,"[80, 145, 11.574243545532227]",1932.0,"[58, 122, 42, 45]",cache/1756274594298.png,,,,
1801,281,gray,small,rubber,cube,"[184, 184, 10.041199684143066]",2173.0,"[161, 158, 43, 49]",cache/1756274594304.png,,,,
1802,281,purple,large,rubber,cube,"[152, 108, 12.584789276123047]",6740.0,"[109, 68, 82, 81]",cache/1756274594291.png,,,,
1803,281,blue,small,metal,cube,"[261, 129, 12.348197937011719]",1286.0,"[244, 109, 33, 38]",cache/1756274594286.png,,,,
1804,282,brown,small,rubber,cube,"[164, 159, 10.230565071105957]",13907.0,"[151, 134, 109, 127]",cache/1756274273644.png,,,,
1805,282,cyan,large,metal,sphere,"[350, 167, 9.145034790039062]",6885.0,"[308, 126, 83, 82]",cache/1756274273632.png,,,,
1806,282,purple,large,metal,sphere,"[143, 112, 11.540298461914062]",4227.0,"[109, 78, 65, 64]",cache/1756274273639.png,,,,
1807,282,gray,large,rubber,cube,"[205, 195, 8.294992446899414]",13907.0,"[151, 134, 109, 127]",cache/1756274273644.png,,,,
1808,282,cyan,large,metal,sphere,"[285, 132, 10.544377326965332]",5037.0,"[250, 96, 70, 71]",cache/1756274273650.png,,,,
1809,282,green,small,metal,sphere,"[211, 95, 13.547174453735352]",753.0,"[197, 81, 27, 27]",cache/1756274273655.png,,,,
1810,283,purple,large,rubber,cube,"[269, 198, 8.732136726379395]",14270.0,"[212, 138, 113, 125]",cache/1756274527421.png,,,,
1811,283,purple,small,rubber,cylinder,"[230, 112, 13.087179183959961]",1055.0,"[215, 93, 28, 36]",cache/1756274527455.png,,,,
1812,283,brown,large,metal,cylinder,"[396, 146, 10.54226303100586]",7568.0,"[357, 100, 81, 92]",cache/1756274527445.png,,,,
1813,283,yellow,small,rubber,sphere,"[143, 141, 11.556578636169434]",1062.0,"[126, 124, 32, 32]",cache/1756274527435.png,,,,
1814,283,red,large,rubber,cube,"[283, 89, 13.549617767333984]",5229.0,"[247, 53, 71, 73]",cache/1756274527428.png,,,,
1815,283,brown,large,metal,cube,"[346, 114, 12.022708892822266]",5488.0,"[313, 75, 69, 78]",cache/1756274527440.png,,,,
1816,283,gray,small,rubber,sphere,"[336, 189, 9.690905570983887]",1285.0,"[322, 169, 32, 39]",cache/1756274527451.png,,,,
1817,284,green,large,metal,cylinder,"[300, 150, 9.963876724243164]",7776.0,"[261, 102, 78, 98]",cache/1756274254049.png,,,,
1818,284,red,small,rubber,cylinder,"[239, 216, 8.62913703918457]",2594.0,"[217, 186, 43, 59]",cache/1756274254054.png,,,,
1819,284,blue,small,rubber,cube,"[365, 188, 9.40739917755127]",2577.0,"[340, 162, 49, 52]",cache/1756274254037.png,,,,
1820,284,purple,large,rubber,sphere,"[270, 79, 13.556410789489746]",3030.0,"[242, 50, 54, 55]",cache/1756274254044.png,,,,
1821,285,brown,large,metal,sphere,"[339, 102, 11.977350234985352]",3925.0,"[307, 69, 62, 62]",cache/1756274270984.png,,,,
1822,285,blue,large,rubber,sphere,"[203, 116, 11.317305564880371]",4331.0,"[170, 82, 65, 66]",cache/1756274270995.png,,,,
1823,285,purple,large,rubber,sphere,"[151, 166, 9.41885757446289]",6283.0,"[110, 126, 79, 79]",cache/1756274270989.png,,,,
1824,285,yellow,large,metal,sphere,"[337, 195, 8.600661277770996]",7677.0,"[293, 151, 87, 87]",cache/1756274270977.png,,,,
1825,286,yellow,large,metal,sphere,"[266, 90, 12.950325965881348]",3341.0,"[236, 60, 57, 58]",cache/1756274390533.png,,,,
1826,286,gray,small,metal,cube,"[316, 125, 11.980705261230469]",1396.0,"[298, 104, 33, 41]",cache/1756274390543.png,,,,
1827,286,red,large,metal,cube,"[103, 129, 10.969207763671875]",7263.0,"[62, 84, 79, 91]",cache/1756274390524.png,,,,
1828,286,cyan,small,rubber,sphere,"[261, 226, 8.581865310668945]",1929.0,"[239, 204, 43, 44]",cache/1756274390538.png,,,,
1829,287,gray,large,metal,cylinder,"[308, 131, 11.041609764099121]",7021.0,"[264, 88, 80, 87]",cache/1756274333173.png,,,,
1830,287,brown,small,rubber,sphere,"[145, 127, 12.126220703125]",951.0,"[129, 111, 30, 31]",cache/1756274333168.png,,,,
1831,287,blue,large,metal,sphere,"[265, 219, 8.076203346252441]",8527.0,"[219, 173, 91, 92]",cache/1756274333125.png,,,,
1832,287,red,small,metal,cube,"[166, 200, 9.260308265686035]",2458.0,"[141, 173, 46, 53]",cache/1756274333135.png,,,,
1833,287,purple,small,metal,sphere,"[279, 117, 12.673288345336914]",7021.0,"[264, 88, 80, 87]",cache/1756274333173.png,,,,
1834,287,yellow,small,metal,cube,"[357, 183, 9.800440788269043]",2683.0,"[332, 155, 48, 54]",cache/1756274333141.png,,,,
1835,287,blue,small,metal,cylinder,"[96, 171, 10.225031852722168]",1995.0,"[75, 146, 41, 48]",cache/1756274333151.png,,,,
1836,287,green,small,rubber,cube,"[67, 141, 11.463346481323242]",1795.0,"[46, 118, 40, 44]",cache/1756274333146.png,,,,
1837,287,green,large,metal,cylinder,"[213, 88, 13.491869926452637]",3921.0,"[184, 53, 56, 69]",cache/1756274333157.png,,,,
1838,288,blue,small,metal,cylinder,"[221, 88, 13.11172866821289]",1061.0,"[206, 69, 29, 36]",cache/1756274249387.png,,,,
1839,288,yellow,small,rubber,cylinder,"[300, 222, 8.40648365020752]",2910.0,"[276, 191, 47, 61]",cache/1756274249371.png,,,,
1840,288,purple,small,metal,cylinder,"[98, 182, 9.411296844482422]",2429.0,"[75, 155, 45, 53]",cache/1756274249377.png,,,,
1841,288,brown,small,metal,cylinder,"[242, 135, 10.979392051696777]",1536.0,"[224, 112, 34, 44]",cache/1756274249392.png,,,,
1842,288,cyan,small,metal,cube,"[51, 152, 10.36069393157959]",2796.0,"[24, 125, 52, 52]",cache/1756274249353.png,,,,
1843,288,red,small,rubber,sphere,"[160, 99, 12.520727157592773]",889.0,"[145, 84, 29, 30]",cache/1756274249364.png,,,,
1844,288,red,large,rubber,sphere,"[369, 154, 9.576337814331055]",6225.0,"[329, 114, 79, 78]",cache/1756274249336.png,,,,
1845,288,purple,large,metal,cylinder,"[305, 105, 11.427449226379395]",5951.0,"[271, 62, 69, 85]",cache/1756274249359.png,,,,
1846,288,cyan,small,metal,sphere,"[152, 206, 8.775323867797852]",1846.0,"[130, 184, 42, 43]",cache/1756274249347.png,,,,
1847,288,brown,small,rubber,sphere,"[200, 107, 12.162801742553711]",920.0,"[184, 91, 30, 30]",cache/1756274249382.png,,,,
1848,289,brown,large,rubber,cube,"[72, 121, 10.924939155578613]",8391.0,"[20, 77, 95, 87]",cache/1756274446714.png,,,,
1849,289,blue,large,rubber,cube,"[245, 88, 12.74803352355957]",5295.0,"[210, 50, 71, 74]",cache/1756274446741.png,,,,
1850,289,brown,large,rubber,cube,"[312, 98, 12.135162353515625]",5299.0,"[280, 59, 68, 77]",cache/1756274446731.png,,,,
1851,289,blue,large,rubber,cylinder,"[424, 143, 9.969982147216797]",8797.0,"[381, 95, 89, 98]",cache/1756274446725.png,,,,
1852,289,cyan,large,metal,cube,"[203, 153, 9.605484962463379]",9045.0,"[155, 103, 88, 101]",cache/1756274446705.png,,,,
1853,289,red,small,metal,cylinder,"[121, 192, 9.054768562316895]",2530.0,"[97, 164, 45, 55]",cache/1756274446736.png,,,,
1854,289,green,large,rubber,cylinder,"[276, 192, 8.38404369354248]",11044.0,"[230, 134, 92, 119]",cache/1756274446719.png,,,,
1855,290,red,large,rubber,cylinder,"[297, 131, 10.903440475463867]",6357.0,"[262, 86, 71, 89]",cache/1756274456640.png,,,,
1856,290,brown,large,metal,sphere,"[139, 148, 10.176319122314453]",5394.0,"[101, 111, 74, 72]",cache/1756274456629.png,,,,
1857,290,purple,small,rubber,sphere,"[338, 118, 12.343780517578125]",692.0,"[330, 102, 22, 30]",cache/1756274456650.png,,,,
1858,290,cyan,small,rubber,sphere,"[257, 205, 9.019076347351074]",1722.0,"[236, 184, 40, 42]",cache/1756274456636.png,,,,
1859,290,purple,small,metal,cylinder,"[187, 108, 12.895904541015625]",1114.0,"[171, 89, 30, 36]",cache/1756274456645.png,,,,
1860,291,green,large,rubber,sphere,"[350, 107, 11.556169509887695]",4235.0,"[318, 74, 65, 65]",cache/1756274433013.png,,,,
1861,291,purple,small,metal,cube,"[246, 95, 13.066462516784668]",1433.0,"[227, 75, 36, 38]",cache/1756274433019.png,,,,
1862,291,green,small,metal,cylinder,"[315, 172, 9.826048851013184]",2064.0,"[294, 146, 40, 50]",cache/1756274433034.png,,,,
1863,291,cyan,large,metal,cube,"[155, 210, 8.139880180358887]",12965.0,"[97, 150, 105, 122]",cache/1756274433049.png,,,,
1864,291,purple,small,metal,sphere,"[348, 207, 8.818007469177246]",1821.0,"[326, 186, 42, 42]",cache/1756274433004.png,,,,
1865,291,red,small,rubber,cylinder,"[394, 146, 10.710760116577148]",1846.0,"[373, 123, 40, 46]",cache/1756274433039.png,,,,
1866,291,red,large,metal,cylinder,"[137, 117, 11.100285530090332]",6034.0,"[99, 73, 73, 81]",cache/1756274433029.png,,,,
1867,291,gray,small,metal,cube,"[66, 157, 10.322091102600098]",2838.0,"[37, 131, 54, 51]",cache/1756274433008.png,,,,
1868,291,yellow,small,metal,cylinder,"[213, 186, 9.40253734588623]",16604.0,"[97, 150, 135, 122]",cache/1756274432994.png,,,,
1869,291,cyan,small,metal,sphere,"[280, 111, 12.20692253112793]",928.0,"[264, 95, 30, 30]",cache/1756274433024.png,,,,
1870,292,yellow,large,rubber,cube,"[64, 129, 10.5791597366333]",9678.0,"[15, 80, 96, 100]",cache/1756274508907.png,,,,
1871,292,cyan,small,rubber,cylinder,"[257, 88, 13.22829818725586]",1062.0,"[242, 69, 29, 36]",cache/1756274508942.png,,,,
1872,292,blue,small,metal,cube,"[330, 134, 11.132144927978516]",10072.0,"[254, 128, 88, 114]",cache/1756274508936.png,,,,
1873,292,yellow,small,metal,cube,"[193, 248, 7.977395057678223]",4710.0,"[160, 211, 63, 73]",cache/1756274508915.png,,,,
1874,292,cyan,small,metal,cube,"[128, 215, 8.677079200744629]",2934.0,"[101, 185, 49, 59]",cache/1756274508902.png,,,,
1875,292,green,small,metal,cube,"[139, 108, 12.211450576782227]",1782.0,"[117, 86, 42, 42]",cache/1756274508921.png,,,,
1876,292,yellow,small,metal,sphere,"[231, 169, 9.9337739944458]",1410.0,"[211, 149, 37, 37]",cache/1756274508926.png,,,,
1877,292,red,large,rubber,cylinder,"[296, 184, 8.845545768737793]",10072.0,"[254, 128, 88, 114]",cache/1756274508936.png,,,,
1878,292,brown,small,rubber,cube,"[183, 122, 11.590123176574707]",1709.0,"[163, 100, 38, 44]",cache/1756274508931.png,,,,
1879,292,brown,small,rubber,cube,"[444, 155, 10.382160186767578]",2517.0,"[420, 128, 48, 52]",cache/1756274508894.png,,,,
1880,293,brown,small,metal,cube,"[107, 187, 9.364776611328125]",2983.0,"[80, 158, 51, 57]",cache/1756274610621.png,,,,
1881,293,purple,small,rubber,sphere,"[333, 121, 11.743988990783691]",1016.0,"[317, 104, 31, 32]",cache/1756274610628.png,,,,
1882,293,red,small,metal,sphere,"[323, 210, 8.753377914428711]",1866.0,"[301, 188, 42, 43]",cache/1756274610615.png,,,,
1883,293,brown,small,rubber,cylinder,"[66, 161, 10.18691635131836]",2033.0,"[44, 136, 41, 49]",cache/1756274610643.png,,,,
1884,293,brown,large,rubber,cylinder,"[264, 70, 13.59682559967041]",3755.0,"[236, 35, 55, 67]",cache/1756274610660.png,,,,
1885,293,cyan,large,metal,cylinder,"[110, 115, 11.217065811157227]",6617.0,"[70, 71, 75, 87]",cache/1756274610638.png,,,,
1886,293,blue,small,metal,cylinder,"[429, 146, 10.735858917236328]",1946.0,"[408, 122, 41, 46]",cache/1756274610633.png,,,,
1887,293,brown,large,rubber,cube,"[246, 97, 12.025812149047852]",3755.0,"[236, 35, 55, 67]",cache/1756274610660.png,,,,
1888,293,red,small,metal,cylinder,"[199, 91, 13.26746654510498]",929.0,"[184, 72, 25, 35]",cache/1756274610650.png,,,,
1889,294,purple,large,rubber,cube,"[165, 125, 11.042576789855957]",6687.0,"[127, 82, 75, 88]",cache/1756274372881.png,,,,
1890,294,brown,small,metal,sphere,"[196, 253, 7.64755392074585]",2435.0,"[171, 228, 48, 50]",cache/1756274372893.png,,,,
1891,294,cyan,small,rubber,cube,"[429, 157, 10.461122512817383]",2103.0,"[408, 133, 43, 48]",cache/1756274372887.png,,,,
1892,294,gray,small,metal,cube,"[180, 177, 9.726496696472168]",2941.0,"[152, 149, 52, 55]",cache/1756274372904.png,,,,
1893,294,brown,small,metal,cube,"[295, 222, 8.378922462463379]",3114.0,"[268, 191, 49, 62]",cache/1756274372873.png,,,,
1894,294,yellow,large,rubber,cylinder,"[370, 109, 11.87314224243164]",5688.0,"[335, 69, 70, 80]",cache/1756274372909.png,,,,
1895,294,gray,small,rubber,cylinder,"[253, 112, 12.663479804992676]",1114.0,"[238, 93, 29, 37]",cache/1756274372920.png,,,,
1896,294,red,small,metal,sphere,"[341, 201, 8.972509384155273]",1758.0,"[320, 179, 41, 42]",cache/1756274372899.png,,,,
1897,294,purple,small,rubber,cylinder,"[229, 89, 14.211599349975586]",849.0,"[215, 71, 26, 32]",cache/1756274372915.png,,,,
1898,295,blue,small,metal,cylinder,"[179, 165, 10.207422256469727]",1820.0,"[159, 140, 38, 47]",cache/1756274555171.png,,,,
1899,295,blue,small,rubber,sphere,"[275, 203, 8.937681198120117]",10109.0,"[182, 187, 99, 101]",cache/1756274555176.png,,,,
1900,295,yellow,small,metal,sphere,"[147, 134, 11.537773132324219]",1061.0,"[130, 117, 32, 32]",cache/1756274555148.png,,,,
1901,295,cyan,small,rubber,sphere,"[315, 146, 10.957481384277344]",1162.0,"[298, 129, 33, 34]",cache/1756274555166.png,,,,
1902,295,red,large,rubber,sphere,"[232, 237, 7.4398274421691895]",10109.0,"[182, 187, 99, 101]",cache/1756274555176.png,,,,
1903,295,green,large,rubber,cube,"[280, 80, 13.793230056762695]",4737.0,"[245, 45, 67, 70]",cache/1756274555155.png,,,,
1904,295,brown,small,rubber,sphere,"[362, 181, 9.613423347473145]",1518.0,"[342, 161, 39, 38]",cache/1756274555161.png,,,,
1905,296,gray,small,metal,cylinder,"[104, 129, 11.948081016540527]",1442.0,"[85, 108, 35, 40]",cache/1756274596025.png,,,,
1906,296,green,large,metal,cube,"[288, 164, 9.874817848205566]",10280.0,"[241, 112, 96, 106]",cache/1756274596008.png,,,,
1907,296,gray,small,rubber,cylinder,"[365, 134, 11.730972290039062]",1464.0,"[348, 112, 34, 42]",cache/1756274596035.png,,,,
1908,296,blue,large,metal,cube,"[193, 84, 13.424408912658691]",5086.0,"[159, 47, 68, 74]",cache/1756274596001.png,,,,
1909,296,yellow,large,metal,cube,"[426, 137, 10.821935653686523]",9822.0,"[377, 89, 99, 99]",cache/1756274596014.png,,,,
1910,296,purple,small,rubber,sphere,"[247, 212, 9.132726669311523]",1679.0,"[227, 191, 40, 41]",cache/1756274596020.png,,,,
1911,296,yellow,large,metal,cylinder,"[301, 90, 13.047651290893555]",4290.0,"[271, 53, 60, 71]",cache/1756274596030.png,,,,
1912,297,cyan,small,metal,cylinder,"[207, 101, 12.934930801391602]",1085.0,"[191, 82, 29, 36]",cache/1756274401898.png,,,,
1913,297,yellow,small,metal,cylinder,"[221, 173, 9.670937538146973]",2013.0,"[200, 147, 39, 51]",cache/1756274401888.png,,,,
1914,297,purple,large,metal,cube,"[290, 125, 10.749076843261719]",6981.0,"[249, 80, 78, 89]",cache/1756274401868.png,,,,
1915,297,gray,large,metal,cube,"[131, 102, 11.909828186035156]",7187.0,"[87, 60, 84, 84]",cache/1756274401883.png,,,,
1916,297,cyan,large,metal,cylinder,"[453, 139, 10.166790008544922]",6667.0,"[410, 91, 69, 96]",cache/1756274401908.png,,,,
1917,297,blue,small,rubber,cylinder,"[265, 227, 8.112343788146973]",2968.0,"[241, 195, 47, 63]",cache/1756274401893.png,,,,
1918,297,green,large,rubber,sphere,"[328, 178, 8.78837776184082]",7299.0,"[286, 135, 85, 85]",cache/1756274401877.png,,,,
1919,297,purple,small,rubber,cube,"[354, 132, 11.290075302124023]",1722.0,"[333, 110, 40, 42]",cache/1756274401903.png,,,,
1920,298,gray,large,rubber,cube,"[90, 152, 9.938295364379883]",12009.0,"[32, 102, 117, 102]",cache/1756274521677.png,,,,
1921,298,yellow,small,metal,sphere,"[156, 116, 12.581389427185059]",872.0,"[141, 101, 29, 29]",cache/1756274521687.png,,,,
1922,298,gray,small,metal,cube,"[208, 149, 10.87916088104248]",1783.0,"[187, 126, 39, 45]",cache/1756274521682.png,,,,
1923,298,cyan,small,rubber,cube,"[261, 228, 8.225123405456543]",2973.0,"[236, 197, 48, 60]",cache/1756274521663.png,,,,
1924,298,green,large,metal,sphere,"[158, 188, 8.670858383178711]",7448.0,"[114, 144, 85, 86]",cache/1756274521671.png,,,,
1925,298,gray,small,metal,cube,"[131, 136, 11.483311653137207]",12009.0,"[32, 102, 117, 102]",cache/1756274521677.png,,,,
1926,299,purple,large,rubber,cube,"[137, 156, 10.103471755981445]",9422.0,"[85, 108, 96, 98]",cache/1756274542525.png,,,,
1927,299,blue,small,metal,cube,"[243, 97, 14.378591537475586]",1204.0,"[224, 79, 35, 34]",cache/1756274542543.png,,,,
1928,299,blue,large,rubber,cylinder,"[326, 106, 12.678075790405273]",4677.0,"[295, 69, 62, 74]",cache/1756274542548.png,,,,
1929,299,red,large,metal,sphere,"[205, 191, 8.864470481872559]",7056.0,"[163, 148, 83, 84]",cache/1756274542536.png,,,,
1930,300,brown,large,metal,cylinder,"[245, 204, 8.39702320098877]",10921.0,"[199, 145, 91, 119]",cache/1756274407726.png,,,,
1931,300,blue,small,metal,cylinder,"[272, 94, 14.081336975097656]",909.0,"[257, 77, 27, 32]",cache/1756274407732.png,,,,
1932,300,purple,large,metal,cube,"[172, 102, 12.527565002441406]",5555.0,"[132, 63, 78, 70]",cache/1756274407709.png,,,,
1933,300,brown,small,rubber,sphere,"[317, 205, 9.030312538146973]",1686.0,"[296, 184, 40, 41]",cache/1756274407719.png,,,,
1934,300,yellow,small,rubber,cylinder,"[221, 106, 13.298624038696289]",900.0,"[209, 87, 25, 35]",cache/1756274407736.png,,,,
1935,300,yellow,large,rubber,sphere,"[184, 142, 10.504687309265137]",5041.0,"[147, 106, 70, 71]",cache/1756274407714.png,,,,
1936,300,green,large,metal,sphere,"[408, 129, 11.098946571350098]",4702.0,"[373, 94, 70, 66]",cache/1756274407701.png,,,,
1937,301,brown,small,rubber,sphere,"[261, 123, 12.476688385009766]",520.0,"[251, 108, 23, 21]",cache/1756274500222.png,,,,
1938,301,yellow,large,metal,sphere,"[236, 143, 10.644920349121094]",4749.0,"[200, 108, 67, 70]",cache/1756274500216.png,,,,
1939,301,purple,small,metal,cube,"[174, 147, 11.289389610290527]",2113.0,"[150, 124, 45, 46]",cache/1756274500211.png,,,,
1940,301,yellow,large,rubber,cube,"[291, 176, 9.410544395446777]",12539.0,"[237, 121, 109, 114]",cache/1756274500206.png,,,,
1941,301,purple,small,rubber,cube,"[93, 136, 11.82481575012207]",1592.0,"[72, 115, 39, 40]",cache/1756274500200.png,,,,
1942,301,purple,large,metal,sphere,"[203, 216, 8.231925964355469]",8214.0,"[157, 170, 89, 91]",cache/1756274500192.png,,,,
1943,302,purple,large,metal,sphere,"[376, 127, 10.836969375610352]",4863.0,"[341, 91, 70, 68]",cache/1756274433334.png,,,,
1944,302,red,small,rubber,cylinder,"[196, 160, 10.296769142150879]",1786.0,"[176, 135, 37, 47]",cache/1756274433349.png,,,,
1945,302,purple,small,metal,cube,"[282, 103, 12.934287071228027]",1136.0,"[266, 85, 31, 36]",cache/1756274433345.png,,,,
1946,302,purple,small,metal,sphere,"[142, 127, 11.654296875]",1028.0,"[125, 111, 32, 31]",cache/1756274433341.png,,,,
1947,303,cyan,large,rubber,cylinder,"[151, 95, 12.636909484863281]",4737.0,"[118, 58, 63, 74]",cache/1756274468869.png,,,,
1948,303,red,small,metal,cube,"[386, 182, 9.472323417663574]",2807.0,"[364, 153, 49, 57]",cache/1756274468864.png,,,,
1949,303,blue,large,metal,sphere,"[272, 87, 13.200986862182617]",3197.0,"[244, 58, 56, 56]",cache/1756274468854.png,,,,
1950,303,brown,large,metal,cube,"[322, 187, 8.580239295959473]",12423.0,"[269, 128, 102, 121]",cache/1756274468847.png,,,,
1951,303,red,small,metal,cube,"[250, 123, 12.004462242126465]",1670.0,"[230, 101, 40, 41]",cache/1756274468859.png,,,,
1952,304,gray,small,metal,cube,"[160, 150, 11.322243690490723]",1545.0,"[141, 128, 36, 42]",cache/1756274291594.png,,,,
1953,304,gray,large,rubber,cube,"[282, 85, 14.008536338806152]",5060.0,"[246, 50, 70, 71]",cache/1756274291599.png,,,,
1954,304,blue,large,metal,sphere,"[326, 115, 12.175921440124512]",3800.0,"[295, 83, 61, 61]",cache/1756274291588.png,,,,
1955,305,blue,large,metal,cube,"[97, 143, 10.552754402160645]",10179.0,"[42, 95, 103, 98]",cache/1756274354857.png,,,,
1956,305,brown,small,rubber,cylinder,"[224, 170, 10.256438255310059]",1746.0,"[205, 145, 36, 48]",cache/1756274354885.png,,,,
1957,305,gray,large,metal,sphere,"[411, 136, 10.85328483581543]",4927.0,"[375, 100, 71, 68]",cache/1756274354851.png,,,,
1958,305,brown,large,rubber,cube,"[291, 107, 12.374482154846191]",6718.0,"[250, 67, 82, 81]",cache/1756274354890.png,,,,
1959,305,brown,small,rubber,sphere,"[181, 130, 11.999930381774902]",964.0,"[165, 114, 30, 31]",cache/1756274354870.png,,,,
1960,305,gray,small,rubber,sphere,"[361, 190, 9.544508934020996]",1540.0,"[341, 170, 39, 39]",cache/1756274354875.png,,,,
1961,305,purple,small,metal,cylinder,"[245, 86, 14.822755813598633]",786.0,"[232, 70, 25, 30]",cache/1756274354896.png,,,,
1962,305,cyan,small,rubber,cube,"[214, 96, 14.09018611907959]",1237.0,"[195, 78, 35, 34]",cache/1756274354863.png,,,,
1963,305,yellow,large,metal,sphere,"[270, 194, 8.716797828674316]",7254.0,"[228, 151, 84, 85]",cache/1756274354843.png,,,,
1964,305,yellow,small,rubber,cube,"[149, 113, 12.937851905822754]",1389.0,"[130, 94, 36, 38]",cache/1756274354880.png,,,,
1965,306,red,small,rubber,cube,"[164, 114, 12.199519157409668]",1451.0,"[146, 92, 35, 41]",cache/1756274350600.png,,,,
1966,306,gray,small,rubber,cylinder,"[228, 207, 8.917824745178223]",2453.0,"[205, 177, 42, 57]",cache/1756274350610.png,,,,
1967,306,gray,small,metal,cylinder,"[204, 134, 11.279489517211914]",1479.0,"[187, 112, 33, 43]",cache/1756274350606.png,,,,
1968,307,gray,small,metal,cylinder,"[93, 150, 10.979013442993164]",1743.0,"[73, 127, 39, 44]",cache/1756274442113.png,,,,
1969,307,gray,small,metal,cylinder,"[253, 118, 12.542095184326172]",1173.0,"[237, 98, 30, 38]",cache/1756274442117.png,,,,
1970,307,red,small,rubber,cylinder,"[185, 176, 9.995960235595703]",1935.0,"[165, 150, 38, 49]",cache/1756274442109.png,,,,
1971,307,green,large,metal,sphere,"[272, 83, 13.799973487854004]",2937.0,"[245, 54, 54, 54]",cache/1756274442102.png,,,,
1972,308,blue,large,rubber,cylinder,"[360, 119, 10.714815139770508]",6901.0,"[323, 74, 76, 90]",cache/1756274499047.png,,,,
1973,308,blue,large,metal,cube,"[233, 68, 13.695369720458984]",4839.0,"[199, 32, 68, 70]",cache/1756274499025.png,,,,
1974,308,purple,small,rubber,cube,"[438, 148, 10.30434513092041]",2424.0,"[412, 124, 51, 47]",cache/1756274499036.png,,,,
1975,308,gray,large,metal,cylinder,"[313, 204, 7.858543395996094]",12961.0,"[265, 141, 100, 128]",cache/1756274499057.png,,,,
1976,308,yellow,small,metal,cylinder,"[309, 98, 12.706998825073242]",1162.0,"[293, 79, 31, 37]",cache/1756274499053.png,,,,
1977,308,blue,small,rubber,cube,"[104, 161, 9.845071792602539]",3001.0,"[75, 133, 55, 54]",cache/1756274499031.png,,,,
1978,308,blue,small,rubber,sphere,"[155, 184, 9.091078758239746]",1682.0,"[134, 162, 41, 41]",cache/1756274499042.png,,,,
1979,309,yellow,large,metal,cube,"[320, 99, 12.67243766784668]",6623.0,"[279, 59, 82, 80]",cache/1756274597963.png,,,,
1980,309,gray,small,rubber,sphere,"[183, 132, 11.889305114746094]",1017.0,"[167, 115, 31, 32]",cache/1756274597968.png,,,,
1981,309,yellow,small,metal,sphere,"[258, 88, 14.312260627746582]",679.0,"[245, 74, 25, 26]",cache/1756274597972.png,,,,
1982,310,yellow,small,rubber,cube,"[370, 147, 11.67758846282959]",1885.0,"[348, 124, 44, 42]",cache/1756274605037.png,,,,
1983,310,red,large,rubber,sphere,"[228, 82, 14.251524925231934]",2735.0,"[201, 55, 51, 52]",cache/1756274605018.png,,,,
1984,310,blue,large,metal,cube,"[269, 180, 9.746609687805176]",9899.0,"[221, 128, 91, 107]",cache/1756274605008.png,,,,
1985,310,gray,large,metal,sphere,"[199, 147, 10.916547775268555]",4746.0,"[164, 112, 67, 70]",cache/1756274605023.png,,,,
1986,310,brown,small,metal,cube,"[354, 174, 10.64783000946045]",2571.0,"[329, 148, 50, 51]",cache/1756274605028.png,,,,
1987,310,blue,small,rubber,cylinder,"[310, 137, 12.095945358276367]",9899.0,"[221, 128, 91, 107]",cache/1756274605008.png,,,,
1988,310,gray,small,rubber,cube,"[102, 128, 12.553016662597656]",1788.0,"[79, 106, 43, 41]",cache/1756274605032.png,,,,
1989,310,purple,small,rubber,cylinder,"[168, 106, 13.713051795959473]",993.0,"[153, 88, 28, 34]",cache/1756274605042.png,,,,
1990,311,yellow,large,metal,cylinder,"[227, 76, 14.15130615234375]",3660.0,"[199, 42, 53, 67]",cache/1756274401182.png,,,,
1991,311,yellow,small,metal,sphere,"[150, 220, 9.135403633117676]",1687.0,"[129, 199, 40, 41]",cache/1756274401147.png,,,,
1992,311,cyan,small,rubber,sphere,"[386, 139, 11.771682739257812]",1032.0,"[369, 122, 32, 31]",cache/1756274401167.png,,,,
1993,311,green,small,rubber,cylinder,"[246, 175, 10.445701599121094]",1740.0,"[227, 150, 36, 48]",cache/1756274401162.png,,,,
1994,311,yellow,small,metal,cylinder,"[206, 114, 12.915192604064941]",1143.0,"[190, 93, 29, 38]",cache/1756274401177.png,,,,
1995,311,yellow,small,rubber,cylinder,"[368, 166, 10.737964630126953]",1862.0,"[348, 142, 39, 47]",cache/1756274401157.png,,,,
1996,311,yellow,large,metal,sphere,"[276, 133, 11.259956359863281]",4383.0,"[243, 99, 65, 66]",cache/1756274401152.png,,,,
1997,311,gray,large,metal,cube,"[132, 110, 12.267273902893066]",7083.0,"[87, 69, 84, 83]",cache/1756274401139.png,,,,
1998,311,red,large,metal,cylinder,"[293, 85, 13.593339920043945]",3904.0,"[265, 50, 56, 68]",cache/1756274401172.png,,,,
1999,312,yellow,large,metal,cube,"[298, 108, 11.385093688964844]",6213.0,"[261, 65, 71, 86]",cache/1756274417369.png,,,,
2000,312,gray,large,metal,cube,"[259, 175, 9.005448341369629]",12999.0,"[204, 116, 107, 120]",cache/1756274417355.png,,,,
2001,312,yellow,small,rubber,cylinder,"[238, 94, 12.97756290435791]",1100.0,"[222, 74, 29, 37]",cache/1756274417384.png,,,,
2002,312,blue,large,metal,cylinder,"[140, 146, 9.884026527404785]",8360.0,"[96, 96, 82, 100]",cache/1756274417379.png,,,,
2003,312,green,large,rubber,cube,"[399, 124, 10.722216606140137]",9220.0,"[352, 75, 93, 98]",cache/1756274417363.png,,,,
2004,313,blue,small,metal,cylinder,"[276, 141, 11.16149616241455]",1469.0,"[258, 118, 34, 42]",cache/1756274536968.png,,,,
2005,313,brown,small,metal,cylinder,"[217, 94, 13.801421165466309]",914.0,"[203, 76, 27, 33]",cache/1756274536964.png,,,,
2006,313,blue,small,metal,sphere,"[336, 123, 12.02998161315918]",971.0,"[320, 107, 31, 31]",cache/1756274536945.png,,,,
2007,313,green,large,rubber,sphere,"[275, 206, 8.13120174407959]",8372.0,"[230, 160, 91, 91]",cache/1756274536931.png,,,,
2008,313,purple,small,metal,sphere,"[118, 177, 9.70464038848877]",1486.0,"[98, 157, 38, 38]",cache/1756274536940.png,,,,
2009,313,red,small,rubber,sphere,"[339, 201, 8.945592880249023]",1654.0,"[319, 180, 39, 41]",cache/1756274536955.png,,,,
2010,313,blue,small,metal,cylinder,"[190, 107, 12.964333534240723]",1064.0,"[174, 88, 29, 36]",cache/1756274536959.png,,,,
2011,313,gray,small,metal,cylinder,"[427, 147, 10.873283386230469]",1811.0,"[407, 124, 40, 44]",cache/1756274536978.png,,,,
2012,313,red,small,metal,cylinder,"[385, 159, 10.392356872558594]",1895.0,"[365, 135, 40, 46]",cache/1756274536973.png,,,,
2013,313,yellow,small,rubber,cube,"[161, 194, 9.161640167236328]",3021.0,"[135, 165, 51, 58]",cache/1756274536950.png,,,,
2014,314,red,small,metal,cylinder,"[203, 91, 13.042597770690918]",1060.0,"[188, 72, 29, 36]",cache/1756274440385.png,,,,
2015,314,purple,large,rubber,sphere,"[239, 110, 11.262941360473633]",4386.0,"[205, 75, 65, 66]",cache/1756274440376.png,,,,
2016,314,green,small,rubber,sphere,"[299, 184, 9.347912788391113]",1604.0,"[279, 164, 39, 40]",cache/1756274440381.png,,,,
2017,314,cyan,large,metal,sphere,"[386, 123, 10.700675010681152]",5087.0,"[350, 87, 72, 70]",cache/1756274440369.png,,,,
2018,315,purple,large,metal,sphere,"[108, 135, 10.802882194519043]",5092.0,"[69, 100, 73, 68]",cache/1756274433647.png,,,,
2019,315,cyan,large,rubber,cylinder,"[238, 230, 7.985728740692139]",12452.0,"[190, 167, 96, 129]",cache/1756274433659.png,,,,
2020,315,cyan,large,rubber,sphere,"[233, 93, 12.822569847106934]",3417.0,"[203, 63, 57, 59]",cache/1756274433654.png,,,,
2021,315,green,large,metal,cylinder,"[292, 132, 10.954451560974121]",6401.0,"[257, 87, 71, 89]",cache/1756274433665.png,,,,
2022,315,red,large,rubber,cylinder,"[399, 163, 9.802003860473633]",9026.0,"[357, 112, 88, 101]",cache/1756274433670.png,,,,
2023,315,yellow,small,metal,cylinder,"[86, 127, 11.959099769592285]",5092.0,"[69, 100, 73, 68]",cache/1756274433647.png,,,,
2024,315,gray,small,rubber,cylinder,"[320, 196, 9.46117115020752]",2374.0,"[296, 168, 44, 53]",cache/1756274433676.png,,,,
2025,316,brown,large,rubber,cylinder,"[355, 147, 10.799047470092773]",7115.0,"[317, 101, 77, 91]",cache/1756274362486.png,,,,
2026,316,red,small,rubber,sphere,"[232, 227, 9.026627540588379]",1741.0,"[211, 205, 40, 42]",cache/1756274362481.png,,,,
2027,316,gray,large,metal,sphere,"[195, 90, 13.495148658752441]",3101.0,"[167, 61, 55, 56]",cache/1756274362475.png,,,,
2028,316,red,large,rubber,cube,"[284, 121, 11.892050743103027]",7492.0,"[242, 77, 84, 88]",cache/1756274362491.png,,,,
2029,316,blue,small,metal,sphere,"[122, 197, 9.81191635131836]",1504.0,"[102, 178, 38, 38]",cache/1756274362467.png,,,,
2030,317,yellow,small,rubber,sphere,"[308, 124, 12.055436134338379]",972.0,"[292, 107, 30, 31]",cache/1756274473087.png,,,,
2031,317,gray,small,metal,sphere,"[248, 217, 8.658409118652344]",1907.0,"[225, 194, 43, 44]",cache/1756274473082.png,,,,
2032,317,cyan,small,metal,cylinder,"[156, 134, 11.546101570129395]",1485.0,"[138, 112, 35, 42]",cache/1756274473076.png,,,,
2033,318,red,large,rubber,sphere,"[98, 138, 11.035429000854492]",4712.0,"[62, 104, 69, 67]",cache/1756274442838.png,,,,
2034,318,cyan,small,metal,cube,"[241, 141, 11.6591215133667]",1822.0,"[220, 119, 40, 44]",cache/1756274442852.png,,,,
2035,318,gray,large,metal,sphere,"[222, 93, 13.157959938049316]",3242.0,"[193, 63, 56, 57]",cache/1756274442843.png,,,,
2036,318,cyan,large,rubber,sphere,"[332, 155, 10.430520057678223]",5159.0,"[296, 118, 72, 71]",cache/1756274442831.png,,,,
2037,318,purple,small,rubber,sphere,"[271, 186, 10.068157196044922]",1350.0,"[252, 167, 36, 36]",cache/1756274442848.png,,,,
2038,318,gray,small,rubber,cylinder,"[149, 195, 9.809309005737305]",2140.0,"[127, 169, 41, 51]",cache/1756274442859.png,,,,
2039,319,blue,small,rubber,sphere,"[144, 166, 10.224574089050293]",7388.0,"[133, 152, 85, 86]",cache/1756274515537.png,,,,
2040,319,gray,large,rubber,cylinder,"[227, 124, 11.03571605682373]",6168.0,"[192, 80, 69, 88]",cache/1756274515553.png,,,,
2041,319,gray,small,metal,sphere,"[411, 156, 10.559364318847656]",1341.0,"[391, 138, 37, 35]",cache/1756274515530.png,,,,
2042,319,gray,large,rubber,sphere,"[177, 195, 8.715227127075195]",7388.0,"[133, 152, 85, 86]",cache/1756274515537.png,,,,
2043,319,yellow,small,rubber,cylinder,"[249, 232, 8.406256675720215]",2799.0,"[225, 201, 45, 61]",cache/1756274515548.png,,,,
2044,319,red,small,rubber,cube,"[134, 116, 12.19795036315918]",1398.0,"[115, 96, 35, 39]",cache/1756274515544.png,,,,
2045,320,gray,large,rubber,sphere,"[376, 114, 11.470919609069824]",3285.0,"[345, 80, 64, 51]",cache/1756274574378.png,,,,
2046,320,green,small,metal,sphere,"[263, 107, 12.700258255004883]",845.0,"[247, 91, 29, 29]",cache/1756274574353.png,,,,
2047,320,green,large,metal,cylinder,"[211, 181, 9.01891803741455]",9483.0,"[166, 126, 85, 111]",cache/1756274574373.png,,,,
2048,320,green,large,rubber,sphere,"[113, 171, 9.322281837463379]",6533.0,"[71, 130, 80, 80]",cache/1756274574348.png,,,,
2049,320,cyan,small,rubber,cylinder,"[163, 157, 10.485535621643066]",1525.0,"[142, 133, 32, 47]",cache/1756274574383.png,,,,
2050,320,blue,small,metal,cube,"[111, 141, 11.121550559997559]",6533.0,"[71, 130, 80, 80]",cache/1756274574348.png,,,,
2051,320,blue,small,metal,sphere,"[278, 90, 13.671553611755371]",747.0,"[264, 75, 27, 27]",cache/1756274574358.png,,,,
2052,320,gray,large,metal,cylinder,"[361, 151, 9.976351737976074]",8310.0,"[320, 102, 83, 99]",cache/1756274574367.png,,,,
2053,320,gray,small,metal,cube,"[253, 254, 7.843626022338867]",3299.0,"[226, 221, 50, 65]",cache/1756274574335.png,,,,
2054,320,cyan,large,metal,sphere,"[195, 106, 11.863354682922363]",3637.0,"[163, 73, 62, 58]",cache/1756274574343.png,,,,
2055,321,green,large,rubber,cylinder,"[261, 72, 14.793326377868652]",3316.0,"[235, 40, 52, 63]",cache/1756274525806.png,,,,
2056,321,green,large,metal,sphere,"[232, 189, 9.380186080932617]",6369.0,"[192, 149, 78, 80]",cache/1756274525768.png,,,,
2057,321,cyan,large,metal,sphere,"[120, 140, 11.082141876220703]",4683.0,"[84, 105, 68, 68]",cache/1756274525786.png,,,,
2058,321,purple,large,metal,cube,"[336, 158, 10.39682674407959]",8705.0,"[291, 109, 86, 100]",cache/1756274525777.png,,,,
2059,321,gray,large,metal,cube,"[194, 89, 13.663570404052734]",5235.0,"[158, 52, 70, 73]",cache/1756274525793.png,,,,
2060,321,yellow,small,rubber,cylinder,"[296, 119, 12.873211860656738]",8705.0,"[291, 109, 86, 100]",cache/1756274525777.png,,,,
2061,322,red,small,metal,sphere,"[216, 120, 12.647734642028809]",872.0,"[200, 104, 29, 29]",cache/1756274483213.png,,,,
2062,322,gray,large,metal,cube,"[117, 127, 11.479159355163574]",7302.0,"[71, 84, 86, 84]",cache/1756274483205.png,,,,
2063,322,yellow,large,rubber,cylinder,"[161, 212, 8.540860176086426]",11123.0,"[112, 153, 93, 119]",cache/1756274483218.png,,,,
2064,323,red,small,metal,sphere,"[270, 101, 13.376758575439453]",756.0,"[256, 86, 27, 27]",cache/1756274253076.png,,,,
2065,323,purple,small,rubber,sphere,"[294, 200, 9.310476303100586]",1593.0,"[273, 180, 39, 40]",cache/1756274253048.png,,,,
2066,323,purple,large,rubber,cube,"[392, 168, 9.60702896118164]",6471.0,"[381, 89, 74, 86]",cache/1756274253070.png,,,,
2067,323,cyan,small,metal,cylinder,"[155, 151, 10.971589088439941]",1656.0,"[136, 128, 36, 45]",cache/1756274253080.png,,,,
2068,323,brown,large,metal,cylinder,"[109, 110, 11.969559669494629]",5644.0,"[72, 70, 69, 80]",cache/1756274253058.png,,,,
2069,323,green,large,metal,cube,"[249, 71, 14.288783073425293]",4970.0,"[214, 36, 70, 70]",cache/1756274253043.png,,,,
2070,323,purple,small,rubber,cube,"[318, 113, 12.68406867980957]",1214.0,"[302, 93, 32, 37]",cache/1756274253053.png,,,,
2071,323,red,large,rubber,cylinder,"[177, 235, 7.845113277435303]",13154.0,"[124, 171, 100, 131]",cache/1756274253064.png,,,,
2072,323,red,large,metal,cylinder,"[414, 134, 10.886567115783691]",6471.0,"[381, 89, 74, 86]",cache/1756274253070.png,,,,
2073,324,green,large,metal,sphere,"[207, 164, 9.2798490524292]",6453.0,"[166, 123, 79, 80]",cache/1756274618157.png,,,,
2074,324,cyan,large,metal,cylinder,"[447, 138, 10.271990776062012]",7034.0,"[405, 91, 74, 94]",cache/1756274618233.png,,,,
2075,324,yellow,large,rubber,cylinder,"[341, 118, 11.234136581420898]",5985.0,"[305, 75, 72, 82]",cache/1756274618227.png,,,,
2076,324,cyan,small,rubber,cube,"[332, 170, 9.805561065673828]",2886.0,"[305, 143, 52, 54]",cache/1756274618205.png,,,,
2077,324,yellow,small,metal,cube,"[257, 109, 12.704346656799316]",1139.0,"[241, 90, 30, 36]",cache/1756274618222.png,,,,
2078,324,yellow,large,rubber,cube,"[140, 106, 11.879509925842285]",5778.0,"[104, 66, 71, 81]",cache/1756274618168.png,,,,
2079,324,green,large,metal,cylinder,"[196, 87, 13.075170516967773]",4185.0,"[165, 51, 58, 71]",cache/1756274618239.png,,,,
2080,324,cyan,small,rubber,sphere,"[295, 207, 8.646801948547363]",1884.0,"[273, 184, 42, 43]",cache/1756274618244.png,,,,
2081,324,cyan,large,metal,sphere,"[44, 126, 10.815605163574219]",5082.0,"[6, 91, 72, 69]",cache/1756274618148.png,,,,
2082,325,gray,large,metal,cylinder,"[207, 155, 10.06613826751709]",7637.0,"[167, 106, 76, 99]",cache/1756274543934.png,,,,
2083,325,blue,large,metal,cylinder,"[331, 111, 11.76914119720459]",5824.0,"[297, 69, 69, 83]",cache/1756274543922.png,,,,
2084,325,yellow,small,rubber,cylinder,"[246, 102, 13.049165725708008]",1100.0,"[230, 82, 29, 37]",cache/1756274543938.png,,,,
2085,325,brown,small,rubber,cylinder,"[395, 140, 11.311280250549316]",1672.0,"[376, 118, 37, 44]",cache/1756274543929.png,,,,
2086,326,green,small,rubber,sphere,"[248, 204, 9.027291297912598]",1702.0,"[227, 183, 40, 42]",cache/1756274457396.png,,,,
2087,326,yellow,large,metal,sphere,"[185, 107, 12.280288696289062]",3714.0,"[153, 76, 60, 61]",cache/1756274457378.png,,,,
2088,326,cyan,large,rubber,sphere,"[292, 151, 10.135024070739746]",5429.0,"[255, 113, 73, 74]",cache/1756274457391.png,,,,
2089,326,cyan,large,rubber,sphere,"[318, 120, 11.567545890808105]",5429.0,"[255, 113, 73, 74]",cache/1756274457391.png,,,,
2090,326,gray,large,rubber,sphere,"[133, 136, 10.794901847839355]",4868.0,"[96, 100, 69, 69]",cache/1756274457386.png,,,,
2091,327,green,large,metal,cube,"[143, 176, 9.303529739379883]",12018.0,"[84, 122, 108, 110]",cache/1756274341788.png,,,,
2092,327,red,large,metal,sphere,"[246, 100, 12.974518775939941]",3305.0,"[217, 70, 57, 57]",cache/1756274341783.png,,,,
2093,327,purple,large,rubber,sphere,"[71, 138, 10.841479301452637]",4959.0,"[34, 102, 71, 69]",cache/1756274341778.png,,,,
2094,327,green,small,rubber,cylinder,"[136, 120, 12.738542556762695]",791.0,"[120, 100, 30, 25]",cache/1756274341816.png,,,,
2095,327,purple,small,metal,cylinder,"[358, 137, 11.751347541809082]",11032.0,"[342, 101, 107, 102]",cache/1756274341772.png,,,,
2096,327,purple,small,metal,cylinder,"[189, 126, 12.367822647094727]",12018.0,"[84, 122, 108, 110]",cache/1756274341788.png,,,,
2097,327,purple,small,rubber,cylinder,"[299, 209, 8.96122932434082]",2416.0,"[278, 180, 43, 56]",cache/1756274341794.png,,,,
2098,327,brown,small,rubber,sphere,"[321, 181, 9.885917663574219]",2416.0,"[278, 180, 43, 56]",cache/1756274341794.png,,,,
2099,327,blue,large,metal,cylinder,"[225, 81, 14.378905296325684]",3305.0,"[217, 70, 57, 57]",cache/1756274341783.png,,,,
2100,327,brown,large,metal,cube,"[398, 151, 10.270529747009277]",11032.0,"[342, 101, 107, 102]",cache/1756274341772.png,,,,
2101,328,yellow,small,rubber,cylinder,"[140, 215, 8.792720794677734]",2698.0,"[115, 186, 46, 58]",cache/1756274333612.png,,,,
2102,328,red,large,rubber,cylinder,"[390, 126, 11.026906967163086]",6761.0,"[354, 82, 76, 88]",cache/1756274333617.png,,,,
2103,328,blue,large,metal,sphere,"[337, 179, 9.147635459899902]",6723.0,"[296, 138, 82, 81]",cache/1756274333594.png,,,,
2104,328,blue,large,metal,sphere,"[205, 108, 11.882503509521484]",3933.0,"[172, 75, 62, 62]",cache/1756274333601.png,,,,
2105,328,purple,small,rubber,cube,"[132, 156, 10.599098205566406]",2328.0,"[107, 132, 47, 48]",cache/1756274333607.png,,,,
2106,328,gray,large,rubber,cylinder,"[273, 82, 13.310552597045898]",4131.0,"[244, 46, 57, 71]",cache/1756274333623.png,,,,
2107,329,yellow,large,rubber,sphere,"[202, 189, 9.14659309387207]",6597.0,"[161, 147, 80, 81]",cache/1756274371490.png,,,,
2108,329,brown,large,rubber,cylinder,"[321, 108, 12.271601676940918]",5112.0,"[288, 68, 65, 78]",cache/1756274371537.png,,,,
2109,329,purple,small,rubber,cube,"[262, 245, 8.335580825805664]",4221.0,"[231, 210, 60, 69]",cache/1756274371498.png,,,,
2110,329,yellow,large,rubber,sphere,"[94, 114, 11.928253173828125]",3935.0,"[61, 82, 63, 61]",cache/1756274371504.png,,,,
2111,329,green,large,metal,sphere,"[358, 139, 10.842244148254395]",4820.0,"[323, 104, 70, 68]",cache/1756274371526.png,,,,
2112,329,red,large,metal,cylinder,"[164, 124, 11.469961166381836]",5857.0,"[128, 82, 69, 84]",cache/1756274371531.png,,,,
2113,329,green,small,rubber,cube,"[94, 165, 10.598553657531738]",2448.0,"[70, 139, 48, 50]",cache/1756274371510.png,,,,
2114,329,brown,large,rubber,cube,"[246, 86, 13.528761863708496]",5599.0,"[208, 48, 74, 75]",cache/1756274371520.png,,,,
2115,329,purple,small,rubber,sphere,"[309, 188, 9.835455894470215]",1433.0,"[290, 168, 37, 38]",cache/1756274371515.png,,,,
2116,330,green,large,metal,cylinder,"[279, 72, 13.386202812194824]",4124.0,"[251, 36, 57, 71]",cache/1756274590783.png,,,,
2117,330,brown,large,metal,cylinder,"[219, 148, 10.04976749420166]",7520.0,"[179, 99, 76, 98]",cache/1756274590788.png,,,,
2118,330,red,large,metal,cylinder,"[173, 217, 8.196703910827637]",12219.0,"[121, 154, 97, 125]",cache/1756274590794.png,,,,
2119,330,gray,large,metal,cube,"[110, 163, 9.589223861694336]",12419.0,"[52, 107, 107, 115]",cache/1756274590777.png,,,,
2120,330,yellow,small,metal,sphere,"[253, 104, 12.560990333557129]",4124.0,"[251, 36, 57, 71]",cache/1756274590783.png,,,,
2121,330,brown,small,rubber,sphere,"[389, 147, 10.790665626525879]",1238.0,"[371, 129, 35, 35]",cache/1756274590762.png,,,,
2122,330,brown,small,rubber,sphere,"[340, 126, 11.60953426361084]",1045.0,"[323, 109, 32, 32]",cache/1756274590771.png,,,,
2123,330,green,large,rubber,sphere,"[159, 123, 10.960858345031738]",4256.0,"[125, 88, 62, 68]",cache/1756274590799.png,,,,
2124,331,cyan,small,rubber,cylinder,"[219, 195, 9.393930435180664]",13572.0,"[206, 174, 100, 134]",cache/1756274360752.png,,,,
2125,331,gray,large,rubber,cube,"[357, 112, 11.756423950195312]",6422.0,"[319, 70, 74, 85]",cache/1756274360741.png,,,,
2126,331,red,small,rubber,cylinder,"[258, 105, 13.029364585876465]",1065.0,"[243, 86, 29, 36]",cache/1756274360764.png,,,,
2127,331,brown,small,rubber,sphere,"[341, 168, 10.250265121459961]",1303.0,"[323, 149, 36, 36]",cache/1756274360774.png,,,,
2128,331,blue,large,metal,cylinder,"[256, 240, 7.672264575958252]",13572.0,"[206, 174, 100, 134]",cache/1756274360752.png,,,,
2129,331,red,large,metal,cube,"[161, 144, 10.371430397033691]",8508.0,"[117, 96, 85, 98]",cache/1756274360758.png,,,,
2130,331,cyan,large,rubber,sphere,"[150, 106, 12.063321113586426]",1932.0,"[118, 74, 60, 32]",cache/1756274360780.png,,,,
2131,331,yellow,large,metal,cube,"[197, 84, 13.3395414352417]",4116.0,"[166, 49, 59, 69]",cache/1756274360747.png,,,,
2132,331,purple,small,metal,cube,"[328, 212, 8.912591934204102]",2654.0,"[305, 183, 46, 57]",cache/1756274360736.png,,,,
2133,331,gray,large,metal,sphere,"[41, 131, 10.911551475524902]",4965.0,"[4, 96, 72, 68]",cache/1756274360728.png,,,,
2134,332,yellow,large,rubber,cylinder,"[363, 143, 9.960511207580566]",10044.0,"[305, 93, 101, 99]",cache/1756274375172.png,,,,
2135,332,gray,small,metal,sphere,"[311, 208, 8.630226135253906]",1928.0,"[289, 186, 43, 44]",cache/1756274375199.png,,,,
2136,332,yellow,small,rubber,cube,"[325, 125, 11.521143913269043]",10044.0,"[305, 93, 101, 99]",cache/1756274375172.png,,,,
2137,332,brown,small,metal,sphere,"[85, 177, 9.516891479492188]",10424.0,"[19, 74, 85, 121]",cache/1756274375205.png,,,,
2138,332,cyan,small,rubber,cube,"[207, 104, 12.538798332214355]",1186.0,"[191, 85, 31, 37]",cache/1756274375191.png,,,,
2139,332,brown,large,rubber,cube,"[62, 120, 10.879761695861816]",10424.0,"[19, 74, 85, 121]",cache/1756274375205.png,,,,
2140,333,purple,small,metal,sphere,"[166, 118, 11.991406440734863]",979.0,"[150, 102, 31, 31]",cache/1756274252353.png,,,,
2141,333,blue,small,metal,cube,"[331, 148, 10.681018829345703]",2412.0,"[307, 122, 47, 50]",cache/1756274252360.png,,,,
2142,333,red,small,metal,cylinder,"[170, 185, 9.417414665222168]",2216.0,"[148, 158, 41, 53]",cache/1756274252382.png,,,,
2143,333,yellow,small,rubber,cube,"[290, 104, 12.705187797546387]",1332.0,"[272, 85, 35, 38]",cache/1756274252397.png,,,,
2144,333,gray,large,rubber,cylinder,"[79, 142, 10.12964916229248]",8384.0,"[34, 94, 86, 97]",cache/1756274252401.png,,,,
2145,333,cyan,small,metal,cube,"[230, 137, 11.126320838928223]",2168.0,"[207, 113, 45, 47]",cache/1756274252387.png,,,,
2146,333,cyan,small,rubber,cube,"[214, 89, 13.61897087097168]",1327.0,"[195, 70, 35, 36]",cache/1756274252392.png,,,,
2147,333,yellow,small,metal,cylinder,"[253, 111, 12.325610160827637]",1205.0,"[237, 91, 30, 39]",cache/1756274252407.png,,,,
2148,333,cyan,small,rubber,cylinder,"[275, 199, 8.99804401397705]",2430.0,"[253, 171, 43, 56]",cache/1756274252369.png,,,,
2149,333,red,small,metal,cylinder,"[398, 177, 9.67225170135498]",2307.0,"[375, 150, 44, 51]",cache/1756274252365.png,,,,
2150,334,cyan,large,rubber,cylinder,"[130, 145, 10.4672269821167]",7518.0,"[88, 97, 79, 95]",cache/1756274410222.png,,,,
2151,334,blue,large,metal,cylinder,"[288, 190, 9.064001083374023]",9674.0,"[246, 135, 86, 112]",cache/1756274410234.png,,,,
2152,334,red,large,rubber,cylinder,"[377, 115, 11.62713623046875]",6118.0,"[342, 73, 72, 84]",cache/1756274410245.png,,,,
2153,334,blue,small,metal,cube,"[198, 235, 8.560239791870117]",3714.0,"[170, 202, 56, 66]",cache/1756274410210.png,,,,
2154,334,purple,small,rubber,cube,"[183, 97, 13.348609924316406]",1153.0,"[166, 79, 32, 35]",cache/1756274410217.png,,,,
2155,334,green,large,metal,cube,"[305, 133, 10.904583930969238]",6592.0,"[263, 86, 83, 78]",cache/1756274410229.png,,,,
2156,334,cyan,small,metal,cube,"[356, 175, 10.143649101257324]",2703.0,"[330, 148, 49, 54]",cache/1756274410240.png,,,,
2157,335,red,large,rubber,cylinder,"[84, 135, 10.921464920043945]",7153.0,"[42, 90, 79, 90]",cache/1756274550109.png,,,,
2158,335,blue,small,metal,sphere,"[132, 126, 12.12279224395752]",950.0,"[116, 110, 30, 31]",cache/1756274550115.png,,,,
2159,335,cyan,small,metal,sphere,"[194, 100, 13.487439155578613]",777.0,"[180, 85, 27, 28]",cache/1756274550125.png,,,,
2160,335,gray,small,rubber,sphere,"[295, 95, 13.757882118225098]",754.0,"[280, 81, 27, 27]",cache/1756274550120.png,,,,
2161,335,brown,large,rubber,sphere,"[192, 245, 7.7497639656066895]",9353.0,"[143, 196, 95, 97]",cache/1756274550093.png,,,,
2162,336,red,small,rubber,sphere,"[246, 180, 10.043598175048828]",1350.0,"[227, 161, 36, 37]",cache/1756274541925.png,,,,
2163,336,purple,small,rubber,cube,"[292, 201, 9.43127155303955]",2554.0,"[268, 173, 45, 55]",cache/1756274541881.png,,,,
2164,336,red,small,rubber,sphere,"[163, 227, 8.763920783996582]",1835.0,"[141, 205, 42, 43]",cache/1756274541913.png,,,,
2165,336,cyan,small,metal,cube,"[263, 135, 11.685386657714844]",1432.0,"[245, 113, 33, 42]",cache/1756274541907.png,,,,
2166,336,gray,small,rubber,cylinder,"[359, 124, 12.141393661499023]",1362.0,"[342, 103, 33, 40]",cache/1756274541936.png,,,,
2167,336,blue,large,rubber,cube,"[206, 92, 12.890579223632812]",4913.0,"[174, 54, 64, 75]",cache/1756274541874.png,,,,
2168,336,brown,large,rubber,cylinder,"[117, 150, 10.341047286987305]",7735.0,"[75, 102, 80, 95]",cache/1756274541919.png,,,,
2169,336,gray,large,rubber,sphere,"[296, 99, 12.509173393249512]",3575.0,"[266, 68, 59, 60]",cache/1756274541930.png,,,,
2170,336,cyan,small,metal,sphere,"[218, 275, 7.760409355163574]",2460.0,"[193, 250, 48, 51]",cache/1756274541894.png,,,,
2171,336,green,small,metal,cylinder,"[407, 148, 11.14696979522705]",1743.0,"[387, 125, 39, 44]",cache/1756274541901.png,,,,
2172,337,red,large,metal,cube,"[217, 124, 11.550777435302734]",5994.0,"[178, 83, 72, 82]",cache/1756274265083.png,,,,
2173,337,brown,small,rubber,cylinder,"[154, 119, 12.70959758758545]",1179.0,"[137, 99, 31, 37]",cache/1756274265100.png,,,,
2174,337,cyan,small,metal,cube,"[358, 181, 10.031277656555176]",2942.0,"[330, 154, 53, 54]",cache/1756274265090.png,,,,
2175,337,gray,large,metal,cylinder,"[258, 178, 9.43995189666748]",8597.0,"[217, 126, 81, 105]",cache/1756274265095.png,,,,
2176,338,brown,large,rubber,sphere,"[209, 83, 13.677279472351074]",2978.0,"[181, 54, 53, 55]",cache/1756274405028.png,,,,
2177,338,purple,small,rubber,cube,"[271, 133, 11.72149658203125]",1528.0,"[251, 111, 36, 42]",cache/1756274404974.png,,,,
2178,338,red,small,rubber,sphere,"[353, 161, 10.516708374023438]",1292.0,"[335, 142, 35, 35]",cache/1756274405012.png,,,,
2179,338,yellow,large,metal,sphere,"[307, 92, 13.046273231506348]",3290.0,"[278, 63, 56, 57]",cache/1756274404951.png,,,,
2180,338,green,large,rubber,sphere,"[168, 128, 11.101923942565918]",4546.0,"[134, 93, 67, 67]",cache/1756274404956.png,,,,
2181,338,blue,small,metal,cylinder,"[143, 115, 12.63036060333252]",4546.0,"[134, 93, 67, 67]",cache/1756274404956.png,,,,
2182,339,yellow,small,metal,cylinder,"[172, 159, 10.409461975097656]",1792.0,"[152, 135, 37, 47]",cache/1756274607786.png,,,,
2183,339,gray,large,metal,cylinder,"[247, 82, 13.071466445922852]",4277.0,"[217, 45, 58, 73]",cache/1756274607796.png,,,,
2184,339,red,small,metal,cylinder,"[298, 231, 8.392694473266602]",2866.0,"[274, 200, 46, 61]",cache/1756274607757.png,,,,
2185,339,green,small,metal,sphere,"[213, 127, 11.688275337219238]",994.0,"[197, 110, 31, 31]",cache/1756274607743.png,,,,
2186,339,cyan,small,rubber,sphere,"[304, 117, 12.110123634338379]",953.0,"[289, 101, 30, 31]",cache/1756274607751.png,,,,
2187,339,red,small,rubber,cylinder,"[352, 174, 9.906018257141113]",2095.0,"[332, 148, 41, 50]",cache/1756274607779.png,,,,
2188,339,blue,small,metal,cube,"[161, 103, 12.822318077087402]",1356.0,"[142, 83, 35, 37]",cache/1756274607767.png,,,,
2189,339,brown,small,rubber,cylinder,"[100, 188, 9.47651195526123]",2381.0,"[76, 162, 44, 53]",cache/1756274607791.png,,,,
2190,339,gray,large,rubber,sphere,"[403, 121, 11.127801895141602]",4738.0,"[369, 86, 69, 68]",cache/1756274607762.png,,,,
2191,339,yellow,small,rubber,cube,"[91, 146, 10.873888969421387]",2291.0,"[64, 122, 50, 45]",cache/1756274607771.png,,,,
2192,340,green,small,metal,sphere,"[285, 107, 12.818431854248047]",851.0,"[270, 91, 29, 29]",cache/1756274515844.png,,,,
2193,340,purple,small,rubber,sphere,"[335, 170, 9.938201904296875]",1426.0,"[316, 150, 37, 38]",cache/1756274515859.png,,,,
2194,340,cyan,small,rubber,cylinder,"[127, 129, 11.645529747009277]",1470.0,"[108, 107, 35, 41]",cache/1756274515873.png,,,,
2195,340,brown,large,rubber,cylinder,"[45, 122, 11.082563400268555]",7088.0,"[2, 79, 81, 87]",cache/1756274515868.png,,,,
2196,340,green,small,rubber,cube,"[246, 213, 8.602667808532715]",3090.0,"[219, 182, 50, 61]",cache/1756274515854.png,,,,
2197,340,red,small,metal,sphere,"[165, 119, 12.144659042358398]",942.0,"[149, 103, 30, 30]",cache/1756274515863.png,,,,
2198,341,red,large,metal,cylinder,"[166, 94, 12.977851867675781]",4323.0,"[141, 91, 65, 66]",cache/1756274457729.png,,,,
2199,341,cyan,small,rubber,cube,"[90, 149, 11.128997802734375]",1978.0,"[68, 125, 41, 47]",cache/1756274457734.png,,,,
2200,341,gray,large,rubber,sphere,"[175, 124, 11.394017219543457]",4323.0,"[141, 91, 65, 66]",cache/1756274457729.png,,,,
2201,341,green,large,metal,cylinder,"[204, 238, 7.845767974853516]",13018.0,"[152, 174, 98, 131]",cache/1756274457710.png,,,,
2202,341,yellow,large,metal,sphere,"[268, 103, 12.424775123596191]",3631.0,"[237, 72, 59, 60]",cache/1756274457697.png,,,,
2203,341,red,small,metal,cylinder,"[348, 163, 10.612841606140137]",14287.0,"[255, 133, 115, 123]",cache/1756274457687.png,,,,
2204,341,red,small,metal,sphere,"[238, 97, 13.694411277770996]",3631.0,"[237, 72, 59, 60]",cache/1756274457697.png,,,,
2205,341,green,small,rubber,cube,"[104, 175, 10.1788911819458]",2178.0,"[80, 150, 44, 49]",cache/1756274457717.png,,,,
2206,341,red,large,rubber,cube,"[365, 110, 12.07331371307373]",7814.0,"[322, 68, 88, 87]",cache/1756274457703.png,,,,
2207,341,blue,large,rubber,cube,"[312, 193, 8.963032722473145]",14287.0,"[255, 133, 115, 123]",cache/1756274457687.png,,,,
2208,342,green,large,metal,sphere,"[118, 164, 10.106229782104492]",5580.0,"[80, 126, 75, 74]",cache/1756274363502.png,,,,
2209,342,red,large,rubber,sphere,"[261, 154, 10.50610637664795]",5029.0,"[226, 118, 70, 71]",cache/1756274363510.png,,,,
2210,342,green,small,rubber,cube,"[397, 148, 11.548176765441895]",2053.0,"[373, 126, 46, 44]",cache/1756274363514.png,,,,
2211,342,gray,small,rubber,sphere,"[95, 137, 12.104257583618164]",5580.0,"[80, 126, 75, 74]",cache/1756274363502.png,,,,
2212,343,brown,small,rubber,cube,"[225, 88, 14.728795051574707]",1160.0,"[207, 70, 33, 34]",cache/1756274256277.png,,,,
2213,343,red,large,metal,cylinder,"[359, 143, 11.041301727294922]",6442.0,"[325, 98, 72, 89]",cache/1756274256267.png,,,,
2214,343,brown,large,rubber,cylinder,"[178, 107, 12.67659854888916]",4683.0,"[146, 69, 61, 76]",cache/1756274256272.png,,,,
2215,343,green,small,rubber,sphere,"[188, 180, 10.422237396240234]",1272.0,"[169, 161, 35, 35]",cache/1756274256252.png,,,,
2216,343,gray,large,metal,cube,"[91, 130, 11.593430519104004]",7113.0,"[45, 88, 85, 83]",cache/1756274256282.png,,,,
2217,343,cyan,large,rubber,cube,"[297, 182, 9.675070762634277]",10928.0,"[248, 128, 97, 111]",cache/1756274256246.png,,,,
2218,343,cyan,small,metal,sphere,"[265, 129, 12.425864219665527]",10928.0,"[248, 128, 97, 111]",cache/1756274256246.png,,,,
2219,343,brown,small,metal,sphere,"[300, 111, 13.328944206237793]",783.0,"[285, 96, 27, 28]",cache/1756274256257.png,,,,
2220,344,purple,large,metal,sphere,"[367, 167, 9.84499740600586]",5899.0,"[329, 128, 77, 76]",cache/1756274297790.png,,,,
2221,344,yellow,large,rubber,cube,"[239, 121, 11.540404319763184]",7424.0,"[195, 77, 86, 85]",cache/1756274297823.png,,,,
2222,344,cyan,large,rubber,sphere,"[274, 87, 13.262539863586426]",3024.0,"[248, 58, 53, 56]",cache/1756274297812.png,,,,
2223,344,purple,large,rubber,cube,"[133, 151, 10.351908683776855]",9559.0,"[81, 102, 96, 99]",cache/1756274297829.png,,,,
2224,344,red,large,metal,cube,"[199, 182, 9.372810363769531]",12289.0,"[142, 126, 106, 115]",cache/1756274297799.png,,,,
2225,344,purple,large,rubber,cylinder,"[283, 231, 8.127229690551758]",12153.0,"[236, 169, 95, 127]",cache/1756274297806.png,,,,
2226,344,red,large,metal,sphere,"[123, 104, 12.365777015686035]",2781.0,"[92, 73, 61, 45]",cache/1756274297817.png,,,,
2227,345,red,large,metal,cylinder,"[223, 140, 10.418071746826172]",6742.0,"[186, 95, 72, 92]",cache/1756274565699.png,,,,
2228,345,yellow,large,rubber,sphere,"[260, 80, 13.729074478149414]",2952.0,"[233, 52, 53, 55]",cache/1756274565705.png,,,,
2229,345,cyan,small,metal,cube,"[372, 131, 11.707375526428223]",1872.0,"[350, 108, 44, 42]",cache/1756274565711.png,,,,
2230,345,gray,large,metal,sphere,"[337, 161, 9.628618240356445]",5967.0,"[299, 122, 77, 76]",cache/1756274565685.png,,,,
2231,345,yellow,small,metal,cube,"[299, 142, 11.158065795898438]",2058.0,"[275, 119, 43, 47]",cache/1756274565721.png,,,,
2232,345,purple,large,metal,sphere,"[194, 88, 13.155457496643066]",3179.0,"[165, 59, 55, 56]",cache/1756274565693.png,,,,
2233,345,cyan,small,rubber,cube,"[129, 121, 12.18575382232666]",1500.0,"[108, 101, 38, 39]",cache/1756274565716.png,,,,
2234,345,blue,large,metal,cube,"[145, 194, 8.56138801574707]",15261.0,"[84, 133, 118, 128]",cache/1756274565674.png,,,,
2235,346,brown,large,metal,sphere,"[271, 169, 10.14197826385498]",5363.0,"[234, 132, 72, 73]",cache/1756274343711.png,,,,
2236,346,gray,small,rubber,cube,"[219, 244, 8.652740478515625]",3379.0,"[192, 212, 52, 63]",cache/1756274343722.png,,,,
2237,346,cyan,small,metal,cube,"[154, 117, 13.161205291748047]",1573.0,"[133, 96, 39, 39]",cache/1756274343733.png,,,,
2238,346,purple,large,metal,cylinder,"[327, 126, 11.871170043945312]",5518.0,"[294, 85, 67, 81]",cache/1756274343761.png,,,,
2239,346,yellow,small,rubber,cube,"[201, 131, 12.459644317626953]",1711.0,"[180, 109, 40, 42]",cache/1756274343745.png,,,,
2240,346,green,small,metal,cylinder,"[357, 173, 10.720195770263672]",1812.0,"[337, 149, 38, 46]",cache/1756274343751.png,,,,
2241,346,red,large,rubber,cylinder,"[296, 97, 13.361204147338867]",4152.0,"[267, 61, 58, 71]",cache/1756274343771.png,,,,
2242,346,red,small,rubber,cylinder,"[83, 155, 11.387690544128418]",1652.0,"[62, 133, 37, 43]",cache/1756274343738.png,,,,
2243,347,gray,large,rubber,cylinder,"[194, 197, 8.297962188720703]",11270.0,"[145, 138, 93, 120]",cache/1756274607410.png,,,,
2244,347,yellow,small,metal,cylinder,"[149, 125, 11.909440994262695]",1348.0,"[131, 105, 33, 40]",cache/1756274607423.png,,,,
2245,347,brown,small,rubber,sphere,"[315, 114, 12.54622745513916]",9635.0,"[245, 83, 83, 114]",cache/1756274607418.png,,,,
2246,347,gray,small,metal,cylinder,"[106, 136, 11.365943908691406]",1551.0,"[87, 114, 36, 42]",cache/1756274607427.png,,,,
2247,347,gray,small,rubber,cylinder,"[284, 101, 13.352657318115234]",9635.0,"[245, 83, 83, 114]",cache/1756274607418.png,,,,
2248,347,brown,large,rubber,cylinder,"[284, 148, 9.956646919250488]",9635.0,"[245, 83, 83, 114]",cache/1756274607418.png,,,,
2249,348,cyan,small,metal,cube,"[252, 180, 9.877326011657715]",2570.0,"[228, 153, 46, 54]",cache/1756274531283.png,,,,
2250,348,red,small,metal,cube,"[294, 140, 11.295833587646484]",2118.0,"[271, 116, 44, 47]",cache/1756274531288.png,,,,
2251,348,yellow,large,metal,sphere,"[193, 187, 9.026300430297852]",6836.0,"[150, 146, 81, 83]",cache/1756274531272.png,,,,
2252,348,blue,large,metal,sphere,"[128, 111, 11.75637149810791]",4110.0,"[95, 78, 64, 63]",cache/1756274531265.png,,,,
2253,348,cyan,small,metal,sphere,"[279, 239, 8.373571395874023]",2081.0,"[256, 216, 45, 46]",cache/1756274531278.png,,,,
2254,348,yellow,small,rubber,sphere,"[188, 101, 13.090289115905762]",816.0,"[173, 86, 28, 29]",cache/1756274531298.png,,,,
2255,348,gray,small,rubber,cube,"[366, 152, 10.824115753173828]",2132.0,"[344, 127, 43, 49]",cache/1756274531303.png,,,,
2256,348,brown,large,rubber,cylinder,"[313, 100, 12.27723217010498]",5004.0,"[282, 60, 63, 78]",cache/1756274531309.png,,,,
2257,348,brown,small,rubber,sphere,"[413, 168, 10.266328811645508]",1387.0,"[394, 149, 37, 37]",cache/1756274531293.png,,,,
2258,349,green,small,rubber,cube,"[340, 177, 10.494736671447754]",2264.0,"[316, 151, 48, 46]",cache/1756274369029.png,,,,
2259,349,purple,large,rubber,cube,"[255, 116, 12.144225120544434]",5591.0,"[221, 76, 69, 80]",cache/1756274369009.png,,,,
2260,349,cyan,small,rubber,sphere,"[387, 148, 11.53062629699707]",1093.0,"[370, 131, 33, 33]",cache/1756274369019.png,,,,
2261,349,yellow,small,metal,cube,"[182, 216, 9.331636428833008]",2907.0,"[156, 187, 49, 58]",cache/1756274368998.png,,,,
2262,349,blue,large,metal,cylinder,"[281, 81, 14.078824043273926]",5591.0,"[221, 76, 69, 80]",cache/1756274369009.png,,,,
2263,349,red,small,rubber,sphere,"[203, 262, 8.25529956817627]",2093.0,"[180, 239, 44, 47]",cache/1756274369015.png,,,,
2264,349,cyan,small,rubber,cylinder,"[139, 158, 11.151119232177734]",1622.0,"[120, 135, 36, 44]",cache/1756274369039.png,,,,
2265,349,gray,small,rubber,cube,"[324, 203, 9.694939613342285]",3119.0,"[296, 174, 54, 57]",cache/1756274369024.png,,,,
2266,349,yellow,small,metal,cylinder,"[132, 119, 12.85598087310791]",1197.0,"[115, 99, 31, 37]",cache/1756274369043.png,,,,
2267,350,cyan,large,rubber,cylinder,"[130, 108, 12.101644515991211]",5462.0,"[94, 68, 68, 80]",cache/1756274439667.png,,,,
2268,350,cyan,small,rubber,sphere,"[240, 222, 8.856678009033203]",1788.0,"[219, 200, 41, 43]",cache/1756274439658.png,,,,
2269,350,cyan,small,rubber,sphere,"[196, 138, 11.583694458007812]",1043.0,"[179, 121, 31, 32]",cache/1756274439672.png,,,,
2270,350,cyan,small,metal,sphere,"[355, 165, 10.519749641418457]",1285.0,"[337, 147, 36, 35]",cache/1756274439652.png,,,,
2271,350,brown,large,metal,cylinder,"[217, 74, 14.099184036254883]",3633.0,"[189, 40, 54, 67]",cache/1756274439676.png,,,,
2272,350,blue,small,rubber,cube,"[257, 146, 11.237407684326172]",1852.0,"[236, 123, 40, 45]",cache/1756274439663.png,,,,
2273,351,red,small,metal,cube,"[351, 172, 10.569640159606934]",2060.0,"[329, 149, 44, 46]",cache/1756274520165.png,,,,
2274,351,blue,small,metal,cube,"[211, 95, 14.070419311523438]",1052.0,"[192, 76, 36, 29]",cache/1756274520183.png,,,,
2275,351,yellow,small,metal,cube,"[238, 206, 9.562116622924805]",2930.0,"[212, 176, 50, 58]",cache/1756274520172.png,,,,
2276,351,purple,large,rubber,cube,"[184, 130, 11.464447975158691]",8241.0,"[138, 84, 89, 92]",cache/1756274520177.png,,,,
2277,352,gray,small,rubber,cylinder,"[249, 126, 11.9695463180542]",1285.0,"[233, 105, 31, 40]",cache/1756274372249.png,,,,
2278,352,gray,small,metal,sphere,"[154, 168, 10.308515548706055]",9237.0,"[147, 128, 87, 105]",cache/1756274372203.png,,,,
2279,352,brown,large,rubber,cylinder,"[289, 91, 12.899266242980957]",4419.0,"[260, 53, 59, 74]",cache/1756274372233.png,,,,
2280,352,green,large,metal,cube,"[194, 180, 9.242255210876465]",9237.0,"[147, 128, 87, 105]",cache/1756274372203.png,,,,
2281,352,purple,large,metal,cube,"[430, 133, 10.874046325683594]",8300.0,"[388, 88, 91, 90]",cache/1756274372216.png,,,,
2282,352,green,large,metal,cube,"[60, 131, 10.944696426391602]",9665.0,"[8, 84, 99, 97]",cache/1756274372210.png,,,,
2283,352,purple,small,metal,sphere,"[243, 255, 7.982911586761475]",2239.0,"[219, 231, 46, 48]",cache/1756274372227.png,,,,
2284,352,green,large,metal,cube,"[298, 192, 8.881736755371094]",11043.0,"[249, 136, 94, 116]",cache/1756274372196.png,,,,
2285,352,red,large,rubber,cube,"[371, 157, 9.968398094177246]",9391.0,"[328, 105, 88, 105]",cache/1756274372221.png,,,,
2286,352,green,large,rubber,cylinder,"[129, 104, 12.211663246154785]",5302.0,"[94, 64, 67, 79]",cache/1756274372238.png,,,,
2287,353,gray,large,metal,sphere,"[265, 164, 9.19829273223877]",6448.0,"[224, 123, 80, 80]",cache/1756274456980.png,,,,
2288,353,blue,large,metal,cube,"[330, 112, 11.12696361541748]",7925.0,"[287, 66, 85, 92]",cache/1756274456987.png,,,,
2289,353,brown,small,metal,sphere,"[201, 154, 10.231851577758789]",1340.0,"[182, 135, 36, 37]",cache/1756274457012.png,,,,
2290,353,cyan,large,rubber,cylinder,"[149, 103, 11.54154109954834]",5888.0,"[112, 61, 70, 83]",cache/1756274457001.png,,,,
2291,353,red,large,metal,cylinder,"[218, 246, 7.226700305938721]",15363.0,"[162, 176, 107, 142]",cache/1756274456994.png,,,,
2292,353,gray,small,metal,sphere,"[402, 140, 10.77607250213623]",1250.0,"[383, 122, 35, 34]",cache/1756274457007.png,,,,
2293,354,gray,small,metal,cylinder,"[309, 144, 11.164275169372559]",1563.0,"[291, 122, 35, 43]",cache/1756274475695.png,,,,
2294,354,cyan,large,metal,sphere,"[226, 103, 12.226473808288574]",6724.0,"[181, 43, 75, 89]",cache/1756274475683.png,,,,
2295,354,gray,large,metal,cylinder,"[156, 200, 8.702821731567383]",10803.0,"[107, 142, 92, 116]",cache/1756274475689.png,,,,
2296,354,cyan,large,metal,cylinder,"[210, 78, 13.610912322998047]",6724.0,"[181, 43, 75, 89]",cache/1756274475683.png,,,,
2297,354,purple,small,metal,sphere,"[89, 175, 10.06887435913086]",1436.0,"[69, 156, 37, 37]",cache/1756274475662.png,,,,
2298,354,gray,small,rubber,cube,"[64, 136, 11.49824333190918]",2230.0,"[39, 113, 49, 45]",cache/1756274475672.png,,,,
2299,354,red,small,rubber,cube,"[281, 108, 12.807328224182129]",1279.0,"[264, 88, 33, 38]",cache/1756274475677.png,,,,
2300,354,green,large,metal,sphere,"[271, 221, 8.197052001953125]",8355.0,"[226, 175, 90, 92]",cache/1756274475654.png,,,,
2301,354,gray,small,rubber,sphere,"[381, 155, 10.768411636352539]",1243.0,"[362, 136, 35, 35]",cache/1756274475667.png,,,,
2302,355,blue,small,rubber,cylinder,"[327, 109, 13.105298042297363]",9522.0,"[236, 93, 95, 99]",cache/1756274414686.png,,,,
2303,355,yellow,small,rubber,cylinder,"[388, 151, 11.05102825164795]",1725.0,"[369, 128, 38, 44]",cache/1756274414698.png,,,,
2304,355,purple,large,rubber,sphere,"[174, 109, 12.179165840148926]",3768.0,"[143, 77, 61, 61]",cache/1756274414661.png,,,,
2305,355,brown,large,metal,sphere,"[167, 211, 8.396944999694824]",8045.0,"[122, 166, 88, 90]",cache/1756274414675.png,,,,
2306,355,green,large,rubber,cube,"[263, 75, 14.310919761657715]",4034.0,"[232, 42, 62, 64]",cache/1756274414693.png,,,,
2307,355,red,large,metal,sphere,"[121, 168, 9.668152809143066]",6027.0,"[81, 129, 77, 77]",cache/1756274414669.png,,,,
2308,355,purple,large,metal,cylinder,"[71, 119, 11.658480644226074]",6098.0,"[31, 78, 73, 82]",cache/1756274414681.png,,,,
2309,355,yellow,large,rubber,cube,"[283, 142, 10.633977890014648]",9522.0,"[236, 93, 95, 99]",cache/1756274414686.png,,,,
2310,355,yellow,small,rubber,cylinder,"[309, 204, 9.218510627746582]",2373.0,"[287, 176, 43, 55]",cache/1756274414703.png,,,,
2311,356,blue,small,rubber,cube,"[253, 135, 11.1106595993042]",2002.0,"[231, 112, 43, 46]",cache/1756274250487.png,,,,
2312,356,blue,small,metal,cube,"[82, 146, 10.673130989074707]",2599.0,"[55, 121, 52, 49]",cache/1756274250481.png,,,,
2313,356,brown,large,metal,sphere,"[351, 154, 9.616788864135742]",6103.0,"[312, 114, 78, 77]",cache/1756274250469.png,,,,
2314,356,red,small,metal,cylinder,"[289, 193, 9.086392402648926]",2346.0,"[267, 165, 42, 55]",cache/1756274250492.png,,,,
2315,356,green,large,rubber,cube,"[187, 104, 11.747228622436523]",6858.0,"[146, 62, 79, 85]",cache/1756274250475.png,,,,
2316,357,yellow,large,metal,cube,"[260, 101, 12.57336711883545]",6305.0,"[222, 61, 77, 81]",cache/1756274281126.png,,,,
2317,357,yellow,large,metal,cylinder,"[374, 120, 11.644946098327637]",6116.0,"[339, 78, 72, 84]",cache/1756274281143.png,,,,
2318,357,yellow,small,rubber,cylinder,"[229, 171, 10.405424118041992]",1769.0,"[210, 146, 36, 48]",cache/1756274281182.png,,,,
2319,357,yellow,large,metal,sphere,"[137, 189, 9.17894172668457]",6690.0,"[95, 148, 81, 81]",cache/1756274281118.png,,,,
2320,357,green,small,rubber,cylinder,"[200, 232, 8.686968803405762]",2609.0,"[177, 202, 44, 59]",cache/1756274281174.png,,,,
2321,357,cyan,small,metal,cylinder,"[72, 152, 11.059905052185059]",1798.0,"[51, 129, 39, 45]",cache/1756274281166.png,,,,
2322,357,red,small,metal,sphere,"[307, 181, 10.07180118560791]",1379.0,"[288, 162, 36, 37]",cache/1756274281137.png,,,,
2323,357,cyan,large,metal,cube,"[179, 109, 12.164020538330078]",5356.0,"[145, 69, 66, 80]",cache/1756274281132.png,,,,
2324,358,yellow,small,metal,sphere,"[59, 143, 10.997893333435059]",1216.0,"[41, 125, 35, 34]",cache/1756274579751.png,,,,
2325,358,brown,large,rubber,cube,"[279, 139, 10.342057228088379]",9860.0,"[230, 90, 97, 101]",cache/1756274579744.png,,,,
2326,358,blue,small,metal,sphere,"[182, 99, 13.261191368103027]",802.0,"[167, 84, 28, 28]",cache/1756274579756.png,,,,
2327,359,purple,large,metal,cylinder,"[375, 172, 8.948737144470215]",10492.0,"[330, 117, 94, 110]",cache/1756274268204.png,,,,
2328,359,cyan,small,rubber,cylinder,"[174, 208, 8.579578399658203]",2719.0,"[150, 178, 45, 59]",cache/1756274268194.png,,,,
2329,359,blue,small,rubber,cube,"[75, 145, 10.713534355163574]",2042.0,"[51, 122, 44, 45]",cache/1756274268172.png,,,,
2330,359,yellow,small,metal,cube,"[138, 121, 11.843798637390137]",1772.0,"[117, 99, 41, 43]",cache/1756274268180.png,,,,
2331,359,yellow,large,rubber,cylinder,"[317, 113, 11.315155982971191]",5896.0,"[283, 71, 69, 85]",cache/1756274268199.png,,,,
2332,359,brown,large,rubber,sphere,"[249, 147, 9.801189422607422]",5744.0,"[210, 109, 75, 76]",cache/1756274268187.png,,,,
2333,359,red,small,metal,cylinder,"[428, 152, 10.430489540100098]",1514.0,"[417, 128, 32, 46]",cache/1756274268210.png,,,,
2334,360,brown,large,rubber,sphere,"[300, 194, 8.843820571899414]",7185.0,"[258, 151, 84, 85]",cache/1756274334888.png,,,,
2335,360,blue,small,rubber,sphere,"[180, 169, 10.263132095336914]",1335.0,"[161, 150, 36, 36]",cache/1756274334904.png,,,,
2336,360,cyan,small,metal,sphere,"[115, 119, 12.233484268188477]",957.0,"[99, 103, 31, 30]",cache/1756274334895.png,,,,
2337,360,blue,small,rubber,sphere,"[213, 98, 13.363587379455566]",787.0,"[198, 83, 27, 28]",cache/1756274334899.png,,,,
2338,361,red,large,rubber,sphere,"[90, 121, 11.637137413024902]",4260.0,"[56, 88, 65, 64]",cache/1756274348723.png,,,,
2339,361,gray,small,metal,cylinder,"[234, 105, 13.300716400146484]",938.0,"[219, 86, 28, 32]",cache/1756274348743.png,,,,
2340,361,yellow,large,rubber,cylinder,"[212, 155, 10.30239486694336]",7181.0,"[173, 107, 74, 96]",cache/1756274348738.png,,,,
2341,361,cyan,small,rubber,sphere,"[358, 145, 11.41602897644043]",1106.0,"[341, 128, 33, 33]",cache/1756274348729.png,,,,
2342,361,purple,small,rubber,cube,"[288, 204, 9.425362586975098]",2980.0,"[262, 175, 51, 57]",cache/1756274348715.png,,,,
2343,361,green,small,metal,cube,"[141, 161, 10.798547744750977]",2390.0,"[116, 136, 48, 49]",cache/1756274348734.png,,,,
2344,362,yellow,small,rubber,cube,"[282, 213, 9.268985748291016]",3296.0,"[254, 183, 54, 60]",cache/1756274591459.png,,,,
2345,362,red,large,rubber,cylinder,"[328, 121, 11.974883079528809]",5375.0,"[296, 80, 66, 80]",cache/1756274591490.png,,,,
2346,362,gray,small,metal,cylinder,"[385, 144, 11.70341968536377]",1522.0,"[366, 122, 36, 41]",cache/1756274591495.png,,,,
2347,362,green,large,metal,sphere,"[175, 213, 8.626401901245117]",7547.0,"[131, 170, 86, 87]",cache/1756274591474.png,,,,
2348,362,red,small,rubber,cube,"[211, 156, 11.212708473205566]",1661.0,"[191, 133, 37, 43]",cache/1756274591484.png,,,,
2349,362,brown,small,rubber,sphere,"[167, 110, 13.46844482421875]",768.0,"[152, 95, 27, 28]",cache/1756274591480.png,,,,
2350,362,brown,large,metal,cube,"[251, 104, 12.899020195007324]",4936.0,"[218, 66, 66, 74]",cache/1756274591469.png,,,,
2351,362,green,small,metal,sphere,"[293, 103, 13.904336929321289]",426.0,"[283, 88, 15, 27]",cache/1756274591500.png,,,,
2352,363,cyan,small,rubber,cylinder,"[421, 156, 10.944193840026855]",1798.0,"[401, 133, 40, 44]",cache/1756274315661.png,,,,
2353,363,brown,small,rubber,sphere,"[290, 110, 13.396480560302734]",769.0,"[276, 95, 27, 28]",cache/1756274315671.png,,,,
2354,363,brown,small,metal,sphere,"[130, 134, 11.972143173217773]",692.0,"[123, 118, 22, 30]",cache/1756274315686.png,,,,
2355,363,blue,large,metal,cylinder,"[90, 148, 10.422463417053223]",7553.0,"[46, 102, 81, 92]",cache/1756274315691.png,,,,
2356,363,brown,small,rubber,sphere,"[218, 104, 13.789451599121094]",724.0,"[204, 90, 26, 27]",cache/1756274315655.png,,,,
2357,363,gray,small,metal,cube,"[329, 142, 11.588446617126465]",1789.0,"[307, 120, 42, 42]",cache/1756274315666.png,,,,
2358,363,yellow,small,rubber,cube,"[180, 177, 10.08858585357666]",2511.0,"[154, 151, 48, 51]",cache/1756274315676.png,,,,
2359,363,cyan,large,metal,sphere,"[266, 212, 8.25625228881836]",8287.0,"[220, 166, 90, 91]",cache/1756274315645.png,,,,
2360,363,yellow,small,rubber,sphere,"[345, 126, 12.39522933959961]",852.0,"[330, 111, 28, 29]",cache/1756274315681.png,,,,
2361,363,yellow,small,metal,cylinder,"[126, 191, 9.58671760559082]",2236.0,"[104, 165, 42, 52]",cache/1756274315697.png,,,,
2362,364,cyan,small,rubber,sphere,"[192, 97, 13.362546920776367]",790.0,"[177, 82, 27, 28]",cache/1756274552083.png,,,,
2363,364,gray,large,metal,cube,"[232, 266, 7.3553290367126465]",15075.0,"[167, 194, 120, 124]",cache/1756274552071.png,,,,
2364,364,brown,small,metal,cylinder,"[120, 121, 12.140134811401367]",1312.0,"[102, 101, 32, 40]",cache/1756274552104.png,,,,
2365,364,brown,large,rubber,sphere,"[312, 141, 10.551362037658691]",4957.0,"[277, 105, 70, 70]",cache/1756274552077.png,,,,
2366,364,brown,large,metal,sphere,"[260, 91, 12.784293174743652]",3474.0,"[230, 61, 58, 59]",cache/1756274552087.png,,,,
2367,364,brown,small,rubber,cylinder,"[156, 217, 8.92613697052002]",2564.0,"[132, 188, 44, 57]",cache/1756274552109.png,,,,
2368,364,red,small,metal,sphere,"[384, 179, 9.98212718963623]",1429.0,"[364, 160, 38, 37]",cache/1756274552066.png,,,,
2369,364,green,large,metal,sphere,"[58, 135, 10.791457176208496]",4987.0,"[21, 99, 72, 68]",cache/1756274552060.png,,,,
2370,364,green,small,rubber,sphere,"[139, 138, 11.430577278137207]",1082.0,"[122, 121, 32, 32]",cache/1756274552093.png,,,,
2371,364,brown,large,metal,sphere,"[236, 67, 14.288920402526855]",3474.0,"[230, 61, 58, 59]",cache/1756274552087.png,,,,
2372,365,red,small,rubber,cylinder,"[370, 126, 12.135541915893555]",10959.0,"[283, 102, 104, 104]",cache/1756274270638.png,,,,
2373,365,green,small,metal,sphere,"[284, 95, 14.075096130371094]",698.0,"[270, 81, 26, 26]",cache/1756274270644.png,,,,
2374,365,red,large,metal,cylinder,"[119, 174, 9.232297897338867]",9629.0,"[71, 122, 90, 106]",cache/1756274270659.png,,,,
2375,365,cyan,small,rubber,cube,"[231, 214, 8.711713790893555]",2917.0,"[205, 184, 49, 58]",cache/1756274270669.png,,,,
2376,365,yellow,small,rubber,sphere,"[191, 142, 11.308805465698242]",1064.0,"[174, 125, 32, 32]",cache/1756274270649.png,,,,
2377,365,cyan,small,metal,cylinder,"[265, 243, 7.962638854980469]",3140.0,"[241, 211, 48, 64]",cache/1756274270664.png,,,,
2378,365,green,large,metal,cylinder,"[101, 119, 11.562102317810059]",4664.0,"[63, 78, 70, 66]",cache/1756274270674.png,,,,
2379,365,green,large,rubber,cube,"[334, 153, 10.025839805603027]",10959.0,"[283, 102, 104, 104]",cache/1756274270638.png,,,,
2380,365,red,small,metal,cylinder,"[215, 110, 13.041760444641113]",1036.0,"[200, 91, 28, 35]",cache/1756274270654.png,,,,
2381,366,cyan,large,rubber,cube,"[272, 102, 12.0271577835083]",5080.0,"[240, 63, 65, 77]",cache/1756274474679.png,,,,
2382,366,brown,large,rubber,sphere,"[359, 113, 11.418023109436035]",4300.0,"[325, 79, 65, 65]",cache/1756274474674.png,,,,
2383,366,brown,large,metal,cylinder,"[232, 152, 9.640642166137695]",7970.0,"[192, 102, 78, 101]",cache/1756274474690.png,,,,
2384,366,brown,small,rubber,cube,"[123, 184, 9.308959007263184]",3198.0,"[94, 155, 55, 58]",cache/1756274474666.png,,,,
2385,366,purple,large,rubber,cylinder,"[426, 137, 10.25887393951416]",8214.0,"[383, 90, 86, 94]",cache/1756274474684.png,,,,
2386,366,red,large,metal,cube,"[178, 122, 10.941123008728027]",8717.0,"[129, 76, 92, 94]",cache/1756274474702.png,,,,
2387,366,red,large,metal,sphere,"[210, 79, 13.550628662109375]",2866.0,"[182, 50, 54, 52]",cache/1756274474696.png,,,,
2388,367,yellow,small,rubber,cylinder,"[426, 143, 11.224434852600098]",1725.0,"[406, 120, 39, 43]",cache/1756274452901.png,,,,
2389,367,purple,small,rubber,sphere,"[235, 130, 11.880188941955566]",972.0,"[219, 113, 30, 31]",cache/1756274452919.png,,,,
2390,367,purple,small,rubber,cylinder,"[328, 200, 9.058801651000977]",2409.0,"[306, 172, 43, 55]",cache/1756274452896.png,,,,
2391,367,green,small,rubber,cylinder,"[153, 162, 10.376917839050293]",1814.0,"[132, 138, 38, 47]",cache/1756274452906.png,,,,
2392,367,brown,large,rubber,cube,"[186, 90, 13.289101600646973]",5670.0,"[147, 53, 75, 74]",cache/1756274452890.png,,,,
2393,367,cyan,small,rubber,cylinder,"[102, 174, 9.922359466552734]",2116.0,"[80, 149, 42, 49]",cache/1756274452911.png,,,,
2394,367,green,small,metal,sphere,"[378, 180, 9.707816123962402]",1523.0,"[358, 160, 39, 38]",cache/1756274452878.png,,,,
2395,367,yellow,large,rubber,sphere,"[257, 77, 14.269634246826172]",2728.0,"[231, 50, 51, 53]",cache/1756274452885.png,,,,
2396,367,blue,large,metal,cube,"[73, 125, 11.210592269897461]",8754.0,"[24, 80, 95, 91]",cache/1756274452869.png,,,,
2397,368,cyan,large,metal,sphere,"[398, 128, 10.8558988571167]",4964.0,"[362, 93, 71, 69]",cache/1756274562367.png,,,,
2398,368,blue,large,rubber,cube,"[308, 119, 11.2344970703125]",8052.0,"[266, 73, 87, 91]",cache/1756274562429.png,,,,
2399,368,brown,small,metal,sphere,"[267, 227, 8.534859657287598]",1940.0,"[245, 205, 43, 44]",cache/1756274562395.png,,,,
2400,368,cyan,small,rubber,cube,"[131, 171, 10.042457580566406]",2082.0,"[110, 146, 40, 50]",cache/1756274562412.png,,,,
2401,368,red,large,rubber,cylinder,"[209, 99, 12.12810230255127]",4892.0,"[176, 59, 62, 77]",cache/1756274562423.png,,,,
2402,368,gray,large,metal,sphere,"[175, 227, 7.974522590637207]",8899.0,"[127, 180, 93, 95]",cache/1756274562379.png,,,,
2403,368,cyan,small,metal,cylinder,"[371, 189, 9.515013694763184]",2370.0,"[348, 162, 44, 53]",cache/1756274562418.png,,,,
2404,368,green,large,metal,cylinder,"[231, 142, 10.340740203857422]",7045.0,"[193, 94, 73, 95]",cache/1756274562436.png,,,,
2405,368,blue,large,metal,cube,"[315, 86, 12.812586784362793]",3366.0,"[280, 48, 72, 46]",cache/1756274562401.png,,,,
2406,369,green,small,metal,sphere,"[362, 166, 10.764198303222656]",1945.0,"[326, 163, 38, 50]",cache/1756274341392.png,,,,
2407,369,green,large,metal,cylinder,"[200, 186, 9.35244083404541]",8791.0,"[157, 134, 82, 107]",cache/1756274341386.png,,,,
2408,369,green,small,rubber,cylinder,"[300, 125, 12.585078239440918]",1192.0,"[285, 105, 30, 38]",cache/1756274341396.png,,,,
2409,369,cyan,small,rubber,cube,"[90, 149, 11.454985618591309]",2024.0,"[65, 126, 45, 44]",cache/1756274341377.png,,,,
2410,369,green,large,metal,sphere,"[242, 84, 14.092977523803711]",2793.0,"[215, 56, 52, 53]",cache/1756274341359.png,,,,
2411,369,red,small,rubber,cylinder,"[185, 133, 12.171731948852539]",856.0,"[168, 112, 30, 27]",cache/1756274341409.png,,,,
2412,369,gray,large,rubber,sphere,"[297, 212, 8.617462158203125]",7547.0,"[254, 169, 86, 87]",cache/1756274341366.png,,,,
2413,369,gray,small,rubber,sphere,"[140, 158, 11.06688404083252]",1156.0,"[122, 141, 33, 34]",cache/1756274341402.png,,,,
2414,369,purple,small,rubber,sphere,"[134, 119, 12.876344680786133]",845.0,"[119, 104, 28, 29]",cache/1756274341372.png,,,,
2415,369,blue,small,rubber,cylinder,"[344, 189, 9.963654518127441]",1945.0,"[326, 163, 38, 50]",cache/1756274341392.png,,,,
2416,370,gray,large,rubber,cylinder,"[240, 228, 8.063854217529297]",12179.0,"[192, 165, 95, 127]",cache/1756274407302.png,,,,
2417,370,green,large,rubber,cube,"[164, 103, 12.480785369873047]",6880.0,"[120, 63, 83, 82]",cache/1756274407278.png,,,,
2418,370,yellow,small,rubber,cube,"[340, 178, 10.09666919708252]",2036.0,"[320, 152, 40, 50]",cache/1756274407289.png,,,,
2419,370,cyan,small,rubber,cube,"[190, 204, 9.285873413085938]",1817.0,"[165, 176, 33, 54]",cache/1756274407296.png,,,,
2420,370,blue,small,metal,cube,"[133, 149, 11.157889366149902]",1793.0,"[112, 126, 39, 45]",cache/1756274407284.png,,,,
2421,370,purple,large,rubber,sphere,"[369, 117, 11.747514724731445]",4125.0,"[337, 85, 64, 63]",cache/1756274407265.png,,,,
2422,370,red,large,metal,sphere,"[274, 80, 13.899349212646484]",2897.0,"[247, 52, 53, 54]",cache/1756274407272.png,,,,
2423,371,purple,large,metal,cube,"[182, 137, 10.973664283752441]",8103.0,"[135, 91, 88, 91]",cache/1756274409867.png,,,,
2424,371,blue,small,rubber,cylinder,"[269, 134, 11.885300636291504]",1331.0,"[252, 112, 32, 41]",cache/1756274409887.png,,,,
2425,371,red,large,rubber,cylinder,"[224, 235, 8.048009872436523]",12270.0,"[175, 172, 95, 128]",cache/1756274409877.png,,,,
2426,371,yellow,small,rubber,cylinder,"[315, 190, 9.823465347290039]",2115.0,"[294, 163, 40, 51]",cache/1756274409882.png,,,,
2427,372,gray,small,metal,cylinder,"[277, 128, 11.86583423614502]",1336.0,"[260, 107, 32, 41]",cache/1756274461257.png,,,,
2428,372,cyan,small,rubber,sphere,"[308, 147, 11.063529014587402]",1156.0,"[290, 130, 33, 34]",cache/1756274461243.png,,,,
2429,372,purple,small,rubber,cube,"[250, 166, 10.360595703125]",2241.0,"[227, 141, 44, 50]",cache/1756274461252.png,,,,
2430,372,purple,small,metal,cube,"[109, 180, 9.884530067443848]",3008.0,"[80, 153, 54, 54]",cache/1756274461236.png,,,,
2431,372,purple,large,metal,cylinder,"[196, 215, 8.296880722045898]",11532.0,"[147, 154, 93, 123]",cache/1756274461247.png,,,,
2432,373,purple,small,metal,cube,"[301, 115, 13.040525436401367]",1550.0,"[281, 95, 38, 39]",cache/1756274537896.png,,,,
2433,373,cyan,large,metal,sphere,"[110, 131, 11.46697998046875]",4384.0,"[75, 97, 66, 65]",cache/1756274537886.png,,,,
2434,373,gray,large,metal,cube,"[255, 86, 13.846095085144043]",5310.0,"[219, 49, 72, 73]",cache/1756274537891.png,,,,
2435,374,cyan,small,rubber,cube,"[289, 196, 9.931011199951172]",2468.0,"[266, 168, 45, 54]",cache/1756274528149.png,,,,
2436,374,brown,small,metal,cube,"[363, 169, 10.806229591369629]",2498.0,"[337, 144, 49, 50]",cache/1756274528103.png,,,,
2437,374,blue,small,rubber,cube,"[220, 128, 12.567526817321777]",1408.0,"[201, 108, 35, 39]",cache/1756274528109.png,,,,
2438,374,brown,small,rubber,sphere,"[185, 110, 13.493257522583008]",756.0,"[171, 96, 27, 27]",cache/1756274528141.png,,,,
2439,374,yellow,small,rubber,cube,"[394, 146, 11.737271308898926]",1973.0,"[373, 123, 43, 45]",cache/1756274528163.png,,,,
2440,374,brown,small,rubber,sphere,"[316, 119, 13.019469261169434]",825.0,"[302, 104, 28, 29]",cache/1756274528115.png,,,,
2441,374,blue,small,metal,cylinder,"[257, 221, 9.198607444763184]",2307.0,"[236, 193, 41, 55]",cache/1756274528183.png,,,,
2442,374,gray,small,rubber,sphere,"[232, 252, 8.449420928955078]",1970.0,"[209, 229, 43, 45]",cache/1756274528155.png,,,,
2443,374,yellow,large,metal,cube,"[108, 163, 10.339583396911621]",11161.0,"[50, 112, 106, 104]",cache/1756274528095.png,,,,
2444,374,yellow,small,metal,cube,"[71, 135, 12.226117134094238]",11161.0,"[50, 112, 106, 104]",cache/1756274528095.png,,,,
2445,375,purple,small,metal,cylinder,"[267, 144, 11.21706485748291]",1468.0,"[250, 121, 34, 43]",cache/1756274436734.png,,,,
2446,375,blue,small,metal,sphere,"[338, 128, 11.890816688537598]",1000.0,"[322, 112, 31, 31]",cache/1756274436711.png,,,,
2447,375,brown,small,rubber,cube,"[248, 177, 9.989607810974121]",2741.0,"[222, 150, 50, 54]",cache/1756274436724.png,,,,
2448,375,brown,large,rubber,sphere,"[196, 92, 12.867923736572266]",3363.0,"[167, 62, 57, 58]",cache/1756274436719.png,,,,
2449,375,cyan,small,metal,sphere,"[164, 213, 8.964963912963867]",1740.0,"[142, 191, 41, 41]",cache/1756274436704.png,,,,
2450,375,brown,large,metal,cylinder,"[122, 109, 11.94559097290039]",5636.0,"[85, 69, 69, 80]",cache/1756274436729.png,,,,
2451,375,red,large,rubber,cylinder,"[416, 136, 10.762542724609375]",7502.0,"[376, 90, 82, 91]",cache/1756274436738.png,,,,
2452,376,blue,small,metal,cylinder,"[225, 152, 11.43541431427002]",1430.0,"[207, 130, 33, 43]",cache/1756274448508.png,,,,
2453,376,red,large,rubber,cylinder,"[285, 128, 11.685125350952148]",5451.0,"[253, 87, 65, 83]",cache/1756274448513.png,,,,
2454,376,cyan,large,metal,cylinder,"[345, 110, 12.56556510925293]",4868.0,"[315, 72, 63, 77]",cache/1756274448518.png,,,,
2455,376,red,small,metal,cube,"[136, 176, 10.541704177856445]",2149.0,"[112, 152, 45, 47]",cache/1756274448490.png,,,,
2456,376,green,large,metal,sphere,"[260, 73, 14.911995887756348]",2452.0,"[235, 47, 49, 49]",cache/1756274448503.png,,,,
2457,377,red,large,metal,cylinder,"[144, 130, 11.233819961547852]",5749.0,"[107, 88, 70, 81]",cache/1756274584070.png,,,,
2458,377,gray,large,metal,cube,"[174, 189, 8.994129180908203]",10995.0,"[120, 135, 99, 110]",cache/1756274584043.png,,,,
2459,377,blue,large,rubber,cube,"[351, 167, 9.737014770507812]",11981.0,"[298, 114, 110, 108]",cache/1756274584064.png,,,,
2460,377,gray,large,rubber,cylinder,"[77, 120, 11.7243013381958]",73481.0,"[38, 48, 370, 198]",cache/1756274584097.png,,,,
2461,377,green,small,metal,cylinder,"[258, 195, 9.503095626831055]",73481.0,"[38, 48, 370, 198]",cache/1756274584097.png,,,,
2462,377,green,large,rubber,cylinder,"[299, 92, 13.435056686401367]",3767.0,"[271, 56, 57, 66]",cache/1756274584076.png,,,,
2463,377,blue,large,rubber,cube,"[285, 139, 10.831439971923828]",73481.0,"[38, 48, 370, 198]",cache/1756274584097.png,,,,
2464,377,purple,large,rubber,cube,"[223, 84, 13.994274139404297]",73481.0,"[38, 48, 370, 198]",cache/1756274584097.png,,,,
2465,378,red,small,rubber,sphere,"[333, 191, 8.94228744506836]",1739.0,"[312, 169, 41, 42]",cache/1756274274293.png,,,,
2466,378,brown,small,rubber,cylinder,"[225, 115, 11.900978088378906]",1255.0,"[208, 95, 31, 39]",cache/1756274274310.png,,,,
2467,378,purple,large,metal,cube,"[94, 128, 10.415112495422363]",9315.0,"[44, 80, 93, 99]",cache/1756274274270.png,,,,
2468,378,blue,large,rubber,sphere,"[341, 117, 10.894652366638184]",4728.0,"[307, 82, 68, 68]",cache/1756274274277.png,,,,
2469,378,blue,large,metal,sphere,"[255, 235, 7.2052998542785645]",10961.0,"[203, 183, 103, 106]",cache/1756274274262.png,,,,
2470,378,purple,small,metal,cube,"[274, 90, 13.398200035095215]",1372.0,"[255, 71, 36, 37]",cache/1756274274282.png,,,,
2471,378,gray,large,rubber,cylinder,"[421, 149, 9.569548606872559]",9542.0,"[377, 98, 92, 103]",cache/1756274274299.png,,,,
2472,378,brown,small,rubber,cylinder,"[128, 214, 8.301474571228027]",3021.0,"[102, 183, 49, 61]",cache/1756274274305.png,,,,
2473,378,yellow,small,metal,cylinder,"[146, 108, 12.319525718688965]",1243.0,"[129, 88, 32, 38]",cache/1756274274315.png,,,,
2474,378,brown,large,rubber,sphere,"[172, 157, 9.301789283752441]",6420.0,"[131, 116, 79, 80]",cache/1756274274287.png,,,,
2475,379,gray,large,rubber,cube,"[263, 149, 10.089287757873535]",10920.0,"[212, 95, 100, 108]",cache/1756274288397.png,,,,
2476,379,green,large,rubber,sphere,"[46, 130, 10.877958297729492]",4963.0,"[8, 94, 72, 68]",cache/1756274288361.png,,,,
2477,379,yellow,small,rubber,cube,"[109, 123, 12.04348087310791]",1869.0,"[87, 101, 43, 43]",cache/1756274288385.png,,,,
2478,379,yellow,small,rubber,cube,"[166, 213, 8.781710624694824]",3544.0,"[137, 182, 55, 63]",cache/1756274288391.png,,,,
2479,379,blue,small,metal,sphere,"[356, 124, 11.969104766845703]",985.0,"[340, 108, 31, 31]",cache/1756274288375.png,,,,
2480,379,red,large,rubber,cube,"[224, 88, 13.055319786071777]",5368.0,"[185, 50, 74, 71]",cache/1756274288380.png,,,,
2481,379,brown,small,rubber,cylinder,"[121, 180, 9.741564750671387]",2139.0,"[99, 154, 41, 51]",cache/1756274288413.png,,,,
2482,379,cyan,large,metal,cylinder,"[421, 128, 10.946706771850586]",7232.0,"[382, 84, 80, 89]",cache/1756274288408.png,,,,
2483,379,yellow,small,metal,cube,"[285, 111, 12.644993782043457]",10920.0,"[212, 95, 100, 108]",cache/1756274288397.png,,,,
2484,379,blue,small,rubber,sphere,"[192, 249, 7.932836532592773]",2244.0,"[168, 225, 46, 48]",cache/1756274288369.png,,,,
2485,380,red,small,metal,cylinder,"[216, 236, 8.639163970947266]",2643.0,"[193, 206, 44, 59]",cache/1756274511144.png,,,,
2486,380,green,small,metal,sphere,"[299, 203, 9.48200798034668]",1575.0,"[278, 183, 39, 39]",cache/1756274511137.png,,,,
2487,380,yellow,small,metal,cube,"[168, 115, 12.817466735839844]",1609.0,"[147, 95, 40, 40]",cache/1756274511128.png,,,,
2488,381,brown,small,metal,cube,"[365, 131, 11.595406532287598]",2079.0,"[341, 108, 46, 44]",cache/1756274561015.png,,,,
2489,381,yellow,large,rubber,cube,"[126, 179, 8.97778606414795]",12570.0,"[73, 122, 105, 118]",cache/1756274561006.png,,,,
2490,381,red,small,rubber,cylinder,"[274, 124, 11.936779022216797]",1290.0,"[258, 103, 31, 40]",cache/1756274561025.png,,,,
2491,381,purple,large,rubber,cylinder,"[203, 90, 12.864681243896484]",4396.0,"[171, 53, 59, 73]",cache/1756274561020.png,,,,
2492,382,cyan,small,rubber,cylinder,"[437, 148, 10.264657974243164]",2130.0,"[415, 123, 44, 48]",cache/1756274261635.png,,,,
2493,382,red,large,metal,sphere,"[194, 99, 11.643794059753418]",4098.0,"[161, 66, 63, 64]",cache/1756274261619.png,,,,
2494,382,yellow,small,rubber,cube,"[258, 179, 9.184797286987305]",2829.0,"[233, 150, 49, 57]",cache/1756274261625.png,,,,
2495,382,cyan,small,metal,cube,"[117, 121, 11.430389404296875]",1499.0,"[94, 99, 43, 34]",cache/1756274261630.png,,,,
2496,382,brown,large,metal,cube,"[345, 120, 10.579695701599121]",8565.0,"[301, 75, 92, 92]",cache/1756274261607.png,,,,
2497,382,green,large,metal,cube,"[117, 189, 8.179171562194824]",16372.0,"[48, 128, 127, 128]",cache/1756274261613.png,,,,
2498,383,purple,small,rubber,sphere,"[58, 148, 10.455695152282715]",1335.0,"[39, 129, 37, 35]",cache/1756274293579.png,,,,
2499,383,purple,large,rubber,sphere,"[306, 107, 11.450984001159668]",4226.0,"[273, 73, 64, 65]",cache/1756274293571.png,,,,
2500,383,green,large,metal,sphere,"[264, 84, 12.742513656616211]",3491.0,"[234, 54, 56, 61]",cache/1756274293590.png,,,,
2501,383,purple,large,metal,cylinder,"[126, 121, 10.759246826171875]",6836.0,"[85, 77, 76, 89]",cache/1756274293764.png,,,,
2502,383,blue,large,rubber,cylinder,"[233, 156, 9.392455101013184]",8541.0,"[191, 104, 81, 104]",cache/1756274293743.png,,,,
2503,383,cyan,large,metal,cylinder,"[201, 97, 11.999163627624512]",4995.0,"[168, 57, 63, 78]",cache/1756274293780.png,,,,
2504,383,gray,small,rubber,cube,"[355, 185, 9.166159629821777]",3392.0,"[327, 156, 57, 58]",cache/1756274293584.png,,,,
2505,383,cyan,small,metal,cylinder,"[298, 202, 8.685980796813965]",2622.0,"[275, 172, 45, 58]",cache/1756274293790.png,,,,
2506,383,gray,small,rubber,sphere,"[165, 158, 10.07015323638916]",1389.0,"[146, 139, 36, 37]",cache/1756274293774.png,,,,
2507,384,brown,small,metal,cube,"[175, 159, 10.808210372924805]",1955.0,"[153, 135, 42, 46]",cache/1756274531980.png,,,,
2508,384,green,large,rubber,cylinder,"[209, 241, 7.831948280334473]",13079.0,"[157, 176, 98, 132]",cache/1756274531974.png,,,,
2509,384,purple,large,metal,cylinder,"[298, 173, 9.606807708740234]",8528.0,"[258, 121, 81, 104]",cache/1756274531966.png,,,,
2510,385,red,small,rubber,cube,"[375, 131, 11.632574081420898]",2002.0,"[352, 108, 44, 44]",cache/1756274564331.png,,,,
2511,385,cyan,small,rubber,cube,"[291, 227, 8.299067497253418]",4115.0,"[260, 194, 61, 67]",cache/1756274564325.png,,,,
2512,385,red,small,rubber,sphere,"[239, 144, 11.022172927856445]",1124.0,"[222, 126, 33, 33]",cache/1756274564337.png,,,,
2513,385,yellow,large,metal,sphere,"[326, 162, 9.544916152954102]",6149.0,"[287, 122, 78, 78]",cache/1756274564319.png,,,,
2514,385,blue,large,metal,cube,"[207, 86, 13.214461326599121]",5842.0,"[167, 48, 76, 76]",cache/1756274564301.png,,,,
2515,385,cyan,large,metal,cube,"[326, 97, 12.521859169006348]",4870.0,"[293, 59, 66, 73]",cache/1756274564310.png,,,,
2516,386,purple,large,rubber,cylinder,"[288, 183, 9.051071166992188]",9610.0,"[246, 128, 86, 111]",cache/1756274395304.png,,,,
2517,386,brown,large,metal,cylinder,"[224, 79, 13.339727401733398]",4077.0,"[194, 42, 57, 71]",cache/1756274395310.png,,,,
2518,386,gray,small,metal,sphere,"[340, 172, 10.0452241897583]",1096.0,"[329, 153, 28, 37]",cache/1756274395316.png,,,,
2519,386,red,small,metal,cylinder,"[92, 135, 11.408088684082031]",6413.0,"[62, 128, 80, 79]",cache/1756274395295.png,,,,
2520,386,red,large,metal,cylinder,"[430, 139, 10.472542762756348]",8140.0,"[388, 92, 86, 94]",cache/1756274395321.png,,,,
2521,386,cyan,large,metal,cylinder,"[302, 94, 12.479864120483398]",4861.0,"[271, 55, 63, 76]",cache/1756274395328.png,,,,
2522,386,green,large,metal,sphere,"[104, 169, 9.477290153503418]",6413.0,"[62, 128, 80, 79]",cache/1756274395295.png,,,,
2523,387,cyan,large,metal,sphere,"[379, 128, 11.309507369995117]",4508.0,"[344, 94, 68, 66]",cache/1756274497680.png,,,,
2524,387,gray,large,metal,sphere,"[257, 137, 10.86315631866455]",4739.0,"[222, 102, 68, 69]",cache/1756274497688.png,,,,
2525,387,purple,small,metal,cylinder,"[323, 167, 10.404122352600098]",1799.0,"[303, 143, 38, 46]",cache/1756274497699.png,,,,
2526,387,gray,large,rubber,cylinder,"[160, 161, 9.83594799041748]",7986.0,"[118, 112, 80, 99]",cache/1756274497705.png,,,,
2527,387,cyan,small,rubber,sphere,"[234, 205, 9.029143333435059]",1711.0,"[213, 184, 40, 42]",cache/1756274497694.png,,,,
2528,388,green,large,rubber,cylinder,"[357, 118, 10.751595497131348]",6794.0,"[322, 73, 75, 90]",cache/1756274369781.png,,,,
2529,388,green,large,metal,cylinder,"[162, 156, 9.284664154052734]",9097.0,"[117, 104, 85, 106]",cache/1756274369803.png,,,,
2530,388,brown,large,metal,cube,"[263, 88, 12.365694046020508]",6577.0,"[221, 47, 81, 80]",cache/1756274369767.png,,,,
2531,388,gray,large,metal,cylinder,"[295, 178, 8.589898109436035]",10573.0,"[251, 121, 90, 116]",cache/1756274369792.png,,,,
2532,388,purple,small,rubber,sphere,"[104, 119, 11.582062721252441]",1080.0,"[87, 102, 32, 33]",cache/1756274369787.png,,,,
2533,388,green,small,metal,cylinder,"[209, 220, 8.141444206237793]",2943.0,"[184, 188, 47, 62]",cache/1756274369798.png,,,,
2534,389,purple,large,metal,cube,"[133, 142, 10.434760093688965]",7884.0,"[91, 95, 82, 95]",cache/1756274277109.png,,,,
2535,389,cyan,small,metal,cube,"[85, 131, 11.832481384277344]",1370.0,"[64, 109, 32, 42]",cache/1756274277144.png,,,,
2536,389,green,large,metal,cylinder,"[233, 108, 12.170045852661133]",4824.0,"[201, 69, 62, 77]",cache/1756274277155.png,,,,
2537,389,blue,small,metal,cylinder,"[401, 149, 10.964180946350098]",1746.0,"[381, 126, 39, 44]",cache/1756274277117.png,,,,
2538,389,purple,small,rubber,cube,"[197, 174, 9.965813636779785]",2336.0,"[174, 147, 44, 51]",cache/1756274277128.png,,,,
2539,389,red,small,rubber,cube,"[144, 191, 9.365462303161621]",2363.0,"[121, 164, 43, 54]",cache/1756274277139.png,,,,
2540,389,yellow,large,metal,cylinder,"[259, 73, 14.626802444458008]",4824.0,"[201, 69, 62, 77]",cache/1756274277155.png,,,,
2541,389,brown,small,rubber,sphere,"[327, 111, 12.930752754211426]",820.0,"[312, 96, 28, 29]",cache/1756274277150.png,,,,
2542,389,green,small,metal,sphere,"[297, 101, 13.59899616241455]",742.0,"[282, 86, 26, 27]",cache/1756274277134.png,,,,
2543,389,cyan,large,rubber,cylinder,"[293, 206, 8.225057601928711]",11653.0,"[247, 146, 94, 122]",cache/1756274277122.png,,,,
2544,390,brown,small,rubber,cube,"[73, 152, 10.755087852478027]",2585.0,"[46, 127, 52, 49]",cache/1756274416577.png,,,,
2545,390,yellow,large,rubber,cube,"[276, 122, 11.178815841674805]",6463.0,"[238, 79, 73, 88]",cache/1756274416582.png,,,,
2546,390,green,large,metal,sphere,"[195, 151, 10.055370330810547]",5161.0,"[157, 113, 73, 70]",cache/1756274416570.png,,,,
2547,390,purple,small,rubber,cube,"[307, 113, 12.478692054748535]",6463.0,"[238, 79, 73, 88]",cache/1756274416582.png,,,,
2548,390,blue,small,metal,cube,"[347, 124, 11.926873207092285]",1961.0,"[324, 102, 45, 43]",cache/1756274416593.png,,,,
2549,390,gray,large,metal,cylinder,"[224, 231, 7.823826313018799]",13001.0,"[173, 167, 98, 131]",cache/1756274416587.png,,,,
2550,391,gray,small,metal,cube,"[263, 109, 12.888587951660156]",1466.0,"[244, 89, 37, 38]",cache/1756274291922.png,,,,
2551,391,green,small,metal,cube,"[370, 124, 12.121554374694824]",1626.0,"[350, 103, 41, 39]",cache/1756274291937.png,,,,
2552,391,blue,small,rubber,cube,"[345, 145, 11.142570495605469]",13358.0,"[270, 128, 109, 121]",cache/1756274291896.png,,,,
2553,391,blue,small,metal,cube,"[172, 170, 10.142704963684082]",2577.0,"[146, 144, 49, 52]",cache/1756274291907.png,,,,
2554,391,purple,large,metal,cube,"[325, 186, 8.919772148132324]",13358.0,"[270, 128, 109, 121]",cache/1756274291896.png,,,,
2555,391,gray,small,metal,sphere,"[91, 141, 11.304312705993652]",1121.0,"[74, 124, 33, 33]",cache/1756274291932.png,,,,
2556,391,yellow,small,rubber,cube,"[107, 185, 9.661848068237305]",2302.0,"[84, 158, 44, 52]",cache/1756274291912.png,,,,
2557,391,yellow,small,rubber,cube,"[213, 90, 14.076272010803223]",1134.0,"[195, 73, 33, 34]",cache/1756274291927.png,,,,
2558,391,red,small,rubber,cylinder,"[426, 155, 10.737730026245117]",1878.0,"[405, 131, 40, 45]",cache/1756274291917.png,,,,
2559,391,brown,small,metal,cylinder,"[312, 115, 12.57855224609375]",1130.0,"[295, 95, 31, 35]",cache/1756274291946.png,,,,
2560,392,brown,large,rubber,sphere,"[213, 83, 13.188321113586426]",3220.0,"[185, 53, 55, 57]",cache/1756274550761.png,,,,
2561,392,purple,large,metal,cylinder,"[295, 169, 9.443341255187988]",8789.0,"[255, 116, 83, 105]",cache/1756274550755.png,,,,
2562,392,red,large,rubber,cylinder,"[169, 148, 10.146218299865723]",7762.0,"[128, 97, 77, 99]",cache/1756274550766.png,,,,
2563,392,purple,small,rubber,sphere,"[163, 103, 12.962852478027344]",7762.0,"[128, 97, 77, 99]",cache/1756274550766.png,,,,
2564,392,gray,small,metal,cube,"[322, 113, 12.405858993530273]",1263.0,"[305, 92, 33, 37]",cache/1756274550771.png,,,,
2565,393,blue,small,metal,cube,"[284, 142, 11.253101348876953]",1994.0,"[262, 118, 43, 45]",cache/1756274501915.png,,,,
2566,393,blue,small,metal,cube,"[352, 174, 10.031073570251465]",2425.0,"[327, 149, 48, 49]",cache/1756274501924.png,,,,
2567,393,cyan,large,metal,sphere,"[243, 90, 13.006970405578613]",3323.0,"[213, 60, 57, 58]",cache/1756274501907.png,,,,
2568,393,cyan,small,metal,cube,"[177, 153, 10.77653980255127]",2058.0,"[155, 129, 42, 48]",cache/1756274501919.png,,,,
2569,393,brown,small,metal,cube,"[400, 161, 10.504688262939453]",2619.0,"[375, 135, 50, 51]",cache/1756274501929.png,,,,
2570,393,purple,small,metal,sphere,"[149, 121, 12.191503524780273]",963.0,"[133, 105, 30, 31]",cache/1756274501934.png,,,,
2571,393,red,small,rubber,cylinder,"[213, 220, 8.698455810546875]",2563.0,"[191, 190, 43, 58]",cache/1756274501939.png,,,,
2572,394,blue,small,metal,cube,"[254, 169, 10.330194473266602]",1780.0,"[234, 145, 37, 47]",cache/1756274383243.png,,,,
2573,394,green,large,metal,cube,"[327, 168, 9.702384948730469]",10023.0,"[280, 114, 91, 109]",cache/1756274383248.png,,,,
2574,394,green,large,metal,sphere,"[216, 110, 11.835393905639648]",3903.0,"[184, 77, 62, 62]",cache/1756274383232.png,,,,
2575,394,green,large,metal,sphere,"[277, 72, 13.779045104980469]",2938.0,"[250, 44, 53, 54]",cache/1756274383221.png,,,,
2576,394,cyan,small,rubber,sphere,"[147, 140, 11.332859992980957]",1090.0,"[130, 123, 32, 33]",cache/1756274383260.png,,,,
2577,394,blue,small,rubber,cube,"[192, 93, 13.508981704711914]",1140.0,"[174, 74, 32, 34]",cache/1756274383266.png,,,,
2578,394,yellow,large,rubber,sphere,"[130, 99, 12.307299613952637]",3750.0,"[98, 68, 61, 61]",cache/1756274383254.png,,,,
2579,394,yellow,large,rubber,sphere,"[63, 142, 10.545029640197754]",5275.0,"[24, 106, 73, 71]",cache/1756274383226.png,,,,
2580,394,cyan,small,rubber,cube,"[289, 228, 8.738272666931152]",3308.0,"[262, 197, 52, 63]",cache/1756274383237.png,,,,
2581,395,brown,large,metal,cylinder,"[189, 99, 12.652384757995605]",4603.0,"[157, 61, 61, 75]",cache/1756274319464.png,,,,
2582,395,yellow,large,metal,cylinder,"[128, 139, 10.65021800994873]",7070.0,"[87, 93, 77, 91]",cache/1756274319452.png,,,,
2583,395,green,large,metal,sphere,"[271, 78, 14.030776977539062]",2799.0,"[244, 50, 51, 54]",cache/1756274319436.png,,,,
2584,395,brown,small,metal,cylinder,"[148, 204, 9.124753952026367]",2449.0,"[124, 176, 44, 55]",cache/1756274319459.png,,,,
2585,395,purple,large,rubber,cylinder,"[309, 109, 12.1005859375]",5190.0,"[277, 69, 65, 79]",cache/1756274319445.png,,,,
2586,396,yellow,large,rubber,cube,"[313, 199, 8.702680587768555]",15222.0,"[255, 136, 116, 130]",cache/1756274476470.png,,,,
2587,396,gray,large,rubber,cube,"[338, 108, 11.764063835144043]",6625.0,"[299, 66, 80, 81]",cache/1756274476491.png,,,,
2588,396,purple,large,metal,cylinder,"[89, 154, 9.998950958251953]",8642.0,"[42, 104, 86, 99]",cache/1756274476497.png,,,,
2589,396,red,large,metal,cube,"[228, 126, 10.986104011535645]",8985.0,"[181, 79, 92, 97]",cache/1756274476485.png,,,,
2590,396,blue,large,rubber,cylinder,"[134, 102, 12.036175727844238]",5536.0,"[98, 62, 68, 80]",cache/1756274476503.png,,,,
2591,397,gray,large,metal,sphere,"[324, 102, 12.558359146118164]",3550.0,"[294, 71, 59, 59]",cache/1756274256932.png,,,,
2592,397,purple,small,metal,cube,"[200, 176, 10.14604377746582]",1879.0,"[179, 152, 39, 48]",cache/1756274256925.png,,,,
2593,397,gray,large,rubber,sphere,"[275, 194, 8.905075073242188]",6968.0,"[233, 152, 83, 83]",cache/1756274256948.png,,,,
2594,397,red,small,metal,sphere,"[150, 140, 11.520451545715332]",1036.0,"[133, 124, 32, 32]",cache/1756274256954.png,,,,
2595,397,green,large,metal,cylinder,"[190, 89, 13.326078414916992]",4142.0,"[159, 53, 58, 71]",cache/1756274256959.png,,,,
2596,397,blue,small,rubber,cylinder,"[241, 85, 14.592480659484863]",823.0,"[227, 68, 26, 31]",cache/1756274256964.png,,,,
2597,397,blue,small,rubber,sphere,"[406, 164, 10.552872657775879]",1314.0,"[387, 146, 36, 35]",cache/1756274256943.png,,,,
2598,397,gray,large,metal,cube,"[92, 114, 11.901506423950195]",7915.0,"[43, 72, 91, 86]",cache/1756274256937.png,,,,
2599,398,green,large,metal,sphere,"[285, 149, 10.24362564086914]",5322.0,"[249, 112, 72, 73]",cache/1756274541246.png,,,,
2600,398,cyan,small,metal,cube,"[350, 203, 9.305499076843262]",2626.0,"[325, 174, 46, 56]",cache/1756274541254.png,,,,
2601,398,yellow,large,metal,sphere,"[209, 127, 11.079023361206055]",4528.0,"[175, 92, 66, 67]",cache/1756274541259.png,,,,
2602,399,blue,small,rubber,cube,"[289, 139, 11.233744621276855]",2045.0,"[266, 116, 44, 45]",cache/1756274271282.png,,,,
2603,399,blue,small,metal,sphere,"[132, 192, 9.281332015991211]",1666.0,"[110, 171, 40, 40]",cache/1756274271269.png,,,,
2604,399,cyan,large,rubber,cylinder,"[255, 222, 7.803612232208252]",12946.0,"[206, 158, 98, 130]",cache/1756274271276.png,,,,
2605,399,cyan,small,metal,cube,"[196, 151, 10.718642234802246]",1657.0,"[177, 128, 36, 45]",cache/1756274271287.png,,,,
2606,399,gray,small,metal,cylinder,"[192, 100, 13.351369857788086]",630.0,"[177, 82, 18, 34]",cache/1756274271296.png,,,,
2607,399,brown,large,rubber,cylinder,"[226, 104, 12.119342803955078]",4945.0,"[194, 65, 62, 78]",cache/1756274271291.png,,,,
2608,400,gray,small,rubber,cylinder,"[332, 141, 11.725953102111816]",1418.0,"[315, 119, 33, 41]",cache/1756274436418.png,,,,
2609,400,gray,large,rubber,sphere,"[244, 82, 14.067628860473633]",2862.0,"[217, 54, 52, 54]",cache/1756274436393.png,,,,
2610,400,green,small,metal,cylinder,"[295, 153, 11.19216537475586]",1537.0,"[277, 130, 34, 44]",cache/1756274436408.png,,,,
2611,400,green,small,metal,cylinder,"[165, 122, 12.599575996398926]",1208.0,"[149, 102, 31, 38]",cache/1756274436404.png,,,,
2612,400,red,small,rubber,sphere,"[128, 167, 10.664158821105957]",1229.0,"[109, 149, 35, 34]",cache/1756274436398.png,,,,
2613,401,blue,small,metal,cylinder,"[322, 110, 12.176865577697754]",1300.0,"[305, 90, 32, 39]",cache/1756274265396.png,,,,
2614,401,green,large,metal,cube,"[315, 199, 8.231611251831055]",14402.0,"[262, 138, 114, 125]",cache/1756274265384.png,,,,
2615,401,purple,large,rubber,cylinder,"[146, 103, 11.651650428771973]",5742.0,"[110, 62, 69, 82]",cache/1756274265390.png,,,,
2616,401,red,small,rubber,sphere,"[267, 132, 11.165794372558594]",1090.0,"[250, 114, 32, 33]",cache/1756274265400.png,,,,
2617,401,blue,large,rubber,cylinder,"[393, 160, 9.343725204467773]",9379.0,"[354, 107, 87, 106]",cache/1756274265405.png,,,,
2618,402,yellow,large,rubber,sphere,"[282, 103, 12.131693840026855]",9624.0,"[281, 91, 96, 99]",cache/1756274294441.png,,,,
2619,402,cyan,small,metal,cylinder,"[398, 141, 11.226319313049316]",1715.0,"[379, 119, 38, 44]",cache/1756274294462.png,,,,
2620,402,green,large,metal,cylinder,"[102, 168, 9.589322090148926]",9337.0,"[55, 116, 89, 104]",cache/1756274294471.png,,,,
2621,402,blue,small,rubber,cylinder,"[230, 268, 7.7481889724731445]",3367.0,"[204, 234, 49, 67]",cache/1756274294432.png,,,,
2622,402,gray,small,metal,cylinder,"[185, 95, 13.403007507324219]",1030.0,"[169, 77, 29, 35]",cache/1756274294492.png,,,,
2623,402,yellow,large,metal,cylinder,"[256, 181, 9.17908763885498]",9191.0,"[214, 127, 83, 110]",cache/1756274294478.png,,,,
2624,402,blue,large,metal,cube,"[326, 140, 10.518381118774414]",9624.0,"[281, 91, 96, 99]",cache/1756274294441.png,,,,
2625,403,red,large,rubber,cube,"[224, 130, 10.676584243774414]",8045.0,"[181, 83, 85, 94]",cache/1756274403409.png,,,,
2626,403,cyan,small,metal,cylinder,"[190, 102, 12.938755989074707]",8045.0,"[181, 83, 85, 94]",cache/1756274403409.png,,,,
2627,403,purple,small,rubber,cube,"[147, 112, 12.35328483581543]",1773.0,"[125, 91, 42, 41]",cache/1756274403437.png,,,,
2628,403,brown,small,rubber,cube,"[102, 125, 11.740897178649902]",1544.0,"[83, 103, 36, 42]",cache/1756274403418.png,,,,
2629,403,purple,large,rubber,sphere,"[241, 75, 13.643194198608398]",2729.0,"[214, 46, 54, 50]",cache/1756274403442.png,,,,
2630,403,gray,small,rubber,sphere,"[340, 164, 10.128515243530273]",1364.0,"[321, 145, 36, 37]",cache/1756274403452.png,,,,
2631,403,cyan,small,rubber,sphere,"[326, 224, 8.36775016784668]",2013.0,"[303, 201, 44, 45]",cache/1756274403423.png,,,,
2632,403,green,small,rubber,cube,"[346, 131, 11.420451164245605]",1931.0,"[323, 108, 44, 43]",cache/1756274403447.png,,,,
2633,403,blue,small,metal,cube,"[275, 186, 9.408625602722168]",3126.0,"[248, 157, 53, 58]",cache/1756274403427.png,,,,
2634,403,cyan,small,rubber,sphere,"[394, 152, 10.555692672729492]",1293.0,"[375, 134, 36, 35]",cache/1756274403432.png,,,,
2635,404,red,small,metal,cube,"[203, 252, 7.918170928955078]",4579.0,"[171, 215, 62, 72]",cache/1756274448107.png,,,,
2636,404,red,small,metal,cube,"[243, 132, 11.815361022949219]",1344.0,"[226, 111, 33, 40]",cache/1756274448114.png,,,,
2637,404,purple,small,metal,sphere,"[144, 146, 11.173836708068848]",1140.0,"[127, 128, 33, 33]",cache/1756274448124.png,,,,
2638,404,red,small,rubber,cylinder,"[313, 108, 13.066920280456543]",1076.0,"[298, 90, 29, 36]",cache/1756274448129.png,,,,
2639,404,brown,large,rubber,cube,"[183, 88, 13.383391380310059]",5373.0,"[144, 51, 73, 73]",cache/1756274448119.png,,,,
2640,404,gray,small,rubber,sphere,"[286, 224, 8.569751739501953]",1958.0,"[264, 201, 43, 45]",cache/1756274448133.png,,,,
2641,405,purple,small,metal,sphere,"[90, 134, 11.56473445892334]",1062.0,"[73, 117, 33, 32]",cache/1756274544868.png,,,,
2642,405,blue,small,metal,sphere,"[227, 215, 8.552671432495117]",1920.0,"[204, 193, 43, 44]",cache/1756274544858.png,,,,
2643,405,red,small,rubber,cylinder,"[253, 145, 11.055925369262695]",1481.0,"[236, 122, 33, 43]",cache/1756274544899.png,,,,
2644,405,red,large,metal,sphere,"[169, 95, 12.833717346191406]",3091.0,"[139, 65, 58, 53]",cache/1756274544873.png,,,,
2645,405,red,large,rubber,sphere,"[173, 152, 9.899881362915039]",5650.0,"[135, 114, 74, 75]",cache/1756274544884.png,,,,
2646,405,purple,small,metal,sphere,"[304, 116, 12.528440475463867]",874.0,"[288, 101, 29, 29]",cache/1756274544889.png,,,,
2647,405,yellow,small,rubber,cylinder,"[360, 194, 9.174372673034668]",2479.0,"[337, 166, 45, 54]",cache/1756274544878.png,,,,
2648,405,cyan,large,metal,sphere,"[429, 138, 10.485958099365234]",5387.0,"[392, 102, 74, 71]",cache/1756274544850.png,,,,
2649,405,blue,small,rubber,cube,"[281, 98, 13.725727081298828]",989.0,"[265, 80, 29, 33]",cache/1756274544894.png,,,,
2650,405,green,small,metal,sphere,"[104, 185, 9.455471992492676]",1597.0,"[83, 165, 40, 39]",cache/1756274544863.png,,,,
2651,406,gray,small,metal,cylinder,"[122, 123, 12.274842262268066]",1282.0,"[105, 103, 33, 38]",cache/1756274482895.png,,,,
2652,406,red,large,metal,sphere,"[431, 139, 10.582501411437988]",5331.0,"[394, 103, 74, 71]",cache/1756274482852.png,,,,
2653,406,purple,small,metal,sphere,"[334, 197, 9.200324058532715]",1697.0,"[313, 176, 40, 41]",cache/1756274482862.png,,,,
2654,406,yellow,small,metal,cube,"[256, 133, 11.769984245300293]",1516.0,"[237, 112, 36, 41]",cache/1756274482874.png,,,,
2655,406,blue,large,rubber,cube,"[192, 99, 12.713826179504395]",6306.0,"[151, 61, 80, 78]",cache/1756274482868.png,,,,
2656,406,cyan,large,rubber,cylinder,"[56, 128, 11.091048240661621]",6944.0,"[13, 85, 79, 86]",cache/1756274482890.png,,,,
2657,406,red,large,rubber,sphere,"[244, 214, 8.032384872436523]",8556.0,"[198, 168, 91, 93]",cache/1756274482879.png,,,,
2658,406,red,small,metal,cube,"[211, 179, 9.802437782287598]",8556.0,"[198, 168, 91, 93]",cache/1756274482879.png,,,,
2659,407,red,small,metal,cube,"[97, 138, 11.942514419555664]",1906.0,"[75, 115, 43, 44]",cache/1756274527063.png,,,,
2660,407,green,small,rubber,sphere,"[281, 162, 10.926977157592773]",1161.0,"[264, 144, 33, 34]",cache/1756274527067.png,,,,
2661,407,gray,large,metal,cylinder,"[395, 137, 11.165380477905273]",6814.0,"[357, 93, 77, 88]",cache/1756274527073.png,,,,
2662,408,red,large,rubber,cylinder,"[73, 116, 11.267984390258789]",6684.0,"[32, 73, 77, 85]",cache/1756274502771.png,,,,
2663,408,cyan,large,metal,cylinder,"[443, 134, 10.473069190979004]",6925.0,"[405, 87, 73, 93]",cache/1756274502792.png,,,,
2664,408,green,large,metal,cylinder,"[368, 179, 8.940149307250977]",10517.0,"[323, 124, 93, 112]",cache/1756274502781.png,,,,
2665,408,green,small,metal,sphere,"[238, 168, 9.968494415283203]",1386.0,"[219, 149, 37, 37]",cache/1756274502760.png,,,,
2666,408,cyan,small,metal,cube,"[169, 139, 11.04694938659668]",2140.0,"[145, 115, 45, 47]",cache/1756274502767.png,,,,
2667,408,brown,large,rubber,cylinder,"[214, 82, 13.077556610107422]",4221.0,"[184, 45, 58, 72]",cache/1756274502787.png,,,,
2668,408,cyan,small,metal,sphere,"[270, 113, 12.268309593200684]",929.0,"[254, 97, 30, 30]",cache/1756274502777.png,,,,
2669,409,cyan,small,rubber,cylinder,"[308, 123, 11.687545776367188]",8579.0,"[250, 112, 81, 105]",cache/1756274358542.png,,,,
2670,409,blue,large,metal,sphere,"[178, 139, 10.389780044555664]",5167.0,"[142, 102, 71, 71]",cache/1756274358524.png,,,,
2671,409,red,large,metal,sphere,"[258, 84, 12.655573844909668]",3499.0,"[228, 53, 58, 59]",cache/1756274358531.png,,,,
2672,409,yellow,small,metal,cube,"[188, 269, 7.780833721160889]",4888.0,"[154, 231, 64, 75]",cache/1756274358537.png,,,,
2673,409,brown,large,rubber,cylinder,"[290, 164, 9.588301658630371]",8579.0,"[250, 112, 81, 105]",cache/1756274358542.png,,,,
2674,410,purple,large,metal,cube,"[84, 123, 11.3847017288208]",6865.0,"[41, 80, 78, 87]",cache/1756274401482.png,,,,
2675,410,brown,small,rubber,cylinder,"[324, 185, 9.80029582977295]",2102.0,"[303, 159, 40, 51]",cache/1756274401504.png,,,,
2676,410,brown,large,rubber,sphere,"[233, 89, 13.128546714782715]",3257.0,"[205, 59, 56, 57]",cache/1756274401490.png,,,,
2677,410,yellow,small,metal,cylinder,"[159, 221, 8.792516708374023]",2701.0,"[135, 192, 46, 58]",cache/1756274401499.png,,,,
2678,410,cyan,small,metal,sphere,"[353, 129, 11.94678783416748]",1002.0,"[337, 112, 31, 31]",cache/1756274401495.png,,,,
2679,411,purple,small,rubber,cube,"[229, 193, 9.689581871032715]",1192.0,"[228, 167, 22, 52]",cache/1756274385776.png,,,,
2680,411,blue,large,metal,cube,"[307, 141, 10.826810836791992]",9129.0,"[257, 94, 94, 96]",cache/1756274385749.png,,,,
2681,411,blue,small,metal,cube,"[275, 128, 12.256382942199707]",9129.0,"[257, 94, 94, 96]",cache/1756274385749.png,,,,
2682,411,purple,large,rubber,sphere,"[80, 130, 11.314737319946289]",4535.0,"[45, 96, 68, 66]",cache/1756274385743.png,,,,
2683,411,red,large,metal,cylinder,"[187, 98, 12.989175796508789]",4366.0,"[155, 62, 59, 73]",cache/1756274385771.png,,,,
2684,411,gray,large,rubber,cylinder,"[188, 212, 8.501629829406738]",10941.0,"[140, 153, 91, 119]",cache/1756274385787.png,,,,
2685,411,red,small,metal,sphere,"[392, 136, 11.866649627685547]",1005.0,"[376, 120, 32, 31]",cache/1756274385761.png,,,,
2686,411,green,small,metal,cylinder,"[110, 180, 10.114800453186035]",2046.0,"[88, 155, 41, 49]",cache/1756274385766.png,,,,
2687,411,gray,large,rubber,cube,"[252, 82, 14.077808380126953]",5029.0,"[216, 46, 70, 71]",cache/1756274385782.png,,,,
2688,411,purple,small,metal,sphere,"[376, 171, 10.429769515991211]",1308.0,"[357, 152, 36, 35]",cache/1756274385756.png,,,,
2689,412,gray,large,rubber,sphere,"[326, 108, 11.611527442932129]",4242.0,"[294, 74, 64, 65]",cache/1756274610957.png,,,,
2690,412,gray,large,metal,sphere,"[184, 153, 9.797907829284668]",5850.0,"[145, 114, 76, 76]",cache/1756274610951.png,,,,
2691,412,yellow,large,metal,cylinder,"[254, 214, 8.078475952148438]",12083.0,"[206, 152, 95, 126]",cache/1756274610962.png,,,,
2692,412,brown,small,metal,sphere,"[67, 154, 10.494382858276367]",1317.0,"[48, 135, 37, 35]",cache/1756274610970.png,,,,
2693,413,green,small,rubber,sphere,"[60, 144, 11.058024406433105]",1228.0,"[42, 127, 35, 34]",cache/1756274378649.png,,,,
2694,413,red,large,metal,cylinder,"[381, 174, 9.398619651794434]",11464.0,"[338, 121, 106, 107]",cache/1756274378659.png,,,,
2695,413,red,small,rubber,sphere,"[98, 173, 10.077272415161133]",1406.0,"[78, 154, 37, 37]",cache/1756274378654.png,,,,
2696,413,blue,small,metal,sphere,"[239, 82, 13.989810943603516]",534.0,"[232, 67, 19, 27]",cache/1756274378665.png,,,,
2697,413,green,large,rubber,cube,"[199, 85, 12.892788887023926]",5313.0,"[164, 47, 68, 77]",cache/1756274378675.png,,,,
2698,413,brown,large,rubber,cylinder,"[104, 104, 11.950697898864746]",5806.0,"[67, 63, 70, 81]",cache/1756274378670.png,,,,
2699,413,red,small,metal,cube,"[419, 162, 10.446881294250488]",11464.0,"[338, 121, 106, 107]",cache/1756274378659.png,,,,
2700,413,green,small,rubber,cylinder,"[170, 131, 11.57437515258789]",1451.0,"[152, 109, 33, 42]",cache/1756274378681.png,,,,
2701,413,cyan,small,metal,sphere,"[271, 219, 8.841679573059082]",1640.0,"[253, 197, 38, 42]",cache/1756274378643.png,,,,
2702,413,purple,large,metal,cube,"[192, 234, 7.951360702514648]",18843.0,"[124, 165, 129, 145]",cache/1756274378635.png,,,,
2703,414,cyan,large,rubber,sphere,"[304, 120, 11.805299758911133]",3987.0,"[273, 87, 62, 64]",cache/1756274302715.png,,,,
2704,414,green,small,rubber,cube,"[237, 235, 8.631267547607422]",2657.0,"[213, 205, 45, 58]",cache/1756274302689.png,,,,
2705,414,blue,large,rubber,cube,"[192, 101, 12.763420104980469]",4962.0,"[159, 63, 65, 75]",cache/1756274302694.png,,,,
2706,414,red,large,metal,cylinder,"[263, 163, 10.036231994628906]",7493.0,"[225, 115, 75, 98]",cache/1756274302703.png,,,,
2707,414,green,small,metal,cube,"[330, 164, 10.72021198272705]",1962.0,"[309, 141, 42, 45]",cache/1756274302699.png,,,,
2708,414,brown,large,metal,cylinder,"[143, 184, 9.380390167236328]",9273.0,"[97, 131, 86, 106]",cache/1756274302709.png,,,,
2709,414,brown,large,metal,sphere,"[396, 139, 10.9559907913208]",4760.0,"[361, 104, 70, 67]",cache/1756274302682.png,,,,
2710,415,red,small,rubber,sphere,"[339, 139, 11.44410514831543]",6397.0,"[267, 114, 88, 72]",cache/1756274462327.png,,,,
2711,415,red,large,metal,sphere,"[303, 151, 10.267123222351074]",6397.0,"[267, 114, 88, 72]",cache/1756274462327.png,,,,
2712,415,gray,large,rubber,cylinder,"[255, 110, 11.920940399169922]",5209.0,"[223, 69, 63, 81]",cache/1756274462349.png,,,,
2713,415,blue,small,metal,cube,"[126, 196, 9.537519454956055]",3303.0,"[97, 167, 56, 58]",cache/1756274462336.png,,,,
2714,415,brown,small,metal,cylinder,"[205, 95, 13.577949523925781]",991.0,"[190, 76, 28, 35]",cache/1756274462340.png,,,,
2715,415,cyan,small,rubber,sphere,"[299, 99, 13.335345268249512]",776.0,"[285, 84, 27, 28]",cache/1756274462345.png,,,,
2716,416,blue,small,metal,cube,"[275, 138, 11.44318675994873]",1940.0,"[254, 115, 42, 45]",cache/1756274410904.png,,,,
2717,416,green,small,metal,sphere,"[217, 87, 14.054506301879883]",706.0,"[204, 73, 26, 26]",cache/1756274410896.png,,,,
2718,416,yellow,small,metal,sphere,"[241, 122, 12.160765647888184]",931.0,"[225, 106, 30, 31]",cache/1756274410916.png,,,,
2719,416,yellow,small,rubber,sphere,"[179, 180, 9.91940689086914]",1401.0,"[160, 161, 36, 37]",cache/1756274410912.png,,,,
2720,416,gray,small,metal,sphere,"[156, 108, 12.844270706176758]",853.0,"[141, 93, 28, 29]",cache/1756274410908.png,,,,
2721,417,gray,small,metal,cylinder,"[336, 118, 13.028918266296387]",10256.0,"[288, 108, 100, 101]",cache/1756274301651.png,,,,
2722,417,yellow,small,metal,sphere,"[131, 191, 10.024473190307617]",1386.0,"[111, 172, 37, 37]",cache/1756274301625.png,,,,
2723,417,green,large,metal,cylinder,"[237, 90, 13.748035430908203]",3825.0,"[208, 55, 55, 69]",cache/1756274301634.png,,,,
2724,417,yellow,large,rubber,cylinder,"[76, 129, 11.661003112792969]",6290.0,"[36, 87, 74, 83]",cache/1756274301639.png,,,,
2725,417,cyan,large,metal,cube,"[337, 158, 10.464945793151855]",10256.0,"[288, 108, 100, 101]",cache/1756274301651.png,,,,
2726,417,purple,small,rubber,cube,"[420, 156, 11.284161567687988]",2189.0,"[396, 132, 45, 47]",cache/1756274301658.png,,,,
2727,417,yellow,small,metal,sphere,"[299, 111, 13.424018859863281]",715.0,"[284, 96, 27, 26]",cache/1756274301663.png,,,,
2728,417,green,small,rubber,cube,"[289, 207, 9.551766395568848]",3150.0,"[262, 177, 53, 58]",cache/1756274301629.png,,,,
2729,417,green,small,metal,cylinder,"[169, 130, 12.417206764221191]",1234.0,"[152, 110, 31, 39]",cache/1756274301645.png,,,,
2730,417,red,small,metal,cube,"[182, 225, 9.051807403564453]",3504.0,"[153, 194, 55, 62]",cache/1756274301617.png,,,,
2731,418,yellow,large,rubber,cube,"[222, 132, 11.116250038146973]",6737.0,"[181, 89, 77, 87]",cache/1756274614919.png,,,,
2732,418,brown,large,metal,cylinder,"[192, 169, 9.624564170837402]",6737.0,"[181, 89, 77, 87]",cache/1756274614919.png,,,,
2733,418,blue,large,rubber,cylinder,"[304, 200, 8.659500122070312]",10538.0,"[259, 143, 90, 116]",cache/1756274614902.png,,,,
2734,418,gray,large,metal,cylinder,"[350, 122, 11.631094932556152]",5843.0,"[315, 80, 70, 82]",cache/1756274614926.png,,,,
2735,418,purple,small,metal,cylinder,"[180, 106, 13.451003074645996]",952.0,"[164, 88, 28, 33]",cache/1756274614931.png,,,,
2736,418,red,large,rubber,cylinder,"[128, 110, 12.266837120056152]",5123.0,"[92, 71, 65, 77]",cache/1756274614913.png,,,,
2737,419,gray,small,rubber,cube,"[272, 188, 9.388738632202148]",3116.0,"[244, 160, 53, 57]",cache/1756274556988.png,,,,
2738,419,cyan,large,rubber,cube,"[222, 129, 10.984517097473145]",7821.0,"[177, 85, 86, 90]",cache/1756274556963.png,,,,
2739,419,brown,small,metal,sphere,"[428, 157, 10.565037727355957]",1319.0,"[409, 138, 36, 35]",cache/1756274556982.png,,,,
2740,419,yellow,small,metal,sphere,"[386, 175, 9.859451293945312]",1508.0,"[366, 155, 39, 38]",cache/1756274556976.png,,,,
2741,419,cyan,large,metal,sphere,"[204, 90, 13.255186080932617]",2267.0,"[176, 61, 55, 41]",cache/1756274557008.png,,,,
2742,419,purple,large,rubber,cylinder,"[315, 98, 12.737075805664062]",4608.0,"[283, 61, 62, 73]",cache/1756274557014.png,,,,
2743,419,green,small,rubber,sphere,"[344, 136, 11.499918937683105]",1051.0,"[328, 120, 32, 32]",cache/1756274557019.png,,,,
2744,419,yellow,large,metal,cube,"[114, 112, 11.885993003845215]",6788.0,"[67, 71, 88, 76]",cache/1756274556994.png,,,,
2745,419,yellow,large,metal,cube,"[247, 76, 14.40239429473877]",3486.0,"[219, 44, 55, 62]",cache/1756274556969.png,,,,
2746,419,yellow,large,metal,cylinder,"[128, 146, 10.207871437072754]",6788.0,"[67, 71, 88, 76]",cache/1756274556994.png,,,,
2747,420,red,large,rubber,cylinder,"[180, 90, 12.866353988647461]",4410.0,"[148, 53, 60, 72]",cache/1756274302022.png,,,,
2748,420,yellow,large,rubber,cube,"[406, 138, 10.311737060546875]",8898.0,"[361, 92, 96, 92]",cache/1756274302013.png,,,,
2749,420,gray,small,metal,sphere,"[325, 124, 11.836028099060059]",1008.0,"[308, 107, 31, 31]",cache/1756274302027.png,,,,
2750,420,purple,large,rubber,cube,"[250, 70, 14.293133735656738]",3596.0,"[222, 38, 56, 64]",cache/1756274302008.png,,,,
2751,420,green,small,rubber,cube,"[208, 191, 9.167333602905273]",2926.0,"[182, 162, 51, 57]",cache/1756274302018.png,,,,
2752,421,purple,small,rubber,cube,"[342, 191, 10.064050674438477]",2317.0,"[318, 165, 46, 49]",cache/1756274313705.png,,,,
2753,421,purple,large,metal,sphere,"[216, 89, 13.766484260559082]",2958.0,"[189, 60, 54, 54]",cache/1756274313699.png,,,,
2754,421,blue,large,metal,cylinder,"[255, 216, 8.734101295471191]",10333.0,"[211, 158, 88, 117]",cache/1756274313712.png,,,,
2755,422,yellow,small,metal,cylinder,"[157, 108, 13.405007362365723]",1070.0,"[141, 89, 29, 35]",cache/1756274367692.png,,,,
2756,422,green,large,metal,sphere,"[158, 193, 9.314940452575684]",6424.0,"[117, 153, 80, 79]",cache/1756274367645.png,,,,
2757,422,yellow,large,rubber,sphere,"[100, 162, 10.295541763305664]",5406.0,"[62, 125, 73, 73]",cache/1756274367659.png,,,,
2758,422,purple,large,metal,sphere,"[232, 77, 14.390020370483398]",4529.0,"[181, 66, 59, 75]",cache/1756274367682.png,,,,
2759,422,brown,large,rubber,cylinder,"[212, 104, 12.742818832397461]",4529.0,"[181, 66, 59, 75]",cache/1756274367682.png,,,,
2760,422,blue,small,metal,cylinder,"[344, 127, 12.433734893798828]",1306.0,"[327, 107, 32, 39]",cache/1756274367674.png,,,,
2761,423,red,large,rubber,sphere,"[167, 101, 12.597296714782715]",3247.0,"[137, 71, 58, 55]",cache/1756274428682.png,,,,
2762,423,purple,large,metal,cube,"[341, 130, 11.209527969360352]",8711.0,"[295, 84, 92, 94]",cache/1756274428666.png,,,,
2763,423,gray,small,rubber,sphere,"[222, 231, 8.6629056930542]",1881.0,"[200, 209, 42, 44]",cache/1756274428687.png,,,,
2764,423,blue,small,metal,sphere,"[274, 103, 13.425273895263672]",765.0,"[260, 88, 27, 27]",cache/1756274428672.png,,,,
2765,423,blue,large,metal,sphere,"[186, 140, 10.799271583557129]",4733.0,"[150, 105, 68, 68]",cache/1756274428659.png,,,,
2766,423,green,small,rubber,cube,"[320, 178, 10.147939682006836]",2511.0,"[295, 152, 48, 51]",cache/1756274428678.png,,,,
2767,423,blue,small,metal,sphere,"[98, 126, 12.214954376220703]",9045.0,"[67, 121, 87, 103]",cache/1756274428703.png,,,,
2768,423,brown,large,metal,cylinder,"[114, 172, 9.662223815917969]",9045.0,"[67, 121, 87, 103]",cache/1756274428703.png,,,,
2769,423,red,small,metal,cube,"[258, 81, 14.795502662658691]",1143.0,"[240, 63, 34, 33]",cache/1756274428699.png,,,,
2770,424,gray,large,metal,sphere,"[364, 162, 9.196678161621094]",6769.0,"[323, 120, 83, 81]",cache/1756274523516.png,,,,
2771,424,yellow,large,rubber,sphere,"[195, 123, 10.543453216552734]",4980.0,"[159, 87, 70, 71]",cache/1756274523522.png,,,,
2772,424,green,small,metal,sphere,"[145, 113, 11.793961524963379]",1039.0,"[128, 97, 31, 32]",cache/1756274523527.png,,,,
2773,424,brown,small,metal,cube,"[242, 78, 13.692741394042969]",1076.0,"[225, 60, 30, 34]",cache/1756274523531.png,,,,
2774,425,gray,small,metal,cube,"[249, 152, 11.017556190490723]",2191.0,"[225, 128, 45, 47]",cache/1756274265700.png,,,,
2775,425,green,small,metal,sphere,"[322, 205, 9.099518775939941]",1725.0,"[301, 184, 41, 41]",cache/1756274265696.png,,,,
2776,425,cyan,small,rubber,sphere,"[88, 136, 11.784466743469238]",1061.0,"[70, 119, 32, 32]",cache/1756274265707.png,,,,
2777,426,cyan,small,rubber,cylinder,"[371, 133, 11.74964427947998]",11937.0,"[286, 110, 107, 111]",cache/1756274381225.png,,,,
2778,426,green,small,rubber,sphere,"[203, 151, 10.924427032470703]",1147.0,"[185, 133, 33, 34]",cache/1756274381236.png,,,,
2779,426,brown,large,rubber,cube,"[338, 164, 9.60080623626709]",11937.0,"[286, 110, 107, 111]",cache/1756274381225.png,,,,
2780,426,yellow,large,metal,cylinder,"[179, 96, 12.90225601196289]",4419.0,"[147, 59, 60, 73]",cache/1756274381231.png,,,,
2781,426,yellow,large,metal,sphere,"[275, 86, 13.62767219543457]",2998.0,"[248, 57, 54, 55]",cache/1756274381252.png,,,,
2782,426,gray,small,rubber,cylinder,"[235, 125, 12.186182975769043]",1204.0,"[219, 104, 30, 39]",cache/1756274381242.png,,,,
2783,426,cyan,small,rubber,cube,"[265, 204, 9.019168853759766]",3472.0,"[236, 173, 56, 61]",cache/1756274381219.png,,,,
2784,426,purple,small,metal,sphere,"[82, 165, 10.322766304016113]",1354.0,"[63, 147, 37, 36]",cache/1756274381213.png,,,,
2785,427,blue,small,metal,sphere,"[195, 162, 10.65447998046875]",756.0,"[182, 144, 29, 25]",cache/1756274584507.png,,,,
2786,427,cyan,small,metal,cube,"[304, 215, 8.815773010253906]",3081.0,"[281, 185, 51, 60]",cache/1756274584478.png,,,,
2787,427,red,large,metal,cylinder,"[256, 133, 11.12675666809082]",5860.0,"[222, 91, 68, 85]",cache/1756274584472.png,,,,
2788,427,green,large,metal,cube,"[220, 229, 7.784173488616943]",18823.0,"[152, 161, 130, 144]",cache/1756274584459.png,,,,
2789,427,red,large,metal,cube,"[64, 126, 11.522695541381836]",8538.0,"[13, 83, 96, 88]",cache/1756274584450.png,,,,
2790,427,brown,small,rubber,sphere,"[363, 126, 12.430731773376465]",903.0,"[347, 110, 29, 30]",cache/1756274584496.png,,,,
2791,427,brown,large,metal,cube,"[152, 105, 12.744367599487305]",6090.0,"[110, 67, 79, 76]",cache/1756274584466.png,,,,
2792,427,red,small,rubber,sphere,"[363, 175, 10.159083366394043]",1356.0,"[344, 156, 37, 36]",cache/1756274584501.png,,,,
2793,427,cyan,large,rubber,cube,"[303, 92, 13.637197494506836]",4209.0,"[273, 58, 62, 67]",cache/1756274584484.png,,,,
2794,427,brown,large,metal,sphere,"[160, 186, 9.017770767211914]",6433.0,"[118, 144, 78, 81]",cache/1756274584490.png,,,,
2795,428,purple,small,metal,sphere,"[179, 128, 11.651449203491211]",1002.0,"[162, 111, 31, 31]",cache/1756274529568.png,,,,
2796,428,yellow,small,rubber,cube,"[359, 193, 9.273456573486328]",2682.0,"[335, 164, 47, 56]",cache/1756274529550.png,,,,
2797,428,red,small,metal,cube,"[134, 141, 11.072951316833496]",2063.0,"[112, 117, 43, 47]",cache/1756274529594.png,,,,
2798,428,blue,large,metal,cylinder,"[214, 227, 7.800652503967285]",13063.0,"[163, 163, 99, 131]",cache/1756274529583.png,,,,
2799,428,purple,small,rubber,cube,"[259, 150, 10.693628311157227]",2354.0,"[235, 125, 47, 50]",cache/1756274529556.png,,,,
2800,428,brown,small,rubber,cube,"[288, 106, 12.735576629638672]",1593.0,"[268, 85, 39, 40]",cache/1756274529589.png,,,,
2801,428,cyan,large,rubber,sphere,"[266, 71, 13.936163902282715]",2915.0,"[239, 42, 53, 54]",cache/1756274529576.png,,,,
2802,428,red,large,metal,cube,"[371, 143, 10.216835975646973]",10036.0,"[321, 93, 104, 96]",cache/1756274529544.png,,,,
2803,428,blue,large,metal,cube,"[123, 101, 12.111443519592285]",6353.0,"[79, 61, 81, 77]",cache/1756274529538.png,,,,
2804,429,blue,small,metal,sphere,"[98, 180, 9.660468101501465]",1550.0,"[77, 160, 39, 39]",cache/1756274541564.png,,,,
2805,429,brown,large,metal,sphere,"[159, 188, 8.673169136047363]",7491.0,"[115, 145, 85, 87]",cache/1756274541552.png,,,,
2806,429,brown,small,metal,sphere,"[242, 232, 8.14842700958252]",2117.0,"[219, 208, 45, 46]",cache/1756274541541.png,,,,
2807,429,red,large,rubber,cylinder,"[286, 143, 10.311270713806152]",6978.0,"[250, 96, 74, 93]",cache/1756274541578.png,,,,
2808,429,red,large,rubber,cube,"[363, 113, 11.766907691955566]",7665.0,"[321, 71, 89, 86]",cache/1756274541546.png,,,,
2809,429,cyan,small,metal,sphere,"[76, 150, 10.839665412902832]",1243.0,"[58, 132, 35, 34]",cache/1756274541559.png,,,,
2810,429,cyan,large,rubber,cylinder,"[214, 97, 12.720247268676758]",4460.0,"[182, 60, 60, 74]",cache/1756274541571.png,,,,
2811,430,red,small,metal,cube,"[266, 93, 14.475642204284668]",888.0,"[252, 76, 27, 32]",cache/1756274397603.png,,,,
2812,430,yellow,large,metal,sphere,"[108, 162, 10.34351634979248]",4438.0,"[42, 98, 66, 67]",cache/1756274397597.png,,,,
2813,430,yellow,large,rubber,cylinder,"[316, 184, 9.633235931396484]",8666.0,"[276, 132, 82, 104]",cache/1756274397612.png,,,,
2814,430,cyan,small,metal,cube,"[230, 120, 12.9039306640625]",1224.0,"[213, 101, 32, 37]",cache/1756274397592.png,,,,
2815,430,red,small,metal,cube,"[384, 138, 12.081175804138184]",1606.0,"[367, 115, 36, 43]",cache/1756274397608.png,,,,
2816,430,red,large,rubber,sphere,"[76, 132, 11.554853439331055]",4438.0,"[42, 98, 66, 67]",cache/1756274397597.png,,,,
2817,430,brown,large,rubber,sphere,"[340, 146, 10.953142166137695]",8666.0,"[276, 132, 82, 104]",cache/1756274397612.png,,,,
2818,430,brown,large,metal,sphere,"[155, 98, 13.268223762512207]",3177.0,"[126, 69, 56, 56]",cache/1756274397582.png,,,,
2819,431,green,large,rubber,cube,"[397, 138, 10.515270233154297]",8693.0,"[352, 93, 95, 91]",cache/1756274582695.png,,,,
2820,431,yellow,small,metal,cube,"[271, 201, 9.085373878479004]",3256.0,"[243, 171, 53, 60]",cache/1756274582679.png,,,,
2821,431,yellow,small,metal,cube,"[244, 119, 12.289680480957031]",1516.0,"[225, 98, 37, 40]",cache/1756274582690.png,,,,
2822,431,green,large,metal,cube,"[227, 82, 13.544504165649414]",4317.0,"[196, 47, 61, 69]",cache/1756274582673.png,,,,
2823,431,brown,large,rubber,cylinder,"[301, 92, 12.861961364746094]",4453.0,"[271, 56, 60, 73]",cache/1756274582684.png,,,,
2824,431,red,large,metal,sphere,"[91, 127, 11.02947998046875]",4694.0,"[55, 92, 69, 67]",cache/1756274582667.png,,,,
2825,431,cyan,small,rubber,sphere,"[357, 177, 9.825265884399414]",1467.0,"[338, 157, 38, 38]",cache/1756274582701.png,,,,
2826,431,cyan,large,rubber,cube,"[180, 216, 8.043192863464355]",13097.0,"[129, 154, 102, 128]",cache/1756274582660.png,,,,
2827,432,gray,small,rubber,cylinder,"[203, 216, 9.057503700256348]",2383.0,"[181, 187, 42, 56]",cache/1756274571235.png,,,,
2828,432,green,small,metal,sphere,"[138, 143, 11.461230278015137]",1049.0,"[121, 126, 32, 32]",cache/1756274571202.png,,,,
2829,432,brown,large,rubber,cylinder,"[250, 157, 10.1935396194458]",7166.0,"[213, 109, 75, 95]",cache/1756274571229.png,,,,
2830,432,gray,large,metal,cylinder,"[286, 101, 12.67684268951416]",,,,,,,
2831,432,blue,large,metal,cylinder,"[282, 213, 8.522320747375488]",10936.0,"[237, 154, 91, 119]",cache/1756274571223.png,,,,
2832,432,cyan,small,rubber,sphere,"[411, 160, 10.794611930847168]",1271.0,"[393, 142, 35, 35]",cache/1756274571194.png,,,,
2833,432,purple,small,rubber,sphere,"[192, 123, 12.368013381958008]",915.0,"[176, 107, 29, 30]",cache/1756274571213.png,,,,
2834,432,cyan,small,metal,cylinder,"[230, 86, 14.510344505310059]",848.0,"[216, 69, 26, 32]",cache/1756274571218.png,,,,
2835,432,gray,small,rubber,cylinder,"[338, 199, 9.502777099609375]",1802.0,"[325, 172, 33, 53]",cache/1756274571240.png,,,,
2836,432,purple,small,rubber,sphere,"[102, 133, 11.90415096282959]",1026.0,"[85, 117, 31, 32]",cache/1756274571208.png,,,,
2837,433,green,large,metal,cylinder,"[414, 143, 10.538850784301758]",7873.0,"[373, 97, 84, 93]",cache/1756274484877.png,,,,
2838,433,blue,small,metal,cube,"[225, 94, 13.846487045288086]",1051.0,"[208, 76, 30, 34]",cache/1756274484885.png,,,,
2839,433,cyan,small,rubber,cylinder,"[279, 119, 12.432540893554688]",1244.0,"[262, 98, 31, 39]",cache/1756274484894.png,,,,
2840,433,cyan,large,rubber,cylinder,"[135, 181, 9.241538047790527]",9660.0,"[88, 128, 88, 108]",cache/1756274484889.png,,,,
2841,433,yellow,large,rubber,cylinder,"[148, 96, 12.793729782104492]",4626.0,"[115, 58, 63, 73]",cache/1756274484899.png,,,,
2842,434,cyan,small,metal,cylinder,"[60, 151, 10.896896362304688]",1808.0,"[39, 128, 40, 44]",cache/1756274514069.png,,,,
2843,434,gray,small,metal,cylinder,"[233, 116, 12.704988479614258]",1119.0,"[217, 97, 30, 37]",cache/1756274514094.png,,,,
2844,434,yellow,small,metal,cylinder,"[290, 136, 11.61046028137207]",1406.0,"[272, 115, 33, 41]",cache/1756274514074.png,,,,
2845,434,gray,small,metal,cylinder,"[185, 198, 9.16054916381836]",2295.0,"[163, 170, 42, 54]",cache/1756274514079.png,,,,
2846,434,cyan,large,rubber,cube,"[346, 159, 9.753437995910645]",8788.0,"[305, 110, 88, 99]",cache/1756274514053.png,,,,
2847,434,purple,small,metal,cube,"[246, 90, 14.458719253540039]",863.0,"[232, 74, 27, 31]",cache/1756274514064.png,,,,
2848,434,yellow,small,rubber,cube,"[212, 98, 13.923489570617676]",1290.0,"[193, 79, 36, 35]",cache/1756274514083.png,,,,
2849,434,cyan,large,metal,sphere,"[119, 147, 10.24809455871582]",5477.0,"[118, 76, 68, 80]",cache/1756274514088.png,,,,
2850,434,red,large,metal,cylinder,"[154, 116, 11.734437942504883]",5477.0,"[118, 76, 68, 80]",cache/1756274514088.png,,,,
2851,435,brown,small,rubber,sphere,"[180, 125, 12.020146369934082]",964.0,"[164, 109, 30, 31]",cache/1756274354462.png,,,,
2852,435,cyan,small,metal,cylinder,"[305, 155, 10.584983825683594]",1725.0,"[286, 131, 37, 46]",cache/1756274354456.png,,,,
2853,435,gray,small,metal,cube,"[138, 161, 10.329421997070312]",2556.0,"[112, 136, 50, 50]",cache/1756274354446.png,,,,
2854,435,purple,large,metal,cube,"[207, 214, 7.899081707000732]",18182.0,"[141, 147, 129, 140]",cache/1756274354422.png,,,,
2855,435,brown,small,metal,sphere,"[269, 91, 14.20975399017334]",680.0,"[255, 77, 25, 26]",cache/1756274354441.png,,,,
2856,435,green,large,metal,cylinder,"[350, 104, 12.250511169433594]",5122.0,"[317, 66, 66, 76]",cache/1756274354451.png,,,,
2857,435,brown,large,metal,cylinder,"[89, 118, 11.485641479492188]",6134.0,"[50, 76, 74, 82]",cache/1756274354431.png,,,,
2858,436,yellow,small,rubber,sphere,"[232, 137, 12.235493659973145]",931.0,"[216, 121, 29, 31]",cache/1756274257917.png,,,,
2859,436,brown,small,rubber,sphere,"[189, 107, 13.926437377929688]",716.0,"[175, 92, 26, 27]",cache/1756274257912.png,,,,
2860,436,brown,small,rubber,cube,"[307, 161, 11.153937339782715]",1569.0,"[289, 138, 35, 43]",cache/1756274257906.png,,,,
2861,437,yellow,large,metal,cube,"[257, 123, 10.852651596069336]",8130.0,"[213, 76, 85, 94]",cache/1756274280134.png,,,,
2862,437,brown,large,rubber,cube,"[294, 87, 12.785436630249023]",5470.0,"[258, 49, 74, 73]",cache/1756274280123.png,,,,
2863,437,red,large,rubber,cube,"[167, 105, 11.744441032409668]",5956.0,"[127, 65, 74, 80]",cache/1756274280117.png,,,,
2864,437,brown,small,rubber,cylinder,"[99, 157, 10.270539283752441]",1977.0,"[78, 133, 41, 48]",cache/1756274280129.png,,,,
2865,437,yellow,small,rubber,cylinder,"[231, 91, 13.556437492370605]",654.0,"[216, 72, 27, 23]",cache/1756274280140.png,,,,
2866,438,green,small,metal,cube,"[353, 119, 12.339632034301758]",1412.0,"[335, 98, 36, 39]",cache/1756274611937.png,,,,
2867,438,red,large,rubber,sphere,"[176, 138, 10.770925521850586]",4711.0,"[141, 103, 68, 68]",cache/1756274611920.png,,,,
2868,438,brown,small,metal,sphere,"[272, 126, 11.994526863098145]",955.0,"[256, 110, 30, 31]",cache/1756274611942.png,,,,
2869,438,purple,large,metal,cylinder,"[335, 187, 9.212719917297363]",9752.0,"[292, 132, 88, 109]",cache/1756274611926.png,,,,
2870,438,green,large,rubber,sphere,"[145, 95, 12.653194427490234]",3577.0,"[115, 64, 59, 60]",cache/1756274611915.png,,,,
2871,438,yellow,large,rubber,sphere,"[235, 67, 14.264771461486816]",2732.0,"[208, 40, 51, 53]",cache/1756274611903.png,,,,
2872,438,cyan,small,metal,cube,"[394, 171, 10.333130836486816]",1959.0,"[376, 145, 38, 50]",cache/1756274611932.png,,,,
2873,438,cyan,large,metal,sphere,"[292, 81, 13.403850555419922]",3109.0,"[264, 52, 55, 55]",cache/1756274611890.png,,,,
2874,438,brown,large,rubber,sphere,"[181, 228, 8.211390495300293]",8195.0,"[135, 182, 90, 90]",cache/1756274611909.png,,,,
2875,438,red,large,rubber,sphere,"[93, 163, 9.898819923400879]",5859.0,"[53, 125, 77, 75]",cache/1756274611898.png,,,,
2876,439,purple,small,rubber,sphere,"[159, 214, 9.319366455078125]",1628.0,"[138, 193, 39, 40]",cache/1756274427014.png,,,,
2877,439,blue,small,metal,cube,"[253, 185, 10.184677124023438]",2569.0,"[229, 158, 48, 53]",cache/1756274427020.png,,,,
2878,439,purple,small,metal,cylinder,"[362, 146, 11.587961196899414]",1529.0,"[344, 124, 36, 42]",cache/1756274427029.png,,,,
2879,439,red,small,metal,cylinder,"[306, 101, 13.792951583862305]",979.0,"[291, 83, 28, 34]",cache/1756274427048.png,,,,
2880,439,gray,small,metal,sphere,"[333, 128, 12.37267780303955]",892.0,"[318, 113, 29, 30]",cache/1756274427044.png,,,,
2881,439,cyan,small,metal,cylinder,"[289, 161, 11.00423812866211]",1581.0,"[271, 137, 34, 45]",cache/1756274427039.png,,,,
2882,439,purple,large,metal,cylinder,"[162, 98, 13.081841468811035]",4504.0,"[130, 61, 61, 73]",cache/1756274427006.png,,,,
2883,439,red,small,metal,cylinder,"[203, 259, 8.244684219360352]",2937.0,"[179, 227, 46, 63]",cache/1756274427034.png,,,,
2884,439,blue,small,rubber,cylinder,"[74, 136, 12.02896499633789]",1502.0,"[54, 115, 36, 40]",cache/1756274427025.png,,,,
2885,440,yellow,large,rubber,cube,"[284, 161, 9.558390617370605]",8618.0,"[244, 111, 85, 101]",cache/1756274559685.png,,,,
2886,440,gray,large,rubber,cube,"[94, 128, 10.87930965423584]",7310.0,"[52, 84, 80, 90]",cache/1756274559624.png,,,,
2887,440,blue,large,metal,cube,"[196, 87, 13.15983772277832]",5776.0,"[156, 50, 76, 75]",cache/1756274559644.png,,,,
2888,440,blue,large,metal,cylinder,"[378, 115, 11.512785911560059]",6140.0,"[342, 73, 73, 83]",cache/1756274559651.png,,,,
2889,440,green,small,rubber,cube,"[154, 118, 12.262850761413574]",1658.0,"[133, 97, 39, 41]",cache/1756274559663.png,,,,
2890,440,gray,small,rubber,cube,"[240, 88, 14.11957836151123]",753.0,"[232, 71, 22, 33]",cache/1756274559677.png,,,,
2891,440,yellow,small,rubber,sphere,"[262, 252, 7.724091053009033]",2393.0,"[238, 227, 47, 49]",cache/1756274559632.png,,,,
2892,440,purple,small,metal,sphere,"[299, 109, 12.804973602294922]",561.0,"[284, 93, 29, 19]",cache/1756274559670.png,,,,
2893,440,red,small,metal,cube,"[209, 154, 10.616947174072266]",2251.0,"[185, 129, 46, 48]",cache/1756274559639.png,,,,
2894,440,brown,small,metal,cylinder,"[140, 212, 8.683523178100586]",2736.0,"[115, 183, 47, 58]",cache/1756274559657.png,,,,
2895,441,blue,large,metal,cube,"[257, 90, 12.499696731567383]",6773.0,"[216, 48, 81, 83]",cache/1756274571529.png,,,,
2896,441,blue,small,metal,sphere,"[384, 183, 9.651902198791504]",1561.0,"[364, 162, 40, 38]",cache/1756274571536.png,,,,
2897,441,green,large,rubber,cylinder,"[186, 220, 8.099503517150879]",12292.0,"[135, 157, 96, 127]",cache/1756274571542.png,,,,
2898,441,brown,small,metal,cylinder,"[380, 126, 11.632323265075684]",1549.0,"[362, 104, 36, 42]",cache/1756274571548.png,,,,
2899,441,brown,small,rubber,cylinder,"[142, 168, 10.109549522399902]",1882.0,"[121, 142, 38, 49]",cache/1756274571553.png,,,,
2900,442,green,large,rubber,cylinder,"[418, 144, 10.745593070983887]",7537.0,"[378, 99, 82, 91]",cache/1756274478901.png,,,,
2901,442,red,small,metal,sphere,"[281, 109, 13.31059455871582]",8800.0,"[193, 106, 88, 99]",cache/1756274478873.png,,,,
2902,442,cyan,small,metal,cylinder,"[353, 182, 10.112704277038574]",2016.0,"[332, 157, 40, 49]",cache/1756274478881.png,,,,
2903,442,cyan,large,rubber,cube,"[218, 116, 12.021252632141113]",8800.0,"[193, 106, 88, 99]",cache/1756274478873.png,,,,
2904,442,purple,large,rubber,cube,"[237, 154, 10.357818603515625]",8800.0,"[193, 106, 88, 99]",cache/1756274478873.png,,,,
2905,442,yellow,large,metal,cylinder,"[158, 176, 9.595624923706055]",8717.0,"[114, 125, 83, 104]",cache/1756274478922.png,,,,
2906,442,purple,small,metal,cube,"[114, 140, 11.722576141357422]",1461.0,"[95, 118, 34, 42]",cache/1756274478886.png,,,,
2907,442,purple,large,metal,sphere,"[202, 85, 13.778514862060547]",2025.0,"[174, 57, 51, 39]",cache/1756274478907.png,,,,
2908,442,green,small,metal,cylinder,"[256, 89, 14.559348106384277]",817.0,"[243, 72, 25, 31]",cache/1756274478912.png,,,,
2909,442,yellow,small,rubber,sphere,"[318, 150, 11.302632331848145]",1088.0,"[301, 132, 32, 33]",cache/1756274478892.png,,,,
2910,443,green,small,rubber,cube,"[352, 163, 10.667142868041992]",2295.0,"[329, 138, 45, 50]",cache/1756274247592.png,,,,
2911,443,brown,large,metal,sphere,"[168, 119, 11.72736930847168]",4034.0,"[135, 86, 63, 63]",cache/1756274247642.png,,,,
2912,443,green,small,metal,cube,"[103, 154, 11.01325798034668]",2323.0,"[77, 130, 48, 47]",cache/1756274247651.png,,,,
2913,444,purple,small,rubber,sphere,"[285, 222, 8.38405704498291]",2023.0,"[263, 199, 44, 45]",cache/1756274438868.png,,,,
2914,444,brown,small,rubber,cube,"[94, 158, 10.384026527404785]",2556.0,"[67, 133, 51, 49]",cache/1756274438873.png,,,,
2915,444,gray,large,metal,sphere,"[189, 124, 11.016919136047363]",4638.0,"[155, 89, 67, 68]",cache/1756274438861.png,,,,
2916,444,red,large,rubber,cylinder,"[301, 91, 12.752455711364746]",4555.0,"[271, 54, 61, 74]",cache/1756274438877.png,,,,
2917,445,purple,small,metal,sphere,"[246, 203, 9.029292106628418]",1397.0,"[232, 181, 33, 41]",cache/1756274252058.png,,,,
2918,445,red,small,rubber,sphere,"[290, 113, 12.60191535949707]",878.0,"[275, 97, 29, 29]",cache/1756274252064.png,,,,
2919,445,blue,large,rubber,cube,"[177, 209, 8.214051246643066]",15098.0,"[120, 145, 114, 132]",cache/1756274252049.png,,,,
2920,446,brown,large,metal,sphere,"[280, 86, 12.75859546661377]",3428.0,"[250, 55, 58, 58]",cache/1756274560319.png,,,,
2921,446,gray,large,rubber,sphere,"[81, 118, 11.122164726257324]",4773.0,"[45, 83, 69, 68]",cache/1756274560327.png,,,,
2922,446,brown,large,rubber,sphere,"[199, 245, 7.371269226074219]",10435.0,"[148, 194, 100, 103]",cache/1756274560332.png,,,,
2923,447,brown,large,rubber,cylinder,"[129, 190, 8.95913314819336]",10358.0,"[80, 135, 91, 112]",cache/1756274501128.png,,,,
2924,447,yellow,large,rubber,sphere,"[354, 109, 12.031513214111328]",3898.0,"[323, 77, 62, 62]",cache/1756274501116.png,,,,
2925,447,purple,small,metal,cylinder,"[307, 136, 11.587591171264648]",1441.0,"[289, 115, 34, 42]",cache/1756274501124.png,,,,
2926,447,gray,large,rubber,sphere,"[186, 149, 10.309016227722168]",5143.0,"[150, 111, 70, 73]",cache/1756274501133.png,,,,
2927,448,blue,large,metal,cube,"[129, 153, 9.8948392868042]",15369.0,"[128, 134, 118, 129]",cache/1756274316599.png,,,,
2928,448,yellow,large,rubber,sphere,"[289, 103, 12.058039665222168]",3833.0,"[258, 71, 61, 62]",cache/1756274316588.png,,,,
2929,448,blue,large,metal,cube,"[189, 197, 8.574926376342773]",15369.0,"[128, 134, 118, 129]",cache/1756274316599.png,,,,
2930,448,gray,small,metal,cylinder,"[223, 268, 7.550060749053955]",3506.0,"[197, 234, 50, 69]",cache/1756274316630.png,,,,
2931,448,blue,large,rubber,cube,"[69, 124, 11.050742149353027]",7255.0,"[26, 78, 78, 92]",cache/1756274316593.png,,,,
2932,448,gray,small,metal,sphere,"[336, 193, 9.315230369567871]",1617.0,"[316, 173, 40, 40]",cache/1756274316612.png,,,,
2933,448,blue,small,metal,cylinder,"[377, 150, 10.771784782409668]",1802.0,"[358, 126, 39, 45]",cache/1756274316606.png,,,,
2934,448,blue,small,metal,cylinder,"[249, 81, 14.293549537658691]",878.0,"[235, 64, 26, 32]",cache/1756274316618.png,,,,
2935,449,blue,small,rubber,cylinder,"[245, 100, 13.185802459716797]",1047.0,"[229, 81, 29, 35]",cache/1756274383600.png,,,,
2936,449,purple,small,rubber,cube,"[113, 144, 10.919167518615723]",2328.0,"[87, 120, 49, 47]",cache/1756274383595.png,,,,
2937,449,gray,large,metal,sphere,"[306, 97, 12.374095916748047]",3676.0,"[275, 66, 60, 60]",cache/1756274383588.png,,,,
2938,450,cyan,large,rubber,cylinder,"[402, 137, 10.41055965423584]",7890.0,"[362, 90, 83, 94]",cache/1756274578953.png,,,,
2939,450,yellow,large,rubber,sphere,"[245, 110, 11.659643173217773]",4072.0,"[212, 77, 63, 64]",cache/1756274578917.png,,,,
2940,450,purple,small,rubber,cylinder,"[107, 138, 11.165213584899902]",1009.0,"[88, 116, 35, 28]",cache/1756274578985.png,,,,
2941,450,gray,small,rubber,cube,"[184, 98, 13.279836654663086]",1406.0,"[165, 78, 37, 37]",cache/1756274578966.png,,,,
2942,450,cyan,large,rubber,cube,"[133, 192, 8.559722900390625]",14864.0,"[73, 130, 115, 128]",cache/1756274578926.png,,,,
2943,450,purple,small,metal,cylinder,"[219, 260, 7.562373638153076]",3482.0,"[193, 225, 50, 69]",cache/1756274578948.png,,,,
2944,451,purple,small,metal,sphere,"[271, 141, 10.9697847366333]",1147.0,"[254, 124, 33, 34]",cache/1756274549444.png,,,,
2945,451,yellow,large,metal,cylinder,"[197, 102, 11.958545684814453]",5170.0,"[163, 62, 64, 80]",cache/1756274549453.png,,,,
2946,451,cyan,small,metal,sphere,"[329, 189, 9.319533348083496]",1636.0,"[309, 168, 40, 40]",cache/1756274549431.png,,,,
2947,451,yellow,large,metal,cube,"[142, 149, 9.896590232849121]",11292.0,"[86, 97, 105, 106]",cache/1756274549439.png,,,,
2948,451,red,small,metal,cube,"[331, 124, 11.738872528076172]",1939.0,"[309, 102, 44, 43]",cache/1756274549449.png,,,,
2949,452,purple,small,rubber,cube,"[161, 113, 12.727508544921875]",1661.0,"[140, 92, 40, 40]",cache/1756274462706.png,,,,
2950,452,cyan,large,metal,sphere,"[329, 158, 9.990715980529785]",5641.0,"[291, 120, 74, 75]",cache/1756274462693.png,,,,
2951,452,green,large,rubber,cube,"[252, 205, 8.585139274597168]",12120.0,"[204, 146, 100, 120]",cache/1756274462681.png,,,,
2952,452,blue,large,metal,sphere,"[104, 107, 12.149943351745605]",3897.0,"[72, 75, 62, 62]",cache/1756274462688.png,,,,
2953,452,red,large,metal,cube,"[380, 128, 11.145501136779785]",7694.0,"[341, 82, 82, 93]",cache/1756274462698.png,,,,
2954,453,cyan,large,rubber,cylinder,"[182, 91, 13.03812313079834]",4401.0,"[151, 54, 59, 73]",cache/1756274487795.png,,,,
2955,453,yellow,large,metal,cylinder,"[254, 74, 14.13206672668457]",3632.0,"[227, 40, 54, 66]",cache/1756274487774.png,,,,
2956,453,gray,small,rubber,cylinder,"[241, 186, 9.794896125793457]",1972.0,"[221, 160, 38, 51]",cache/1756274487811.png,,,,
2957,453,red,large,metal,cylinder,"[323, 123, 11.392542839050293]",6027.0,"[288, 81, 70, 85]",cache/1756274487784.png,,,,
2958,453,gray,small,metal,cylinder,"[214, 152, 10.971912384033203]",1560.0,"[196, 129, 34, 45]",cache/1756274487804.png,,,,
2959,453,gray,large,rubber,sphere,"[383, 156, 10.106151580810547]",5716.0,"[345, 118, 76, 74]",cache/1756274487769.png,,,,
2960,453,blue,large,rubber,cylinder,"[124, 111, 11.97574234008789]",5588.0,"[88, 71, 69, 80]",cache/1756274487789.png,,,,
2961,453,gray,small,rubber,sphere,"[294, 113, 12.746557235717773]",6027.0,"[288, 81, 70, 85]",cache/1756274487784.png,,,,
2962,453,cyan,small,rubber,cube,"[300, 209, 9.142638206481934]",3481.0,"[271, 178, 56, 61]",cache/1756274487761.png,,,,
2963,453,red,small,metal,cylinder,"[87, 164, 10.521738052368164]",1920.0,"[65, 140, 40, 47]",cache/1756274487779.png,,,,
2964,454,red,large,rubber,cube,"[252, 203, 8.279415130615234]",15022.0,"[196, 141, 115, 129]",cache/1756274562735.png,,,,
2965,454,gray,small,metal,cube,"[135, 188, 9.353742599487305]",3323.0,"[105, 159, 56, 58]",cache/1756274562742.png,,,,
2966,454,blue,large,metal,cube,"[72, 118, 11.1808443069458]",8627.0,"[24, 73, 92, 92]",cache/1756274562726.png,,,,
2967,454,yellow,small,metal,sphere,"[363, 121, 11.913915634155273]",12652.0,"[305, 104, 90, 139]",cache/1756274562760.png,,,,
2968,454,red,small,rubber,sphere,"[267, 101, 12.969694137573242]",825.0,"[252, 86, 28, 29]",cache/1756274562766.png,,,,
2969,454,blue,small,metal,cylinder,"[357, 147, 10.770297050476074]",12652.0,"[305, 104, 90, 139]",cache/1756274562760.png,,,,
2970,454,blue,large,metal,cylinder,"[347, 186, 8.739266395568848]",12652.0,"[305, 104, 90, 139]",cache/1756274562760.png,,,,
2971,454,blue,large,metal,sphere,"[180, 96, 12.293828010559082]",3897.0,"[149, 65, 60, 64]",cache/1756274562747.png,,,,
2972,454,purple,large,rubber,cube,"[223, 150, 9.902478218078613]",7985.0,"[183, 101, 80, 98]",cache/1756274562753.png,,,,
2973,455,brown,large,rubber,cube,"[156, 92, 12.710583686828613]",6658.0,"[113, 51, 82, 80]",cache/1756274364172.png,,,,
2974,455,yellow,large,metal,cube,"[278, 79, 13.445663452148438]",5034.0,"[243, 42, 69, 72]",cache/1756274364199.png,,,,
2975,455,blue,large,rubber,cube,"[318, 115, 11.599907875061035]",7089.0,"[277, 71, 80, 87]",cache/1756274364188.png,,,,
2976,455,purple,small,rubber,cylinder,"[49, 144, 11.165003776550293]",1809.0,"[28, 121, 40, 44]",cache/1756274364178.png,,,,
2977,455,blue,large,rubber,sphere,"[232, 144, 10.440035820007324]",5002.0,"[197, 108, 69, 71]",cache/1756274364183.png,,,,
2978,455,cyan,large,rubber,cylinder,"[364, 160, 9.915355682373047]",8582.0,"[323, 109, 84, 101]",cache/1756274364204.png,,,,
2979,455,green,small,metal,cylinder,"[197, 262, 7.9762797355651855]",3173.0,"[172, 229, 48, 65]",cache/1756274364194.png,,,,
2980,455,yellow,small,rubber,cylinder,"[263, 227, 8.717582702636719]",2609.0,"[241, 197, 43, 59]",cache/1756274364210.png,,,,
2981,455,yellow,large,rubber,cube,"[161, 186, 9.15430736541748]",11165.0,"[105, 131, 101, 109]",cache/1756274364163.png,,,,
2982,456,red,small,metal,sphere,"[199, 182, 9.943395614624023]",1394.0,"[180, 163, 37, 37]",cache/1756274264762.png,,,,
2983,456,purple,small,rubber,cylinder,"[246, 103, 13.671208381652832]",944.0,"[232, 85, 27, 34]",cache/1756274264767.png,,,,
2984,456,gray,small,rubber,sphere,"[84, 138, 11.759906768798828]",1061.0,"[67, 121, 32, 32]",cache/1756274264777.png,,,,
2985,456,purple,small,metal,cylinder,"[340, 121, 12.633045196533203]",7225.0,"[271, 92, 83, 86]",cache/1756274264782.png,,,,
2986,456,cyan,large,rubber,cylinder,"[277, 179, 9.355257987976074]",8797.0,"[237, 126, 82, 106]",cache/1756274264793.png,,,,
2987,456,red,small,rubber,cylinder,"[168, 114, 12.983390808105469]",1077.0,"[152, 96, 29, 36]",cache/1756274264788.png,,,,
2988,456,purple,large,metal,cube,"[306, 135, 11.032858848571777]",7225.0,"[271, 92, 83, 86]",cache/1756274264782.png,,,,
2989,456,purple,small,rubber,cube,"[403, 166, 10.548768997192383]",2642.0,"[377, 140, 52, 50]",cache/1756274264749.png,,,,
2990,456,brown,small,rubber,cube,"[128, 130, 12.125936508178711]",1597.0,"[107, 109, 39, 39]",cache/1756274264772.png,,,,
2991,456,yellow,small,rubber,cube,"[218, 264, 7.759839057922363]",3380.0,"[192, 231, 50, 66]",cache/1756274264756.png,,,,
2992,457,brown,large,metal,cylinder,"[322, 91, 12.809731483459473]",4644.0,"[292, 53, 61, 75]",cache/1756274371163.png,,,,
2993,457,cyan,small,metal,cube,"[292, 126, 11.899713516235352]",1041.0,"[270, 104, 42, 24]",cache/1756274371174.png,,,,
2994,457,cyan,large,rubber,cube,"[82, 151, 10.147499084472656]",10399.0,"[80, 135, 92, 112]",cache/1756274371186.png,,,,
2995,457,gray,large,metal,cylinder,"[129, 190, 8.957398414611816]",10399.0,"[80, 135, 92, 112]",cache/1756274371186.png,,,,
2996,457,cyan,large,rubber,sphere,"[255, 245, 7.69487190246582]",9563.0,"[206, 195, 96, 99]",cache/1756274371138.png,,,,
2997,457,green,small,metal,cube,"[223, 146, 11.074308395385742]",2006.0,"[200, 122, 41, 48]",cache/1756274371169.png,,,,
2998,457,yellow,small,metal,sphere,"[200, 91, 13.731847763061523]",738.0,"[186, 76, 26, 27]",cache/1756274371152.png,,,,
2999,457,purple,small,metal,sphere,"[126, 116, 12.386760711669922]",773.0,"[115, 100, 25, 30]",cache/1756274371147.png,,,,
3000,457,purple,large,metal,cylinder,"[279, 171, 9.501407623291016]",8357.0,"[239, 119, 81, 102]",cache/1756274371157.png,,,,
3001,458,green,large,metal,sphere,"[262, 139, 10.35641860961914]",5103.0,"[226, 102, 71, 71]",cache/1756274524647.png,,,,
3002,458,green,large,metal,cube,"[150, 130, 10.736700057983398]",9424.0,"[100, 83, 96, 97]",cache/1756274524639.png,,,,
3003,458,gray,large,metal,cylinder,"[393, 121, 11.130374908447266]",6725.0,"[355, 78, 77, 87]",cache/1756274524656.png,,,,
3004,458,blue,small,metal,sphere,"[319, 180, 9.619562149047852]",1506.0,"[299, 160, 38, 38]",cache/1756274524652.png,,,,
3005,458,cyan,small,metal,cube,"[236, 104, 12.99875545501709]",1401.0,"[216, 83, 37, 37]",cache/1756274524661.png,,,,
3006,459,cyan,small,metal,cube,"[162, 180, 9.7947359085083]",2287.0,"[140, 154, 43, 52]",cache/1756274493326.png,,,,
3007,459,blue,large,metal,cylinder,"[223, 108, 12.156346321105957]",4912.0,"[190, 68, 62, 78]",cache/1756274493338.png,,,,
3008,459,purple,large,metal,cylinder,"[125, 125, 11.246833801269531]",6255.0,"[87, 82, 73, 85]",cache/1756274493342.png,,,,
3009,459,purple,small,metal,sphere,"[259, 155, 10.741578102111816]",1208.0,"[242, 137, 34, 34]",cache/1756274493333.png,,,,
3010,459,red,small,metal,cylinder,"[170, 107, 13.158819198608398]",1058.0,"[155, 88, 29, 35]",cache/1756274493347.png,,,,
3011,460,cyan,small,rubber,cube,"[281, 116, 11.866307258605957]",1894.0,"[259, 94, 42, 44]",cache/1756274339508.png,,,,
3012,460,cyan,large,rubber,cube,"[189, 79, 12.99988079071045]",5864.0,"[149, 41, 76, 76]",cache/1756274339492.png,,,,
3013,460,brown,small,metal,cylinder,"[195, 257, 7.537315845489502]",3533.0,"[168, 222, 50, 69]",cache/1756274339503.png,,,,
3014,460,gray,small,rubber,cube,"[327, 182, 9.360677719116211]",3272.0,"[299, 152, 55, 58]",cache/1756274339497.png,,,,
3015,460,cyan,large,rubber,sphere,"[79, 128, 10.516555786132812]",5290.0,"[40, 91, 73, 71]",cache/1756274339486.png,,,,
3016,460,cyan,small,rubber,sphere,"[242, 106, 12.37425422668457]",913.0,"[226, 90, 29, 30]",cache/1756274339521.png,,,,
3017,460,blue,large,rubber,cylinder,"[423, 145, 9.843132972717285]",9105.0,"[379, 95, 90, 100]",cache/1756274339516.png,,,,
3018,461,purple,small,metal,cylinder,"[192, 203, 9.666850090026855]",2097.0,"[171, 176, 39, 52]",cache/1756274357764.png,,,,
3019,461,cyan,small,metal,sphere,"[92, 129, 12.285922050476074]",937.0,"[75, 113, 31, 30]",cache/1756274357759.png,,,,
3020,461,purple,large,rubber,cube,"[331, 140, 11.057413101196289]",8101.0,"[289, 95, 88, 91]",cache/1756274357736.png,,,,
3021,461,red,small,metal,sphere,"[144, 181, 10.309496879577637]",1306.0,"[125, 163, 36, 36]",cache/1756274357742.png,,,,
3022,461,green,large,metal,cylinder,"[260, 207, 8.943711280822754]",9741.0,"[218, 151, 85, 114]",cache/1756274357775.png,,,,
3023,461,cyan,small,metal,sphere,"[180, 120, 12.709891319274902]",851.0,"[165, 105, 28, 29]",cache/1756274357746.png,,,,
3024,461,brown,large,rubber,sphere,"[228, 89, 13.542052268981934]",3022.0,"[200, 60, 54, 55]",cache/1756274357727.png,,,,
3025,461,cyan,small,rubber,cube,"[98, 167, 10.791272163391113]",2544.0,"[71, 142, 50, 50]",cache/1756274357796.png,,,,
3026,461,red,small,metal,cube,"[295, 111, 13.180865287780762]",8101.0,"[289, 95, 88, 91]",cache/1756274357736.png,,,,
3027,461,green,small,metal,cylinder,"[387, 140, 11.83533000946045]",1296.0,"[374, 118, 31, 41]",cache/1756274357791.png,,,,
3028,462,cyan,small,metal,sphere,"[318, 200, 9.127701759338379]",1760.0,"[296, 179, 41, 42]",cache/1756274254358.png,,,,
3029,462,cyan,small,metal,cylinder,"[205, 98, 13.409014701843262]",1015.0,"[190, 80, 28, 35]",cache/1756274254368.png,,,,
3030,462,brown,large,rubber,cube,"[163, 136, 10.637306213378906]",8382.0,"[119, 88, 86, 96]",cache/1756274254363.png,,,,
3031,462,red,small,metal,sphere,"[231, 247, 7.958907604217529]",2273.0,"[207, 223, 46, 48]",cache/1756274254351.png,,,,
3032,463,yellow,large,rubber,cube,"[144, 98, 12.101303100585938]",6825.0,"[101, 58, 82, 82]",cache/1756274382242.png,,,,
3033,463,gray,large,rubber,cylinder,"[295, 91, 12.580805778503418]",4624.0,"[265, 53, 61, 74]",cache/1756274382257.png,,,,
3034,463,cyan,small,metal,sphere,"[233, 94, 13.404759407043457]",767.0,"[219, 79, 27, 28]",cache/1756274382264.png,,,,
3035,463,purple,small,metal,cube,"[185, 159, 10.095714569091797]",1874.0,"[165, 134, 38, 48]",cache/1756274382237.png,,,,
3036,463,cyan,large,metal,sphere,"[294, 185, 8.46015453338623]",7850.0,"[249, 141, 88, 88]",cache/1756274382231.png,,,,
3037,463,red,small,metal,cylinder,"[211, 133, 11.188549995422363]",1439.0,"[193, 111, 33, 42]",cache/1756274382252.png,,,,
3038,463,blue,small,rubber,sphere,"[101, 146, 10.614974021911621]",1270.0,"[82, 128, 35, 35]",cache/1756274382247.png,,,,
3039,464,red,large,metal,cube,"[282, 128, 10.886002540588379]",7008.0,"[245, 83, 79, 88]",cache/1756274533601.png,,,,
3040,464,brown,small,metal,cube,"[392, 160, 10.43901538848877]",2795.0,"[365, 134, 52, 52]",cache/1756274533616.png,,,,
3041,464,blue,large,rubber,sphere,"[254, 183, 9.121362686157227]",6630.0,"[213, 141, 81, 81]",cache/1756274533610.png,,,,
3042,465,brown,large,metal,cylinder,"[333, 106, 12.076004028320312]",5363.0,"[300, 66, 66, 80]",cache/1756274290580.png,,,,
3043,465,yellow,large,metal,cylinder,"[280, 79, 13.621496200561523]",3981.0,"[252, 43, 56, 70]",cache/1756274290595.png,,,,
3044,465,gray,small,metal,cylinder,"[151, 154, 10.830904960632324]",1625.0,"[131, 130, 36, 44]",cache/1756274290600.png,,,,
3045,465,green,small,rubber,cube,"[169, 180, 9.925409317016602]",2628.0,"[143, 153, 49, 53]",cache/1756274290588.png,,,,
3046,466,cyan,small,metal,cylinder,"[96, 146, 10.734665870666504]",1759.0,"[75, 122, 37, 46]",cache/1756274547178.png,,,,
3047,466,cyan,large,rubber,sphere,"[146, 168, 9.332347869873047]",6498.0,"[104, 127, 80, 80]",cache/1756274547135.png,,,,
3048,466,purple,small,metal,cylinder,"[253, 105, 12.504056930541992]",1184.0,"[237, 84, 30, 38]",cache/1756274547173.png,,,,
3049,466,green,small,rubber,sphere,"[342, 206, 8.919668197631836]",1791.0,"[320, 185, 42, 41]",cache/1756274547145.png,,,,
3050,466,blue,small,rubber,cube,"[207, 86, 13.499611854553223]",1130.0,"[190, 67, 31, 35]",cache/1756274547156.png,,,,
3051,466,brown,small,metal,sphere,"[139, 112, 12.152932167053223]",949.0,"[123, 96, 30, 30]",cache/1756274547162.png,,,,
3052,466,cyan,large,metal,cylinder,"[301, 147, 9.986434936523438]",7904.0,"[262, 97, 79, 99]",cache/1756274547168.png,,,,
3053,466,purple,large,rubber,cylinder,"[229, 260, 7.215468406677246]",13929.0,"[174, 190, 107, 129]",cache/1756274547150.png,,,,
3054,467,yellow,large,rubber,cylinder,"[277, 114, 11.55938720703125]",5399.0,"[244, 72, 66, 81]",cache/1756274588216.png,,,,
3055,467,gray,small,rubber,cube,"[135, 140, 11.110843658447266]",2233.0,"[110, 117, 47, 46]",cache/1756274588230.png,,,,
3056,467,cyan,small,rubber,cylinder,"[166, 224, 8.216229438781738]",3030.0,"[140, 193, 48, 62]",cache/1756274588211.png,,,,
3057,467,brown,large,metal,cylinder,"[246, 174, 8.976628303527832]",9404.0,"[203, 120, 85, 110]",cache/1756274588204.png,,,,
3058,468,green,large,metal,cylinder,"[310, 122, 11.510416030883789]",5872.0,"[276, 79, 68, 85]",cache/1756274598300.png,,,,
3059,468,yellow,small,metal,cylinder,"[246, 114, 12.684880256652832]",1151.0,"[231, 94, 29, 38]",cache/1756274598305.png,,,,
3060,468,blue,small,metal,cylinder,"[282, 203, 9.451041221618652]",2202.0,"[261, 175, 40, 53]",cache/1756274598290.png,,,,
3061,468,brown,small,metal,cylinder,"[207, 100, 13.401721954345703]",1014.0,"[191, 81, 28, 35]",cache/1756274598310.png,,,,
3062,468,purple,large,rubber,cube,"[390, 159, 10.108890533447266]",10986.0,"[339, 108, 107, 102]",cache/1756274598268.png,,,,
3063,468,red,small,rubber,cube,"[238, 279, 7.759551048278809]",3855.0,"[209, 244, 54, 70]",cache/1756274598259.png,,,,
3064,468,red,small,rubber,cylinder,"[140, 169, 10.470376968383789]",1835.0,"[120, 144, 38, 47]",cache/1756274598295.png,,,,
3065,468,blue,small,rubber,sphere,"[129, 125, 12.139575004577637]",983.0,"[113, 109, 30, 31]",cache/1756274598281.png,,,,
3066,468,red,small,metal,cube,"[178, 147, 11.230472564697266]",2184.0,"[154, 123, 45, 48]",cache/1756274598274.png,,,,
3067,469,green,large,rubber,cylinder,"[292, 87, 13.64790153503418]",3879.0,"[263, 52, 57, 68]",cache/1756274356340.png,,,,
3068,469,gray,small,metal,cube,"[375, 144, 11.206568717956543]",1959.0,"[353, 121, 42, 45]",cache/1756274356328.png,,,,
3069,469,cyan,small,metal,cylinder,"[207, 166, 10.25100326538086]",1788.0,"[187, 141, 37, 47]",cache/1756274356356.png,,,,
3070,469,green,small,metal,cylinder,"[279, 219, 8.491741180419922]",2638.0,"[258, 189, 43, 59]",cache/1756274356334.png,,,,
3071,469,cyan,small,metal,cylinder,"[142, 122, 12.3329496383667]",1238.0,"[125, 102, 32, 38]",cache/1756274356346.png,,,,
3072,469,brown,small,metal,cylinder,"[330, 131, 11.871496200561523]",1337.0,"[313, 110, 33, 40]",cache/1756274356351.png,,,,
3073,469,red,small,metal,cylinder,"[195, 104, 13.475010871887207]",976.0,"[180, 86, 28, 34]",cache/1756274356361.png,,,,
3074,469,blue,small,metal,sphere,"[129, 197, 9.152600288391113]",1703.0,"[108, 176, 41, 41]",cache/1756274356323.png,,,,
3075,469,green,large,rubber,cube,"[92, 136, 10.680266380310059]",8116.0,"[48, 90, 85, 94]",cache/1756274356317.png,,,,
3076,469,purple,large,metal,sphere,"[222, 237, 7.412158966064453]",10193.0,"[171, 186, 99, 101]",cache/1756274356308.png,,,,
3077,470,brown,large,metal,cylinder,"[302, 144, 10.288518905639648]",7340.0,"[264, 96, 76, 96]",cache/1756274573115.png,,,,
3078,470,red,small,metal,cube,"[354, 134, 11.44696044921875]",1563.0,"[337, 112, 36, 42]",cache/1756274573121.png,,,,
3079,470,yellow,large,metal,sphere,"[147, 101, 12.082399368286133]",3900.0,"[114, 69, 62, 62]",cache/1756274573104.png,,,,
3080,470,blue,large,rubber,sphere,"[272, 238, 7.779104709625244]",9253.0,"[224, 190, 95, 96]",cache/1756274573110.png,,,,
3081,471,green,small,metal,sphere,"[338, 123, 12.614176750183105]",860.0,"[323, 107, 29, 29]",cache/1756274494135.png,,,,
3082,471,cyan,small,rubber,cube,"[251, 93, 14.330784797668457]",1146.0,"[234, 75, 32, 34]",cache/1756274494130.png,,,,
3083,471,green,small,rubber,cylinder,"[173, 108, 13.388998031616211]",1030.0,"[158, 90, 28, 35]",cache/1756274494157.png,,,,
3084,471,blue,large,metal,cylinder,"[178, 221, 8.416062355041504]",11386.0,"[129, 162, 93, 121]",cache/1756274494145.png,,,,
3085,471,red,large,rubber,cube,"[338, 189, 9.298709869384766]",13132.0,"[284, 131, 110, 119]",cache/1756274494111.png,,,,
3086,471,brown,small,metal,cube,"[140, 143, 11.656105041503906]",2022.0,"[117, 120, 44, 45]",cache/1756274494126.png,,,,
3087,471,green,small,rubber,cube,"[216, 162, 10.879531860351562]",11386.0,"[129, 162, 93, 121]",cache/1756274494145.png,,,,
3088,471,gray,small,rubber,cylinder,"[278, 114, 13.077332496643066]",1089.0,"[262, 95, 29, 36]",cache/1756274494162.png,,,,
3089,471,cyan,large,rubber,cylinder,"[389, 157, 10.347975730895996]",7416.0,"[354, 109, 77, 96]",cache/1756274494151.png,,,,
3090,471,purple,small,rubber,cube,"[102, 135, 12.002103805541992]",1761.0,"[79, 114, 41, 42]",cache/1756274494120.png,,,,
3091,472,blue,small,metal,sphere,"[213, 100, 13.535895347595215]",785.0,"[198, 85, 27, 28]",cache/1756274549108.png,,,,
3092,472,yellow,small,metal,cylinder,"[308, 179, 10.158004760742188]",1950.0,"[288, 154, 39, 49]",cache/1756274549117.png,,,,
3093,472,gray,large,rubber,cylinder,"[260, 110, 12.128678321838379]",5117.0,"[228, 70, 63, 80]",cache/1756274549121.png,,,,
3094,472,gray,large,rubber,cylinder,"[137, 191, 9.141764640808105]",10014.0,"[89, 136, 89, 111]",cache/1756274549126.png,,,,
3095,473,yellow,large,metal,cube,"[239, 152, 9.994707107543945]",10403.0,"[190, 100, 98, 105]",cache/1756274368307.png,,,,
3096,473,blue,small,rubber,cube,"[292, 147, 10.95952320098877]",1376.0,"[286, 122, 28, 48]",cache/1756274368329.png,,,,
3097,473,purple,large,metal,cylinder,"[362, 119, 11.389342308044434]",3623.0,"[328, 76, 71, 50]",cache/1756274368318.png,,,,
3098,473,purple,large,rubber,cylinder,"[118, 110, 11.797834396362305]",5751.0,"[80, 70, 70, 81]",cache/1756274368313.png,,,,
3099,473,green,large,metal,cube,"[362, 177, 9.124319076538086]",10478.0,"[318, 124, 96, 108]",cache/1756274368299.png,,,,
3100,473,purple,small,rubber,cylinder,"[166, 218, 8.640292167663574]",2713.0,"[142, 188, 45, 59]",cache/1756274368324.png,,,,
3101,474,green,small,rubber,cylinder,"[185, 180, 9.86042308807373]",2045.0,"[164, 154, 39, 51]",cache/1756274597687.png,,,,
3102,474,blue,large,metal,cylinder,"[310, 190, 8.962059020996094]",10141.0,"[266, 134, 89, 113]",cache/1756274597681.png,,,,
3103,474,green,small,metal,sphere,"[222, 106, 12.72248363494873]",884.0,"[207, 90, 29, 30]",cache/1756274597676.png,,,,
3104,475,cyan,large,metal,cylinder,"[239, 123, 11.236976623535156]",5920.0,"[205, 79, 67, 87]",cache/1756274585161.png,,,,
3105,475,yellow,small,metal,cylinder,"[348, 150, 10.920950889587402]",1749.0,"[329, 126, 38, 45]",cache/1756274585157.png,,,,
3106,475,cyan,small,rubber,cylinder,"[272, 87, 13.871020317077637]",925.0,"[258, 69, 26, 34]",cache/1756274585167.png,,,,
3107,475,gray,small,metal,sphere,"[161, 158, 10.599477767944336]",1237.0,"[142, 140, 35, 35]",cache/1756274585152.png,,,,
3108,475,blue,large,metal,cube,"[194, 93, 12.630572319030762]",6219.0,"[153, 53, 77, 80]",cache/1756274585146.png,,,,
3109,475,brown,small,metal,sphere,"[391, 180, 9.880476951599121]",1500.0,"[372, 161, 38, 38]",cache/1756274585140.png,,,,
3110,475,green,large,metal,sphere,"[120, 103, 12.114733695983887]",3883.0,"[87, 71, 62, 62]",cache/1756274585135.png,,,,
3111,475,brown,small,metal,cube,"[201, 225, 8.671989440917969]",2962.0,"[176, 195, 48, 61]",cache/1756274585127.png,,,,
3112,476,red,large,metal,sphere,"[341, 140, 10.544940948486328]",5034.0,"[305, 104, 71, 70]",cache/1756274292223.png,,,,
3113,476,brown,large,rubber,sphere,"[270, 181, 8.974814414978027]",6870.0,"[228, 139, 82, 83]",cache/1756274292230.png,,,,
3114,476,gray,small,metal,cube,"[172, 228, 8.286991119384766]",3985.0,"[141, 194, 59, 67]",cache/1756274292235.png,,,,
3115,477,gray,small,rubber,cylinder,"[360, 190, 9.916080474853516]",2069.0,"[340, 165, 41, 50]",cache/1756274324092.png,,,,
3116,477,gray,small,metal,sphere,"[101, 160, 11.0634126663208]",1159.0,"[83, 142, 34, 33]",cache/1756274324069.png,,,,
3117,477,red,large,rubber,sphere,"[242, 229, 8.136293411254883]",8412.0,"[196, 183, 90, 92]",cache/1756274324062.png,,,,
3118,477,gray,small,metal,cylinder,"[210, 202, 9.538233757019043]",8412.0,"[196, 183, 90, 92]",cache/1756274324062.png,,,,
3119,477,cyan,small,rubber,sphere,"[72, 136, 12.150065422058105]",1014.0,"[55, 120, 31, 32]",cache/1756274324106.png,,,,
3120,477,blue,large,metal,cube,"[312, 113, 12.539929389953613]",5662.0,"[276, 74, 73, 76]",cache/1756274324054.png,,,,
3121,477,blue,small,rubber,cylinder,"[404, 150, 11.501352310180664]",1600.0,"[385, 128, 37, 42]",cache/1756274324080.png,,,,
3122,477,purple,large,rubber,cylinder,"[201, 94, 13.721858024597168]",3812.0,"[172, 59, 55, 68]",cache/1756274324075.png,,,,
3123,477,yellow,small,metal,cube,"[151, 115, 13.360535621643066]",810.0,"[132, 96, 35, 22]",cache/1756274324100.png,,,,
3124,477,yellow,large,rubber,cylinder,"[168, 155, 10.489657402038574]",6985.0,"[129, 108, 74, 93]",cache/1756274324085.png,,,,
3125,478,green,small,metal,cylinder,"[278, 96, 13.759696006774902]",998.0,"[262, 77, 28, 34]",cache/1756274575761.png,,,,
3126,478,yellow,large,metal,cylinder,"[247, 218, 8.518552780151367]",10868.0,"[201, 158, 90, 120]",cache/1756274575748.png,,,,
3127,478,blue,small,metal,cube,"[131, 121, 12.445536613464355]",1709.0,"[108, 99, 43, 39]",cache/1756274575755.png,,,,
3128,478,blue,small,metal,sphere,"[172, 170, 10.495665550231934]",9865.0,"[88, 137, 89, 110]",cache/1756274575766.png,,,,
3129,478,purple,large,metal,cylinder,"[135, 191, 9.188664436340332]",9865.0,"[88, 137, 89, 110]",cache/1756274575766.png,,,,
3130,478,blue,small,metal,cube,"[313, 153, 11.085341453552246]",2167.0,"[290, 129, 44, 48]",cache/1756274575736.png,,,,
3131,478,purple,large,rubber,cylinder,"[360, 123, 11.539027214050293]",5996.0,"[326, 81, 70, 85]",cache/1756274575742.png,,,,
3132,479,gray,large,rubber,sphere,"[70, 118, 11.588397026062012]",4400.0,"[35, 84, 66, 65]",cache/1756274500633.png,,,,
3133,479,gray,small,rubber,sphere,"[205, 269, 7.719773769378662]",2442.0,"[181, 244, 47, 50]",cache/1756274500638.png,,,,
3134,479,gray,small,rubber,cube,"[186, 98, 13.500470161437988]",1125.0,"[169, 80, 31, 35]",cache/1756274500643.png,,,,
3135,479,cyan,large,metal,cube,"[351, 166, 9.711112976074219]",9555.0,"[306, 113, 89, 106]",cache/1756274500613.png,,,,
3136,479,purple,large,metal,cube,"[252, 75, 14.03623104095459]",4557.0,"[218, 40, 65, 69]",cache/1756274500621.png,,,,
3137,479,green,large,rubber,sphere,"[127, 148, 10.333719253540039]",5280.0,"[89, 111, 73, 72]",cache/1756274500627.png,,,,
3138,479,gray,small,rubber,cube,"[275, 146, 11.152463912963867]",1703.0,"[255, 123, 37, 45]",cache/1756274500647.png,,,,
3139,480,green,small,metal,cube,"[159, 179, 9.64615535736084]",3081.0,"[131, 151, 54, 57]",cache/1756274568946.png,,,,
3140,480,cyan,small,rubber,cube,"[130, 140, 11.018498420715332]",2315.0,"[104, 116, 48, 47]",cache/1756274568941.png,,,,
3141,480,cyan,small,rubber,cube,"[230, 95, 13.203646659851074]",1456.0,"[210, 75, 37, 38]",cache/1756274568933.png,,,,
3142,481,cyan,large,metal,sphere,"[225, 81, 12.84427547454834]",3366.0,"[196, 51, 57, 58]",cache/1756274596321.png,,,,
3143,481,gray,large,metal,sphere,"[247, 240, 7.383619785308838]",10254.0,"[196, 188, 100, 102]",cache/1756274596343.png,,,,
3144,481,yellow,small,metal,sphere,"[92, 184, 9.328181266784668]",1647.0,"[71, 164, 40, 40]",cache/1756274596338.png,,,,
3145,481,purple,small,metal,cylinder,"[390, 173, 9.685152053833008]",2298.0,"[368, 146, 44, 51]",cache/1756274596327.png,,,,
3146,481,yellow,small,rubber,sphere,"[102, 124, 11.517850875854492]",1080.0,"[85, 107, 32, 32]",cache/1756274596332.png,,,,
3147,481,brown,large,metal,sphere,"[161, 192, 8.47311019897461]",7761.0,"[115, 147, 88, 88]",cache/1756274596312.png,,,,
3148,481,brown,large,rubber,cylinder,"[317, 122, 10.803603172302246]",6639.0,"[281, 77, 73, 90]",cache/1756274596354.png,,,,
3149,481,blue,small,rubber,sphere,"[268, 83, 13.699228286743164]",734.0,"[254, 69, 26, 27]",cache/1756274596349.png,,,,
3150,481,blue,small,rubber,cube,"[147, 109, 12.238876342773438]",1446.0,"[127, 89, 37, 38]",cache/1756274596366.png,,,,
3151,481,green,small,metal,cylinder,"[58, 150, 10.453771591186523]",2023.0,"[35, 126, 42, 47]",cache/1756274596360.png,,,,
3152,482,cyan,large,rubber,cube,"[361, 137, 10.56707763671875]",7432.0,"[323, 91, 80, 91]",cache/1756274415460.png,,,,
3153,482,green,small,metal,sphere,"[87, 134, 11.577486038208008]",1075.0,"[70, 117, 33, 32]",cache/1756274415446.png,,,,
3154,482,red,large,metal,cylinder,"[272, 148, 10.101316452026367]",7259.0,"[234, 100, 75, 96]",cache/1756274415465.png,,,,
3155,482,yellow,small,metal,sphere,"[136, 143, 11.117844581604004]",1131.0,"[118, 126, 33, 33]",cache/1756274415455.png,,,,
3156,482,cyan,large,metal,cylinder,"[311, 100, 12.523917198181152]",4678.0,"[281, 62, 61, 75]",cache/1756274415475.png,,,,
3157,482,yellow,small,rubber,cylinder,"[231, 92, 14.126181602478027]",884.0,"[217, 74, 26, 32]",cache/1756274415471.png,,,,
3158,483,blue,small,rubber,cylinder,"[249, 81, 15.08525276184082]",802.0,"[236, 64, 25, 31]",cache/1756274496643.png,,,,
3159,483,purple,small,metal,cube,"[313, 157, 11.181746482849121]",1740.0,"[293, 134, 39, 43]",cache/1756274496631.png,,,,
3160,483,purple,large,rubber,cylinder,"[220, 188, 9.454680442810059]",8697.0,"[178, 135, 81, 106]",cache/1756274496635.png,,,,
3161,483,green,large,rubber,sphere,"[382, 120, 11.950552940368652]",3995.0,"[350, 88, 63, 62]",cache/1756274496625.png,,,,
3162,484,purple,large,rubber,cylinder,"[184, 131, 10.99096393585205]",6232.0,"[147, 88, 70, 88]",cache/1756274533275.png,,,,
3163,484,yellow,small,rubber,cube,"[231, 102, 13.454587936401367]",9487.0,"[224, 92, 95, 99]",cache/1756274533269.png,,,,
3164,484,red,large,rubber,cube,"[404, 154, 10.090198516845703]",9015.0,"[361, 104, 88, 101]",cache/1756274533263.png,,,,
3165,484,yellow,large,rubber,cube,"[271, 140, 10.615422248840332]",9487.0,"[224, 92, 95, 99]",cache/1756274533269.png,,,,
3166,484,cyan,large,metal,sphere,"[83, 119, 11.577056884765625]",4340.0,"[48, 85, 66, 64]",cache/1756274533256.png,,,,
3167,485,purple,small,metal,sphere,"[276, 116, 12.78858470916748]",734.0,"[261, 101, 24, 29]",cache/1756274463796.png,,,,
3168,485,red,large,rubber,cylinder,"[172, 149, 10.438084602355957]",7094.0,"[133, 102, 75, 94]",cache/1756274463814.png,,,,
3169,485,yellow,large,rubber,cube,"[167, 94, 13.132107734680176]",3338.0,"[135, 57, 63, 52]",cache/1756274463801.png,,,,
3170,485,gray,small,metal,cylinder,"[80, 151, 11.116865158081055]",1729.0,"[59, 128, 39, 44]",cache/1756274463809.png,,,,
3171,485,cyan,large,metal,cube,"[328, 130, 11.217249870300293]",8536.0,"[282, 84, 90, 93]",cache/1756274463788.png,,,,
3172,486,purple,large,rubber,sphere,"[222, 142, 10.595086097717285]",4873.0,"[186, 106, 69, 69]",cache/1756274496245.png,,,,
3173,486,green,large,metal,cube,"[136, 121, 11.448871612548828]",8543.0,"[88, 76, 92, 92]",cache/1756274496266.png,,,,
3174,486,cyan,small,rubber,cube,"[149, 221, 8.852766036987305]",2696.0,"[124, 192, 47, 57]",cache/1756274496238.png,,,,
3175,486,brown,large,rubber,cube,"[252, 66, 14.54393196105957]",4829.0,"[217, 32, 69, 69]",cache/1756274496278.png,,,,
3176,486,blue,large,metal,cube,"[305, 135, 10.879865646362305]",7436.0,"[266, 90, 82, 90]",cache/1756274496219.png,,,,
3177,487,red,small,metal,sphere,"[381, 188, 9.318727493286133]",1635.0,"[361, 167, 40, 39]",cache/1756274306054.png,,,,
3178,487,brown,large,rubber,sphere,"[143, 97, 12.097233772277832]",3769.0,"[111, 65, 60, 62]",cache/1756274306059.png,,,,
3179,487,yellow,large,metal,cube,"[197, 127, 10.711894989013672]",9393.0,"[146, 79, 95, 98]",cache/1756274306048.png,,,,
3180,487,yellow,large,metal,cylinder,"[291, 111, 11.375988006591797]",5876.0,"[257, 69, 68, 85]",cache/1756274306070.png,,,,
3181,487,red,small,rubber,sphere,"[341, 207, 8.793977737426758]",1787.0,"[320, 185, 42, 42]",cache/1756274306065.png,,,,
3182,487,yellow,large,rubber,cylinder,"[250, 78, 13.172935485839844]",4179.0,"[221, 41, 57, 72]",cache/1756274306076.png,,,,
3183,487,gray,large,metal,sphere,"[438, 139, 10.206772804260254]",5635.0,"[400, 102, 77, 73]",cache/1756274306040.png,,,,
3184,488,green,small,metal,sphere,"[136, 135, 11.388136863708496]",1078.0,"[119, 117, 32, 32]",cache/1756274431274.png,,,,
3185,488,yellow,large,metal,cube,"[298, 92, 12.720061302185059]",5174.0,"[263, 54, 67, 76]",cache/1756274431250.png,,,,
3186,488,yellow,small,rubber,sphere,"[426, 155, 10.542547225952148]",1359.0,"[407, 136, 37, 36]",cache/1756274431279.png,,,,
3187,488,cyan,small,metal,cylinder,"[253, 243, 7.983771324157715]",3102.0,"[229, 210, 47, 65]",cache/1756274431263.png,,,,
3188,488,cyan,small,rubber,cylinder,"[205, 166, 10.143487930297852]",1829.0,"[185, 141, 37, 48]",cache/1756274431289.png,,,,
3189,488,cyan,small,rubber,cylinder,"[139, 186, 9.452499389648438]",8248.0,"[116, 160, 90, 91]",cache/1756274431256.png,,,,
3190,488,green,large,metal,sphere,"[361, 111, 11.628965377807617]",4225.0,"[328, 78, 65, 64]",cache/1756274431242.png,,,,
3191,488,cyan,small,metal,cylinder,"[77, 142, 11.04289722442627]",1756.0,"[57, 120, 39, 44]",cache/1756274431268.png,,,,
3192,488,cyan,large,rubber,sphere,"[162, 206, 8.24300765991211]",8248.0,"[116, 160, 90, 91]",cache/1756274431256.png,,,,
3193,488,gray,large,rubber,cube,"[235, 76, 13.719796180725098]",5277.0,"[197, 40, 72, 72]",cache/1756274431284.png,,,,
3194,489,yellow,large,metal,cube,"[373, 154, 9.363916397094727]",12946.0,"[318, 100, 115, 111]",cache/1756274609143.png,,,,
3195,489,cyan,small,metal,sphere,"[210, 143, 10.580286979675293]",1235.0,"[192, 125, 35, 35]",cache/1756274609167.png,,,,
3196,489,cyan,small,rubber,cylinder,"[244, 98, 12.895564079284668]",1078.0,"[229, 79, 29, 36]",cache/1756274609243.png,,,,
3197,489,yellow,large,rubber,cylinder,"[116, 185, 8.376178741455078]",11895.0,"[63, 126, 99, 119]",cache/1756274609192.png,,,,
3198,489,cyan,large,rubber,cube,"[378, 108, 11.335073471069336]",4273.0,"[337, 64, 82, 51]",cache/1756274609219.png,,,,
3199,489,purple,small,metal,cylinder,"[120, 133, 11.015007019042969]",11895.0,"[63, 126, 99, 119]",cache/1756274609192.png,,,,
3200,489,yellow,small,metal,cube,"[176, 113, 12.029322624206543]",1571.0,"[157, 91, 37, 41]",cache/1756274609211.png,,,,
3201,489,blue,small,rubber,sphere,"[444, 155, 10.102752685546875]",1335.0,"[427, 136, 35, 37]",cache/1756274609228.png,,,,
3202,489,red,large,rubber,cylinder,"[296, 91, 12.278164863586426]",4823.0,"[265, 53, 62, 76]",cache/1756274609236.png,,,,
3203,489,brown,small,rubber,cube,"[287, 235, 7.751997470855713]",4715.0,"[255, 199, 65, 72]",cache/1756274609184.png,,,,
3204,490,purple,small,rubber,cube,"[292, 121, 12.226964950561523]",1262.0,"[282, 99, 29, 42]",cache/1756274579443.png,,,,
3205,490,green,large,rubber,cube,"[246, 245, 7.841556072235107]",13946.0,"[190, 180, 104, 133]",cache/1756274579353.png,,,,
3206,490,red,small,metal,sphere,"[180, 108, 12.859829902648926]",830.0,"[165, 92, 28, 28]",cache/1756274579407.png,,,,
3207,490,green,large,rubber,sphere,"[262, 129, 11.08564567565918]",4474.0,"[228, 95, 66, 67]",cache/1756274579372.png,,,,
3208,490,blue,small,metal,cylinder,"[134, 197, 9.550291061401367]",2308.0,"[111, 169, 43, 53]",cache/1756274579421.png,,,,
3209,490,brown,large,metal,sphere,"[343, 162, 9.93164348602295]",5721.0,"[305, 124, 75, 75]",cache/1756274579360.png,,,,
3210,490,purple,large,metal,cylinder,"[358, 114, 11.724203109741211]",5529.0,"[324, 72, 70, 78]",cache/1756274579433.png,,,,
3211,490,brown,large,rubber,sphere,"[102, 151, 10.298604011535645]",5406.0,"[64, 114, 73, 73]",cache/1756274579384.png,,,,
3212,490,yellow,large,rubber,sphere,"[217, 78, 13.594626426696777]",3005.0,"[189, 49, 54, 55]",cache/1756274579393.png,,,,
3213,491,green,small,rubber,cylinder,"[220, 219, 8.682397842407227]",2603.0,"[197, 189, 43, 59]",cache/1756274374880.png,,,,
3214,491,red,small,rubber,sphere,"[92, 170, 9.938044548034668]",1475.0,"[72, 151, 38, 38]",cache/1756274374862.png,,,,
3215,491,red,large,rubber,cube,"[281, 170, 9.302995681762695]",9575.0,"[238, 117, 90, 106]",cache/1756274374848.png,,,,
3216,491,brown,large,metal,sphere,"[248, 128, 10.647395133972168]",4636.0,"[213, 92, 68, 68]",cache/1756274374868.png,,,,
3217,492,yellow,large,metal,cube,"[168, 129, 11.677389144897461]",7878.0,"[122, 85, 88, 89]",cache/1756274332291.png,,,,
3218,492,green,large,metal,cube,"[155, 99, 13.335628509521484]",2439.0,"[120, 63, 65, 37]",cache/1756274332313.png,,,,
3219,492,blue,small,rubber,cube,"[207, 249, 8.304149627685547]",2856.0,"[182, 218, 46, 60]",cache/1756274332308.png,,,,
3220,492,yellow,large,rubber,cylinder,"[354, 114, 12.458134651184082]",9008.0,"[353, 104, 98, 91]",cache/1756274332323.png,,,,
3221,492,gray,small,rubber,cube,"[297, 180, 10.304509162902832]",1952.0,"[276, 155, 39, 49]",cache/1756274332329.png,,,,
3222,492,brown,small,rubber,sphere,"[282, 228, 8.833526611328125]",1775.0,"[261, 206, 41, 43]",cache/1756274332318.png,,,,
3223,492,yellow,large,metal,cube,"[400, 149, 10.757994651794434]",9008.0,"[353, 104, 98, 91]",cache/1756274332323.png,,,,
3224,492,red,large,metal,sphere,"[247, 140, 11.160311698913574]",4405.0,"[214, 105, 65, 66]",cache/1756274332301.png,,,,
3225,493,blue,large,metal,cylinder,"[296, 154, 10.326258659362793]",7216.0,"[259, 106, 75, 95]",cache/1756274503160.png,,,,
3226,493,purple,large,rubber,sphere,"[365, 112, 12.047464370727539]",3961.0,"[332, 80, 63, 62]",cache/1756274503149.png,,,,
3227,493,green,large,metal,sphere,"[166, 102, 12.53852653503418]",3521.0,"[135, 71, 59, 59]",cache/1756274503143.png,,,,
3228,493,yellow,large,rubber,sphere,"[274, 229, 8.243206024169922]",8233.0,"[228, 183, 89, 91]",cache/1756274503154.png,,,,
3229,493,purple,large,metal,cube,"[304, 87, 13.396309852600098]",4169.0,"[274, 51, 63, 66]",cache/1756274503130.png,,,,
3230,493,red,large,metal,cube,"[223, 77, 13.981171607971191]",4471.0,"[189, 42, 63, 69]",cache/1756274503138.png,,,,
3231,494,cyan,small,metal,sphere,"[230, 92, 14.398491859436035]",594.0,"[216, 78, 23, 25]",cache/1756274269694.png,,,,
3232,494,blue,large,metal,cube,"[50, 126, 11.5460786819458]",8451.0,"[2, 81, 93, 90]",cache/1756274269688.png,,,,
3233,494,red,large,metal,cube,"[145, 198, 8.919622421264648]",13780.0,"[83, 140, 115, 119]",cache/1756274269674.png,,,,
3234,494,purple,large,metal,cube,"[267, 118, 11.941465377807617]",6874.0,"[225, 75, 80, 85]",cache/1756274269683.png,,,,
3235,495,cyan,large,rubber,cube,"[270, 102, 12.720513343811035]",4790.0,"[239, 65, 64, 74]",cache/1756274361444.png,,,,
3236,495,blue,small,rubber,cylinder,"[235, 180, 10.134563446044922]",1857.0,"[216, 155, 37, 49]",cache/1756274361466.png,,,,
3237,495,blue,large,rubber,cube,"[173, 116, 11.97429370880127]",7519.0,"[128, 73, 86, 87]",cache/1756274361451.png,,,,
3238,495,yellow,small,rubber,cube,"[73, 145, 11.464868545532227]",2017.0,"[49, 123, 46, 43]",cache/1756274361456.png,,,,
3239,495,purple,large,rubber,cylinder,"[359, 147, 10.603286743164062]",7268.0,"[321, 101, 78, 93]",cache/1756274361461.png,,,,
3240,496,gray,small,rubber,cube,"[286, 205, 8.899803161621094]",3283.0,"[259, 175, 53, 61]",cache/1756274323172.png,,,,
3241,496,blue,small,metal,cylinder,"[240, 237, 8.051275253295898]",2988.0,"[216, 205, 46, 63]",cache/1756274323166.png,,,,
3242,496,red,small,rubber,sphere,"[72, 157, 10.627422332763672]",1308.0,"[53, 138, 36, 35]",cache/1756274323160.png,,,,
3243,497,cyan,large,metal,sphere,"[179, 139, 10.727005958557129]",4663.0,"[144, 104, 69, 67]",cache/1756274386494.png,,,,
3244,497,green,large,metal,cylinder,"[357, 117, 11.880300521850586]",8690.0,"[289, 114, 86, 100]",cache/1756274386474.png,,,,
3245,497,cyan,large,rubber,cube,"[218, 200, 8.511537551879883]",12575.0,"[162, 142, 104, 120]",cache/1756274386488.png,,,,
3246,497,yellow,large,metal,cube,"[263, 89, 13.653409957885742]",5196.0,"[228, 54, 72, 71]",cache/1756274386483.png,,,,
3247,497,yellow,large,metal,cube,"[331, 163, 9.743663787841797]",8690.0,"[289, 114, 86, 100]",cache/1756274386474.png,,,,
3248,498,red,large,rubber,cube,"[232, 98, 12.923470497131348]",4770.0,"[200, 61, 63, 74]",cache/1756274367322.png,,,,
3249,498,brown,small,metal,cube,"[343, 147, 11.4169921875]",2185.0,"[320, 123, 46, 47]",cache/1756274367330.png,,,,
3250,498,yellow,small,metal,cylinder,"[138, 122, 12.546810150146484]",1273.0,"[121, 102, 32, 38]",cache/1756274367340.png,,,,
3251,498,green,small,rubber,cube,"[286, 172, 10.47778034210205]",2539.0,"[261, 146, 48, 52]",cache/1756274367335.png,,,,
3252,499,green,large,rubber,cylinder,"[51, 125, 10.994657516479492]",6983.0,"[7, 80, 77, 89]",cache/1756274451360.png,,,,
3253,499,purple,large,metal,cube,"[225, 71, 13.731429100036621]",5309.0,"[188, 34, 71, 73]",cache/1756274451327.png,,,,
3254,499,green,small,metal,cylinder,"[116, 121, 11.957966804504395]",11006.0,"[60, 116, 104, 105]",cache/1756274451341.png,,,,
3255,499,cyan,large,metal,cylinder,"[160, 217, 8.212800979614258]",12281.0,"[107, 156, 98, 125]",cache/1756274451385.png,,,,
3256,499,yellow,large,rubber,cylinder,"[272, 189, 8.896431922912598]",9893.0,"[229, 133, 86, 114]",cache/1756274451374.png,,,,
3257,499,blue,large,metal,sphere,"[166, 92, 12.50619888305664]",3575.0,"[136, 61, 59, 60]",cache/1756274451368.png,,,,
3258,499,green,small,metal,cube,"[372, 168, 10.180083274841309]",2608.0,"[347, 141, 48, 53]",cache/1756274451335.png,,,,
3259,499,yellow,small,metal,cylinder,"[299, 93, 13.389037132263184]",1063.0,"[284, 74, 29, 35]",cache/1756274451380.png,,,,
3260,499,red,large,metal,cube,"[118, 169, 9.47341251373291]",12281.0,"[107, 156, 98, 125]",cache/1756274451385.png,,,,
3261,500,cyan,small,rubber,cylinder,"[187, 211, 9.343476295471191]",2298.0,"[165, 183, 41, 55]",cache/1756274447069.png,,,,
3262,500,blue,large,metal,sphere,"[103, 145, 10.773173332214355]",4944.0,"[66, 109, 71, 69]",cache/1756274447056.png,,,,
3263,500,cyan,large,rubber,cylinder,"[233, 135, 11.141176223754883]",6126.0,"[197, 91, 68, 88]",cache/1756274447064.png,,,,
3264,501,red,small,rubber,cube,"[200, 231, 8.485457420349121]",3995.0,"[169, 198, 59, 67]",cache/1756274549770.png,,,,
3265,501,yellow,large,rubber,cube,"[122, 148, 10.379669189453125]",8774.0,"[76, 100, 88, 99]",cache/1756274549779.png,,,,
3266,501,cyan,large,rubber,cylinder,"[235, 93, 13.186427116394043]",4163.0,"[206, 56, 57, 72]",cache/1756274549763.png,,,,
3267,501,purple,small,rubber,cube,"[317, 189, 9.654598236083984]",3087.0,"[289, 161, 54, 57]",cache/1756274549757.png,,,,
3268,501,purple,large,metal,cylinder,"[360, 110, 12.159636497497559]",5381.0,"[327, 71, 68, 78]",cache/1756274549739.png,,,,
3269,501,blue,small,rubber,cube,"[183, 177, 10.061890602111816]",1922.0,"[162, 152, 39, 48]",cache/1756274549798.png,,,,
3270,502,gray,small,metal,cube,"[135, 168, 10.11338996887207]",2066.0,"[113, 143, 41, 49]",cache/1756274363192.png,,,,
3271,502,gray,large,rubber,cube,"[302, 117, 11.273359298706055]",6002.0,"[291, 51, 78, 76]",cache/1756274363211.png,,,,
3272,502,red,large,rubber,sphere,"[271, 173, 9.287154197692871]",6421.0,"[231, 133, 79, 80]",cache/1756274363185.png,,,,
3273,502,red,small,metal,sphere,"[396, 142, 11.020548820495605]",1192.0,"[378, 125, 34, 34]",cache/1756274363202.png,,,,
3274,502,cyan,large,rubber,sphere,"[214, 72, 13.618741989135742]",3034.0,"[186, 43, 54, 56]",cache/1756274363197.png,,,,
3275,502,brown,small,rubber,cube,"[170, 114, 12.239530563354492]",1754.0,"[148, 92, 41, 42]",cache/1756274363206.png,,,,
3276,502,gray,large,metal,cube,"[328, 90, 12.55075454711914]",6002.0,"[291, 51, 78, 76]",cache/1756274363211.png,,,,
3277,503,gray,large,rubber,sphere,"[336, 115, 11.196521759033203]",4457.0,"[302, 81, 65, 68]",cache/1756274322271.png,,,,
3278,503,yellow,small,metal,cylinder,"[277, 104, 12.674830436706543]",1157.0,"[261, 85, 30, 37]",cache/1756274322276.png,,,,
3279,503,cyan,large,metal,cylinder,"[381, 154, 9.614758491516113]",9134.0,"[338, 103, 88, 102]",cache/1756274322257.png,,,,
3280,503,cyan,large,metal,cube,"[228, 222, 7.716677188873291]",19612.0,"[161, 151, 132, 147]",cache/1756274322246.png,,,,
3281,503,gray,small,rubber,sphere,"[425, 145, 10.722559928894043]",9134.0,"[338, 103, 88, 102]",cache/1756274322257.png,,,,
3282,503,green,small,rubber,cylinder,"[346, 213, 8.546908378601074]",2829.0,"[322, 182, 47, 59]",cache/1756274322265.png,,,,
3283,504,purple,large,metal,cube,"[412, 152, 10.070838928222656]",11522.0,"[360, 99, 106, 108]",cache/1756274455478.png,,,,
3284,504,cyan,small,rubber,cylinder,"[190, 191, 9.553654670715332]",2170.0,"[168, 164, 40, 53]",cache/1756274455503.png,,,,
3285,504,brown,small,rubber,cube,"[107, 124, 11.912073135375977]",1637.0,"[85, 103, 40, 40]",cache/1756274455518.png,,,,
3286,504,gray,large,rubber,cube,"[168, 119, 11.321476936340332]",7704.0,"[122, 75, 86, 89]",cache/1756274455487.png,,,,
3287,504,yellow,small,metal,sphere,"[258, 79, 14.288354873657227]",667.0,"[245, 65, 25, 26]",cache/1756274455528.png,,,,
3288,504,gray,small,rubber,cube,"[249, 253, 8.063545227050781]",3216.0,"[222, 221, 49, 64]",cache/1756274455498.png,,,,
3289,504,cyan,small,rubber,cylinder,"[72, 156, 10.642974853515625]",1956.0,"[50, 132, 41, 47]",cache/1756274455508.png,,,,
3290,504,yellow,large,metal,sphere,"[219, 80, 13.260512351989746]",3178.0,"[191, 51, 55, 56]",cache/1756274455523.png,,,,
3291,504,brown,small,rubber,cube,"[321, 103, 12.924452781677246]",1399.0,"[302, 82, 35, 39]",cache/1756274455493.png,,,,
3292,504,yellow,small,rubber,cylinder,"[288, 144, 11.071533203125]",1588.0,"[270, 121, 34, 45]",cache/1756274455513.png,,,,
3293,505,yellow,small,metal,sphere,"[412, 169, 9.893279075622559]",1527.0,"[392, 149, 39, 38]",cache/1756274490875.png,,,,
3294,505,red,small,rubber,cylinder,"[210, 115, 12.179059982299805]",1219.0,"[194, 94, 31, 39]",cache/1756274490902.png,,,,
3295,505,red,large,metal,cylinder,"[287, 115, 11.307583808898926]",5889.0,"[253, 72, 68, 85]",cache/1756274490885.png,,,,
3296,505,brown,large,metal,sphere,"[221, 217, 7.885198593139648]",8959.0,"[173, 169, 93, 95]",cache/1756274490869.png,,,,
3297,505,yellow,large,metal,sphere,"[125, 175, 9.001293182373047]",7014.0,"[82, 133, 84, 83]",cache/1756274490863.png,,,,
3298,505,purple,small,metal,cube,"[324, 220, 8.409825325012207]",3516.0,"[296, 189, 56, 62]",cache/1756274490856.png,,,,
3299,505,gray,large,rubber,cylinder,"[111, 121, 11.027263641357422]",6165.0,"[71, 77, 74, 82]",cache/1756274490896.png,,,,
3300,505,green,large,metal,cube,"[264, 77, 13.459609985351562]",4589.0,"[230, 41, 66, 69]",cache/1756274490880.png,,,,
3301,505,brown,small,rubber,sphere,"[177, 151, 10.54446792602539]",1220.0,"[159, 133, 34, 35]",cache/1756274490891.png,,,,
3302,506,red,small,rubber,cylinder,"[134, 185, 10.041836738586426]",1988.0,"[112, 159, 39, 49]",cache/1756274361111.png,,,,
3303,506,purple,large,metal,sphere,"[209, 122, 11.738805770874023]",3996.0,"[176, 90, 62, 63]",cache/1756274361068.png,,,,
3304,506,blue,small,metal,cube,"[312, 168, 10.600481986999512]",1787.0,"[293, 145, 38, 46]",cache/1756274361094.png,,,,
3305,506,purple,large,metal,sphere,"[133, 111, 12.27407455444336]",3759.0,"[101, 80, 61, 61]",cache/1756274361061.png,,,,
3306,506,blue,small,rubber,cylinder,"[280, 242, 8.479401588439941]",2785.0,"[257, 211, 45, 61]",cache/1756274361089.png,,,,
3307,506,yellow,large,rubber,cylinder,"[416, 129, 11.442045211791992]",6404.0,"[381, 86, 74, 85]",cache/1756274361099.png,,,,
3308,506,green,small,rubber,sphere,"[242, 200, 9.5652494430542]",1505.0,"[222, 180, 38, 39]",cache/1756274361084.png,,,,
3309,506,green,small,rubber,cube,"[364, 154, 11.140932083129883]",1818.0,"[344, 132, 41, 43]",cache/1756274361079.png,,,,
3310,506,green,small,rubber,cube,"[159, 223, 8.94379711151123]",2604.0,"[135, 194, 45, 57]",cache/1756274361073.png,,,,
3311,506,brown,large,metal,cylinder,"[321, 97, 13.094274520874023]",4459.0,"[290, 60, 61, 72]",cache/1756274361105.png,,,,
3312,507,blue,small,metal,cylinder,"[352, 191, 9.68813419342041]",2191.0,"[331, 164, 42, 51]",cache/1756274463016.png,,,,
3313,507,yellow,small,metal,sphere,"[183, 152, 11.179520606994629]",1088.0,"[166, 135, 33, 32]",cache/1756274463021.png,,,,
3314,507,gray,small,metal,cylinder,"[283, 168, 10.499269485473633]",1725.0,"[264, 144, 36, 46]",cache/1756274463025.png,,,,
3315,507,brown,large,metal,cube,"[209, 105, 12.751956939697266]",6116.0,"[168, 66, 78, 78]",cache/1756274463009.png,,,,
3316,508,cyan,large,rubber,cube,"[161, 112, 12.29907512664795]",6815.0,"[120, 71, 81, 84]",cache/1756274412659.png,,,,
3317,508,blue,small,rubber,sphere,"[307, 104, 13.6616792678833]",756.0,"[293, 89, 26, 28]",cache/1756274412666.png,,,,
3318,508,yellow,small,rubber,cylinder,"[220, 118, 12.859041213989258]",1126.0,"[205, 98, 29, 38]",cache/1756274412685.png,,,,
3319,508,green,small,rubber,sphere,"[183, 162, 10.896405220031738]",1160.0,"[165, 144, 33, 34]",cache/1756274412671.png,,,,
3320,508,cyan,large,metal,sphere,"[82, 128, 11.547089576721191]",4352.0,"[47, 94, 66, 64]",cache/1756274412649.png,,,,
3321,508,gray,large,rubber,cylinder,"[385, 137, 11.131176948547363]",6613.0,"[350, 93, 74, 88]",cache/1756274412680.png,,,,
3322,508,cyan,small,rubber,cylinder,"[256, 110, 13.266971588134766]",1044.0,"[241, 91, 28, 36]",cache/1756274412675.png,,,,
3323,508,gray,large,metal,sphere,"[239, 176, 9.72140884399414]",5897.0,"[200, 137, 76, 77]",cache/1756274412640.png,,,,
3324,508,purple,small,metal,cube,"[359, 179, 10.281789779663086]",2512.0,"[334, 154, 50, 50]",cache/1756274412654.png,,,,
3325,509,purple,small,metal,cube,"[233, 127, 11.479974746704102]",1576.0,"[213, 105, 37, 42]",cache/1756274360015.png,,,,
3326,509,purple,small,metal,cylinder,"[180, 115, 12.117060661315918]",1252.0,"[163, 94, 32, 39]",cache/1756274360042.png,,,,
3327,509,cyan,large,rubber,sphere,"[381, 134, 10.275819778442383]",5443.0,"[344, 97, 74, 73]",cache/1756274360024.png,,,,
3328,509,red,small,metal,cube,"[85, 137, 11.013836860656738]",2250.0,"[61, 113, 47, 47]",cache/1756274360007.png,,,,
3329,509,red,small,metal,sphere,"[255, 81, 14.2722806930542]",671.0,"[241, 67, 25, 26]",cache/1756274360031.png,,,,
3330,509,blue,small,rubber,cylinder,"[286, 92, 13.480061531066895]",994.0,"[271, 74, 28, 34]",cache/1756274360062.png,,,,
3331,509,red,small,rubber,sphere,"[341, 174, 9.561875343322754]",1517.0,"[321, 154, 38, 39]",cache/1756274360055.png,,,,
3332,509,cyan,small,metal,cylinder,"[146, 161, 10.00993824005127]",1991.0,"[124, 136, 40, 49]",cache/1756274360050.png,,,,
3333,509,red,small,metal,cylinder,"[193, 194, 8.928823471069336]",2407.0,"[171, 165, 43, 55]",cache/1756274360036.png,,,,
3334,510,yellow,small,rubber,cylinder,"[392, 156, 10.48616886138916]",1974.0,"[372, 132, 41, 48]",cache/1756274480683.png,,,,
3335,510,gray,large,metal,sphere,"[141, 104, 11.875118255615234]",3988.0,"[109, 71, 63, 63]",cache/1756274480667.png,,,,
3336,510,green,small,rubber,sphere,"[281, 139, 11.137446403503418]",1119.0,"[264, 121, 33, 33]",cache/1756274480678.png,,,,
3337,510,cyan,large,metal,cylinder,"[277, 230, 7.815371036529541]",13124.0,"[229, 165, 99, 132]",cache/1756274480689.png,,,,
3338,510,gray,small,rubber,sphere,"[160, 202, 9.074370384216309]",2934.0,"[157, 202, 47, 62]",cache/1756274480701.png,,,,
3339,510,yellow,small,rubber,cube,"[219, 100, 12.964515686035156]",1200.0,"[202, 80, 31, 37]",cache/1756274480695.png,,,,
3340,510,green,small,metal,cylinder,"[182, 234, 8.301891326904297]",2934.0,"[157, 202, 47, 62]",cache/1756274480701.png,,,,
3341,510,brown,small,metal,sphere,"[343, 168, 10.067848205566406]",1383.0,"[324, 149, 37, 37]",cache/1756274480673.png,,,,
3342,510,green,small,metal,cube,"[76, 132, 11.422215461730957]",2272.0,"[50, 109, 49, 46]",cache/1756274480662.png,,,,
3343,510,gray,small,metal,cylinder,"[234, 79, 14.204604148864746]",868.0,"[220, 62, 26, 32]",cache/1756274480721.png,,,,
3344,511,red,large,rubber,sphere,"[211, 101, 12.946433067321777]",3319.0,"[182, 71, 57, 58]",cache/1756274490143.png,,,,
3345,511,yellow,large,metal,sphere,"[270, 157, 10.206633567810059]",5326.0,"[233, 119, 72, 73]",cache/1756274490119.png,,,,
3346,511,green,large,metal,cylinder,"[116, 123, 11.679615020751953]",5885.0,"[79, 82, 71, 82]",cache/1756274490159.png,,,,
3347,511,green,small,rubber,cube,"[239, 219, 8.899568557739258]",3507.0,"[211, 187, 55, 62]",cache/1756274490148.png,,,,
3348,511,yellow,small,metal,cube,"[333, 129, 12.288325309753418]",1804.0,"[311, 107, 42, 42]",cache/1756274490153.png,,,,
3349,511,red,small,metal,sphere,"[137, 204, 9.312788009643555]",1633.0,"[116, 184, 40, 40]",cache/1756274490133.png,,,,
3350,511,cyan,small,rubber,sphere,"[409, 160, 10.849149703979492]",1257.0,"[391, 142, 35, 35]",cache/1756274490138.png,,,,
3351,511,brown,large,metal,cube,"[284, 83, 14.14197063446045]",3805.0,"[255, 50, 58, 64]",cache/1756274490128.png,,,,
3352,512,blue,large,metal,cube,"[105, 130, 10.807207107543945]",7257.0,"[62, 86, 79, 90]",cache/1756274510068.png,,,,
3353,512,green,large,rubber,sphere,"[338, 176, 9.021110534667969]",6964.0,"[297, 134, 83, 83]",cache/1756274510077.png,,,,
3354,512,gray,small,metal,cylinder,"[203, 222, 8.374801635742188]",2783.0,"[179, 192, 46, 60]",cache/1756274510102.png,,,,
3355,512,brown,large,rubber,sphere,"[327, 103, 12.246002197265625]",3745.0,"[296, 72, 61, 61]",cache/1756274510095.png,,,,
3356,512,cyan,large,rubber,sphere,"[179, 146, 10.147611618041992]",5413.0,"[142, 108, 73, 73]",cache/1756274510087.png,,,,
3357,513,brown,small,rubber,cylinder,"[230, 97, 13.56640911102295]",952.0,"[215, 78, 27, 34]",cache/1756274366985.png,,,,
3358,513,red,small,metal,cube,"[146, 115, 12.420947074890137]",1286.0,"[127, 95, 34, 37]",cache/1756274366981.png,,,,
3359,513,blue,small,metal,cube,"[144, 216, 8.447273254394531]",3900.0,"[114, 183, 59, 65]",cache/1756274366974.png,,,,
3360,514,blue,large,rubber,cylinder,"[306, 122, 11.26381778717041]",5704.0,"[273, 80, 68, 83]",cache/1756274392293.png,,,,
3361,514,purple,large,rubber,sphere,"[188, 218, 7.904888153076172]",9023.0,"[140, 171, 94, 95]",cache/1756274392267.png,,,,
3362,514,blue,small,rubber,sphere,"[359, 169, 10.098553657531738]",1406.0,"[340, 149, 37, 37]",cache/1756274392288.png,,,,
3363,514,purple,large,rubber,cube,"[101, 110, 11.891098022460938]",7674.0,"[55, 68, 89, 85]",cache/1756274392304.png,,,,
3364,514,gray,large,metal,cylinder,"[222, 103, 12.335419654846191]",4752.0,"[190, 64, 61, 76]",cache/1756274392299.png,,,,
3365,514,red,large,rubber,cube,"[419, 136, 10.599124908447266]",9753.0,"[370, 90, 103, 93]",cache/1756274392282.png,,,,
3366,514,brown,large,metal,cube,"[276, 183, 8.886558532714844]",11652.0,"[224, 127, 99, 116]",cache/1756274392275.png,,,,
3367,515,purple,large,rubber,cube,"[310, 96, 13.430487632751465]",4687.0,"[276, 60, 64, 72]",cache/1756274586637.png,,,,
3368,515,purple,small,rubber,cube,"[163, 121, 12.91189956665039]",1578.0,"[143, 100, 39, 39]",cache/1756274586651.png,,,,
3369,515,red,large,rubber,cylinder,"[75, 142, 10.974018096923828]",7033.0,"[33, 98, 79, 88]",cache/1756274586663.png,,,,
3370,515,cyan,small,rubber,cube,"[366, 170, 10.60766315460205]",2170.0,"[344, 145, 43, 49]",cache/1756274586645.png,,,,
3371,515,green,large,metal,cube,"[232, 241, 7.855542182922363]",13942.0,"[181, 178, 105, 132]",cache/1756274586656.png,,,,
3372,515,purple,small,rubber,cylinder,"[170, 220, 9.009672164916992]",18530.0,"[147, 177, 139, 132]",cache/1756274586673.png,,,,
3373,515,red,small,rubber,sphere,"[112, 133, 12.24786376953125]",610.0,"[106, 117, 19, 30]",cache/1756274586680.png,,,,
3374,516,green,large,metal,cube,"[382, 140, 10.081963539123535]",8877.0,"[340, 92, 91, 96]",cache/1756274602748.png,,,,
3375,516,cyan,small,metal,cube,"[301, 111, 12.170300483703613]",1809.0,"[280, 90, 42, 42]",cache/1756274602762.png,,,,
3376,516,red,large,metal,cube,"[231, 90, 12.41109561920166]",6672.0,"[189, 50, 81, 81]",cache/1756274602756.png,,,,
3377,517,red,small,metal,cylinder,"[251, 172, 9.585817337036133]",2065.0,"[231, 146, 39, 52]",cache/1756274603735.png,,,,
3378,517,purple,small,metal,cube,"[212, 88, 13.142144203186035]",6617.0,"[190, 76, 71, 92]",cache/1756274603722.png,,,,
3379,517,purple,large,metal,cube,"[306, 81, 12.593196868896484]",5167.0,"[273, 43, 69, 74]",cache/1756274603696.png,,,,
3380,517,yellow,large,rubber,sphere,"[392, 140, 9.943012237548828]",5822.0,"[354, 101, 77, 75]",cache/1756274603716.png,,,,
3381,517,green,large,rubber,cylinder,"[87, 113, 11.00456428527832]",7021.0,"[45, 68, 78, 88]",cache/1756274603704.png,,,,
3382,517,brown,large,rubber,sphere,"[292, 232, 7.475523948669434]",10072.0,"[242, 182, 99, 101]",cache/1756274603728.png,,,,
3383,517,cyan,small,metal,cylinder,"[363, 190, 9.072547912597656]",2598.0,"[340, 161, 46, 56]",cache/1756274603742.png,,,,
3384,517,blue,large,rubber,cylinder,"[227, 122, 10.625103950500488]",6617.0,"[190, 76, 71, 92]",cache/1756274603722.png,,,,
3385,517,brown,large,rubber,sphere,"[160, 194, 8.330761909484863]",8067.0,"[114, 149, 89, 90]",cache/1756274603710.png,,,,
3386,517,yellow,small,metal,sphere,"[159, 118, 11.6104154586792]",1032.0,"[142, 101, 31, 32]",cache/1756274603747.png,,,,
3387,518,purple,small,metal,cube,"[367, 126, 11.575432777404785]",1949.0,"[345, 104, 43, 44]",cache/1756274377985.png,,,,
3388,518,brown,large,metal,cylinder,"[235, 189, 8.573199272155762]",10465.0,"[190, 131, 89, 117]",cache/1756274378002.png,,,,
3389,518,purple,small,rubber,cube,"[146, 164, 10.058093070983887]",2658.0,"[120, 137, 50, 52]",cache/1756274377996.png,,,,
3390,518,blue,large,rubber,sphere,"[213, 89, 12.646961212158203]",3511.0,"[183, 58, 58, 59]",cache/1756274377990.png,,,,
3391,519,purple,large,rubber,sphere,"[190, 87, 12.706958770751953]",3433.0,"[160, 56, 58, 59]",cache/1756274553073.png,,,,
3392,519,brown,small,metal,cube,"[239, 92, 13.391255378723145]",1212.0,"[221, 74, 33, 35]",cache/1756274553078.png,,,,
3393,519,red,large,metal,cylinder,"[144, 166, 9.054244995117188]",9756.0,"[97, 112, 89, 109]",cache/1756274553083.png,,,,
3394,519,cyan,large,metal,sphere,"[313, 98, 12.01488208770752]",3908.0,"[281, 66, 62, 62]",cache/1756274553068.png,,,,
3395,519,cyan,large,metal,sphere,"[379, 119, 10.910904884338379]",4857.0,"[344, 84, 70, 69]",cache/1756274553059.png,,,,
3396,519,yellow,large,rubber,cube,"[97, 106, 11.55773639678955]",8164.0,"[48, 63, 92, 88]",cache/1756274553088.png,,,,
3397,520,gray,small,rubber,sphere,"[167, 128, 12.213594436645508]",967.0,"[151, 111, 30, 31]",cache/1756274575047.png,,,,
3398,520,brown,large,metal,cylinder,"[330, 130, 11.306228637695312]",6232.0,"[294, 86, 71, 86]",cache/1756274575067.png,,,,
3399,520,red,small,rubber,cube,"[293, 117, 12.718717575073242]",966.0,"[274, 97, 24, 39]",cache/1756274575062.png,,,,
3400,521,cyan,large,metal,sphere,"[189, 173, 9.587409019470215]",5824.0,"[149, 133, 74, 78]",cache/1756274364617.png,,,,
3401,521,cyan,large,rubber,cube,"[277, 199, 8.77104377746582]",14656.0,"[220, 139, 116, 125]",cache/1756274364632.png,,,,
3402,521,gray,large,rubber,sphere,"[78, 121, 11.76523494720459]",4270.0,"[44, 88, 65, 64]",cache/1756274364626.png,,,,
3403,521,purple,small,rubber,cylinder,"[127, 156, 10.975749015808105]",1669.0,"[107, 133, 37, 44]",cache/1756274364638.png,,,,
3404,522,cyan,small,metal,cylinder,"[162, 114, 12.894075393676758]",1150.0,"[146, 95, 30, 37]",cache/1756274370130.png,,,,
3405,522,yellow,large,rubber,cube,"[305, 177, 9.591639518737793]",9772.0,"[261, 126, 93, 104]",cache/1756274370108.png,,,,
3406,522,red,small,metal,cube,"[192, 155, 11.070528984069824]",2230.0,"[168, 130, 45, 48]",cache/1756274370120.png,,,,
3407,522,yellow,large,metal,sphere,"[67, 124, 11.593478202819824]",4326.0,"[32, 91, 67, 64]",cache/1756274370097.png,,,,
3408,522,gray,large,rubber,sphere,"[312, 93, 13.16372013092041]",3224.0,"[284, 64, 56, 57]",cache/1756274370141.png,,,,
3409,522,cyan,small,metal,cube,"[116, 166, 10.644275665283203]",2562.0,"[90, 141, 50, 50]",cache/1756274370103.png,,,,
3410,522,red,large,rubber,cylinder,"[227, 242, 7.906667232513428]",12732.0,"[177, 179, 97, 130]",cache/1756274370114.png,,,,
3411,522,purple,large,metal,cube,"[392, 164, 10.00052547454834]",9192.0,"[350, 116, 93, 97]",cache/1756274370088.png,,,,
3412,522,blue,large,rubber,cube,"[216, 114, 12.04273796081543]",5998.0,"[179, 73, 74, 81]",cache/1756274370125.png,,,,
3413,522,brown,large,metal,cylinder,"[257, 70, 14.71097469329834]",3279.0,"[231, 37, 51, 63]",cache/1756274370135.png,,,,
3414,523,gray,large,metal,cylinder,"[152, 122, 10.668577194213867]",8869.0,"[112, 76, 96, 91]",cache/1756274481050.png,,,,
3415,523,gray,small,metal,cube,"[190, 97, 12.92309856414795]",8869.0,"[112, 76, 96, 91]",cache/1756274481050.png,,,,
3416,523,cyan,large,rubber,cube,"[329, 131, 10.2534818649292]",8924.0,"[280, 82, 101, 88]",cache/1756274481039.png,,,,
3417,523,purple,large,rubber,cylinder,"[319, 175, 8.700884819030762]",10552.0,"[274, 119, 91, 114]",cache/1756274481045.png,,,,
3418,523,red,small,rubber,cube,"[88, 163, 9.844256401062012]",2351.0,"[63, 137, 46, 50]",cache/1756274481034.png,,,,
3419,524,yellow,large,rubber,cylinder,"[289, 112, 11.413721084594727]",5738.0,"[255, 70, 67, 84]",cache/1756274553388.png,,,,
3420,524,blue,small,rubber,cylinder,"[246, 106, 12.61483383178711]",831.0,"[234, 87, 21, 38]",cache/1756274553410.png,,,,
3421,524,gray,small,metal,cylinder,"[114, 171, 9.838251113891602]",2152.0,"[92, 145, 42, 50]",cache/1756274553405.png,,,,
3422,524,purple,large,rubber,cube,"[194, 101, 11.984725952148438]",7283.0,"[150, 59, 85, 85]",cache/1756274553395.png,,,,
3423,524,blue,small,rubber,cube,"[82, 150, 10.601147651672363]",2098.0,"[59, 124, 42, 49]",cache/1756274553401.png,,,,
3424,525,purple,large,metal,cylinder,"[380, 123, 11.1168794631958]",6667.0,"[343, 79, 76, 87]",cache/1756274557370.png,,,,
3425,525,blue,large,rubber,cube,"[252, 144, 10.2449369430542]",8333.0,"[210, 96, 85, 97]",cache/1756274557376.png,,,,
3426,525,gray,small,rubber,cube,"[154, 187, 9.469738960266113]",2965.0,"[127, 158, 51, 57]",cache/1756274557381.png,,,,
3427,525,brown,large,rubber,sphere,"[276, 192, 8.658687591552734]",7367.0,"[233, 148, 85, 86]",cache/1756274557364.png,,,,
3428,525,brown,large,metal,sphere,"[196, 108, 11.823156356811523]",3848.0,"[164, 76, 60, 63]",cache/1756274557396.png,,,,
3429,525,green,large,metal,sphere,"[289, 89, 12.933568954467773]",3284.0,"[260, 59, 57, 57]",cache/1756274557391.png,,,,
3430,525,green,small,rubber,sphere,"[145, 111, 12.592747688293457]",889.0,"[130, 96, 29, 30]",cache/1756274557387.png,,,,
3431,525,yellow,small,rubber,cylinder,"[101, 145, 10.981697082519531]",1705.0,"[81, 122, 38, 44]",cache/1756274557403.png,,,,
3432,525,blue,large,rubber,cube,"[221, 78, 13.620996475219727]",3848.0,"[164, 76, 60, 63]",cache/1756274557396.png,,,,
3433,526,brown,small,metal,cylinder,"[269, 252, 7.885315895080566]",3251.0,"[244, 218, 48, 67]",cache/1756274547488.png,,,,
3434,526,yellow,small,rubber,cube,"[83, 135, 11.182060241699219]",2349.0,"[57, 111, 49, 47]",cache/1756274547482.png,,,,
3435,526,brown,small,rubber,cylinder,"[234, 127, 11.518176078796387]",1418.0,"[217, 104, 33, 42]",cache/1756274547494.png,,,,
3436,527,brown,large,metal,sphere,"[191, 150, 10.090014457702637]",5447.0,"[153, 113, 73, 74]",cache/1756274506192.png,,,,
3437,527,red,small,metal,sphere,"[233, 115, 12.49457836151123]",645.0,"[218, 99, 21, 30]",cache/1756274506212.png,,,,
3438,527,red,small,metal,cube,"[126, 191, 9.432971000671387]",3238.0,"[97, 163, 56, 57]",cache/1756274506197.png,,,,
3439,527,purple,large,metal,cube,"[283, 125, 11.137711524963379]",8544.0,"[238, 79, 90, 94]",cache/1756274506184.png,,,,
3440,527,purple,small,metal,cylinder,"[378, 153, 10.758752822875977]",1796.0,"[358, 130, 39, 45]",cache/1756274506202.png,,,,
3441,527,green,small,metal,sphere,"[333, 121, 12.183328628540039]",698.0,"[326, 105, 22, 30]",cache/1756274506207.png,,,,
3442,528,purple,small,rubber,cube,"[218, 174, 10.532286643981934]",2282.0,"[194, 148, 45, 50]",cache/1756274453680.png,,,,
3443,528,yellow,small,metal,cylinder,"[112, 151, 11.424654006958008]",1598.0,"[92, 129, 36, 43]",cache/1756274453696.png,,,,
3444,528,cyan,large,metal,cylinder,"[276, 86, 13.985071182250977]",3790.0,"[248, 52, 55, 67]",cache/1756274453691.png,,,,
3445,528,blue,small,rubber,sphere,"[327, 197, 9.776864051818848]",1479.0,"[308, 177, 38, 38]",cache/1756274453686.png,,,,
3446,529,gray,large,rubber,sphere,"[322, 133, 10.68223762512207]",4967.0,"[286, 97, 70, 70]",cache/1756274471881.png,,,,
3447,529,cyan,large,metal,sphere,"[213, 125, 11.021162986755371]",4588.0,"[179, 91, 67, 68]",cache/1756274471874.png,,,,
3448,529,green,small,metal,cylinder,"[341, 118, 12.215465545654297]",634.0,"[332, 98, 25, 25]",cache/1756274471903.png,,,,
3449,529,red,large,metal,cube,"[256, 81, 13.413073539733887]",5645.0,"[218, 45, 75, 74]",cache/1756274471887.png,,,,
3450,529,purple,small,metal,cube,"[302, 236, 8.189835548400879]",4419.0,"[270, 201, 63, 70]",cache/1756274471866.png,,,,
3451,529,green,small,rubber,sphere,"[153, 190, 9.418395042419434]",1591.0,"[132, 169, 39, 40]",cache/1756274471893.png,,,,
3452,529,yellow,small,metal,sphere,"[193, 105, 12.952677726745605]",519.0,"[178, 90, 22, 23]",cache/1756274471898.png,,,,
3453,530,green,large,metal,sphere,"[151, 163, 9.472172737121582]",6276.0,"[110, 123, 79, 79]",cache/1756274252700.png,,,,
3454,530,red,small,rubber,sphere,"[343, 158, 10.450166702270508]",1252.0,"[325, 140, 35, 35]",cache/1756274252733.png,,,,
3455,530,purple,small,rubber,cube,"[323, 207, 8.775969505310059]",3370.0,"[295, 177, 56, 59]",cache/1756274252713.png,,,,
3456,530,brown,small,rubber,sphere,"[193, 101, 13.398924827575684]",754.0,"[178, 87, 27, 27]",cache/1756274252743.png,,,,
3457,530,yellow,small,metal,cylinder,"[125, 119, 12.300494194030762]",1249.0,"[108, 99, 32, 38]",cache/1756274252738.png,,,,
3458,530,brown,small,rubber,sphere,"[59, 141, 11.17540168762207]",1182.0,"[40, 124, 34, 34]",cache/1756274252718.png,,,,
3459,530,cyan,small,rubber,cube,"[259, 236, 8.025028228759766]",3547.0,"[232, 203, 54, 65]",cache/1756274252708.png,,,,
3460,530,red,small,metal,cylinder,"[217, 91, 14.145731925964355]",859.0,"[203, 74, 26, 32]",cache/1756274252728.png,,,,
3461,530,red,large,rubber,cylinder,"[383, 113, 11.686868667602539]",5897.0,"[348, 73, 72, 81]",cache/1756274252723.png,,,,
3462,531,green,large,rubber,sphere,"[250, 91, 13.1837158203125]",3190.0,"[222, 62, 55, 57]",cache/1756274285761.png,,,,
3463,531,purple,small,rubber,cylinder,"[352, 121, 12.347657203674316]",1270.0,"[335, 101, 32, 38]",cache/1756274285752.png,,,,
3464,531,purple,large,rubber,sphere,"[210, 122, 11.362738609313965]",4273.0,"[177, 88, 64, 65]",cache/1756274285756.png,,,,
3465,531,yellow,small,rubber,sphere,"[133, 161, 10.45476245880127]",1284.0,"[115, 142, 35, 36]",cache/1756274285766.png,,,,
3466,531,brown,small,rubber,cube,"[280, 201, 9.08025074005127]",3149.0,"[253, 171, 52, 59]",cache/1756274285744.png,,,,
3467,532,yellow,small,metal,sphere,"[200, 105, 12.588830947875977]",862.0,"[186, 90, 28, 30]",cache/1756274286732.png,,,,
3468,532,yellow,small,rubber,cylinder,"[394, 137, 10.929423332214355]",1654.0,"[376, 114, 36, 44]",cache/1756274286749.png,,,,
3469,532,cyan,large,metal,cylinder,"[294, 152, 9.510379791259766]",8379.0,"[254, 101, 81, 102]",cache/1756274286754.png,,,,
3470,532,gray,small,metal,sphere,"[240, 97, 13.145450592041016]",796.0,"[226, 81, 28, 28]",cache/1756274286721.png,,,,
3471,532,green,small,metal,cylinder,"[181, 123, 11.62600326538086]",1365.0,"[163, 102, 33, 40]",cache/1756274286743.png,,,,
3472,532,cyan,large,rubber,sphere,"[125, 185, 8.422008514404297]",7608.0,"[79, 141, 85, 89]",cache/1756274286715.png,,,,
3473,532,cyan,large,metal,cube,"[221, 221, 7.5010986328125]",17288.0,"[162, 153, 120, 142]",cache/1756274286699.png,,,,
3474,532,blue,small,metal,sphere,"[378, 155, 10.213191986083984]",1654.0,"[376, 114, 36, 44]",cache/1756274286749.png,,,,
3475,532,cyan,small,rubber,cylinder,"[62, 134, 11.110161781311035]",1734.0,"[41, 111, 39, 43]",cache/1756274286727.png,,,,
3476,532,cyan,small,rubber,cylinder,"[333, 219, 8.170741081237793]",3111.0,"[308, 188, 49, 62]",cache/1756274286737.png,,,,
3477,533,green,small,metal,cylinder,"[200, 170, 9.96966552734375]",1903.0,"[180, 145, 38, 49]",cache/1756274567966.png,,,,
3478,533,brown,large,rubber,cube,"[228, 120, 11.307528495788574]",7758.0,"[183, 76, 86, 89]",cache/1756274567937.png,,,,
3479,533,red,small,rubber,sphere,"[259, 197, 9.096778869628906]",1666.0,"[238, 176, 40, 41]",cache/1756274567947.png,,,,
3480,533,red,small,rubber,sphere,"[348, 118, 12.318288803100586]",513.0,"[332, 102, 29, 17]",cache/1756274567971.png,,,,
3481,533,green,large,rubber,cylinder,"[338, 167, 9.352468490600586]",10232.0,"[296, 102, 86, 118]",cache/1756274567960.png,,,,
3482,533,purple,small,rubber,sphere,"[156, 159, 10.415382385253906]",1293.0,"[137, 140, 35, 36]",cache/1756274567942.png,,,,
3483,533,purple,small,metal,cube,"[56, 146, 10.948355674743652]",2189.0,"[30, 123, 49, 44]",cache/1756274567932.png,,,,
3484,534,cyan,large,metal,cube,"[52, 131, 10.75442123413086]",9223.0,"[0, 85, 99, 92]",cache/1756274499439.png,,,,
3485,534,red,small,metal,cube,"[318, 122, 11.949930191040039]",1366.0,"[301, 101, 34, 40]",cache/1756274499465.png,,,,
3486,534,gray,small,metal,sphere,"[90, 177, 9.866493225097656]",1451.0,"[70, 158, 38, 37]",cache/1756274499481.png,,,,
3487,534,cyan,large,metal,sphere,"[264, 229, 7.900826930999756]",9010.0,"[217, 181, 93, 96]",cache/1756274499451.png,,,,
3488,534,purple,large,rubber,sphere,"[183, 92, 12.561727523803711]",3279.0,"[157, 62, 54, 59]",cache/1756274499476.png,,,,
3489,534,blue,small,metal,cylinder,"[422, 160, 10.431407928466797]",2053.0,"[400, 135, 42, 47]",cache/1756274499446.png,,,,
3490,534,green,large,rubber,cylinder,"[193, 177, 9.190778732299805]",9180.0,"[148, 123, 83, 109]",cache/1756274499470.png,,,,
3491,534,yellow,large,rubber,cube,"[292, 81, 13.220186233520508]",4619.0,"[261, 45, 64, 71]",cache/1756274499458.png,,,,
3492,534,blue,large,metal,cube,"[142, 119, 11.284391403198242]",6456.0,"[100, 77, 76, 84]",cache/1756274499430.png,,,,
3493,535,red,small,rubber,cylinder,"[249, 87, 15.13863754272461]",613.0,"[240, 71, 20, 30]",cache/1756274585536.png,,,,
3494,535,blue,large,metal,cube,"[108, 130, 11.450960159301758]",7361.0,"[60, 88, 85, 85]",cache/1756274585505.png,,,,
3495,535,green,large,metal,cube,"[211, 94, 13.575815200805664]",4552.0,"[176, 59, 64, 70]",cache/1756274585521.png,,,,
3496,535,green,large,metal,cube,"[168, 163, 10.068367958068848]",8043.0,"[127, 114, 81, 98]",cache/1756274585487.png,,,,
3497,535,purple,large,metal,cube,"[417, 146, 10.760503768920898]",9735.0,"[368, 98, 99, 98]",cache/1756274585499.png,,,,
3498,535,red,small,metal,cylinder,"[230, 207, 9.285613059997559]",2195.0,"[209, 180, 40, 54]",cache/1756274585516.png,,,,
3499,535,green,small,metal,cylinder,"[366, 129, 12.428184509277344]",1204.0,"[349, 108, 31, 38]",cache/1756274585527.png,,,,
3500,535,cyan,small,rubber,cylinder,"[159, 113, 13.311566352844238]",647.0,"[145, 95, 27, 23]",cache/1756274585531.png,,,,
3501,535,green,small,metal,sphere,"[290, 152, 11.278107643127441]",1088.0,"[273, 135, 32, 33]",cache/1756274585511.png,,,,
3502,535,red,small,rubber,cube,"[332, 195, 9.679176330566406]",2623.0,"[307, 168, 49, 52]",cache/1756274585495.png,,,,
3503,536,green,small,metal,cylinder,"[177, 114, 11.802541732788086]",1337.0,"[160, 93, 32, 40]",cache/1756274257272.png,,,,
3504,536,yellow,large,rubber,cube,"[254, 68, 13.577081680297852]",5428.0,"[216, 32, 74, 73]",cache/1756274257267.png,,,,
3505,536,purple,small,metal,cube,"[60, 151, 10.167346954345703]",2894.0,"[31, 125, 55, 51]",cache/1756274257240.png,,,,
3506,536,red,small,rubber,sphere,"[298, 134, 10.852490425109863]",1172.0,"[280, 116, 34, 34]",cache/1756274257277.png,,,,
3507,536,purple,small,rubber,cylinder,"[354, 210, 8.35082721710205]",3011.0,"[329, 179, 49, 61]",cache/1756274257282.png,,,,
3508,536,brown,small,rubber,cube,"[192, 257, 7.3014140129089355]",4570.0,"[158, 221, 62, 73]",cache/1756274257262.png,,,,
3509,537,yellow,small,metal,cylinder,"[212, 115, 12.357882499694824]",1194.0,"[196, 95, 30, 39]",cache/1756274525003.png,,,,
3510,537,red,large,metal,cube,"[254, 161, 9.767955780029297]",8831.0,"[213, 110, 86, 102]",cache/1756274524984.png,,,,
3511,537,red,large,metal,cube,"[121, 186, 9.004805564880371]",11011.0,"[70, 130, 96, 114]",cache/1756274524976.png,,,,
3512,537,purple,small,metal,sphere,"[170, 109, 12.701458930969238]",865.0,"[155, 93, 29, 29]",cache/1756274524990.png,,,,
3513,537,blue,small,metal,sphere,"[292, 122, 12.03030776977539]",8831.0,"[213, 110, 86, 102]",cache/1756274524984.png,,,,
3514,538,green,large,metal,cube,"[163, 92, 12.795940399169922]",79217.0,"[50, 52, 388, 203]",cache/1756274563525.png,,,,
3515,538,gray,large,rubber,sphere,"[191, 140, 10.618660926818848]",4956.0,"[156, 104, 70, 70]",cache/1756274563513.png,,,,
3516,538,brown,large,metal,cube,"[248, 104, 12.135586738586426]",79217.0,"[50, 52, 388, 203]",cache/1756274563525.png,,,,
3517,538,green,large,rubber,sphere,"[317, 121, 11.366643905639648]",79217.0,"[50, 52, 388, 203]",cache/1756274563525.png,,,,
3518,538,red,large,rubber,cube,"[381, 160, 9.922353744506836]",79217.0,"[50, 52, 388, 203]",cache/1756274563525.png,,,,
3519,538,blue,small,rubber,cube,"[306, 199, 9.396461486816406]",79217.0,"[50, 52, 388, 203]",cache/1756274563525.png,,,,
3520,538,green,large,rubber,cylinder,"[232, 198, 8.81164264678955]",79217.0,"[50, 52, 388, 203]",cache/1756274563525.png,,,,
3521,538,yellow,large,metal,sphere,"[84, 116, 11.587333679199219]",79217.0,"[50, 52, 388, 203]",cache/1756274563525.png,,,,
3522,538,blue,small,rubber,cube,"[123, 169, 10.300073623657227]",2777.0,"[95, 142, 52, 52]",cache/1756274563451.png,,,,
3523,539,cyan,small,metal,cylinder,"[207, 201, 9.11477279663086]",2329.0,"[185, 173, 42, 55]",cache/1756274512469.png,,,,
3524,539,gray,small,metal,sphere,"[257, 223, 8.517341613769531]",1958.0,"[235, 200, 43, 44]",cache/1756274512462.png,,,,
3525,539,red,large,metal,sphere,"[334, 141, 10.398565292358398]",5242.0,"[297, 105, 72, 72]",cache/1756274512444.png,,,,
3526,539,blue,large,rubber,cube,"[189, 97, 12.550776481628418]",4740.0,"[155, 60, 63, 74]",cache/1756274512451.png,,,,
3527,539,gray,small,metal,cube,"[129, 143, 11.131608963012695]",2225.0,"[104, 119, 47, 46]",cache/1756274512457.png,,,,
3528,539,brown,large,rubber,cube,"[397, 120, 11.338875770568848]",7625.0,"[356, 77, 89, 85]",cache/1756274512474.png,,,,
3529,540,green,small,metal,cube,"[349, 203, 9.348073959350586]",2843.0,"[323, 176, 51, 54]",cache/1756274374429.png,,,,
3530,540,purple,large,metal,sphere,"[291, 83, 13.57061767578125]",3036.0,"[264, 55, 54, 55]",cache/1756274374421.png,,,,
3531,540,blue,large,rubber,cylinder,"[195, 142, 10.676179885864258]",6640.0,"[157, 96, 71, 92]",cache/1756274374502.png,,,,
3532,540,red,large,rubber,cylinder,"[261, 224, 8.22074031829834]",11649.0,"[215, 163, 93, 124]",cache/1756274374467.png,,,,
3533,540,blue,small,metal,cube,"[132, 126, 12.159393310546875]",1861.0,"[109, 104, 42, 43]",cache/1756274374484.png,,,,
3534,540,gray,small,rubber,sphere,"[273, 116, 12.616488456726074]",858.0,"[258, 101, 28, 29]",cache/1756274374509.png,,,,
3535,540,green,large,metal,sphere,"[409, 155, 10.191819190979004]",5695.0,"[372, 118, 76, 74]",cache/1756274374408.png,,,,
3536,540,yellow,small,rubber,cube,"[72, 137, 11.645025253295898]",2141.0,"[48, 114, 46, 45]",cache/1756274374475.png,,,,
3537,540,purple,small,rubber,sphere,"[229, 86, 14.356809616088867]",669.0,"[216, 72, 25, 26]",cache/1756274374441.png,,,,
3538,540,red,small,metal,cylinder,"[142, 187, 9.821407318115234]",2105.0,"[121, 161, 41, 51]",cache/1756274374492.png,,,,
3539,541,purple,small,metal,cube,"[326, 134, 11.556218147277832]",8180.0,"[276, 113, 81, 100]",cache/1756274558134.png,,,,
3540,541,cyan,small,metal,cylinder,"[136, 146, 11.010886192321777]",1661.0,"[116, 123, 37, 44]",cache/1756274558118.png,,,,
3541,541,gray,small,metal,sphere,"[249, 226, 8.35132122039795]",2020.0,"[226, 203, 44, 45]",cache/1756274558124.png,,,,
3542,541,cyan,large,metal,sphere,"[317, 173, 9.225142478942871]",8180.0,"[276, 113, 81, 100]",cache/1756274558134.png,,,,
3543,542,blue,small,rubber,cube,"[253, 162, 10.351372718811035]",2251.0,"[229, 136, 44, 50]",cache/1756274405864.png,,,,
3544,542,purple,small,rubber,cylinder,"[208, 100, 13.38331413269043]",995.0,"[193, 82, 28, 35]",cache/1756274405879.png,,,,
3545,542,blue,large,metal,cube,"[105, 112, 11.732195854187012]",7690.0,"[59, 69, 88, 86]",cache/1756274405847.png,,,,
3546,542,gray,small,rubber,cube,"[219, 214, 8.671927452087402]",3345.0,"[191, 183, 53, 62]",cache/1756274405869.png,,,,
3547,542,red,small,rubber,sphere,"[296, 200, 9.072993278503418]",1675.0,"[275, 179, 40, 41]",cache/1756274405874.png,,,,
3548,542,gray,large,rubber,sphere,"[131, 167, 9.401225090026855]",6396.0,"[90, 127, 79, 79]",cache/1756274405857.png,,,,
3549,542,cyan,small,rubber,sphere,"[386, 139, 11.310490608215332]",1124.0,"[369, 121, 33, 33]",cache/1756274405852.png,,,,
3550,542,cyan,large,rubber,sphere,"[304, 102, 12.291029930114746]",3719.0,"[273, 71, 60, 61]",cache/1756274405838.png,,,,
3551,543,green,large,rubber,cube,"[183, 230, 8.381243705749512]",15107.0,"[126, 166, 112, 133]",cache/1756274608100.png,,,,
3552,543,purple,small,rubber,cube,"[331, 116, 12.985901832580566]",1645.0,"[310, 95, 40, 40]",cache/1756274608124.png,,,,
3553,543,brown,small,rubber,cube,"[408, 167, 10.800241470336914]",2477.0,"[384, 141, 48, 50]",cache/1756274608114.png,,,,
3554,543,green,small,rubber,sphere,"[242, 93, 14.232528686523438]",686.0,"[229, 79, 25, 26]",cache/1756274608129.png,,,,
3555,543,brown,small,metal,cube,"[187, 105, 13.557960510253906]",1375.0,"[169, 85, 36, 38]",cache/1756274608134.png,,,,
3556,543,blue,large,metal,cube,"[80, 135, 11.27795696258545]",7905.0,"[36, 90, 85, 92]",cache/1756274608107.png,,,,
3557,543,gray,small,rubber,cube,"[163, 127, 12.421955108642578]",1349.0,"[144, 107, 34, 38]",cache/1756274608139.png,,,,
3558,543,red,small,metal,sphere,"[323, 187, 10.121461868286133]",1382.0,"[304, 168, 36, 37]",cache/1756274608119.png,,,,
3559,544,green,small,metal,cube,"[97, 161, 10.154021263122559]",2345.0,"[73, 135, 45, 51]",cache/1756274516560.png,,,,
3560,544,purple,small,metal,sphere,"[280, 141, 10.993532180786133]",1149.0,"[263, 123, 33, 34]",cache/1756274516540.png,,,,
3561,544,cyan,small,metal,cylinder,"[195, 195, 8.963890075683594]",2405.0,"[172, 167, 43, 55]",cache/1756274516550.png,,,,
3562,544,gray,large,metal,cube,"[224, 82, 13.43676471710205]",4730.0,"[191, 47, 66, 71]",cache/1756274516555.png,,,,
3563,544,blue,large,rubber,cube,"[163, 109, 11.704475402832031]",6042.0,"[122, 69, 75, 80]",cache/1756274516545.png,,,,
3564,544,blue,small,metal,cylinder,"[75, 136, 11.247984886169434]",2345.0,"[73, 135, 45, 51]",cache/1756274516560.png,,,,
3565,544,yellow,small,metal,cube,"[329, 218, 8.323046684265137]",4151.0,"[298, 185, 62, 66]",cache/1756274516529.png,,,,
3566,544,gray,large,metal,cylinder,"[381, 147, 9.899829864501953]",8382.0,"[339, 98, 85, 98]",cache/1756274516570.png,,,,
3567,545,gray,small,metal,cube,"[198, 129, 11.805375099182129]",1444.0,"[179, 108, 35, 41]",cache/1756274473425.png,,,,
3568,545,blue,large,metal,sphere,"[326, 191, 8.895365715026855]",7191.0,"[283, 149, 84, 84]",cache/1756274473413.png,,,,
3569,545,purple,small,metal,sphere,"[261, 114, 12.556811332702637]",878.0,"[245, 98, 29, 29]",cache/1756274473421.png,,,,
3570,546,gray,small,metal,sphere,"[255, 145, 10.966042518615723]",1128.0,"[238, 128, 33, 33]",cache/1756274381912.png,,,,
3571,546,purple,small,metal,sphere,"[186, 180, 9.593584060668945]",14328.0,"[157, 167, 103, 137]",cache/1756274381888.png,,,,
3572,546,red,small,rubber,cube,"[144, 157, 10.46127700805664]",2204.0,"[121, 132, 44, 49]",cache/1756274381876.png,,,,
3573,546,brown,small,rubber,cube,"[270, 128, 11.826762199401855]",1128.0,"[238, 128, 33, 33]",cache/1756274381912.png,,,,
3574,546,blue,large,rubber,cube,"[302, 93, 12.885316848754883]",4504.0,"[271, 57, 62, 72]",cache/1756274381901.png,,,,
3575,546,blue,large,metal,cylinder,"[211, 234, 7.4416890144348145]",14328.0,"[157, 167, 103, 137]",cache/1756274381888.png,,,,
3576,546,yellow,small,metal,sphere,"[228, 94, 13.920798301696777]",714.0,"[214, 79, 26, 26]",cache/1756274381883.png,,,,
3577,546,green,small,metal,cube,"[416, 160, 10.334857940673828]",2617.0,"[389, 136, 53, 48]",cache/1756274381896.png,,,,
3578,546,purple,small,rubber,cylinder,"[367, 188, 9.337095260620117]",2377.0,"[345, 161, 44, 53]",cache/1756274381906.png,,,,
3579,546,brown,large,rubber,cylinder,"[372, 118, 11.398770332336426]",6097.0,"[336, 77, 73, 83]",cache/1756274381917.png,,,,
3580,547,red,small,metal,cube,"[264, 162, 10.895502090454102]",10668.0,"[188, 155, 89, 118]",cache/1756274295823.png,,,,
3581,547,purple,large,rubber,cylinder,"[320, 189, 9.239240646362305]",9450.0,"[278, 135, 86, 108]",cache/1756274295833.png,,,,
3582,547,blue,small,metal,sphere,"[156, 132, 12.196059226989746]",955.0,"[139, 116, 31, 30]",cache/1756274295816.png,,,,
3583,547,red,large,metal,cylinder,"[233, 213, 8.56745719909668]",10668.0,"[188, 155, 89, 118]",cache/1756274295823.png,,,,
3584,548,purple,small,metal,cylinder,"[161, 191, 9.619840621948242]",2179.0,"[139, 165, 41, 52]",cache/1756274421837.png,,,,
3585,548,green,large,rubber,cube,"[319, 162, 9.901636123657227]",9231.0,"[275, 112, 92, 99]",cache/1756274421841.png,,,,
3586,548,brown,large,metal,sphere,"[325, 112, 12.154483795166016]",2634.0,"[294, 80, 61, 42]",cache/1756274421846.png,,,,
3587,549,yellow,large,rubber,sphere,"[160, 175, 8.745553016662598]",7332.0,"[117, 132, 85, 85]",cache/1756274378304.png,,,,
3588,549,blue,small,rubber,cylinder,"[255, 160, 10.02241325378418]",1859.0,"[235, 135, 37, 49]",cache/1756274378330.png,,,,
3589,549,gray,small,metal,sphere,"[123, 125, 11.5165376663208]",1081.0,"[106, 108, 32, 33]",cache/1756274378320.png,,,,
3590,549,green,small,metal,cube,"[320, 106, 12.52745246887207]",1444.0,"[301, 87, 37, 38]",cache/1756274378340.png,,,,
3591,549,blue,large,rubber,cylinder,"[229, 72, 13.808653831481934]",3710.0,"[201, 38, 55, 67]",cache/1756274378325.png,,,,
3592,549,blue,small,metal,cylinder,"[53, 136, 11.020271301269531]",1789.0,"[32, 113, 40, 44]",cache/1756274378296.png,,,,
3593,549,brown,small,metal,sphere,"[390, 145, 10.634767532348633]",1261.0,"[371, 126, 35, 35]",cache/1756274378310.png,,,,
3594,549,blue,small,metal,sphere,"[291, 180, 9.331635475158691]",1619.0,"[270, 159, 40, 40]",cache/1756274378315.png,,,,
3595,549,green,small,metal,cube,"[205, 115, 12.05082893371582]",1776.0,"[183, 93, 41, 42]",cache/1756274378334.png,,,,
3596,550,yellow,small,metal,sphere,"[325, 117, 12.645641326904297]",875.0,"[310, 102, 29, 29]",cache/1756274349522.png,,,,
3597,550,blue,large,rubber,cylinder,"[311, 208, 8.494396209716797]",11197.0,"[266, 150, 93, 119]",cache/1756274349534.png,,,,
3598,550,blue,large,rubber,cube,"[176, 112, 12.023186683654785]",7160.0,"[133, 70, 83, 85]",cache/1756274349516.png,,,,
3599,550,gray,large,rubber,sphere,"[222, 173, 9.507403373718262]",6092.0,"[182, 134, 77, 78]",cache/1756274349510.png,,,,
3600,550,green,small,rubber,sphere,"[260, 89, 14.36780834197998]",669.0,"[247, 75, 25, 26]",cache/1756274349545.png,,,,
3601,550,yellow,small,rubber,cube,"[79, 142, 11.455069541931152]",2122.0,"[55, 118, 45, 46]",cache/1756274349502.png,,,,
3602,550,green,small,rubber,cylinder,"[373, 164, 10.558378219604492]",1769.0,"[354, 140, 37, 46]",cache/1756274349552.png,,,,
3603,550,purple,large,metal,sphere,"[201, 84, 13.675631523132324]",7160.0,"[133, 70, 83, 85]",cache/1756274349516.png,,,,
3604,550,brown,small,metal,cube,"[415, 154, 10.942595481872559]",2268.0,"[391, 131, 49, 45]",cache/1756274349529.png,,,,
3605,551,purple,small,metal,cube,"[372, 133, 11.935362815856934]",1732.0,"[351, 112, 41, 41]",cache/1756274492050.png,,,,
3606,551,blue,small,rubber,sphere,"[246, 103, 13.519567489624023]",771.0,"[232, 88, 27, 28]",cache/1756274492054.png,,,,
3607,551,green,small,rubber,sphere,"[85, 145, 11.414006233215332]",1155.0,"[68, 128, 33, 34]",cache/1756274492058.png,,,,
3608,552,gray,large,rubber,sphere,"[228, 109, 11.64454460144043]",3607.0,"[196, 75, 63, 56]",cache/1756274556657.png,,,,
3609,552,red,large,rubber,cube,"[207, 176, 9.261187553405762]",9975.0,"[157, 122, 91, 108]",cache/1756274556640.png,,,,
3610,552,purple,small,metal,cylinder,"[277, 166, 10.234249114990234]",1866.0,"[258, 141, 38, 48]",cache/1756274556650.png,,,,
3611,553,gray,large,rubber,cube,"[88, 164, 9.652056694030762]",12645.0,"[27, 110, 114, 110]",cache/1756274319875.png,,,,
3612,553,green,large,rubber,cube,"[359, 139, 10.502097129821777]",8482.0,"[316, 93, 91, 92]",cache/1756274319861.png,,,,
3613,553,yellow,small,rubber,cylinder,"[162, 142, 11.145914077758789]",1595.0,"[143, 118, 35, 44]",cache/1756274319887.png,,,,
3614,553,yellow,large,rubber,cylinder,"[212, 226, 8.041977882385254]",12363.0,"[162, 162, 96, 128]",cache/1756274319869.png,,,,
3615,553,gray,large,metal,cylinder,"[270, 85, 12.97255802154541]",4454.0,"[239, 47, 60, 74]",cache/1756274319881.png,,,,
3616,553,gray,small,rubber,cylinder,"[332, 221, 8.725149154663086]",2776.0,"[308, 191, 46, 59]",cache/1756274319893.png,,,,
3617,554,purple,small,rubber,cylinder,"[252, 100, 12.94677448272705]",1078.0,"[237, 81, 29, 36]",cache/1756274604714.png,,,,
3618,554,purple,small,metal,cylinder,"[292, 121, 11.78013801574707]",1336.0,"[275, 100, 32, 40]",cache/1756274604708.png,,,,
3619,554,yellow,small,rubber,cube,"[135, 167, 9.813775062561035]",2829.0,"[107, 140, 53, 53]",cache/1756274604697.png,,,,
3620,554,cyan,small,metal,sphere,"[111, 142, 10.794227600097656]",1198.0,"[93, 124, 34, 34]",cache/1756274604691.png,,,,
3621,554,cyan,large,metal,cylinder,"[193, 96, 12.193964958190918]",4918.0,"[160, 57, 63, 77]",cache/1756274604683.png,,,,
3622,554,purple,small,rubber,cube,"[378, 128, 11.40969467163086]",1891.0,"[356, 106, 44, 42]",cache/1756274604672.png,,,,
3623,554,blue,small,rubber,sphere,"[362, 202, 8.700970649719238]",1894.0,"[340, 180, 43, 43]",cache/1756274604677.png,,,,
3624,554,yellow,large,rubber,cube,"[223, 224, 7.506681442260742]",17751.0,"[163, 155, 123, 144]",cache/1756274604662.png,,,,
3625,554,yellow,small,metal,cube,"[282, 178, 9.436812400817871]",17751.0,"[163, 155, 123, 144]",cache/1756274604662.png,,,,
3626,555,purple,large,rubber,cylinder,"[275, 142, 10.527348518371582]",6859.0,"[238, 95, 73, 93]",cache/1756274381574.png,,,,
3627,555,brown,small,rubber,cube,"[301, 97, 13.417253494262695]",6859.0,"[238, 95, 73, 93]",cache/1756274381574.png,,,,
3628,555,gray,small,rubber,cube,"[206, 173, 10.162178039550781]",2535.0,"[181, 146, 48, 52]",cache/1756274381579.png,,,,
3629,555,purple,large,rubber,cube,"[177, 105, 12.116150856018066]",6108.0,"[137, 65, 75, 80]",cache/1756274381561.png,,,,
3630,556,green,small,rubber,cylinder,"[248, 217, 8.5507230758667]",2664.0,"[225, 187, 44, 59]",cache/1756274482143.png,,,,
3631,556,green,small,rubber,cube,"[197, 159, 10.431451797485352]",2245.0,"[174, 134, 45, 49]",cache/1756274482148.png,,,,
3632,556,blue,large,metal,cylinder,"[185, 103, 12.237029075622559]",4889.0,"[152, 64, 63, 76]",cache/1756274482152.png,,,,
3633,556,brown,large,rubber,cube,"[302, 133, 10.695178031921387]",5079.0,"[245, 60, 67, 74]",cache/1756274482138.png,,,,
3634,556,red,large,rubber,cube,"[278, 97, 12.541884422302246]",5079.0,"[245, 60, 67, 74]",cache/1756274482138.png,,,,
3635,557,red,large,rubber,cube,"[107, 146, 10.006696701049805]",10821.0,"[87, 129, 93, 115]",cache/1756274477728.png,,,,
3636,557,blue,large,rubber,cube,"[265, 122, 10.968002319335938]",8528.0,"[221, 76, 90, 94]",cache/1756274477715.png,,,,
3637,557,purple,small,rubber,cube,"[216, 85, 13.829527854919434]",1260.0,"[197, 67, 35, 35]",cache/1756274477739.png,,,,
3638,557,brown,large,rubber,sphere,"[302, 90, 12.57580280303955]",3250.0,"[275, 59, 55, 58]",cache/1756274477734.png,,,,
3639,557,red,small,rubber,cube,"[196, 111, 12.338052749633789]",1711.0,"[174, 90, 41, 41]",cache/1756274477744.png,,,,
3640,557,green,large,rubber,cylinder,"[137, 186, 8.742988586425781]",10821.0,"[87, 129, 93, 115]",cache/1756274477728.png,,,,
3641,558,purple,small,rubber,cube,"[236, 115, 13.044205665588379]",1493.0,"[216, 94, 38, 39]",cache/1756274389433.png,,,,
3642,558,yellow,large,rubber,cylinder,"[192, 187, 9.249900817871094]",8996.0,"[148, 134, 82, 108]",cache/1756274389445.png,,,,
3643,558,brown,large,rubber,cylinder,"[348, 118, 11.973955154418945]",3428.0,"[316, 78, 66, 51]",cache/1756274389466.png,,,,
3644,558,blue,large,metal,cube,"[278, 213, 8.522378921508789]",15043.0,"[222, 152, 116, 128]",cache/1756274389397.png,,,,
3645,558,red,small,metal,sphere,"[311, 150, 11.298758506774902]",8346.0,"[303, 120, 82, 101]",cache/1756274389455.png,,,,
3646,558,yellow,small,metal,sphere,"[110, 173, 10.417075157165527]",1324.0,"[91, 155, 36, 36]",cache/1756274389425.png,,,,
3647,558,green,small,metal,sphere,"[196, 99, 13.978372573852539]",712.0,"[182, 85, 26, 26]",cache/1756274389415.png,,,,
3648,558,brown,large,metal,cylinder,"[343, 170, 9.807632446289062]",8346.0,"[303, 120, 82, 101]",cache/1756274389455.png,,,,
3649,559,red,small,metal,sphere,"[269, 228, 7.939842224121094]",2264.0,"[245, 204, 46, 48]",cache/1756274288695.png,,,,
3650,559,red,small,metal,sphere,"[213, 114, 11.841683387756348]",975.0,"[197, 97, 31, 31]",cache/1756274288743.png,,,,
3651,559,blue,small,rubber,cylinder,"[364, 186, 9.044270515441895]",2539.0,"[341, 157, 45, 55]",cache/1756274288728.png,,,,
3652,559,cyan,small,rubber,cylinder,"[420, 173, 9.439218521118164]",2475.0,"[396, 146, 46, 53]",cache/1756274288707.png,,,,
3653,559,gray,large,metal,cube,"[95, 142, 9.755882263183594]",11163.0,"[36, 92, 109, 101]",cache/1756274288712.png,,,,
3654,559,green,small,rubber,sphere,"[290, 94, 12.952117919921875]",825.0,"[275, 78, 28, 29]",cache/1756274288702.png,,,,
3655,559,gray,large,metal,sphere,"[59, 115, 10.885489463806152]",3959.0,"[22, 80, 62, 63]",cache/1756274288733.png,,,,
3656,559,purple,small,metal,cylinder,"[377, 146, 10.40640640258789]",1865.0,"[357, 122, 40, 45]",cache/1756274288718.png,,,,
3657,559,red,large,rubber,cylinder,"[237, 70, 13.489190101623535]",3881.0,"[208, 35, 56, 68]",cache/1756274288723.png,,,,
3658,559,yellow,small,metal,cube,"[127, 197, 8.708311080932617]",3911.0,"[95, 166, 61, 63]",cache/1756274288738.png,,,,
3659,560,yellow,small,rubber,cube,"[161, 155, 10.014044761657715]",2664.0,"[135, 128, 50, 52]",cache/1756274491656.png,,,,
3660,560,brown,small,metal,sphere,"[354, 175, 9.299834251403809]",1640.0,"[333, 155, 40, 40]",cache/1756274491645.png,,,,
3661,560,brown,small,rubber,cube,"[218, 99, 12.618570327758789]",1570.0,"[198, 79, 39, 39]",cache/1756274491661.png,,,,
3662,560,yellow,large,metal,sphere,"[132, 95, 11.87714672088623]",3911.0,"[99, 63, 63, 61]",cache/1756274491640.png,,,,
3663,560,green,large,metal,cylinder,"[361, 106, 11.303203582763672]",6191.0,"[325, 63, 73, 84]",cache/1756274491635.png,,,,
3664,560,purple,small,metal,cylinder,"[169, 242, 7.56399393081665]",3568.0,"[142, 208, 52, 68]",cache/1756274491650.png,,,,
3665,560,brown,small,metal,cylinder,"[252, 198, 8.636045455932617]",2556.0,"[229, 168, 43, 58]",cache/1756274491666.png,,,,
3666,560,red,small,rubber,cube,"[147, 134, 10.853867530822754]",2044.0,"[122, 110, 47, 43]",cache/1756274491671.png,,,,
3667,560,red,large,metal,cube,"[271, 72, 13.348176002502441]",4392.0,"[241, 37, 63, 69]",cache/1756274491627.png,,,,
3668,561,gray,large,metal,cube,"[319, 135, 10.331121444702148]",8522.0,"[274, 88, 87, 97]",cache/1756274552405.png,,,,
3669,561,yellow,large,metal,cube,"[240, 94, 12.519439697265625]",6425.0,"[199, 55, 80, 79]",cache/1756274552413.png,,,,
3670,561,green,small,metal,sphere,"[193, 123, 11.81771469116211]",998.0,"[177, 107, 31, 31]",cache/1756274552417.png,,,,
3671,562,red,large,rubber,sphere,"[280, 100, 12.83680248260498]",3350.0,"[251, 70, 57, 58]",cache/1756274271918.png,,,,
3672,562,purple,large,rubber,cube,"[235, 180, 9.107306480407715]",12994.0,"[180, 124, 110, 117]",cache/1756274271930.png,,,,
3673,562,purple,small,metal,cube,"[120, 158, 10.72619342803955]",1935.0,"[97, 135, 42, 45]",cache/1756274271925.png,,,,
3674,562,green,small,metal,cylinder,"[51, 141, 11.491108894348145]",1616.0,"[31, 119, 38, 41]",cache/1756274271941.png,,,,
3675,562,yellow,large,rubber,sphere,"[202, 87, 13.773330688476562]",2949.0,"[174, 59, 53, 54]",cache/1756274271936.png,,,,
3676,562,gray,small,rubber,sphere,"[112, 133, 11.911839485168457]",832.0,"[95, 116, 31, 26]",cache/1756274271960.png,,,,
3677,562,gray,small,rubber,cylinder,"[370, 169, 10.271466255187988]",1930.0,"[350, 144, 40, 48]",cache/1756274271950.png,,,,
3678,562,yellow,small,rubber,cylinder,"[177, 149, 11.108480453491211]",1493.0,"[158, 127, 33, 44]",cache/1756274271955.png,,,,
3679,562,green,small,metal,sphere,"[210, 247, 7.927288055419922]",2231.0,"[186, 223, 46, 47]",cache/1756274271945.png,,,,
3680,563,red,small,rubber,cube,"[231, 205, 8.566268920898438]",3825.0,"[201, 172, 58, 65]",cache/1756274604059.png,,,,
3681,563,brown,large,rubber,sphere,"[432, 133, 10.213114738464355]",5641.0,"[394, 95, 76, 73]",cache/1756274604049.png,,,,
3682,563,purple,small,rubber,cylinder,"[270, 254, 7.4302568435668945]",3592.0,"[244, 219, 51, 70]",cache/1756274604064.png,,,,
3683,563,brown,small,rubber,cube,"[196, 124, 11.443160057067871]",1901.0,"[174, 101, 42, 44]",cache/1756274604081.png,,,,
3684,563,green,small,metal,cylinder,"[75, 161, 9.930987358093262]",2182.0,"[52, 135, 43, 49]",cache/1756274604044.png,,,,
3685,563,brown,small,metal,sphere,"[182, 106, 12.385636329650879]",1901.0,"[174, 101, 42, 44]",cache/1756274604081.png,,,,
3686,563,brown,small,metal,sphere,"[340, 139, 10.774381637573242]",1197.0,"[322, 121, 34, 34]",cache/1756274604068.png,,,,
3687,563,purple,small,metal,cube,"[283, 97, 12.857081413269043]",1225.0,"[266, 78, 32, 37]",cache/1756274604054.png,,,,
3688,563,blue,large,rubber,cube,"[350, 99, 11.82059097290039]",5897.0,"[314, 58, 71, 82]",cache/1756274604037.png,,,,
3689,564,red,large,metal,cube,"[241, 110, 12.07915210723877]",5706.0,"[203, 70, 71, 79]",cache/1756274528493.png,,,,
3690,564,purple,large,metal,cylinder,"[192, 204, 8.354166030883789]",11164.0,"[143, 145, 92, 120]",cache/1756274528515.png,,,,
3691,564,red,large,rubber,cube,"[359, 131, 10.993001937866211]",8836.0,"[313, 86, 96, 91]",cache/1756274528499.png,,,,
3692,564,gray,small,metal,cube,"[283, 177, 9.886307716369629]",2171.0,"[262, 152, 43, 49]",cache/1756274528505.png,,,,
3693,564,blue,small,rubber,cube,"[121, 169, 10.200252532958984]",2566.0,"[96, 143, 48, 52]",cache/1756274528510.png,,,,
3694,565,red,small,rubber,cube,"[68, 132, 11.6505126953125]",2091.0,"[43, 110, 47, 43]",cache/1756274443912.png,,,,
3695,565,purple,small,metal,cube,"[228, 199, 9.28873348236084]",3261.0,"[200, 169, 54, 60]",cache/1756274443906.png,,,,
3696,565,green,large,rubber,cube,"[283, 78, 13.70543098449707]",5229.0,"[247, 42, 72, 72]",cache/1756274443923.png,,,,
3697,565,yellow,large,metal,cube,"[177, 92, 12.820748329162598]",5208.0,"[139, 55, 70, 74]",cache/1756274443899.png,,,,
3698,565,cyan,small,rubber,cylinder,"[259, 117, 12.365364074707031]",1235.0,"[242, 97, 31, 39]",cache/1756274443938.png,,,,
3699,565,green,large,rubber,cube,"[333, 159, 9.850046157836914]",11235.0,"[282, 106, 102, 109]",cache/1756274443917.png,,,,
3700,565,red,small,rubber,cylinder,"[202, 144, 11.163487434387207]",1492.0,"[184, 121, 34, 43]",cache/1756274443933.png,,,,
3701,565,brown,small,rubber,sphere,"[400, 158, 10.5983304977417]",1269.0,"[382, 140, 35, 35]",cache/1756274443928.png,,,,
3702,566,red,small,metal,cylinder,"[168, 135, 11.3330078125]",1535.0,"[149, 112, 35, 43]",cache/1756274508186.png,,,,
3703,566,blue,small,metal,cylinder,"[251, 102, 12.750922203063965]",1154.0,"[235, 82, 30, 38]",cache/1756274508182.png,,,,
3704,566,green,small,rubber,cube,"[227, 209, 9.05171012878418]",3533.0,"[198, 177, 55, 63]",cache/1756274508177.png,,,,
3705,566,yellow,small,metal,cube,"[89, 160, 10.446089744567871]",2620.0,"[63, 133, 49, 52]",cache/1756274508173.png,,,,
3706,566,yellow,small,rubber,cube,"[396, 148, 10.854400634765625]",2527.0,"[370, 122, 50, 50]",cache/1756274508165.png,,,,
3707,567,blue,small,metal,cylinder,"[227, 129, 11.557862281799316]",1408.0,"[210, 107, 33, 42]",cache/1756274338046.png,,,,
3708,567,gray,large,metal,sphere,"[130, 133, 10.591196060180664]",5069.0,"[93, 97, 71, 70]",cache/1756274338038.png,,,,
3709,567,green,small,metal,cube,"[260, 79, 14.241443634033203]",1266.0,"[242, 60, 35, 35]",cache/1756274338050.png,,,,
3710,568,cyan,large,rubber,sphere,"[132, 129, 10.904044151306152]",4784.0,"[96, 93, 69, 69]",cache/1756274461968.png,,,,
3711,568,yellow,large,rubber,cube,"[323, 95, 12.552833557128906]",5375.0,"[288, 56, 68, 78]",cache/1756274461987.png,,,,
3712,568,brown,small,rubber,cylinder,"[184, 161, 10.420605659484863]",1746.0,"[164, 136, 36, 47]",cache/1756274462002.png,,,,
3713,568,brown,small,metal,cube,"[370, 171, 10.062610626220703]",2739.0,"[344, 144, 50, 54]",cache/1756274461976.png,,,,
3714,568,brown,large,metal,sphere,"[239, 194, 8.702105522155762]",7245.0,"[196, 151, 85, 85]",cache/1756274461981.png,,,,
3715,568,purple,small,metal,sphere,"[216, 101, 13.095892906188965]",807.0,"[201, 86, 28, 28]",cache/1756274461997.png,,,,
3716,568,purple,small,metal,cube,"[268, 121, 12.06090259552002]",1508.0,"[249, 100, 36, 41]",cache/1756274461992.png,,,,
3717,569,gray,small,metal,cube,"[201, 113, 13.267036437988281]",1118.0,"[185, 94, 30, 36]",cache/1756274268986.png,,,,
3718,569,purple,small,rubber,cylinder,"[320, 130, 12.337015151977539]",1238.0,"[304, 110, 31, 39]",cache/1756274269000.png,,,,
3719,569,cyan,small,metal,cylinder,"[284, 177, 10.369821548461914]",1781.0,"[265, 152, 36, 48]",cache/1756274268991.png,,,,
3720,569,brown,small,rubber,cylinder,"[264, 205, 9.484015464782715]",2121.0,"[244, 177, 39, 53]",cache/1756274268975.png,,,,
3721,569,purple,large,rubber,cylinder,"[290, 87, 13.982752799987793]",3731.0,"[262, 52, 55, 67]",cache/1756274268980.png,,,,
3722,569,gray,large,metal,cube,"[235, 76, 14.745888710021973]",3970.0,"[203, 43, 60, 65]",cache/1756274268965.png,,,,
3723,569,green,small,rubber,cube,"[166, 155, 11.205039978027344]",2168.0,"[142, 131, 45, 47]",cache/1756274268970.png,,,,
3724,569,purple,large,rubber,cube,"[369, 151, 10.616114616394043]",8809.0,"[324, 103, 89, 98]",cache/1756274268959.png,,,,
3725,569,yellow,large,metal,cube,"[126, 109, 12.564591407775879]",6728.0,"[83, 69, 82, 81]",cache/1756274268950.png,,,,
3726,569,green,small,metal,cylinder,"[410, 146, 11.602972984313965]",8809.0,"[324, 103, 89, 98]",cache/1756274268959.png,,,,
3727,570,gray,small,metal,sphere,"[98, 140, 10.933504104614258]",7134.0,"[79, 130, 84, 84]",cache/1756274342563.png,,,,
3728,570,gray,large,rubber,cylinder,"[238, 96, 12.240484237670898]",4821.0,"[206, 57, 62, 77]",cache/1756274342569.png,,,,
3729,570,red,large,rubber,sphere,"[123, 172, 8.95401382446289]",7134.0,"[79, 130, 84, 84]",cache/1756274342563.png,,,,
3730,570,brown,small,metal,cube,"[186, 164, 9.985931396484375]",2274.0,"[162, 138, 45, 50]",cache/1756274342547.png,,,,
3731,570,brown,small,rubber,sphere,"[312, 148, 10.57699966430664]",1246.0,"[294, 130, 35, 35]",cache/1756274342542.png,,,,
3732,570,blue,small,metal,cube,"[173, 102, 12.901166915893555]",1507.0,"[152, 82, 39, 38]",cache/1756274342552.png,,,,
3733,571,purple,large,rubber,cylinder,"[363, 126, 11.237821578979492]",6224.0,"[328, 83, 72, 85]",cache/1756274504403.png,,,,
3734,571,purple,small,metal,sphere,"[325, 167, 10.235857963562012]",1345.0,"[306, 148, 36, 36]",cache/1756274504399.png,,,,
3735,571,gray,large,metal,cylinder,"[261, 88, 13.589133262634277]",3865.0,"[233, 54, 56, 68]",cache/1756274504408.png,,,,
3736,571,brown,large,metal,cube,"[155, 186, 8.792081832885742]",12596.0,"[95, 130, 109, 115]",cache/1756274504385.png,,,,
3737,571,purple,small,rubber,sphere,"[259, 220, 8.482561111450195]",1957.0,"[237, 198, 43, 44]",cache/1756274504394.png,,,,
3738,571,yellow,large,rubber,sphere,"[145, 117, 11.691862106323242]",3406.0,"[112, 85, 64, 53]",cache/1756274504413.png,,,,
3739,571,yellow,small,rubber,cylinder,"[217, 112, 12.983325958251953]",1066.0,"[201, 93, 29, 36]",cache/1756274504418.png,,,,
3740,571,gray,small,metal,sphere,"[103, 156, 10.684917449951172]",12596.0,"[95, 130, 109, 115]",cache/1756274504385.png,,,,
3741,572,yellow,small,rubber,cube,"[132, 129, 11.671407699584961]",1749.0,"[112, 106, 39, 44]",cache/1756274311225.png,,,,
3742,572,gray,small,metal,sphere,"[171, 118, 12.11911678314209]",964.0,"[155, 102, 30, 31]",cache/1756274311229.png,,,,
3743,572,yellow,large,metal,sphere,"[306, 179, 9.287880897521973]",6491.0,"[265, 138, 80, 80]",cache/1756274311234.png,,,,
3744,573,brown,small,metal,sphere,"[153, 136, 11.74708080291748]",1001.0,"[136, 119, 31, 31]",cache/1756274477306.png,,,,
3745,573,purple,large,rubber,sphere,"[360, 161, 9.83214282989502]",5865.0,"[321, 123, 76, 76]",cache/1756274477289.png,,,,
3746,573,brown,small,metal,sphere,"[88, 153, 10.957317352294922]",1181.0,"[69, 135, 34, 33]",cache/1756274477295.png,,,,
3747,573,gray,large,metal,cylinder,"[199, 89, 13.494383811950684]",3836.0,"[169, 54, 56, 68]",cache/1756274477316.png,,,,
3748,573,cyan,small,metal,cube,"[246, 248, 7.992209434509277]",4477.0,"[215, 213, 62, 71]",cache/1756274477274.png,,,,
3749,573,cyan,large,metal,cylinder,"[223, 129, 11.186927795410156]",5922.0,"[187, 86, 68, 86]",cache/1756274477300.png,,,,
3750,573,red,large,metal,cube,"[366, 113, 12.036401748657227]",6581.0,"[322, 72, 89, 73]",cache/1756274477283.png,,,,
3751,573,brown,large,rubber,cube,"[278, 81, 14.067768096923828]",4200.0,"[247, 48, 62, 67]",cache/1756274477311.png,,,,
3752,574,gray,small,metal,cube,"[346, 123, 11.804756164550781]",1956.0,"[324, 100, 43, 44]",cache/1756274319068.png,,,,
3753,574,green,small,metal,cylinder,"[182, 180, 9.722177505493164]",2082.0,"[161, 154, 40, 51]",cache/1756274319057.png,,,,
3754,574,gray,small,rubber,cube,"[319, 160, 10.372138977050781]",1657.0,"[304, 133, 39, 42]",cache/1756274319074.png,,,,
3755,574,green,small,metal,cylinder,"[225, 104, 12.690225601196289]",1139.0,"[210, 84, 30, 37]",cache/1756274319063.png,,,,
3756,574,red,large,rubber,cube,"[244, 65, 14.004120826721191]",4888.0,"[210, 30, 69, 70]",cache/1756274319035.png,,,,
3757,574,cyan,large,metal,sphere,"[298, 181, 9.057862281799316]",6744.0,"[257, 139, 82, 81]",cache/1756274319023.png,,,,
3758,574,brown,small,rubber,sphere,"[140, 222, 8.629663467407227]",1869.0,"[117, 199, 43, 43]",cache/1756274319030.png,,,,
3759,574,yellow,small,rubber,cylinder,"[79, 132, 11.396718978881836]",1674.0,"[59, 110, 38, 43]",cache/1756274319046.png,,,,
3760,574,green,small,metal,cylinder,"[279, 256, 7.897382736206055]",3240.0,"[254, 222, 48, 66]",cache/1756274319041.png,,,,
3761,574,yellow,small,metal,cube,"[377, 143, 10.984381675720215]",1784.0,"[357, 120, 38, 46]",cache/1756274319052.png,,,,
3762,575,yellow,large,metal,sphere,"[250, 95, 12.823248863220215]",3485.0,"[221, 65, 57, 60]",cache/1756274362797.png,,,,
3763,575,gray,large,metal,cylinder,"[290, 139, 10.893930435180664]",6539.0,"[255, 93, 71, 90]",cache/1756274362825.png,,,,
3764,575,red,small,rubber,cylinder,"[168, 170, 10.479825973510742]",1790.0,"[148, 146, 37, 47]",cache/1756274362814.png,,,,
3765,575,brown,small,metal,sphere,"[165, 114, 12.715441703796387]",862.0,"[149, 99, 29, 29]",cache/1756274362820.png,,,,
3766,575,yellow,small,rubber,cube,"[217, 216, 9.155237197875977]",2310.0,"[195, 188, 41, 55]",cache/1756274362792.png,,,,
3767,575,purple,large,metal,cylinder,"[365, 125, 11.427640914916992]",6046.0,"[331, 82, 72, 83]",cache/1756274362802.png,,,,
3768,575,purple,large,rubber,cube,"[337, 189, 9.256546974182129]",11149.0,"[288, 133, 96, 115]",cache/1756274362785.png,,,,
3769,575,purple,small,metal,cube,"[268, 239, 8.603919982910156]",3971.0,"[238, 206, 58, 67]",cache/1756274362779.png,,,,
3770,575,brown,small,rubber,cube,"[116, 182, 10.110604286193848]",2894.0,"[88, 154, 53, 54]",cache/1756274362808.png,,,,
3771,576,purple,large,metal,sphere,"[268, 112, 12.330439567565918]",3521.0,"[237, 81, 58, 60]",cache/1756274609559.png,,,,
3772,576,green,small,rubber,sphere,"[339, 202, 9.551746368408203]",1575.0,"[318, 182, 39, 39]",cache/1756274609538.png,,,,
3773,576,cyan,small,metal,sphere,"[107, 149, 11.39748477935791]",1043.0,"[90, 132, 33, 31]",cache/1756274609584.png,,,,
3774,576,yellow,small,metal,cylinder,"[121, 175, 10.40418529510498]",1792.0,"[100, 151, 37, 47]",cache/1756274609644.png,,,,
3775,576,brown,large,metal,cube,"[304, 146, 10.764677047729492]",7578.0,"[264, 101, 83, 91]",cache/1756274609571.png,,,,
3776,576,yellow,small,rubber,sphere,"[195, 102, 13.792219161987305]",725.0,"[181, 88, 26, 27]",cache/1756274609592.png,,,,
3777,576,brown,large,rubber,cylinder,"[214, 217, 8.51508617401123]",10798.0,"[167, 158, 90, 119]",cache/1756274609598.png,,,,
3778,576,yellow,small,rubber,cube,"[158, 190, 9.923044204711914]",2191.0,"[133, 162, 40, 54]",cache/1756274609610.png,,,,
3779,576,green,large,metal,sphere,"[237, 78, 14.378754615783691]",2718.0,"[211, 51, 51, 52]",cache/1756274609547.png,,,,
3780,576,gray,small,metal,cube,"[326, 110, 13.306268692016602]",7578.0,"[264, 101, 83, 91]",cache/1756274609571.png,,,,
3781,577,yellow,large,rubber,cube,"[203, 215, 8.279377937316895]",13756.0,"[144, 153, 107, 127]",cache/1756274295492.png,,,,
3782,577,purple,large,rubber,sphere,"[308, 105, 11.672530174255371]",4101.0,"[276, 72, 63, 64]",cache/1756274295500.png,,,,
3783,577,blue,large,metal,cylinder,"[195, 118, 11.128520965576172]",5848.0,"[158, 73, 69, 83]",cache/1756274295512.png,,,,
3784,577,red,large,metal,cylinder,"[115, 138, 10.408697128295898]",7751.0,"[72, 90, 80, 95]",cache/1756274295507.png,,,,
3785,577,yellow,small,metal,cylinder,"[260, 104, 12.529796600341797]",1213.0,"[243, 83, 31, 39]",cache/1756274295522.png,,,,
3786,578,purple,small,rubber,sphere,"[56, 149, 10.690269470214844]",1306.0,"[36, 131, 36, 35]",cache/1756274385072.png,,,,
3787,578,yellow,large,metal,cylinder,"[125, 125, 10.950287818908691]",6602.0,"[85, 81, 75, 87]",cache/1756274385077.png,,,,
3788,578,yellow,large,metal,cube,"[319, 141, 10.209819793701172]",9878.0,"[271, 92, 99, 99]",cache/1756274385064.png,,,,
3789,579,purple,large,metal,sphere,"[412, 137, 10.640800476074219]",5162.0,"[375, 101, 73, 70]",cache/1756274272568.png,,,,
3790,579,purple,large,rubber,cube,"[282, 95, 12.442487716674805]",6699.0,"[242, 54, 79, 83]",cache/1756274272576.png,,,,
3791,579,gray,small,rubber,sphere,"[124, 163, 10.455869674682617]",1331.0,"[105, 144, 36, 36]",cache/1756274272582.png,,,,
3792,580,green,large,rubber,cylinder,"[309, 169, 9.603569030761719]",12978.0,"[224, 157, 101, 127]",cache/1756274273941.png,,,,
3793,580,yellow,small,metal,cylinder,"[240, 82, 14.433999061584473]",860.0,"[226, 65, 26, 32]",cache/1756274273959.png,,,,
3794,580,red,large,metal,cube,"[277, 219, 8.236994743347168]",12978.0,"[224, 157, 101, 127]",cache/1756274273941.png,,,,
3795,580,yellow,small,metal,cube,"[174, 113, 12.592982292175293]",1681.0,"[152, 92, 40, 41]",cache/1756274273949.png,,,,
3796,580,purple,small,rubber,cube,"[344, 120, 12.258967399597168]",1624.0,"[324, 99, 41, 39]",cache/1756274273954.png,,,,
3797,581,blue,large,metal,cube,"[263, 131, 10.741700172424316]",7849.0,"[219, 85, 84, 93]",cache/1756274255934.png,,,,
3798,581,purple,large,rubber,sphere,"[220, 78, 13.923937797546387]",2811.0,"[194, 50, 51, 54]",cache/1756274255969.png,,,,
3799,581,yellow,large,rubber,cube,"[353, 149, 9.99705982208252]",11093.0,"[302, 98, 106, 104]",cache/1756274255947.png,,,,
3800,581,purple,large,rubber,cylinder,"[372, 118, 11.401287078857422]",11093.0,"[302, 98, 106, 104]",cache/1756274255947.png,,,,
3801,581,gray,small,metal,cube,"[310, 209, 8.713632583618164]",3645.0,"[280, 178, 58, 62]",cache/1756274255941.png,,,,
3802,581,purple,large,rubber,cylinder,"[188, 109, 11.878776550292969]",5203.0,"[154, 69, 65, 79]",cache/1756274255959.png,,,,
3803,581,gray,small,metal,cube,"[151, 181, 9.566195487976074]",2370.0,"[129, 154, 44, 53]",cache/1756274255954.png,,,,
3804,582,purple,large,metal,sphere,"[140, 117, 10.66524600982666]",4703.0,"[104, 81, 70, 66]",cache/1756274502309.png,,,,
3805,582,purple,large,metal,cube,"[318, 140, 9.682947158813477]",10712.0,"[269, 89, 102, 104]",cache/1756274502301.png,,,,
3806,582,green,large,rubber,sphere,"[265, 73, 13.15090560913086]",3245.0,"[237, 43, 55, 58]",cache/1756274502319.png,,,,
3807,582,brown,large,metal,cylinder,"[150, 208, 7.645480632781982]",13948.0,"[94, 143, 105, 132]",cache/1756274502329.png,,,,
3808,582,blue,small,metal,cube,"[232, 112, 11.780084609985352]",1393.0,"[214, 92, 34, 40]",cache/1756274502324.png,,,,
3809,582,yellow,large,rubber,sphere,"[336, 108, 11.067692756652832]",2495.0,"[306, 74, 63, 39]",cache/1756274502335.png,,,,
3810,582,green,small,metal,sphere,"[41, 146, 10.25661563873291]",1403.0,"[21, 127, 38, 36]",cache/1756274502314.png,,,,
3811,583,red,small,rubber,cube,"[150, 137, 11.431229591369629]",1928.0,"[127, 115, 44, 43]",cache/1756274483536.png,,,,
3812,583,gray,small,rubber,cube,"[285, 101, 13.54283332824707]",1048.0,"[269, 84, 30, 34]",cache/1756274483542.png,,,,
3813,583,gray,large,metal,cylinder,"[369, 119, 11.477458000183105]",6071.0,"[333, 77, 72, 83]",cache/1756274483546.png,,,,
3814,584,purple,small,metal,cylinder,"[379, 141, 11.432530403137207]",1590.0,"[360, 119, 37, 42]",cache/1756274282323.png,,,,
3815,584,brown,small,rubber,sphere,"[178, 204, 9.269091606140137]",1588.0,"[157, 183, 39, 40]",cache/1756274282313.png,,,,
3816,584,green,large,metal,sphere,"[272, 95, 12.851229667663574]",3314.0,"[243, 64, 57, 57]",cache/1756274282297.png,,,,
3817,584,purple,large,rubber,sphere,"[315, 207, 8.556260108947754]",7676.0,"[272, 163, 87, 88]",cache/1756274282289.png,,,,
3818,584,blue,small,metal,cylinder,"[322, 162, 10.613033294677734]",1186.0,"[304, 138, 36, 32]",cache/1756274282338.png,,,,
3819,584,blue,small,rubber,sphere,"[82, 129, 11.935589790344238]",1034.0,"[65, 113, 31, 32]",cache/1756274282308.png,,,,
3820,584,purple,large,metal,cylinder,"[228, 75, 14.094083786010742]",3602.0,"[200, 41, 53, 66]",cache/1756274282318.png,,,,
3821,584,gray,small,metal,cylinder,"[111, 151, 11.021634101867676]",1681.0,"[91, 128, 37, 44]",cache/1756274282333.png,,,,
3822,584,green,small,metal,cylinder,"[363, 183, 9.883543968200684]",1985.0,"[344, 158, 39, 50]",cache/1756274282328.png,,,,
3823,584,green,large,rubber,sphere,"[166, 107, 12.15731430053711]",3768.0,"[135, 76, 60, 61]",cache/1756274282303.png,,,,
3824,585,purple,small,rubber,cube,"[167, 151, 11.066058158874512]",2153.0,"[143, 127, 45, 47]",cache/1756274385427.png,,,,
3825,585,gray,large,rubber,sphere,"[252, 80, 14.081612586975098]",2854.0,"[225, 52, 52, 53]",cache/1756274385415.png,,,,
3826,585,brown,small,metal,cylinder,"[224, 128, 12.151293754577637]",1229.0,"[207, 107, 31, 39]",cache/1756274385422.png,,,,
3827,586,yellow,small,rubber,sphere,"[302, 150, 11.036432266235352]",1142.0,"[284, 132, 33, 34]",cache/1756274267871.png,,,,
3828,586,red,large,metal,sphere,"[348, 177, 9.355117797851562]",6518.0,"[308, 137, 80, 80]",cache/1756274267857.png,,,,
3829,586,green,small,rubber,cylinder,"[257, 104, 13.170093536376953]",1069.0,"[242, 85, 29, 36]",cache/1756274267881.png,,,,
3830,586,gray,large,rubber,sphere,"[169, 126, 11.23340129852295]",3918.0,"[135, 92, 66, 59]",cache/1756274267887.png,,,,
3831,586,green,small,metal,cylinder,"[105, 179, 9.977983474731445]",2138.0,"[83, 153, 42, 50]",cache/1756274267865.png,,,,
3832,586,yellow,large,metal,cylinder,"[187, 197, 8.783684730529785]",10242.0,"[140, 141, 88, 115]",cache/1756274267875.png,,,,
3833,587,blue,large,rubber,cylinder,"[219, 115, 11.78294563293457]",5314.0,"[186, 75, 64, 81]",cache/1756274470667.png,,,,
3834,587,brown,large,metal,sphere,"[116, 137, 10.77278995513916]",4926.0,"[79, 102, 70, 69]",cache/1756274470662.png,,,,
3835,587,gray,large,metal,cube,"[295, 158, 9.967713356018066]",9092.0,"[252, 108, 91, 99]",cache/1756274470654.png,,,,
3836,587,cyan,small,metal,cylinder,"[278, 244, 8.156026840209961]",3027.0,"[254, 212, 47, 63]",cache/1756274470672.png,,,,
3837,588,red,large,metal,cube,"[212, 110, 11.555953025817871]",7927.0,"[166, 66, 87, 90]",cache/1756274539822.png,,,,
3838,588,gray,small,metal,cylinder,"[332, 114, 12.218990325927734]",1337.0,"[314, 94, 33, 39]",cache/1756274539850.png,,,,
3839,588,purple,large,rubber,cylinder,"[264, 188, 8.722466468811035]",10203.0,"[220, 131, 88, 115]",cache/1756274539834.png,,,,
3840,588,blue,large,metal,cylinder,"[398, 159, 9.592219352722168]",9413.0,"[354, 108, 90, 103]",cache/1756274539845.png,,,,
3841,588,cyan,large,rubber,sphere,"[157, 90, 12.582674026489258]",3355.0,"[127, 59, 55, 60]",cache/1756274539828.png,,,,
3842,588,cyan,small,rubber,sphere,"[165, 151, 10.603262901306152]",1236.0,"[147, 133, 34, 35]",cache/1756274539840.png,,,,
3843,588,purple,small,metal,sphere,"[50, 138, 11.123738288879395]",1187.0,"[31, 121, 35, 33]",cache/1756274539816.png,,,,
3844,589,green,small,rubber,cylinder,"[324, 174, 10.689393997192383]",1752.0,"[305, 149, 37, 47]",cache/1756274546451.png,,,,
3845,589,purple,small,metal,sphere,"[368, 146, 11.75549030303955]",1026.0,"[352, 129, 32, 31]",cache/1756274546442.png,,,,
3846,589,brown,large,metal,cube,"[206, 112, 12.534616470336914]",5895.0,"[165, 71, 80, 73]",cache/1756274546456.png,,,,
3847,589,blue,large,rubber,cylinder,"[223, 175, 9.950984001159668]",7744.0,"[183, 125, 76, 100]",cache/1756274546468.png,,,,
3848,589,purple,large,rubber,cube,"[270, 77, 14.579781532287598]",4775.0,"[235, 43, 68, 69]",cache/1756274546475.png,,,,
3849,589,green,large,metal,sphere,"[193, 85, 14.060221672058105]",1447.0,"[166, 58, 50, 28]",cache/1756274546494.png,,,,
3850,589,blue,small,metal,cylinder,"[137, 138, 12.083342552185059]",1063.0,"[126, 117, 26, 40]",cache/1756274546488.png,,,,
3851,589,gray,small,metal,cylinder,"[251, 109, 13.544238090515137]",4775.0,"[235, 43, 68, 69]",cache/1756274546475.png,,,,
3852,589,green,large,metal,cube,"[85, 150, 10.849510192871094]",12006.0,"[32, 101, 120, 99]",cache/1756274546461.png,,,,
3853,589,purple,small,metal,cube,"[290, 117, 13.121766090393066]",1293.0,"[273, 97, 34, 37]",cache/1756274546481.png,,,,
3854,590,yellow,large,metal,sphere,"[404, 160, 10.172409057617188]",5570.0,"[366, 123, 76, 73]",cache/1756274305486.png,,,,
3855,590,blue,small,metal,cube,"[232, 99, 13.636083602905273]",1018.0,"[216, 81, 29, 34]",cache/1756274305507.png,,,,
3856,590,green,large,metal,cylinder,"[164, 135, 11.084636688232422]",6438.0,"[125, 91, 72, 88]",cache/1756274305517.png,,,,
3857,590,green,large,metal,sphere,"[310, 188, 9.320969581604004]",6376.0,"[270, 147, 79, 79]",cache/1756274305494.png,,,,
3858,590,yellow,large,rubber,cylinder,"[321, 100, 12.702147483825684]",4897.0,"[289, 62, 63, 76]",cache/1756274305523.png,,,,
3859,590,green,small,rubber,cylinder,"[272, 244, 8.502191543579102]",2762.0,"[250, 213, 45, 61]",cache/1756274305512.png,,,,
3860,590,purple,small,metal,sphere,"[356, 137, 11.798115730285645]",1030.0,"[339, 120, 32, 32]",cache/1756274305500.png,,,,
3861,590,red,small,rubber,cube,"[130, 127, 12.240675926208496]",6438.0,"[125, 91, 72, 88]",cache/1756274305517.png,,,,
3862,590,gray,small,rubber,cylinder,"[83, 160, 10.8656587600708]",1834.0,"[62, 137, 39, 45]",cache/1756274305533.png,,,,
3863,590,yellow,small,rubber,cylinder,"[191, 188, 9.954873085021973]",1991.0,"[170, 162, 38, 51]",cache/1756274305528.png,,,,
3864,591,red,large,metal,cube,"[243, 212, 8.376202583312988]",11420.0,"[196, 154, 96, 118]",cache/1756274580374.png,,,,
3865,591,blue,small,metal,cube,"[190, 124, 12.494300842285156]",1647.0,"[169, 103, 40, 40]",cache/1756274580390.png,,,,
3866,591,blue,large,rubber,cube,"[304, 156, 10.158722877502441]",8483.0,"[261, 108, 84, 99]",cache/1756274580382.png,,,,
3867,591,green,large,rubber,cylinder,"[360, 120, 11.81395149230957]",5464.0,"[329, 79, 67, 81]",cache/1756274580394.png,,,,
3868,591,blue,small,rubber,cylinder,"[261, 104, 13.666382789611816]",975.0,"[246, 86, 28, 34]",cache/1756274580399.png,,,,
3869,592,yellow,small,rubber,cylinder,"[134, 126, 11.485214233398438]",1490.0,"[115, 105, 35, 42]",cache/1756274592859.png,,,,
3870,592,green,small,metal,cube,"[385, 177, 9.47535228729248]",3220.0,"[356, 148, 57, 56]",cache/1756274592849.png,,,,
3871,592,blue,large,metal,sphere,"[229, 193, 8.275938987731934]",8195.0,"[184, 148, 89, 91]",cache/1756274592835.png,,,,
3872,592,gray,large,rubber,cube,"[193, 133, 10.343729972839355]",8107.0,"[151, 85, 83, 96]",cache/1756274592854.png,,,,
3873,592,yellow,small,rubber,sphere,"[252, 105, 12.65781021118164]",860.0,"[237, 89, 28, 29]",cache/1756274592864.png,,,,
3874,592,green,large,metal,cube,"[303, 84, 12.939396858215332]",6014.0,"[264, 46, 78, 76]",cache/1756274592843.png,,,,
3875,593,cyan,large,metal,cylinder,"[328, 110, 12.543924331665039]",4917.0,"[296, 71, 64, 76]",cache/1756274330619.png,,,,
3876,593,cyan,large,metal,sphere,"[164, 212, 8.6548490524292]",7525.0,"[120, 169, 86, 87]",cache/1756274330590.png,,,,
3877,593,purple,small,metal,sphere,"[255, 89, 14.764226913452148]",634.0,"[242, 76, 24, 25]",cache/1756274330602.png,,,,
3878,593,purple,large,metal,sphere,"[282, 199, 9.00516414642334]",6916.0,"[240, 157, 82, 83]",cache/1756274330607.png,,,,
3879,593,red,large,metal,cylinder,"[142, 101, 13.055638313293457]",4528.0,"[109, 64, 62, 72]",cache/1756274330614.png,,,,
3880,593,purple,large,metal,cube,"[93, 143, 10.930890083312988]",9409.0,"[40, 97, 99, 94]",cache/1756274330596.png,,,,
3881,594,gray,large,metal,cylinder,"[333, 138, 10.981779098510742]",6546.0,"[297, 94, 73, 88]",cache/1756274576112.png,,,,
3882,594,yellow,small,metal,cube,"[230, 185, 9.916298866271973]",2628.0,"[204, 158, 48, 53]",cache/1756274576095.png,,,,
3883,594,purple,large,rubber,sphere,"[252, 121, 11.787849426269531]",3995.0,"[220, 88, 63, 63]",cache/1756274576102.png,,,,
3884,594,blue,small,metal,cylinder,"[291, 117, 12.875049591064453]",931.0,"[278, 98, 24, 37]",cache/1756274576117.png,,,,
3885,594,cyan,small,rubber,cube,"[194, 167, 10.560941696166992]",2329.0,"[170, 142, 45, 50]",cache/1756274576107.png,,,,
3886,594,purple,small,rubber,cube,"[268, 89, 14.68435001373291]",3995.0,"[220, 88, 63, 63]",cache/1756274576102.png,,,,
3887,595,yellow,small,rubber,cylinder,"[153, 125, 12.308500289916992]",1292.0,"[136, 104, 32, 39]",cache/1756274289900.png,,,,
3888,595,brown,small,rubber,sphere,"[232, 264, 8.02755069732666]",2214.0,"[208, 240, 45, 48]",cache/1756274289814.png,,,,
3889,595,brown,large,rubber,sphere,"[62, 133, 11.168367385864258]",4686.0,"[26, 98, 69, 67]",cache/1756274289761.png,,,,
3890,595,brown,large,metal,cylinder,"[345, 172, 9.759479522705078]",8598.0,"[304, 121, 83, 102]",cache/1756274289847.png,,,,
3891,595,brown,small,rubber,cube,"[203, 228, 8.826568603515625]",3368.0,"[175, 196, 53, 63]",cache/1756274289796.png,,,,
3892,595,purple,large,rubber,cube,"[265, 96, 12.960786819458008]",5756.0,"[228, 57, 73, 78]",cache/1756274289769.png,,,,
3893,595,blue,large,rubber,cube,"[395, 119, 11.784632682800293]",8152.0,"[351, 75, 92, 88]",cache/1756274289827.png,,,,
3894,595,green,large,metal,cylinder,"[189, 90, 13.308472633361816]",4194.0,"[158, 53, 58, 72]",cache/1756274289882.png,,,,
3895,595,cyan,small,metal,sphere,"[120, 171, 10.471627235412598]",1292.0,"[101, 152, 36, 35]",cache/1756274289785.png,,,,
3896,595,cyan,large,metal,cylinder,"[245, 67, 14.782465934753418]",5756.0,"[228, 57, 73, 78]",cache/1756274289769.png,,,,
3897,596,yellow,small,metal,cylinder,"[359, 148, 11.044319152832031]",1646.0,"[340, 125, 37, 44]",cache/1756274277463.png,,,,
3898,596,gray,large,rubber,cube,"[176, 208, 8.303838729858398]",15505.0,"[117, 145, 116, 132]",cache/1756274277453.png,,,,
3899,596,gray,small,metal,cube,"[107, 170, 10.163844108581543]",2656.0,"[80, 144, 49, 53]",cache/1756274277459.png,,,,
3900,596,red,small,metal,sphere,"[248, 114, 12.71492862701416]",865.0,"[233, 99, 29, 29]",cache/1756274277469.png,,,,
3901,596,gray,large,rubber,cube,"[298, 195, 8.649673461914062]",12947.0,"[248, 137, 108, 119]",cache/1756274277442.png,,,,
3902,597,green,small,metal,sphere,"[229, 100, 13.812668800354004]",731.0,"[215, 86, 26, 27]",cache/1756274450571.png,,,,
3903,597,yellow,large,metal,cube,"[132, 111, 12.189081192016602]",5282.0,"[95, 72, 66, 79]",cache/1756274450578.png,,,,
3904,597,cyan,large,metal,cylinder,"[149, 164, 9.837718963623047]",8296.0,"[106, 115, 82, 100]",cache/1756274450585.png,,,,
3905,597,green,large,metal,sphere,"[278, 216, 8.295866966247559]",8217.0,"[233, 170, 89, 91]",cache/1756274450562.png,,,,
3906,598,cyan,small,rubber,sphere,"[237, 91, 13.635242462158203]",755.0,"[223, 76, 26, 28]",cache/1756274486006.png,,,,
3907,598,cyan,small,rubber,sphere,"[394, 180, 9.8034086227417]",1504.0,"[374, 161, 39, 38]",cache/1756274486032.png,,,,
3908,598,yellow,small,metal,sphere,"[266, 195, 9.367846488952637]",1584.0,"[246, 175, 39, 40]",cache/1756274486014.png,,,,
3909,598,green,large,metal,sphere,"[108, 110, 11.723945617675781]",4159.0,"[75, 77, 64, 64]",cache/1756274485987.png,,,,
3910,598,red,large,metal,sphere,"[323, 89, 12.781317710876465]",3440.0,"[293, 59, 58, 58]",cache/1756274485995.png,,,,
3911,598,gray,large,metal,sphere,"[405, 122, 11.188192367553711]",4609.0,"[371, 88, 69, 66]",cache/1756274486000.png,,,,
3912,598,gray,small,metal,sphere,"[169, 209, 9.000636100769043]",1728.0,"[147, 188, 41, 41]",cache/1756274486025.png,,,,
3913,598,blue,small,metal,sphere,"[125, 153, 10.707778930664062]",1213.0,"[106, 136, 35, 34]",cache/1756274486020.png,,,,
3914,598,cyan,small,rubber,cylinder,"[294, 235, 8.386662483215332]",2906.0,"[270, 203, 46, 61]",cache/1756274486038.png,,,,
3915,598,gray,small,rubber,sphere,"[165, 110, 12.565337181091309]",892.0,"[149, 94, 29, 30]",cache/1756274486044.png,,,,
3916,599,brown,large,metal,cube,"[202, 231, 8.005420684814453]",13027.0,"[148, 169, 102, 127]",cache/1756274458429.png,,,,
3917,599,red,large,metal,cylinder,"[396, 167, 9.565448760986328]",9564.0,"[352, 115, 90, 105]",cache/1756274458467.png,,,,
3918,599,yellow,small,metal,sphere,"[129, 208, 9.09614372253418]",1704.0,"[107, 187, 40, 41]",cache/1756274458479.png,,,,
3919,599,blue,large,rubber,sphere,"[255, 114, 11.44671630859375]",4251.0,"[222, 80, 64, 65]",cache/1756274458436.png,,,,
3920,599,cyan,small,rubber,cube,"[345, 113, 12.24011516571045]",1738.0,"[325, 91, 40, 43]",cache/1756274458455.png,,,,
3921,599,brown,small,metal,sphere,"[289, 194, 9.44078254699707]",1547.0,"[269, 174, 39, 39]",cache/1756274458444.png,,,,
3922,599,brown,small,metal,cylinder,"[87, 163, 10.355907440185547]",2037.0,"[65, 138, 42, 48]",cache/1756274458473.png,,,,
3923,599,blue,large,rubber,sphere,"[440, 135, 10.602278709411621]",4872.0,"[408, 99, 68, 70]",cache/1756274458461.png,,,,
3924,599,brown,large,rubber,cube,"[202, 89, 12.596004486083984]",6638.0,"[160, 48, 80, 82]",cache/1756274458449.png,,,,
3925,600,purple,small,rubber,sphere,"[204, 231, 8.723158836364746]",1857.0,"[182, 209, 42, 43]",cache/1756274617474.png,,,,
3926,600,yellow,large,rubber,cube,"[288, 177, 9.647640228271484]",11289.0,"[239, 123, 102, 109]",cache/1756274617461.png,,,,
3927,600,gray,large,rubber,cube,"[370, 139, 11.08975887298584]",6816.0,"[333, 94, 74, 91]",cache/1756274617489.png,,,,
3928,600,purple,small,metal,cube,"[132, 140, 11.861041069030762]",1741.0,"[110, 118, 41, 41]",cache/1756274617470.png,,,,
3929,600,gray,large,rubber,sphere,"[312, 95, 13.432682037353516]",3117.0,"[284, 65, 55, 56]",cache/1756274617494.png,,,,
3930,600,yellow,small,metal,sphere,"[179, 165, 10.79111385345459]",1179.0,"[161, 147, 34, 34]",cache/1756274617480.png,,,,
3931,600,brown,large,metal,cylinder,"[231, 104, 12.860851287841797]",4354.0,"[201, 67, 58, 73]",cache/1756274617484.png,,,,
3932,601,yellow,small,metal,cube,"[198, 135, 11.604345321655273]",1686.0,"[178, 113, 38, 43]",cache/1756274379089.png,,,,
3933,601,red,small,rubber,sphere,"[348, 177, 9.945199012756348]",1406.0,"[329, 158, 37, 37]",cache/1756274379094.png,,,,
3934,601,purple,small,metal,cube,"[283, 93, 13.85433292388916]",820.0,"[277, 74, 23, 34]",cache/1756274379104.png,,,,
3935,601,brown,large,rubber,cylinder,"[219, 235, 7.746927738189697]",13231.0,"[167, 170, 99, 133]",cache/1756274379083.png,,,,
3936,601,cyan,large,metal,sphere,"[260, 102, 12.39265251159668]",3636.0,"[230, 70, 60, 60]",cache/1756274379049.png,,,,
3937,601,gray,small,metal,cube,"[166, 150, 10.949139595031738]",2124.0,"[142, 126, 45, 46]",cache/1756274379099.png,,,,
3938,601,yellow,large,metal,sphere,"[138, 107, 12.111234664916992]",3895.0,"[106, 75, 62, 62]",cache/1756274379062.png,,,,
3939,601,green,small,rubber,cube,"[321, 215, 8.83670711517334]",2619.0,"[299, 186, 45, 57]",cache/1756274379073.png,,,,
3940,601,gray,small,metal,cube,"[126, 185, 9.69417953491211]",2290.0,"[104, 158, 43, 53]",cache/1756274379078.png,,,,
3941,602,brown,small,metal,sphere,"[337, 206, 9.182367324829102]",1692.0,"[315, 186, 41, 41]",cache/1756274480305.png,,,,
3942,602,cyan,small,metal,cube,"[290, 182, 9.896893501281738]",2855.0,"[264, 154, 51, 55]",cache/1756274480280.png,,,,
3943,602,cyan,large,metal,cube,"[246, 80, 13.722694396972656]",5240.0,"[209, 43, 73, 71]",cache/1756274480297.png,,,,
3944,602,green,large,rubber,cube,"[150, 98, 12.622268676757812]",5070.0,"[113, 60, 67, 74]",cache/1756274480287.png,,,,
3945,602,yellow,large,rubber,cylinder,"[217, 130, 11.08599853515625]",6090.0,"[182, 85, 68, 88]",cache/1756274480318.png,,,,
3946,603,yellow,large,rubber,cube,"[293, 176, 9.479859352111816]",12127.0,"[240, 120, 105, 115]",cache/1756274494482.png,,,,
3947,603,cyan,small,metal,cylinder,"[335, 133, 11.860164642333984]",12127.0,"[240, 120, 105, 115]",cache/1756274494482.png,,,,
3948,603,cyan,large,rubber,cylinder,"[150, 164, 9.888130187988281]",8251.0,"[107, 113, 81, 101]",cache/1756274494474.png,,,,
3949,603,green,large,metal,cylinder,"[254, 132, 11.092175483703613]",12127.0,"[240, 120, 105, 115]",cache/1756274494482.png,,,,
3950,603,purple,small,rubber,cylinder,"[401, 164, 10.581679344177246]",1937.0,"[381, 140, 41, 47]",cache/1756274494487.png,,,,
3951,604,cyan,small,rubber,cube,"[310, 149, 11.225909233093262]",2165.0,"[286, 126, 46, 46]",cache/1756274422624.png,,,,
3952,604,brown,large,rubber,sphere,"[136, 179, 9.271774291992188]",6493.0,"[94, 139, 81, 80]",cache/1756274422602.png,,,,
3953,604,green,small,rubber,sphere,"[149, 115, 13.056477546691895]",415.0,"[148, 100, 14, 28]",cache/1756274422638.png,,,,
3954,604,purple,small,metal,cylinder,"[361, 182, 9.911745071411133]",2084.0,"[340, 157, 41, 49]",cache/1756274422609.png,,,,
3955,604,cyan,small,rubber,sphere,"[281, 106, 13.626456260681152]",753.0,"[267, 91, 27, 27]",cache/1756274422619.png,,,,
3956,604,yellow,large,rubber,cylinder,"[230, 79, 14.540595054626465]",3328.0,"[203, 47, 52, 63]",cache/1756274422633.png,,,,
3957,604,cyan,large,metal,cube,"[116, 123, 11.652246475219727]",6288.0,"[75, 83, 76, 81]",cache/1756274422614.png,,,,
3958,604,brown,large,metal,cylinder,"[199, 116, 12.053436279296875]",4982.0,"[166, 77, 63, 78]",cache/1756274422628.png,,,,
3959,605,purple,large,metal,cube,"[276, 88, 13.571035385131836]",3933.0,"[248, 54, 57, 68]",cache/1756274299493.png,,,,
3960,605,brown,small,metal,sphere,"[243, 168, 10.270241737365723]",1315.0,"[224, 149, 35, 36]",cache/1756274299513.png,,,,
3961,605,purple,large,rubber,cylinder,"[86, 141, 10.580769538879395]",7468.0,"[43, 95, 81, 91]",cache/1756274299517.png,,,,
3962,605,green,large,metal,cube,"[213, 103, 12.545357704162598]",6481.0,"[172, 64, 80, 80]",cache/1756274299507.png,,,,
3963,605,cyan,small,rubber,cube,"[339, 204, 9.046719551086426]",3591.0,"[309, 174, 58, 61]",cache/1756274299502.png,,,,
3964,605,red,small,rubber,cylinder,"[373, 127, 12.121350288391113]",1368.0,"[356, 107, 34, 39]",cache/1756274299523.png,,,,
3965,606,purple,large,rubber,sphere,"[179, 177, 8.734169960021973]",7261.0,"[136, 134, 85, 85]",cache/1756274519454.png,,,,
3966,606,blue,small,rubber,sphere,"[106, 137, 10.896581649780273]",1232.0,"[88, 119, 34, 35]",cache/1756274519465.png,,,,
3967,606,green,large,rubber,sphere,"[367, 134, 10.226226806640625]",5429.0,"[329, 96, 74, 73]",cache/1756274519446.png,,,,
3968,606,red,small,metal,sphere,"[257, 129, 11.254315376281738]",1082.0,"[240, 112, 32, 32]",cache/1756274519460.png,,,,
3969,607,blue,small,metal,cylinder,"[95, 168, 10.375848770141602]",1968.0,"[74, 143, 41, 47]",cache/1756274300170.png,,,,
3970,607,yellow,small,metal,cylinder,"[242, 126, 12.157685279846191]",1226.0,"[226, 106, 30, 39]",cache/1756274300184.png,,,,
3971,607,green,large,rubber,cylinder,"[161, 128, 11.222546577453613]",5808.0,"[124, 85, 68, 84]",cache/1756274300179.png,,,,
3972,607,gray,large,rubber,cylinder,"[216, 93, 13.077889442443848]",3451.0,"[185, 57, 58, 59]",cache/1756274300189.png,,,,
3973,607,cyan,small,metal,sphere,"[275, 117, 12.639900207519531]",884.0,"[260, 101, 29, 30]",cache/1756274300175.png,,,,
3974,607,purple,large,rubber,cylinder,"[322, 176, 9.373298645019531]",9053.0,"[281, 123, 85, 106]",cache/1756274300165.png,,,,
3975,607,blue,large,metal,cube,"[191, 163, 9.812366485595703]",5808.0,"[124, 85, 68, 84]",cache/1756274300179.png,,,,
3976,608,blue,small,metal,cube,"[368, 200, 8.953767776489258]",3776.0,"[337, 168, 60, 62]",cache/1756274503920.png,,,,
3977,608,yellow,large,metal,cylinder,"[183, 229, 7.643996238708496]",13834.0,"[129, 163, 102, 134]",cache/1756274503938.png,,,,
3978,608,blue,small,metal,sphere,"[281, 217, 8.504895210266113]",1958.0,"[258, 194, 44, 44]",cache/1756274503928.png,,,,
3979,608,red,large,metal,cylinder,"[243, 153, 9.663469314575195]",8138.0,"[203, 103, 79, 102]",cache/1756274503944.png,,,,
3980,608,purple,large,rubber,cube,"[452, 139, 10.176749229431152]",7042.0,"[407, 90, 71, 98]",cache/1756274503933.png,,,,
3981,609,green,small,metal,sphere,"[170, 184, 9.745223999023438]",1450.0,"[150, 164, 38, 38]",cache/1756274298465.png,,,,
3982,609,yellow,large,metal,cube,"[249, 75, 14.140405654907227]",4008.0,"[218, 41, 59, 66]",cache/1756274298449.png,,,,
3983,609,brown,small,rubber,cylinder,"[152, 146, 11.107823371887207]",1568.0,"[133, 124, 35, 43]",cache/1756274298487.png,,,,
3984,609,cyan,small,rubber,cube,"[196, 136, 11.543794631958008]",1954.0,"[174, 113, 43, 45]",cache/1756274298470.png,,,,
3985,609,green,large,metal,cube,"[241, 252, 7.390844821929932]",19492.0,"[170, 178, 137, 141]",cache/1756274298442.png,,,,
3986,609,cyan,large,rubber,sphere,"[353, 140, 10.58258056640625]",4827.0,"[319, 104, 69, 69]",cache/1756274298459.png,,,,
3987,609,gray,large,rubber,cube,"[317, 181, 9.145742416381836]",9803.0,"[273, 127, 88, 110]",cache/1756274298480.png,,,,
3988,609,gray,small,rubber,sphere,"[137, 126, 12.012986183166504]",1568.0,"[133, 124, 35, 43]",cache/1756274298487.png,,,,
3989,609,red,small,metal,sphere,"[90, 172, 10.136115074157715]",1398.0,"[71, 153, 37, 37]",cache/1756274298454.png,,,,
3990,609,cyan,small,rubber,cube,"[303, 100, 13.454704284667969]",1448.0,"[284, 81, 38, 37]",cache/1756274298475.png,,,,
3991,610,green,large,rubber,cylinder,"[109, 146, 10.339305877685547]",7810.0,"[66, 99, 81, 95]",cache/1756274386108.png,,,,
3992,610,brown,large,metal,cube,"[187, 108, 12.021201133728027]",5986.0,"[151, 67, 72, 82]",cache/1756274386097.png,,,,
3993,610,red,large,rubber,cylinder,"[353, 129, 11.042613983154297]",6694.0,"[316, 85, 75, 88]",cache/1756274386103.png,,,,
3994,611,brown,large,rubber,sphere,"[239, 213, 8.124138832092285]",8454.0,"[193, 166, 91, 92]",cache/1756274464200.png,,,,
3995,611,blue,large,metal,cube,"[107, 109, 12.067791938781738]",6242.0,"[69, 68, 75, 82]",cache/1756274464193.png,,,,
3996,611,blue,small,rubber,sphere,"[290, 160, 10.512081146240234]",1276.0,"[272, 141, 35, 36]",cache/1756274464205.png,,,,
3997,611,gray,small,metal,sphere,"[164, 191, 9.408015251159668]",1634.0,"[143, 170, 39, 41]",cache/1756274464210.png,,,,
3998,612,gray,small,metal,cylinder,"[175, 199, 9.105264663696289]",2368.0,"[152, 171, 42, 55]",cache/1756274527794.png,,,,
3999,612,yellow,small,metal,sphere,"[200, 167, 10.137518882751465]",1351.0,"[181, 148, 36, 37]",cache/1756274527763.png,,,,
4000,612,blue,small,metal,cylinder,"[247, 146, 10.938355445861816]",1554.0,"[229, 123, 34, 44]",cache/1756274527768.png,,,,
4001,612,red,small,rubber,cylinder,"[140, 136, 11.382484436035156]",1513.0,"[121, 114, 35, 42]",cache/1756274527787.png,,,,
4002,612,blue,large,metal,sphere,"[311, 208, 8.204400062561035]",8388.0,"[265, 162, 91, 91]",cache/1756274527740.png,,,,
4003,612,cyan,small,metal,cylinder,"[331, 180, 9.677690505981445]",8388.0,"[265, 162, 91, 91]",cache/1756274527740.png,,,,
4004,612,blue,large,metal,cube,"[222, 74, 14.063898086547852]",5086.0,"[185, 38, 71, 70]",cache/1756274527751.png,,,,
4005,612,cyan,small,rubber,sphere,"[340, 113, 12.520285606384277]",906.0,"[325, 98, 29, 30]",cache/1756274527758.png,,,,
4006,612,brown,small,rubber,cylinder,"[423, 154, 10.633077621459961]",1927.0,"[402, 130, 41, 46]",cache/1756274527775.png,,,,
4007,613,brown,small,rubber,sphere,"[249, 100, 14.060040473937988]",707.0,"[235, 86, 26, 26]",cache/1756274254975.png,,,,
4008,613,brown,small,rubber,cube,"[344, 191, 9.846475601196289]",2823.0,"[318, 163, 50, 55]",cache/1756274254968.png,,,,
4009,613,red,small,metal,sphere,"[85, 138, 11.93364143371582]",996.0,"[68, 122, 32, 31]",cache/1756274254986.png,,,,
4010,613,blue,small,rubber,sphere,"[219, 171, 10.545711517333984]",1249.0,"[201, 152, 34, 35]",cache/1756274254981.png,,,,
4011,613,blue,large,rubber,cylinder,"[157, 99, 13.11966609954834]",4422.0,"[126, 63, 60, 72]",cache/1756274254990.png,,,,
4012,614,green,small,rubber,cube,"[332, 171, 9.858795166015625]",2651.0,"[307, 145, 50, 52]",cache/1756274545192.png,,,,
4013,614,blue,small,metal,cube,"[297, 220, 8.395824432373047]",3375.0,"[269, 189, 53, 63]",cache/1756274545187.png,,,,
4014,614,cyan,small,metal,cylinder,"[197, 115, 12.309340476989746]",1063.0,"[180, 95, 27, 38]",cache/1756274545197.png,,,,
4015,614,green,large,rubber,cube,"[236, 139, 10.324615478515625]",9826.0,"[188, 89, 96, 101]",cache/1756274545178.png,,,,
4016,615,green,large,rubber,sphere,"[355, 165, 9.78672981262207]",5939.0,"[317, 126, 77, 77]",cache/1756274568620.png,,,,
4017,615,yellow,small,metal,cylinder,"[239, 201, 9.36378288269043]",2220.0,"[218, 173, 40, 54]",cache/1756274568637.png,,,,
4018,615,blue,large,rubber,cylinder,"[49, 134, 10.873648643493652]",7605.0,"[4, 89, 83, 90]",cache/1756274568627.png,,,,
4019,615,brown,small,metal,sphere,"[191, 94, 13.645980834960938]",737.0,"[177, 80, 27, 27]",cache/1756274568642.png,,,,
4020,615,green,large,rubber,cylinder,"[272, 95, 12.688634872436523]",4606.0,"[241, 57, 60, 75]",cache/1756274568632.png,,,,
4021,616,yellow,large,rubber,sphere,"[190, 138, 10.701070785522461]",4846.0,"[154, 102, 69, 69]",cache/1756274404606.png,,,,
4022,616,blue,small,metal,cube,"[209, 190, 9.669447898864746]",3043.0,"[181, 161, 52, 57]",cache/1756274404505.png,,,,
4023,616,green,small,metal,cube,"[251, 123, 12.1060152053833]",1500.0,"[232, 101, 36, 41]",cache/1756274404587.png,,,,
4024,616,blue,large,metal,cube,"[83, 123, 11.278071403503418]",7055.0,"[40, 80, 79, 88]",cache/1756274404493.png,,,,
4025,616,gray,small,rubber,cube,"[303, 104, 13.028024673461914]",1559.0,"[283, 83, 38, 40]",cache/1756274404596.png,,,,
4026,617,blue,small,metal,sphere,"[79, 135, 11.157938003540039]",1180.0,"[61, 117, 34, 33]",cache/1756274538847.png,,,,
4027,617,green,small,rubber,sphere,"[252, 96, 12.94780158996582]",840.0,"[237, 81, 28, 29]",cache/1756274538851.png,,,,
4028,617,brown,small,metal,sphere,"[331, 111, 12.189074516296387]",947.0,"[315, 95, 30, 30]",cache/1756274538855.png,,,,
4029,617,red,small,rubber,cylinder,"[186, 230, 8.32403564453125]",2911.0,"[161, 198, 46, 62]",cache/1756274538859.png,,,,
4030,618,red,small,rubber,sphere,"[159, 153, 10.72442626953125]",1197.0,"[141, 135, 34, 34]",cache/1756274514457.png,,,,
4031,618,cyan,large,metal,cylinder,"[200, 80, 13.260513305664062]",3947.0,"[181, 75, 62, 63]",cache/1756274514431.png,,,,
4032,618,green,large,rubber,sphere,"[213, 108, 11.832107543945312]",3947.0,"[181, 75, 62, 63]",cache/1756274514431.png,,,,
4033,618,purple,small,rubber,cube,"[238, 170, 10.168227195739746]",2196.0,"[215, 144, 43, 50]",cache/1756274514426.png,,,,
4034,618,green,small,metal,cube,"[344, 143, 11.117524147033691]",2137.0,"[320, 118, 46, 45]",cache/1756274514447.png,,,,
4035,618,red,large,rubber,cylinder,"[306, 207, 8.498321533203125]",11202.0,"[261, 147, 93, 120]",cache/1756274514436.png,,,,
4036,618,yellow,small,metal,cube,"[147, 111, 12.516595840454102]",1734.0,"[126, 89, 41, 41]",cache/1756274514452.png,,,,
4037,618,purple,small,rubber,sphere,"[392, 186, 9.655428886413574]",1543.0,"[371, 166, 39, 39]",cache/1756274514421.png,,,,
4038,618,gray,small,metal,cube,"[267, 102, 12.938912391662598]",1522.0,"[247, 82, 38, 40]",cache/1756274514442.png,,,,
4039,619,blue,small,rubber,cylinder,"[106, 154, 10.935782432556152]",1616.0,"[86, 131, 36, 44]",cache/1756274364965.png,,,,
4040,619,yellow,large,rubber,sphere,"[169, 213, 8.14024543762207]",8465.0,"[122, 166, 91, 92]",cache/1756274364941.png,,,,
4041,619,cyan,large,metal,cylinder,"[390, 121, 11.681809425354004]",5962.0,"[354, 80, 72, 81]",cache/1756274364954.png,,,,
4042,619,brown,small,metal,cube,"[135, 171, 10.206314086914062]",8465.0,"[122, 166, 91, 92]",cache/1756274364941.png,,,,
4043,619,cyan,small,rubber,cube,"[242, 115, 13.022592544555664]",1114.0,"[226, 96, 30, 36]",cache/1756274364977.png,,,,
4044,619,red,large,metal,cube,"[290, 169, 9.524537086486816]",9581.0,"[243, 117, 90, 106]",cache/1756274364948.png,,,,
4045,619,green,large,rubber,cylinder,"[310, 131, 11.14598560333252]",9581.0,"[243, 117, 90, 106]",cache/1756274364948.png,,,,
4046,619,red,small,rubber,cylinder,"[260, 91, 14.71056079864502]",794.0,"[246, 75, 25, 31]",cache/1756274364982.png,,,,
4047,620,gray,small,metal,cylinder,"[225, 103, 13.063971519470215]",1072.0,"[209, 84, 29, 36]",cache/1756274327174.png,,,,
4048,620,green,small,rubber,cube,"[380, 141, 11.107012748718262]",2308.0,"[355, 117, 49, 47]",cache/1756274327169.png,,,,
4049,620,purple,large,metal,sphere,"[292, 151, 9.932488441467285]",5687.0,"[254, 112, 75, 75]",cache/1756274327162.png,,,,
4050,621,green,large,rubber,cylinder,"[220, 134, 10.438018798828125]",6801.0,"[183, 88, 73, 92]",cache/1756274338408.png,,,,
4051,621,cyan,small,metal,sphere,"[369, 188, 9.21092414855957]",1732.0,"[347, 167, 41, 41]",cache/1756274338398.png,,,,
4052,621,yellow,small,metal,sphere,"[307, 122, 11.863630294799805]",1005.0,"[291, 106, 31, 31]",cache/1756274338402.png,,,,
4053,621,yellow,small,metal,cylinder,"[255, 97, 13.358892440795898]",987.0,"[241, 78, 28, 35]",cache/1756274338412.png,,,,
4054,622,purple,small,metal,cylinder,"[178, 107, 13.388609886169434]",1020.0,"[163, 89, 29, 35]",cache/1756274455943.png,,,,
4055,622,cyan,small,rubber,cube,"[404, 141, 11.564741134643555]",2153.0,"[379, 118, 48, 44]",cache/1756274455918.png,,,,
4056,622,cyan,small,rubber,sphere,"[303, 216, 8.9088773727417]",1793.0,"[281, 194, 41, 42]",cache/1756274455928.png,,,,
4057,622,blue,small,rubber,cube,"[228, 163, 10.62446117401123]",10388.0,"[146, 127, 100, 103]",cache/1756274455910.png,,,,
4058,622,cyan,small,metal,cube,"[123, 126, 12.333770751953125]",939.0,"[115, 105, 24, 38]",cache/1756274455948.png,,,,
4059,622,red,large,rubber,sphere,"[247, 80, 14.193275451660156]",2735.0,"[220, 53, 51, 52]",cache/1756274455923.png,,,,
4060,622,yellow,small,rubber,cube,"[319, 133, 11.980549812316895]",1882.0,"[296, 110, 43, 43]",cache/1756274455933.png,,,,
4061,622,yellow,large,metal,cube,"[192, 177, 9.393783569335938]",10388.0,"[146, 127, 100, 103]",cache/1756274455910.png,,,,
4062,622,yellow,large,rubber,cube,"[74, 137, 10.922759056091309]",9308.0,"[20, 92, 100, 92]",cache/1756274455937.png,,,,
4063,622,gray,small,rubber,cylinder,"[122, 179, 10.063776969909668]",2016.0,"[101, 153, 40, 49]",cache/1756274455952.png,,,,
4064,623,blue,large,rubber,cube,"[262, 81, 13.890987396240234]",4870.0,"[226, 45, 71, 68]",cache/1756274290922.png,,,,
4065,623,gray,large,metal,cylinder,"[413, 142, 10.881901741027832]",7380.0,"[373, 97, 81, 90]",cache/1756274290933.png,,,,
4066,623,blue,large,metal,cube,"[340, 109, 12.338650703430176]",5318.0,"[308, 70, 67, 78]",cache/1756274290895.png,,,,
4067,623,gray,large,metal,cylinder,"[244, 131, 11.32384204864502]",5839.0,"[210, 88, 67, 86]",cache/1756274290939.png,,,,
4068,623,green,small,rubber,cube,"[128, 192, 9.87042236328125]",2570.0,"[104, 165, 46, 54]",cache/1756274290901.png,,,,
4069,623,red,small,rubber,cylinder,"[91, 172, 10.513139724731445]",1818.0,"[70, 148, 38, 47]",cache/1756274290928.png,,,,
4070,623,cyan,large,metal,sphere,"[194, 97, 12.984116554260254]",3321.0,"[164, 67, 56, 58]",cache/1756274290916.png,,,,
4071,623,red,small,metal,sphere,"[88, 130, 12.147197723388672]",953.0,"[72, 114, 31, 30]",cache/1756274290906.png,,,,
4072,623,gray,large,metal,cube,"[218, 248, 7.902713775634766]",16971.0,"[153, 180, 121, 139]",cache/1756274290888.png,,,,
4073,623,purple,small,metal,cylinder,"[319, 213, 9.298022270202637]",2373.0,"[297, 185, 43, 55]",cache/1756274290911.png,,,,
4074,624,purple,small,metal,cube,"[328, 130, 11.497803688049316]",1888.0,"[306, 108, 43, 43]",cache/1756274506994.png,,,,
4075,624,green,small,metal,cube,"[368, 180, 9.462057113647461]",3159.0,"[340, 152, 55, 57]",cache/1756274506978.png,,,,
4076,624,red,small,metal,cube,"[264, 90, 13.925086975097656]",1284.0,"[245, 72, 36, 35]",cache/1756274506999.png,,,,
4077,624,green,small,metal,sphere,"[428, 147, 10.746999740600586]",1268.0,"[409, 128, 36, 34]",cache/1756274506989.png,,,,
4078,624,blue,large,rubber,sphere,"[130, 190, 8.447868347167969]",7986.0,"[84, 145, 89, 89]",cache/1756274506972.png,,,,
4079,624,cyan,large,rubber,cube,"[201, 107, 11.821712493896484]",7212.0,"[158, 65, 84, 85]",cache/1756274506984.png,,,,
4080,625,blue,small,metal,cube,"[213, 152, 10.873603820800781]",1564.0,"[194, 130, 35, 43]",cache/1756274530944.png,,,,
4081,625,red,small,rubber,cylinder,"[258, 90, 14.635601997375488]",811.0,"[244, 73, 26, 31]",cache/1756274530949.png,,,,
4082,625,yellow,small,metal,sphere,"[361, 137, 11.599937438964844]",1057.0,"[344, 120, 32, 32]",cache/1756274530936.png,,,,
4083,625,cyan,small,metal,cube,"[193, 119, 12.606088638305664]",1398.0,"[173, 99, 36, 38]",cache/1756274530954.png,,,,
4084,626,cyan,large,rubber,cylinder,"[284, 178, 9.23171615600586]",9019.0,"[243, 125, 84, 107]",cache/1756274473886.png,,,,
4085,626,gray,large,rubber,cube,"[239, 141, 10.707524299621582]",8699.0,"[192, 95, 91, 94]",cache/1756274473891.png,,,,
4086,626,yellow,small,rubber,sphere,"[126, 167, 10.413806915283203]",1294.0,"[107, 149, 35, 36]",cache/1756274473896.png,,,,
4087,626,gray,large,rubber,sphere,"[386, 129, 11.329253196716309]",4503.0,"[352, 95, 67, 66]",cache/1756274473873.png,,,,
4088,626,green,small,metal,cylinder,"[201, 124, 12.558306694030762]",829.0,"[185, 104, 22, 36]",cache/1756274473905.png,,,,
4089,626,yellow,small,rubber,sphere,"[292, 108, 13.522262573242188]",736.0,"[279, 94, 26, 28]",cache/1756274473901.png,,,,
4090,626,yellow,small,rubber,cube,"[78, 137, 11.802608489990234]",1859.0,"[54, 116, 45, 41]",cache/1756274473882.png,,,,
4091,627,red,small,rubber,cube,"[366, 127, 11.648002624511719]",1937.0,"[345, 104, 44, 43]",cache/1756274444718.png,,,,
4092,627,blue,large,metal,cylinder,"[245, 203, 8.07616138458252]",11899.0,"[197, 142, 95, 124]",cache/1756274444708.png,,,,
4093,627,purple,small,metal,sphere,"[324, 174, 9.653064727783203]",1516.0,"[305, 154, 38, 39]",cache/1756274444698.png,,,,
4094,627,purple,small,rubber,cube,"[138, 155, 10.353066444396973]",2512.0,"[113, 130, 49, 51]",cache/1756274444691.png,,,,
4095,627,cyan,small,metal,cube,"[339, 143, 10.888388633728027]",1833.0,"[319, 119, 39, 46]",cache/1756274444714.png,,,,
4096,627,green,small,metal,cylinder,"[193, 111, 12.532649993896484]",1157.0,"[177, 91, 30, 37]",cache/1756274444703.png,,,,
4097,628,cyan,large,rubber,cube,"[219, 146, 10.041037559509277]",10972.0,"[168, 93, 101, 108]",cache/1756274344743.png,,,,
4098,628,gray,small,rubber,cube,"[194, 107, 12.513802528381348]",10972.0,"[168, 93, 101, 108]",cache/1756274344743.png,,,,
4099,628,brown,small,metal,cylinder,"[145, 221, 8.538439750671387]",2857.0,"[120, 190, 47, 60]",cache/1756274344757.png,,,,
4100,628,red,large,rubber,cylinder,"[277, 227, 7.802693843841553]",13101.0,"[229, 163, 99, 131]",cache/1756274344710.png,,,,
4101,628,green,large,rubber,cube,"[315, 105, 11.760376930236816]",6163.0,"[279, 64, 75, 81]",cache/1756274344662.png,,,,
4102,628,red,large,rubber,cylinder,"[434, 133, 10.52164363861084]",7908.0,"[394, 87, 84, 93]",cache/1756274344777.png,,,,
4103,628,purple,small,metal,cube,"[395, 178, 9.691274642944336]",2833.0,"[369, 150, 50, 56]",cache/1756274344680.png,,,,
4104,629,red,large,rubber,sphere,"[326, 155, 9.99172592163086]",6338.0,"[289, 107, 74, 84]",cache/1756274350956.png,,,,
4105,629,blue,small,rubber,cylinder,"[225, 254, 8.020963668823242]",3091.0,"[200, 221, 47, 65]",cache/1756274350989.png,,,,
4106,629,red,small,rubber,sphere,"[169, 141, 11.215603828430176]",1087.0,"[152, 124, 32, 33]",cache/1756274350978.png,,,,
4107,629,yellow,large,rubber,sphere,"[434, 133, 10.787923812866211]",5083.0,"[397, 97, 72, 69]",cache/1756274350963.png,,,,
4108,629,purple,small,metal,cylinder,"[192, 200, 9.289532661437988]",2265.0,"[170, 172, 41, 54]",cache/1756274350968.png,,,,
4109,629,green,small,rubber,cube,"[149, 119, 12.194518089294434]",1423.0,"[130, 98, 36, 39]",cache/1756274350994.png,,,,
4110,629,blue,small,rubber,cube,"[259, 222, 8.7297945022583]",3418.0,"[232, 190, 53, 63]",cache/1756274350983.png,,,,
4111,629,brown,small,rubber,cube,"[267, 88, 13.80728816986084]",1245.0,"[248, 69, 34, 36]",cache/1756274350973.png,,,,
4112,629,red,small,rubber,cylinder,"[332, 128, 11.75922966003418]",6338.0,"[289, 107, 74, 84]",cache/1756274350956.png,,,,
4113,630,gray,small,metal,cube,"[221, 99, 13.421626091003418]",1283.0,"[203, 79, 34, 37]",cache/1756274597401.png,,,,
4114,630,green,small,rubber,cylinder,"[358, 189, 9.596894264221191]",2297.0,"[336, 162, 43, 52]",cache/1756274597388.png,,,,
4115,630,gray,large,rubber,sphere,"[408, 132, 10.900399208068848]",5005.0,"[372, 96, 71, 69]",cache/1756274597397.png,,,,
4116,630,red,large,metal,cylinder,"[279, 91, 12.915534019470215]",4414.0,"[249, 54, 59, 73]",cache/1756274597381.png,,,,
4117,630,brown,small,metal,sphere,"[240, 133, 11.639519691467285]",1003.0,"[224, 117, 31, 31]",cache/1756274597393.png,,,,
4118,631,brown,large,rubber,sphere,"[224, 90, 13.132061004638672]",3229.0,"[196, 61, 56, 57]",cache/1756274358858.png,,,,
4119,631,blue,large,rubber,sphere,"[124, 154, 9.973819732666016]",5773.0,"[85, 115, 76, 75]",cache/1756274358852.png,,,,
4120,631,red,small,rubber,sphere,"[195, 128, 11.90873908996582]",958.0,"[179, 112, 30, 31]",cache/1756274358889.png,,,,
4121,631,purple,small,rubber,sphere,"[260, 181, 9.737595558166504]",1468.0,"[241, 161, 37, 38]",cache/1756274358867.png,,,,
4122,631,yellow,large,metal,cylinder,"[356, 180, 9.062600135803223]",10117.0,"[311, 126, 91, 110]",cache/1756274358874.png,,,,
4123,632,blue,small,rubber,cube,"[264, 238, 8.685246467590332]",2854.0,"[239, 208, 47, 60]",cache/1756274373647.png,,,,
4124,632,blue,large,rubber,sphere,"[368, 116, 12.009502410888672]",3946.0,"[336, 84, 63, 62]",cache/1756274373637.png,,,,
4125,632,cyan,large,rubber,cube,"[280, 102, 12.691954612731934]",5680.0,"[244, 63, 72, 78]",cache/1756274373629.png,,,,
4126,632,blue,large,rubber,sphere,"[158, 144, 10.805645942687988]",4860.0,"[123, 109, 69, 70]",cache/1756274373642.png,,,,
4127,632,green,small,metal,cylinder,"[336, 192, 9.902837753295898]",2101.0,"[315, 166, 41, 51]",cache/1756274373657.png,,,,
4128,632,cyan,small,rubber,cylinder,"[74, 144, 11.571473121643066]",1645.0,"[53, 122, 38, 43]",cache/1756274373653.png,,,,
4129,632,green,large,rubber,cylinder,"[199, 196, 9.140843391418457]",9392.0,"[154, 141, 84, 110]",cache/1756274373662.png,,,,
4130,633,gray,large,metal,sphere,"[313, 161, 9.292590141296387]",6421.0,"[272, 120, 80, 79]",cache/1756274568269.png,,,,
4131,633,purple,large,rubber,cube,"[105, 128, 10.574103355407715]",7474.0,"[60, 82, 80, 92]",cache/1756274568249.png,,,,
4132,633,brown,large,metal,cylinder,"[332, 97, 12.105781555175781]",5143.0,"[299, 58, 66, 77]",cache/1756274568319.png,,,,
4133,633,brown,small,rubber,cube,"[294, 233, 7.973170757293701]",4346.0,"[262, 198, 62, 69]",cache/1756274568285.png,,,,
4134,633,purple,large,metal,sphere,"[211, 76, 13.415850639343262]",5499.0,"[209, 67, 66, 82]",cache/1756274568331.png,,,,
4135,633,purple,large,rubber,sphere,"[430, 140, 10.065679550170898]",5770.0,"[391, 102, 77, 74]",cache/1756274568277.png,,,,
4136,633,cyan,large,rubber,cylinder,"[144, 196, 8.253593444824219]",11998.0,"[92, 136, 98, 122]",cache/1756274568292.png,,,,
4137,633,blue,small,rubber,sphere,"[381, 131, 11.271377563476562]",1030.0,"[364, 114, 31, 32]",cache/1756274568326.png,,,,
4138,633,gray,large,rubber,cube,"[154, 91, 12.436046600341797]",5323.0,"[115, 54, 70, 75]",cache/1756274568337.png,,,,
4139,633,blue,large,rubber,cylinder,"[243, 108, 11.513047218322754]",5499.0,"[209, 67, 66, 82]",cache/1756274568331.png,,,,
4140,634,brown,small,metal,cube,"[197, 170, 9.921481132507324]",1950.0,"[176, 144, 39, 49]",cache/1756274529187.png,,,,
4141,634,gray,large,rubber,sphere,"[248, 233, 7.747839450836182]",9401.0,"[200, 184, 95, 98]",cache/1756274529192.png,,,,
4142,634,red,small,rubber,cylinder,"[304, 214, 8.719822883605957]",2558.0,"[283, 184, 43, 58]",cache/1756274529211.png,,,,
4143,634,purple,small,rubber,cube,"[340, 157, 10.325047492980957]",2647.0,"[315, 130, 49, 53]",cache/1756274529171.png,,,,
4144,634,blue,large,rubber,cube,"[113, 123, 10.804476737976074]",9272.0,"[64, 75, 94, 98]",cache/1756274529180.png,,,,
4145,634,brown,large,metal,cylinder,"[229, 78, 12.93000602722168]",4378.0,"[199, 40, 58, 74]",cache/1756274529198.png,,,,
4146,634,gray,small,rubber,sphere,"[145, 191, 9.322254180908203]",1612.0,"[125, 170, 39, 40]",cache/1756274529205.png,,,,
4147,635,gray,large,rubber,sphere,"[102, 149, 9.799365997314453]",5954.0,"[62, 110, 77, 76]",cache/1756274548414.png,,,,
4148,635,gray,large,rubber,sphere,"[169, 187, 8.584405899047852]",7604.0,"[125, 143, 86, 87]",cache/1756274548409.png,,,,
4149,635,red,small,metal,cylinder,"[247, 82, 14.214835166931152]",804.0,"[233, 65, 26, 30]",cache/1756274548442.png,,,,
4150,635,green,large,metal,sphere,"[171, 99, 12.125198364257812]",3802.0,"[139, 67, 61, 61]",cache/1756274548420.png,,,,
4151,635,brown,large,metal,cube,"[269, 130, 10.578167915344238]",9203.0,"[222, 82, 93, 98]",cache/1756274548425.png,,,,
4152,635,purple,small,rubber,cylinder,"[347, 126, 11.614822387695312]",1458.0,"[330, 104, 34, 41]",cache/1756274548437.png,,,,
4153,635,red,small,metal,cylinder,"[401, 135, 11.177911758422852]",6794.0,"[356, 123, 83, 81]",cache/1756274548431.png,,,,
4154,635,blue,large,rubber,sphere,"[397, 164, 9.267108917236328]",6794.0,"[356, 123, 83, 81]",cache/1756274548431.png,,,,
4155,635,brown,small,metal,cube,"[311, 103, 12.863622665405273]",1221.0,"[294, 84, 33, 36]",cache/1756274548447.png,,,,
4156,635,yellow,small,metal,sphere,"[310, 224, 8.239927291870117]",2123.0,"[287, 201, 45, 46]",cache/1756274548401.png,,,,
4157,636,cyan,small,metal,cylinder,"[182, 208, 9.205168724060059]",2386.0,"[160, 179, 42, 55]",cache/1756274449254.png,,,,
4158,636,cyan,small,rubber,sphere,"[342, 142, 11.321127891540527]",1119.0,"[325, 125, 33, 33]",cache/1756274449245.png,,,,
4159,636,yellow,large,rubber,cylinder,"[133, 121, 11.461599349975586]",6143.0,"[96, 78, 71, 85]",cache/1756274449249.png,,,,
4160,636,brown,small,rubber,sphere,"[255, 90, 13.911574363708496]",731.0,"[241, 75, 26, 27]",cache/1756274449238.png,,,,
4161,637,red,large,rubber,cube,"[274, 91, 13.618146896362305]",5326.0,"[237, 55, 74, 71]",cache/1756274551749.png,,,,
4162,637,purple,large,rubber,cylinder,"[192, 97, 13.142675399780273]",4144.0,"[161, 62, 58, 70]",cache/1756274551771.png,,,,
4163,637,blue,small,metal,cylinder,"[212, 243, 7.9692463874816895]",3096.0,"[187, 211, 47, 64]",cache/1756274551776.png,,,,
4164,637,cyan,small,metal,sphere,"[253, 193, 9.379240989685059]",1579.0,"[233, 173, 39, 39]",cache/1756274551757.png,,,,
4165,637,gray,small,metal,cube,"[70, 145, 11.322117805480957]",2154.0,"[45, 122, 47, 45]",cache/1756274551762.png,,,,
4166,637,brown,small,rubber,sphere,"[93, 163, 10.491829872131348]",1294.0,"[74, 145, 36, 35]",cache/1756274551780.png,,,,
4167,638,blue,large,rubber,sphere,"[295, 197, 8.838130950927734]",7206.0,"[253, 155, 84, 85]",cache/1756274570238.png,,,,
4168,638,brown,large,metal,cube,"[192, 165, 9.867424011230469]",10974.0,"[138, 113, 102, 107]",cache/1756274570224.png,,,,
4169,638,red,small,metal,cube,"[131, 145, 11.481675148010254]",2028.0,"[107, 121, 44, 45]",cache/1756274570233.png,,,,
4170,639,purple,large,rubber,cube,"[187, 101, 11.892127990722656]",6823.0,"[144, 60, 82, 83]",cache/1756274543242.png,,,,
4171,639,blue,large,rubber,cube,"[325, 145, 9.801694869995117]",9075.0,"[282, 97, 92, 98]",cache/1756274543232.png,,,,
4172,639,gray,small,metal,cube,"[245, 183, 9.226308822631836]",2856.0,"[220, 155, 50, 56]",cache/1756274543247.png,,,,
4173,640,red,large,rubber,sphere,"[290, 157, 9.466866493225098]",6156.0,"[251, 117, 77, 78]",cache/1756274615888.png,,,,
4174,640,cyan,large,metal,sphere,"[70, 130, 10.549271583557129]",5297.0,"[32, 93, 73, 71]",cache/1756274615862.png,,,,
4175,640,brown,large,metal,cube,"[224, 94, 12.400223731994629]",4726.0,"[193, 56, 63, 74]",cache/1756274615877.png,,,,
4176,640,cyan,small,metal,cube,"[191, 237, 7.880213737487793]",3806.0,"[162, 203, 55, 68]",cache/1756274615872.png,,,,
4177,640,purple,large,rubber,cube,"[290, 81, 13.226656913757324]",4252.0,"[259, 46, 59, 70]",cache/1756274615894.png,,,,
4178,640,red,large,rubber,cube,"[354, 102, 11.912904739379883]",7562.0,"[311, 61, 89, 84]",cache/1756274615883.png,,,,
4179,640,yellow,small,rubber,sphere,"[256, 220, 8.291622161865234]",2040.0,"[233, 197, 44, 45]",cache/1756274615900.png,,,,
4180,641,yellow,large,metal,cylinder,"[221, 165, 9.645757675170898]",8197.0,"[180, 114, 79, 103]",cache/1756274396793.png,,,,
4181,641,gray,large,metal,cylinder,"[248, 69, 14.18478012084961]",3588.0,"[220, 35, 54, 66]",cache/1756274396828.png,,,,
4182,641,brown,small,metal,cylinder,"[359, 198, 9.325939178466797]",2422.0,"[337, 170, 44, 54]",cache/1756274396808.png,,,,
4183,641,gray,small,rubber,cylinder,"[271, 103, 13.016439437866211]",1095.0,"[255, 84, 29, 36]",cache/1756274396821.png,,,,
4184,641,yellow,large,rubber,cylinder,"[125, 120, 11.361912727355957]",6255.0,"[86, 77, 72, 86]",cache/1756274396801.png,,,,
4185,641,red,small,rubber,cube,"[165, 222, 8.689215660095215]",2740.0,"[141, 192, 46, 59]",cache/1756274396779.png,,,,
4186,641,blue,large,rubber,cube,"[407, 152, 10.05602741241455]",10955.0,"[356, 103, 108, 100]",cache/1756274396785.png,,,,
4187,641,blue,large,metal,sphere,"[320, 130, 10.908163070678711]",4686.0,"[286, 95, 68, 68]",cache/1756274396770.png,,,,
4188,641,red,small,metal,cylinder,"[167, 111, 12.592992782592773]",1019.0,"[155, 91, 26, 38]",cache/1756274396815.png,,,,
4189,641,red,small,rubber,cylinder,"[350, 124, 11.978458404541016]",923.0,"[343, 103, 22, 40]",cache/1756274396841.png,,,,
4190,642,red,large,rubber,cylinder,"[154, 170, 9.52377700805664]",8725.0,"[109, 119, 83, 104]",cache/1756274497358.png,,,,
4191,642,brown,large,rubber,cube,"[324, 134, 10.859898567199707]",7149.0,"[285, 91, 82, 86]",cache/1756274497352.png,,,,
4192,642,green,large,rubber,cylinder,"[207, 112, 11.91612720489502]",5181.0,"[173, 72, 64, 80]",cache/1756274497363.png,,,,
4193,642,brown,small,metal,sphere,"[236, 100, 13.543346405029297]",346.0,"[236, 86, 12, 27]",cache/1756274497370.png,,,,
4194,642,red,large,rubber,sphere,"[312, 185, 9.058486938476562]",6768.0,"[271, 143, 82, 82]",cache/1756274497342.png,,,,
4195,642,green,small,metal,sphere,"[419, 164, 10.45996379852295]",1336.0,"[400, 145, 37, 35]",cache/1756274497348.png,,,,
4196,643,gray,small,rubber,cube,"[355, 139, 11.315274238586426]",2148.0,"[331, 115, 45, 46]",cache/1756274298823.png,,,,
4197,643,purple,small,rubber,cylinder,"[218, 166, 10.255165100097656]",1796.0,"[199, 141, 37, 48]",cache/1756274298813.png,,,,
4198,643,yellow,small,metal,sphere,"[156, 156, 10.612480163574219]",1229.0,"[138, 138, 34, 35]",cache/1756274298818.png,,,,
4199,643,green,large,rubber,cylinder,"[264, 73, 13.998490333557129]",3704.0,"[236, 38, 54, 67]",cache/1756274298833.png,,,,
4200,643,red,small,metal,cylinder,"[178, 237, 8.25429630279541]",2987.0,"[153, 206, 47, 62]",cache/1756274298808.png,,,,
4201,643,purple,large,metal,cylinder,"[299, 109, 11.822748184204102]",5444.0,"[266, 69, 66, 81]",cache/1756274298828.png,,,,
4202,643,purple,large,metal,sphere,"[100, 165, 9.5814208984375]",6228.0,"[59, 125, 79, 78]",cache/1756274298801.png,,,,
4203,644,brown,large,metal,cube,"[346, 137, 10.29924201965332]",8069.0,"[305, 91, 87, 91]",cache/1756274335674.png,,,,
4204,644,purple,small,rubber,cube,"[97, 124, 11.78709888458252]",1762.0,"[74, 103, 43, 40]",cache/1756274335684.png,,,,
4205,644,red,small,metal,sphere,"[238, 209, 8.579754829406738]",1877.0,"[216, 186, 42, 43]",cache/1756274335668.png,,,,
4206,644,green,large,metal,sphere,"[181, 101, 12.073003768920898]",3835.0,"[149, 69, 61, 62]",cache/1756274335663.png,,,,
4207,644,green,large,metal,sphere,"[258, 73, 14.022012710571289]",2830.0,"[231, 45, 52, 53]",cache/1756274335657.png,,,,
4208,644,cyan,large,rubber,cylinder,"[310, 176, 8.854333877563477]",8069.0,"[305, 91, 87, 91]",cache/1756274335674.png,,,,
4209,644,red,small,metal,cylinder,"[97, 175, 9.63987922668457]",2237.0,"[74, 149, 43, 51]",cache/1756274335679.png,,,,
4210,644,blue,small,rubber,cylinder,"[190, 241, 7.7842912673950195]",3273.0,"[164, 208, 49, 65]",cache/1756274335702.png,,,,
4211,644,brown,small,rubber,cylinder,"[134, 133, 11.344547271728516]",1496.0,"[116, 111, 35, 42]",cache/1756274335708.png,,,,
4212,644,brown,large,metal,cube,"[435, 127, 10.723956108093262]",8562.0,"[389, 81, 90, 94]",cache/1756274335689.png,,,,
4213,645,cyan,small,rubber,cylinder,"[303, 232, 8.525683403015137]",2838.0,"[280, 201, 46, 61]",cache/1756274409173.png,,,,
4214,645,cyan,small,rubber,cube,"[195, 266, 7.8343071937561035]",4946.0,"[161, 229, 65, 75]",cache/1756274409163.png,,,,
4215,645,gray,small,metal,cylinder,"[180, 156, 10.6118803024292]",1749.0,"[160, 132, 37, 47]",cache/1756274409178.png,,,,
4216,645,gray,small,rubber,sphere,"[315, 134, 11.451353073120117]",1063.0,"[298, 117, 32, 32]",cache/1756274409183.png,,,,
4217,645,green,small,rubber,cube,"[346, 112, 12.369544982910156]",1802.0,"[325, 91, 42, 42]",cache/1756274409169.png,,,,
4218,646,purple,small,metal,cube,"[127, 181, 9.789088249206543]",2367.0,"[102, 155, 46, 50]",cache/1756274595368.png,,,,
4219,646,purple,large,rubber,cylinder,"[236, 86, 12.950899124145508]",4346.0,"[206, 49, 58, 73]",cache/1756274595381.png,,,,
4220,646,red,large,metal,cube,"[203, 185, 9.012651443481445]",11898.0,"[148, 129, 102, 115]",cache/1756274595362.png,,,,
4221,646,gray,large,rubber,cylinder,"[329, 130, 10.859859466552734]",5670.0,"[294, 85, 72, 78]",cache/1756274595397.png,,,,
4222,646,red,large,rubber,cylinder,"[407, 154, 9.960071563720703]",8615.0,"[367, 104, 86, 100]",cache/1756274595391.png,,,,
4223,646,yellow,small,rubber,cube,"[181, 109, 12.61979866027832]",1603.0,"[160, 88, 39, 40]",cache/1756274595386.png,,,,
4224,646,brown,large,metal,cube,"[315, 210, 8.367162704467773]",16165.0,"[255, 145, 119, 134]",cache/1756274595352.png,,,,
4225,646,cyan,small,rubber,sphere,"[89, 128, 11.733834266662598]",1073.0,"[72, 111, 32, 32]",cache/1756274595373.png,,,,
4226,647,yellow,small,rubber,cube,"[172, 172, 9.664304733276367]",2974.0,"[145, 144, 53, 55]",cache/1756274278118.png,,,,
4227,647,gray,large,metal,sphere,"[266, 178, 8.76862907409668]",7268.0,"[223, 135, 84, 85]",cache/1756274278133.png,,,,
4228,647,blue,small,rubber,cube,"[313, 131, 11.216052055358887]",1667.0,"[293, 109, 38, 42]",cache/1756274278113.png,,,,
4229,647,red,small,rubber,sphere,"[215, 91, 13.35944652557373]",771.0,"[201, 76, 27, 28]",cache/1756274278109.png,,,,
4230,647,green,large,rubber,sphere,"[163, 88, 12.556954383850098]",3555.0,"[133, 57, 59, 60]",cache/1756274278104.png,,,,
4231,647,yellow,large,rubber,cube,"[104, 126, 10.582620620727539]",8582.0,"[59, 79, 88, 96]",cache/1756274278128.png,,,,
4232,647,brown,small,metal,cube,"[353, 120, 11.749154090881348]",1783.0,"[332, 98, 42, 41]",cache/1756274278123.png,,,,
4233,647,yellow,small,rubber,sphere,"[390, 155, 10.263166427612305]",1356.0,"[371, 136, 37, 36]",cache/1756274278096.png,,,,
4234,648,yellow,small,metal,cube,"[216, 158, 11.01648235321045]",1896.0,"[192, 134, 45, 41]",cache/1756274522791.png,,,,
4235,648,blue,small,metal,cylinder,"[274, 190, 9.796539306640625]",16051.0,"[185, 164, 118, 135]",cache/1756274522766.png,,,,
4236,648,red,large,metal,cylinder,"[380, 128, 11.573139190673828]",5674.0,"[348, 87, 68, 83]",cache/1756274522807.png,,,,
4237,648,cyan,small,rubber,sphere,"[143, 125, 12.64564037322998]",892.0,"[127, 109, 29, 30]",cache/1756274522786.png,,,,
4238,648,cyan,large,metal,cylinder,"[334, 157, 10.270357131958008]",7553.0,"[296, 110, 79, 95]",cache/1756274522795.png,,,,
4239,648,purple,small,metal,cylinder,"[95, 133, 12.194514274597168]",1372.0,"[76, 113, 34, 39]",cache/1756274522775.png,,,,
4240,648,yellow,small,rubber,cylinder,"[283, 105, 13.891721725463867]",946.0,"[268, 87, 27, 34]",cache/1756274522802.png,,,,
4241,648,red,large,rubber,cube,"[243, 229, 8.03026008605957]",16051.0,"[185, 164, 118, 135]",cache/1756274522766.png,,,,
4242,648,purple,small,rubber,cylinder,"[334, 117, 13.081223487854004]",7553.0,"[296, 110, 79, 95]",cache/1756274522795.png,,,,
4243,648,brown,large,rubber,sphere,"[201, 87, 14.118401527404785]",2780.0,"[174, 59, 52, 53]",cache/1756274522780.png,,,,
4244,649,gray,large,metal,sphere,"[128, 159, 10.09402084350586]",5552.0,"[90, 121, 75, 73]",cache/1756274298147.png,,,,
4245,649,gray,small,rubber,cube,"[168, 119, 12.548466682434082]",1714.0,"[146, 97, 40, 41]",cache/1756274298163.png,,,,
4246,649,red,large,rubber,sphere,"[375, 115, 11.89963150024414]",4031.0,"[343, 82, 64, 62]",cache/1756274298153.png,,,,
4247,649,cyan,large,metal,cylinder,"[284, 91, 13.145739555358887]",4346.0,"[254, 54, 59, 73]",cache/1756274298158.png,,,,
4248,649,yellow,large,metal,sphere,"[209, 236, 7.981555461883545]",8801.0,"[161, 189, 93, 94]",cache/1756274298139.png,,,,
4249,650,yellow,large,metal,sphere,"[233, 253, 7.194905757904053]",10902.0,"[181, 200, 103, 105]",cache/1756274306441.png,,,,
4250,650,red,small,metal,cube,"[182, 218, 8.548280715942383]",10902.0,"[181, 200, 103, 105]",cache/1756274306441.png,,,,
4251,650,brown,small,rubber,cylinder,"[345, 125, 11.745165824890137]",1425.0,"[328, 104, 34, 41]",cache/1756274306451.png,,,,
4252,651,red,small,rubber,cylinder,"[247, 253, 7.925799369812012]",3174.0,"[222, 219, 48, 65]",cache/1756274416256.png,,,,
4253,651,gray,small,metal,sphere,"[376, 164, 10.32783031463623]",1353.0,"[357, 145, 37, 36]",cache/1756274416261.png,,,,
4254,651,red,small,rubber,sphere,"[83, 145, 11.027667045593262]",1191.0,"[65, 127, 34, 34]",cache/1756274416240.png,,,,
4255,651,brown,small,metal,cube,"[292, 155, 10.642671585083008]",1854.0,"[272, 131, 40, 45]",cache/1756274416252.png,,,,
4256,651,cyan,large,metal,sphere,"[326, 112, 11.66806411743164]",4175.0,"[294, 79, 64, 64]",cache/1756274416247.png,,,,
4257,652,blue,small,metal,sphere,"[255, 173, 9.894853591918945]",1407.0,"[236, 154, 37, 37]",cache/1756274342963.png,,,,
4258,652,green,large,rubber,sphere,"[372, 176, 9.111371040344238]",6799.0,"[331, 134, 83, 81]",cache/1756274342978.png,,,,
4259,652,cyan,small,metal,cube,"[295, 157, 10.487786293029785]",2491.0,"[270, 131, 48, 51]",cache/1756274342968.png,,,,
4260,652,green,large,metal,cube,"[215, 116, 11.403158187866211]",7999.0,"[171, 71, 87, 91]",cache/1756274342973.png,,,,
4261,653,gray,large,metal,cube,"[196, 149, 10.620997428894043]",6936.0,"[155, 104, 76, 90]",cache/1756274429821.png,,,,
4262,653,brown,small,rubber,cylinder,"[225, 129, 12.31991958618164]",6936.0,"[155, 104, 76, 90]",cache/1756274429821.png,,,,
4263,653,purple,small,rubber,sphere,"[262, 113, 13.213417053222656]",797.0,"[247, 98, 27, 28]",cache/1756274429826.png,,,,
4264,653,cyan,large,metal,cylinder,"[131, 107, 12.632110595703125]",4170.0,"[97, 69, 63, 65]",cache/1756274429841.png,,,,
4265,653,gray,large,rubber,sphere,"[343, 165, 10.0045747756958]",5693.0,"[305, 127, 75, 75]",cache/1756274429814.png,,,,
4266,653,blue,large,metal,cylinder,"[72, 137, 11.107102394104004]",6504.0,"[30, 94, 73, 87]",cache/1756274429836.png,,,,
4267,653,purple,large,rubber,cylinder,"[124, 179, 9.553850173950195]",9055.0,"[78, 127, 86, 104]",cache/1756274429831.png,,,,
4268,654,red,small,rubber,sphere,"[148, 125, 12.05322265625]",938.0,"[133, 109, 29, 31]",cache/1756274259913.png,,,,
4269,654,cyan,large,rubber,cylinder,"[182, 87, 13.193277359008789]",4324.0,"[151, 50, 59, 72]",cache/1756274259891.png,,,,
4270,654,yellow,large,rubber,cylinder,"[303, 192, 8.994622230529785]",9723.0,"[262, 136, 86, 112]",cache/1756274259878.png,,,,
4271,654,green,small,rubber,cylinder,"[255, 143, 11.299385070800781]",1481.0,"[238, 120, 33, 44]",cache/1756274259901.png,,,,
4272,654,red,large,metal,cube,"[227, 240, 7.837404727935791]",18423.0,"[161, 171, 126, 145]",cache/1756274259743.png,,,,
4273,654,blue,large,metal,cylinder,"[101, 151, 10.27228832244873]",8057.0,"[57, 102, 83, 96]",cache/1756274259836.png,,,,
4274,654,cyan,large,rubber,cylinder,"[339, 98, 12.557878494262695]",5030.0,"[307, 59, 64, 77]",cache/1756274259798.png,,,,
4275,655,brown,small,metal,sphere,"[264, 152, 10.705711364746094]",1186.0,"[247, 135, 34, 34]",cache/1756274390862.png,,,,
4276,655,gray,large,rubber,cube,"[69, 116, 11.558338165283203]",7911.0,"[19, 74, 93, 84]",cache/1756274390845.png,,,,
4277,655,cyan,small,rubber,sphere,"[223, 172, 9.92711353302002]",1415.0,"[204, 153, 36, 38]",cache/1756274390850.png,,,,
4278,655,brown,small,metal,sphere,"[180, 122, 12.162278175354004]",931.0,"[164, 106, 30, 30]",cache/1756274390856.png,,,,
4279,655,gray,small,rubber,sphere,"[118, 161, 10.35970687866211]",1240.0,"[99, 142, 36, 34]",cache/1756274390883.png,,,,
4280,655,cyan,large,rubber,cylinder,"[281, 96, 12.716981887817383]",4536.0,"[250, 59, 61, 74]",cache/1756274390878.png,,,,
4281,655,cyan,small,metal,sphere,"[128, 184, 9.517728805541992]",1571.0,"[108, 164, 39, 39]",cache/1756274390834.png,,,,
4282,655,cyan,small,rubber,cylinder,"[327, 214, 8.603540420532227]",2794.0,"[303, 184, 47, 59]",cache/1756274390840.png,,,,
4283,655,yellow,large,metal,cylinder,"[367, 129, 10.909102439880371]",6738.0,"[330, 85, 76, 88]",cache/1756274390872.png,,,,
4284,655,yellow,small,rubber,sphere,"[208, 100, 13.499711036682129]",764.0,"[193, 85, 27, 28]",cache/1756274390867.png,,,,
4285,656,cyan,large,metal,sphere,"[247, 113, 11.524292945861816]",4196.0,"[214, 80, 64, 65]",cache/1756274426691.png,,,,
4286,656,brown,small,rubber,cube,"[347, 167, 10.173484802246094]",2119.0,"[325, 143, 44, 48]",cache/1756274426712.png,,,,
4287,656,gray,large,rubber,cylinder,"[299, 82, 13.161565780639648]",4303.0,"[270, 45, 59, 72]",cache/1756274426717.png,,,,
4288,656,blue,small,metal,sphere,"[146, 112, 12.432150840759277]",914.0,"[130, 96, 30, 30]",cache/1756274426697.png,,,,
4289,656,yellow,small,metal,cube,"[226, 243, 8.1461820602417]",4429.0,"[194, 208, 62, 71]",cache/1756274426707.png,,,,
4290,656,yellow,small,metal,cube,"[295, 226, 8.532502174377441]",3824.0,"[266, 193, 58, 65]",cache/1756274426702.png,,,,
4291,657,gray,small,rubber,cylinder,"[223, 104, 13.535396575927734]",962.0,"[208, 86, 28, 34]",cache/1756274305106.png,,,,
4292,657,gray,large,metal,cylinder,"[152, 171, 9.38808536529541]",8904.0,"[108, 120, 85, 104]",cache/1756274305089.png,,,,
4293,657,cyan,small,metal,cube,"[125, 131, 11.94455337524414]",8904.0,"[108, 120, 85, 104]",cache/1756274305089.png,,,,
4294,657,green,large,metal,cylinder,"[373, 133, 10.951245307922363]",6736.0,"[335, 89, 76, 87]",cache/1756274305095.png,,,,
4295,657,red,large,rubber,sphere,"[279, 87, 13.699498176574707]",2940.0,"[251, 58, 52, 55]",cache/1756274305079.png,,,,
4296,657,blue,small,metal,sphere,"[229, 252, 7.798257827758789]",2402.0,"[205, 227, 47, 50]",cache/1756274305067.png,,,,
4297,657,red,large,metal,sphere,"[162, 99, 12.821174621582031]",3138.0,"[132, 69, 58, 54]",cache/1756274305073.png,,,,
4298,657,brown,large,metal,sphere,"[316, 109, 12.202828407287598]",3550.0,"[285, 78, 57, 61]",cache/1756274305084.png,,,,
4299,657,brown,large,metal,cylinder,"[75, 138, 10.703839302062988]",7109.0,"[32, 93, 78, 90]",cache/1756274305100.png,,,,
4300,658,yellow,small,rubber,cube,"[325, 144, 11.246793746948242]",1558.0,"[306, 121, 37, 41]",cache/1756274520911.png,,,,
4301,658,purple,large,metal,cylinder,"[161, 99, 12.577102661132812]",4849.0,"[127, 61, 63, 76]",cache/1756274520887.png,,,,
4302,658,green,large,rubber,sphere,"[262, 109, 12.035628318786621]",3830.0,"[231, 77, 61, 62]",cache/1756274520895.png,,,,
4303,658,gray,large,rubber,sphere,"[419, 151, 10.193954467773438]",5683.0,"[381, 114, 76, 74]",cache/1756274520900.png,,,,
4304,658,purple,large,rubber,cylinder,"[303, 213, 8.317704200744629]",11646.0,"[257, 153, 94, 122]",cache/1756274520906.png,,,,
4305,659,cyan,large,rubber,cylinder,"[219, 118, 11.605717658996582]",5473.0,"[185, 77, 66, 82]",cache/1756274257613.png,,,,
4306,659,purple,large,metal,sphere,"[303, 165, 9.611410140991211]",6088.0,"[264, 125, 77, 78]",cache/1756274257596.png,,,,
4307,659,gray,small,metal,sphere,"[62, 144, 11.230110168457031]",1169.0,"[44, 127, 34, 33]",cache/1756274257602.png,,,,
4308,659,yellow,small,rubber,sphere,"[102, 167, 10.295641899108887]",1343.0,"[82, 148, 36, 36]",cache/1756274257607.png,,,,
4309,660,red,large,rubber,cube,"[300, 120, 11.296619415283203]",7489.0,"[258, 75, 81, 91]",cache/1756274299139.png,,,,
4310,660,blue,large,metal,cube,"[374, 164, 9.69263744354248]",9649.0,"[330, 113, 94, 102]",cache/1756274299129.png,,,,
4311,660,yellow,large,rubber,sphere,"[250, 75, 13.559511184692383]",3061.0,"[222, 46, 54, 56]",cache/1756274299144.png,,,,
4312,661,brown,small,metal,cube,"[322, 125, 11.930922508239746]",1472.0,"[304, 104, 35, 41]",cache/1756274618580.png,,,,
4313,661,red,large,rubber,cube,"[295, 86, 13.286827087402344]",5409.0,"[259, 50, 73, 73]",cache/1756274618569.png,,,,
4314,661,yellow,large,rubber,cylinder,"[291, 216, 7.954286575317383]",12560.0,"[242, 154, 98, 127]",cache/1756274618554.png,,,,
4315,661,cyan,small,rubber,cube,"[85, 146, 10.934471130371094]",2448.0,"[58, 122, 50, 48]",cache/1756274618545.png,,,,
4316,661,yellow,large,rubber,sphere,"[236, 98, 12.481441497802734]",3586.0,"[206, 67, 59, 60]",cache/1756274618563.png,,,,
4317,661,blue,large,metal,cylinder,"[386, 122, 11.19364070892334]",6550.0,"[348, 79, 76, 86]",cache/1756274618575.png,,,,
4318,661,cyan,small,rubber,cylinder,"[257, 181, 9.625688552856445]",1423.0,"[236, 155, 29, 48]",cache/1756274618585.png,,,,
4319,661,purple,small,rubber,cube,"[157, 199, 9.05246353149414]",3280.0,"[129, 169, 54, 60]",cache/1756274618538.png,,,,
4320,662,gray,large,rubber,cube,"[228, 176, 9.394021987915039]",10393.0,"[177, 122, 95, 109]",cache/1756274312065.png,,,,
4321,662,gray,large,rubber,cylinder,"[307, 132, 11.01919174194336]",6333.0,"[273, 88, 71, 88]",cache/1756274312089.png,,,,
4322,662,purple,small,metal,cube,"[114, 133, 11.763391494750977]",1513.0,"[95, 112, 35, 42]",cache/1756274312058.png,,,,
4323,662,green,small,metal,cube,"[340, 115, 12.684454917907715]",6333.0,"[273, 88, 71, 88]",cache/1756274312089.png,,,,
4324,662,brown,small,rubber,sphere,"[116, 178, 10.004015922546387]",1411.0,"[97, 159, 37, 37]",cache/1756274312071.png,,,,
4325,662,purple,small,rubber,cylinder,"[194, 121, 12.355268478393555]",1175.0,"[178, 101, 30, 38]",cache/1756274312094.png,,,,
4326,662,purple,small,rubber,sphere,"[166, 107, 13.133920669555664]",799.0,"[151, 92, 27, 29]",cache/1756274312075.png,,,,
4327,662,red,large,metal,cylinder,"[402, 150, 10.278615951538086]",8100.0,"[361, 102, 84, 95]",cache/1756274312084.png,,,,
4328,663,brown,large,metal,sphere,"[195, 109, 11.647673606872559]",3640.0,"[163, 75, 63, 57]",cache/1756274430239.png,,,,
4329,663,brown,large,rubber,cylinder,"[109, 137, 10.342089653015137]",7659.0,"[66, 90, 81, 94]",cache/1756274430249.png,,,,
4330,663,red,large,metal,sphere,"[346, 99, 12.144280433654785]",3811.0,"[315, 68, 61, 61]",cache/1756274430266.png,,,,
4331,663,blue,large,rubber,sphere,"[210, 152, 9.752782821655273]",5880.0,"[171, 113, 76, 77]",cache/1756274430234.png,,,,
4332,663,gray,small,metal,cylinder,"[255, 143, 10.920462608337402]",1513.0,"[238, 120, 34, 44]",cache/1756274430261.png,,,,
4333,663,red,large,rubber,cube,"[278, 83, 13.145637512207031]",5738.0,"[240, 45, 76, 75]",cache/1756274430255.png,,,,
4334,663,blue,small,metal,cube,"[388, 135, 11.27044677734375]",2268.0,"[363, 111, 48, 46]",cache/1756274430245.png,,,,
4335,663,green,small,rubber,cube,"[136, 209, 8.697710037231445]",3781.0,"[105, 177, 58, 64]",cache/1756274430226.png,,,,
4336,664,purple,large,metal,cylinder,"[320, 133, 11.046265602111816]",6381.0,"[284, 89, 72, 88]",cache/1756274510821.png,,,,
4337,664,blue,small,metal,cylinder,"[283, 198, 9.49966812133789]",2132.0,"[263, 171, 40, 53]",cache/1756274510834.png,,,,
4338,664,gray,small,metal,cube,"[161, 224, 8.790168762207031]",19524.0,"[146, 171, 132, 147]",cache/1756274510779.png,,,,
4339,664,red,large,metal,cube,"[214, 242, 7.78696870803833]",19524.0,"[146, 171, 132, 147]",cache/1756274510779.png,,,,
4340,664,purple,small,rubber,cylinder,"[158, 132, 11.927660942077637]",1360.0,"[141, 110, 33, 40]",cache/1756274510828.png,,,,
4341,664,brown,small,metal,cube,"[387, 169, 10.402229309082031]",2190.0,"[364, 144, 43, 50]",cache/1756274510791.png,,,,
4342,664,yellow,large,metal,cube,"[201, 84, 13.631734848022461]",4075.0,"[168, 50, 59, 68]",cache/1756274510799.png,,,,
4343,664,brown,large,rubber,cube,"[245, 103, 12.496376037597656]",6609.0,"[204, 63, 80, 82]",cache/1756274510807.png,,,,
4344,664,green,small,rubber,cylinder,"[418, 156, 10.887234687805176]",1700.0,"[401, 133, 37, 45]",cache/1756274510841.png,,,,
4345,665,brown,small,rubber,cube,"[110, 124, 11.656818389892578]",2030.0,"[87, 101, 44, 46]",cache/1756274485211.png,,,,
4346,665,yellow,small,rubber,sphere,"[250, 111, 12.228217124938965]",923.0,"[234, 95, 29, 30]",cache/1756274485221.png,,,,
4347,665,gray,large,metal,sphere,"[282, 232, 7.950866222381592]",12632.0,"[234, 148, 94, 134]",cache/1756274485231.png,,,,
4348,665,red,small,rubber,cube,"[195, 96, 12.912919998168945]",1616.0,"[175, 75, 39, 40]",cache/1756274485226.png,,,,
4349,665,red,small,metal,sphere,"[378, 148, 10.78431224822998]",1225.0,"[359, 130, 35, 34]",cache/1756274485204.png,,,,
4350,665,yellow,small,metal,cylinder,"[227, 80, 13.764028549194336]",957.0,"[213, 62, 27, 34]",cache/1756274485237.png,,,,
4351,665,yellow,small,rubber,sphere,"[148, 190, 9.500509262084961]",1554.0,"[128, 169, 39, 39]",cache/1756274485216.png,,,,
4352,665,gray,small,metal,cylinder,"[297, 174, 9.949214935302734]",1886.0,"[277, 148, 39, 47]",cache/1756274485242.png,,,,
4353,666,purple,large,rubber,cylinder,"[323, 179, 9.525893211364746]",9012.0,"[281, 127, 85, 105]",cache/1756274472266.png,,,,
4354,666,green,large,rubber,cylinder,"[151, 102, 12.494359970092773]",5039.0,"[117, 63, 64, 78]",cache/1756274472277.png,,,,
4355,666,brown,small,rubber,sphere,"[192, 139, 11.630932807922363]",1015.0,"[176, 122, 31, 32]",cache/1756274472282.png,,,,
4356,667,yellow,small,metal,cube,"[187, 186, 9.951951026916504]",2580.0,"[162, 159, 47, 54]",cache/1756274599276.png,,,,
4357,667,red,large,metal,sphere,"[80, 129, 11.340912818908691]",4432.0,"[45, 95, 67, 65]",cache/1756274599258.png,,,,
4358,667,gray,small,rubber,cylinder,"[233, 112, 13.021669387817383]",1078.0,"[217, 93, 29, 36]",cache/1756274599290.png,,,,
4359,667,red,small,rubber,cylinder,"[377, 161, 10.830633163452148]",1777.0,"[357, 137, 38, 45]",cache/1756274599285.png,,,,
4360,667,red,small,metal,cube,"[309, 205, 9.396498680114746]",2319.0,"[287, 177, 42, 54]",cache/1756274599266.png,,,,
4361,667,red,small,rubber,cube,"[331, 122, 12.485965728759766]",1270.0,"[314, 102, 32, 39]",cache/1756274599281.png,,,,
4362,667,blue,small,metal,cube,"[216, 239, 8.514923095703125]",3300.0,"[189, 207, 51, 63]",cache/1756274599271.png,,,,
4363,668,yellow,large,rubber,cylinder,"[198, 117, 12.083288192749023]",5010.0,"[165, 77, 63, 78]",cache/1756274570567.png,,,,
4364,668,gray,large,metal,cylinder,"[75, 133, 11.205289840698242]",6690.0,"[34, 90, 77, 86]",cache/1756274570555.png,,,,
4365,668,gray,large,metal,cube,"[220, 226, 7.931662082672119]",18147.0,"[155, 159, 127, 141]",cache/1756274570542.png,,,,
4366,668,gray,large,metal,cube,"[316, 100, 13.125320434570312]",5743.0,"[278, 63, 76, 75]",cache/1756274570561.png,,,,
4367,668,gray,large,metal,cylinder,"[323, 192, 8.885285377502441]",9878.0,"[281, 137, 87, 112]",cache/1756274570572.png,,,,
4368,669,yellow,large,rubber,cube,"[219, 79, 13.516236305236816]",4679.0,"[186, 44, 65, 70]",cache/1756274577122.png,,,,
4369,669,purple,small,rubber,cube,"[276, 98, 13.296260833740234]",1198.0,"[259, 79, 32, 36]",cache/1756274577130.png,,,,
4370,669,green,small,metal,cylinder,"[173, 127, 11.641986846923828]",1382.0,"[155, 106, 33, 41]",cache/1756274577141.png,,,,
4371,669,brown,large,metal,cylinder,"[280, 214, 7.883998394012451]",12552.0,"[232, 151, 97, 128]",cache/1756274577158.png,,,,
4372,669,green,large,rubber,cube,"[417, 151, 9.796194076538086]",11867.0,"[366, 98, 109, 108]",cache/1756274577150.png,,,,
4373,669,green,large,metal,sphere,"[360, 180, 8.811408996582031]",7101.0,"[321, 137, 82, 86]",cache/1756274577070.png,,,,
4374,669,red,large,rubber,cylinder,"[239, 132, 10.541999816894531]",6568.0,"[203, 87, 71, 91]",cache/1756274577092.png,,,,
4375,669,purple,large,rubber,cube,"[97, 125, 10.864177703857422]",9567.0,"[45, 79, 100, 95]",cache/1756274577044.png,,,,
4376,669,red,small,rubber,cylinder,"[304, 116, 12.22447395324707]",1223.0,"[288, 96, 31, 38]",cache/1756274577169.png,,,,
4377,670,purple,small,rubber,sphere,"[143, 116, 12.45826244354248]",923.0,"[127, 100, 30, 30]",cache/1756274532602.png,,,,
4378,670,green,large,metal,cylinder,"[210, 173, 9.31209659576416]",8815.0,"[167, 120, 82, 106]",cache/1756274532609.png,,,,
4379,670,brown,small,rubber,cube,"[296, 103, 13.182217597961426]",1531.0,"[275, 83, 39, 39]",cache/1756274532618.png,,,,
4380,670,cyan,small,metal,sphere,"[256, 125, 12.011711120605469]",967.0,"[240, 108, 30, 31]",cache/1756274532614.png,,,,
4381,671,red,small,metal,cube,"[240, 245, 8.56104564666748]",3403.0,"[213, 213, 53, 64]",cache/1756274576413.png,,,,
4382,671,brown,small,rubber,cylinder,"[268, 99, 13.861188888549805]",941.0,"[253, 81, 27, 34]",cache/1756274576443.png,,,,
4383,671,cyan,large,rubber,cylinder,"[50, 128, 11.520155906677246]",6724.0,"[8, 85, 78, 85]",cache/1756274576418.png,,,,
4384,671,blue,small,metal,sphere,"[210, 123, 12.569013595581055]",886.0,"[195, 107, 29, 29]",cache/1756274576438.png,,,,
4385,671,gray,large,metal,cube,"[326, 99, 12.97477912902832]",4757.0,"[295, 62, 64, 73]",cache/1756274576405.png,,,,
4386,671,gray,small,metal,sphere,"[261, 197, 9.796196937561035]",1462.0,"[241, 177, 38, 38]",cache/1756274576423.png,,,,
4387,671,green,small,rubber,cylinder,"[120, 186, 10.113168716430664]",2052.0,"[99, 161, 40, 50]",cache/1756274576434.png,,,,
4388,671,green,small,metal,cylinder,"[157, 154, 11.241366386413574]",1566.0,"[139, 131, 35, 44]",cache/1756274576428.png,,,,
4389,672,brown,small,metal,sphere,"[152, 146, 11.016151428222656]",9651.0,"[62, 120, 90, 106]",cache/1756274320391.png,,,,
4390,672,yellow,small,rubber,cylinder,"[201, 203, 9.198683738708496]",2311.0,"[179, 175, 41, 55]",cache/1756274320419.png,,,,
4391,672,gray,large,rubber,cube,"[380, 145, 10.316184043884277]",9917.0,"[334, 94, 95, 104]",cache/1756274320424.png,,,,
4392,672,red,large,metal,cylinder,"[327, 206, 8.5028076171875]",11409.0,"[281, 147, 95, 120]",cache/1756274320396.png,,,,
4393,672,red,large,metal,cylinder,"[110, 173, 9.403360366821289]",9651.0,"[62, 120, 90, 106]",cache/1756274320391.png,,,,
4394,672,blue,small,rubber,cylinder,"[75, 136, 11.401686668395996]",9651.0,"[62, 120, 90, 106]",cache/1756274320391.png,,,,
4395,672,purple,small,metal,cube,"[249, 253, 8.039815902709961]",4525.0,"[217, 217, 62, 72]",cache/1756274320379.png,,,,
4396,672,brown,small,metal,cube,"[266, 83, 14.072620391845703]",1291.0,"[247, 64, 35, 36]",cache/1756274320385.png,,,,
4397,672,yellow,small,metal,cylinder,"[178, 104, 12.872958183288574]",1139.0,"[162, 84, 30, 37]",cache/1756274320403.png,,,,
4398,672,yellow,large,metal,cylinder,"[335, 101, 12.175177574157715]",9917.0,"[334, 94, 95, 104]",cache/1756274320424.png,,,,
4399,673,red,small,metal,cube,"[233, 125, 12.473233222961426]",1714.0,"[212, 103, 40, 42]",cache/1756274326775.png,,,,
4400,673,cyan,large,rubber,cylinder,"[367, 121, 11.830253601074219]",5927.0,"[333, 79, 71, 83]",cache/1756274326768.png,,,,
4401,673,yellow,large,metal,sphere,"[97, 148, 10.722237586975098]",4965.0,"[60, 113, 71, 69]",cache/1756274326758.png,,,,
4402,673,brown,small,rubber,cylinder,"[270, 103, 13.597308158874512]",989.0,"[256, 84, 27, 35]",cache/1756274326794.png,,,,
4403,673,gray,small,metal,cylinder,"[247, 79, 15.070295333862305]",801.0,"[233, 62, 25, 31]",cache/1756274326788.png,,,,
4404,673,purple,large,rubber,cylinder,"[137, 101, 12.821632385253906]",4803.0,"[103, 63, 63, 75]",cache/1756274326780.png,,,,
4405,674,blue,large,rubber,cylinder,"[227, 123, 11.393635749816895]",5779.0,"[192, 80, 67, 85]",cache/1756274430558.png,,,,
4406,674,yellow,small,metal,cylinder,"[122, 154, 10.850931167602539]",1766.0,"[102, 131, 38, 46]",cache/1756274430570.png,,,,
4407,674,green,small,metal,cube,"[389, 182, 9.876994132995605]",2392.0,"[366, 157, 47, 50]",cache/1756274430565.png,,,,
4408,674,yellow,small,metal,cylinder,"[333, 195, 9.476305961608887]",2311.0,"[311, 168, 43, 53]",cache/1756274430574.png,,,,
4409,675,red,large,metal,cylinder,"[298, 90, 12.76909065246582]",4508.0,"[267, 53, 61, 73]",cache/1756274383944.png,,,,
4410,675,gray,small,rubber,cylinder,"[354, 123, 11.829055786132812]",1385.0,"[337, 102, 34, 40]",cache/1756274383959.png,,,,
4411,675,green,small,rubber,sphere,"[278, 136, 11.194522857666016]",1103.0,"[261, 118, 32, 33]",cache/1756274383949.png,,,,
4412,675,brown,large,rubber,cube,"[201, 165, 9.208626747131348]",12481.0,"[143, 109, 109, 113]",cache/1756274383919.png,,,,
4413,675,red,large,rubber,cylinder,"[73, 126, 10.754921913146973]",7120.0,"[30, 82, 79, 89]",cache/1756274383937.png,,,,
4414,675,red,small,rubber,cube,"[126, 165, 9.98180103302002]",2532.0,"[98, 138, 48, 52]",cache/1756274383954.png,,,,
4415,675,purple,small,rubber,sphere,"[227, 226, 8.127396583557129]",2137.0,"[204, 202, 45, 46]",cache/1756274383932.png,,,,
4416,676,brown,small,rubber,cube,"[227, 202, 9.069781303405762]",2763.0,"[204, 171, 49, 55]",cache/1756274260984.png,,,,
4417,676,yellow,small,rubber,cube,"[261, 144, 10.905229568481445]",2056.0,"[239, 120, 43, 47]",cache/1756274260961.png,,,,
4418,676,red,small,rubber,cube,"[184, 105, 12.642525672912598]",1318.0,"[165, 85, 34, 38]",cache/1756274260950.png,,,,
4419,676,cyan,small,rubber,cube,"[338, 126, 11.64468765258789]",2079.0,"[315, 103, 45, 45]",cache/1756274260944.png,,,,
4420,676,green,small,metal,cube,"[430, 158, 10.409991264343262]",2609.0,"[405, 132, 49, 52]",cache/1756274260930.png,,,,
4421,676,yellow,small,rubber,cube,"[332, 220, 8.629212379455566]",3133.0,"[305, 190, 53, 58]",cache/1756274260939.png,,,,
4422,676,blue,small,metal,cylinder,"[290, 174, 9.884157180786133]",2009.0,"[270, 148, 39, 50]",cache/1756274260979.png,,,,
4423,676,brown,large,metal,sphere,"[193, 231, 7.813965320587158]",9309.0,"[144, 182, 95, 97]",cache/1756274260973.png,,,,
4424,676,green,small,rubber,cylinder,"[147, 117, 12.073176383972168]",1334.0,"[129, 96, 33, 40]",cache/1756274260968.png,,,,
4425,676,gray,small,rubber,sphere,"[57, 137, 11.19878101348877]",1184.0,"[39, 119, 34, 34]",cache/1756274260956.png,,,,
4426,677,yellow,small,metal,sphere,"[408, 166, 10.11917495727539]",1439.0,"[389, 147, 38, 37]",cache/1756274582350.png,,,,
4427,677,green,small,metal,cube,"[132, 154, 10.599766731262207]",2512.0,"[106, 128, 49, 50]",cache/1756274582356.png,,,,
4428,677,yellow,small,rubber,cylinder,"[251, 195, 9.161808013916016]",2288.0,"[229, 167, 41, 54]",cache/1756274582360.png,,,,
4429,678,gray,small,rubber,sphere,"[285, 154, 10.770627975463867]",1206.0,"[267, 136, 34, 35]",cache/1756274467345.png,,,,
4430,678,cyan,small,rubber,cylinder,"[234, 90, 13.607856750488281]",603.0,"[230, 72, 17, 35]",cache/1756274467350.png,,,,
4431,678,purple,small,rubber,sphere,"[134, 132, 11.579455375671387]",11895.0,"[107, 115, 106, 112]",cache/1756274467311.png,,,,
4432,678,cyan,small,rubber,cylinder,"[212, 252, 8.13451099395752]",3019.0,"[187, 220, 46, 64]",cache/1756274467317.png,,,,
4433,678,purple,large,rubber,cube,"[163, 170, 9.549778938293457]",11895.0,"[107, 115, 106, 112]",cache/1756274467311.png,,,,
4434,678,gray,large,rubber,cube,"[192, 97, 12.382131576538086]",6221.0,"[149, 55, 82, 75]",cache/1756274467323.png,,,,
4435,678,cyan,large,metal,cube,"[365, 150, 10.19955825805664]",9951.0,"[317, 100, 100, 98]",cache/1756274467335.png,,,,
4436,678,purple,small,rubber,sphere,"[254, 117, 12.261921882629395]",914.0,"[238, 101, 30, 30]",cache/1756274467329.png,,,,
4437,678,brown,large,metal,cube,"[65, 132, 10.852046012878418]",8437.0,"[21, 84, 87, 96]",cache/1756274467296.png,,,,
4438,678,green,small,rubber,sphere,"[344, 210, 9.090819358825684]",1711.0,"[322, 189, 41, 41]",cache/1756274467340.png,,,,
4439,679,brown,large,metal,cube,"[224, 243, 7.753849029541016]",19491.0,"[156, 171, 132, 147]",cache/1756274495839.png,,,,
4440,679,purple,small,metal,sphere,"[160, 120, 12.04318618774414]",981.0,"[144, 104, 31, 31]",cache/1756274495814.png,,,,
4441,679,blue,small,metal,sphere,"[349, 144, 11.081838607788086]",1164.0,"[331, 126, 34, 33]",cache/1756274495828.png,,,,
4442,679,yellow,small,metal,cube,"[333, 207, 9.137343406677246]",2657.0,"[309, 178, 45, 57]",cache/1756274495805.png,,,,
4443,679,red,small,metal,sphere,"[260, 178, 9.946808815002441]",1329.0,"[240, 158, 37, 35]",cache/1756274495858.png,,,,
4444,680,gray,small,metal,sphere,"[334, 124, 11.976578712463379]",969.0,"[318, 107, 31, 30]",cache/1756274517287.png,,,,
4445,680,blue,large,metal,cube,"[260, 118, 11.353479385375977]",6676.0,"[222, 76, 78, 84]",cache/1756274517270.png,,,,
4446,680,red,small,metal,cube,"[174, 192, 9.215546607971191]",2128.0,"[151, 164, 38, 55]",cache/1756274517303.png,,,,
4447,680,blue,large,metal,cube,"[234, 223, 7.71413516998291]",19543.0,"[152, 157, 142, 137]",cache/1756274517292.png,,,,
4448,680,gray,large,rubber,sphere,"[219, 89, 13.070554733276367]",3203.0,"[190, 59, 54, 58]",cache/1756274517298.png,,,,
4449,680,purple,large,rubber,cylinder,"[100, 159, 9.591093063354492]",9050.0,"[54, 108, 88, 102]",cache/1756274517276.png,,,,
4450,680,gray,small,metal,cube,"[414, 168, 10.046979904174805]",2354.0,"[390, 141, 45, 51]",cache/1756274517264.png,,,,
4451,681,red,large,rubber,sphere,"[314, 128, 11.474784851074219]",4201.0,"[282, 95, 64, 65]",cache/1756274419918.png,,,,
4452,681,blue,large,metal,sphere,"[376, 170, 9.866467475891113]",5936.0,"[338, 132, 77, 76]",cache/1756274419911.png,,,,
4453,681,purple,small,metal,cylinder,"[171, 228, 8.8407564163208]",2618.0,"[147, 199, 45, 58]",cache/1756274419925.png,,,,
4454,681,gray,large,metal,cube,"[130, 113, 12.215007781982422]",5811.0,"[94, 72, 71, 81]",cache/1756274419898.png,,,,
4455,681,brown,small,metal,cylinder,"[412, 160, 10.925569534301758]",1479.0,"[399, 137, 32, 45]",cache/1756274419965.png,,,,
4456,681,red,small,metal,cylinder,"[285, 208, 9.374600410461426]",2231.0,"[264, 181, 41, 54]",cache/1756274419931.png,,,,
4457,681,gray,small,rubber,sphere,"[251, 81, 15.059774398803711]",619.0,"[239, 68, 24, 25]",cache/1756274419974.png,,,,
4458,682,red,small,rubber,cube,"[209, 202, 8.611427307128906]",3623.0,"[180, 170, 56, 64]",cache/1756274614297.png,,,,
4459,682,blue,large,rubber,cylinder,"[190, 95, 12.075145721435547]",5017.0,"[156, 56, 64, 78]",cache/1756274614289.png,,,,
4460,682,yellow,small,rubber,cylinder,"[414, 156, 10.075579643249512]",2133.0,"[393, 131, 43, 49]",cache/1756274614284.png,,,,
4461,682,yellow,large,rubber,sphere,"[273, 231, 7.295166492462158]",10566.0,"[222, 179, 101, 103]",cache/1756274614272.png,,,,
4462,682,gray,small,rubber,sphere,"[237, 83, 13.816079139709473]",711.0,"[223, 69, 26, 27]",cache/1756274614308.png,,,,
4463,682,purple,small,metal,sphere,"[93, 184, 9.139970779418945]",1713.0,"[71, 163, 41, 40]",cache/1756274614260.png,,,,
4464,682,blue,small,metal,sphere,"[344, 135, 10.953564643859863]",1182.0,"[326, 117, 34, 34]",cache/1756274614266.png,,,,
4465,682,green,large,metal,sphere,"[283, 81, 12.9393949508667]",3310.0,"[254, 51, 57, 57]",cache/1756274614254.png,,,,
4466,682,yellow,small,rubber,cube,"[338, 216, 8.251984596252441]",3498.0,"[311, 185, 55, 62]",cache/1756274614303.png,,,,
4467,682,green,large,metal,sphere,"[59, 129, 10.374820709228516]",5455.0,"[20, 92, 75, 72]",cache/1756274614245.png,,,,
4468,683,cyan,small,rubber,cylinder,"[242, 106, 13.519524574279785]",977.0,"[228, 88, 28, 34]",cache/1756274284772.png,,,,
4469,683,purple,large,rubber,sphere,"[196, 107, 12.476377487182617]",3578.0,"[166, 76, 59, 60]",cache/1756274284758.png,,,,
4470,683,brown,large,rubber,cylinder,"[105, 153, 10.241852760314941]",7826.0,"[62, 106, 82, 95]",cache/1756274284777.png,,,,
4471,683,purple,large,rubber,cylinder,"[415, 145, 10.548628807067871]",7665.0,"[375, 100, 82, 92]",cache/1756274284786.png,,,,
4472,683,purple,small,metal,cube,"[349, 133, 11.99166488647461]",1427.0,"[331, 112, 35, 40]",cache/1756274284763.png,,,,
4473,683,green,large,rubber,cylinder,"[309, 197, 8.717225074768066]",10440.0,"[265, 141, 90, 115]",cache/1756274284750.png,,,,
4474,683,gray,small,rubber,sphere,"[67, 138, 11.71806526184082]",7826.0,"[62, 106, 82, 95]",cache/1756274284777.png,,,,
4475,683,green,small,metal,sphere,"[267, 90, 14.686371803283691]",626.0,"[254, 76, 24, 25]",cache/1756274284768.png,,,,
4476,684,purple,small,metal,cylinder,"[364, 159, 10.633885383605957]",1826.0,"[344, 135, 39, 46]",cache/1756274255283.png,,,,
4477,684,green,small,rubber,cylinder,"[270, 143, 11.242782592773438]",1471.0,"[253, 121, 33, 43]",cache/1756274255287.png,,,,
4478,684,purple,small,metal,cylinder,"[294, 128, 11.952961921691895]",1292.0,"[277, 107, 31, 40]",cache/1756274255292.png,,,,
4479,684,gray,large,rubber,cylinder,"[322, 93, 12.887588500976562]",4542.0,"[293, 56, 61, 74]",cache/1756274255296.png,,,,
4480,684,blue,small,rubber,cube,"[183, 231, 8.491064071655273]",3337.0,"[156, 199, 52, 63]",cache/1756274255268.png,,,,
4481,684,gray,large,metal,cube,"[115, 168, 9.594466209411621]",9580.0,"[66, 116, 90, 105]",cache/1756274255277.png,,,,
4482,685,yellow,large,rubber,cylinder,"[144, 113, 11.931851387023926]",5558.0,"[108, 72, 68, 81]",cache/1756274286057.png,,,,
4483,685,blue,large,rubber,cylinder,"[372, 153, 10.245148658752441]",7583.0,"[336, 105, 78, 97]",cache/1756274286066.png,,,,
4484,685,red,large,rubber,cube,"[323, 194, 8.94509220123291]",11329.0,"[276, 138, 101, 111]",cache/1756274286049.png,,,,
4485,685,gray,small,metal,sphere,"[74, 142, 11.417543411254883]",1127.0,"[56, 125, 33, 33]",cache/1756274286062.png,,,,
4486,686,yellow,small,rubber,cube,"[150, 213, 8.711369514465332]",3155.0,"[121, 184, 54, 58]",cache/1756274272907.png,,,,
4487,686,green,small,metal,cylinder,"[267, 190, 9.446624755859375]",2130.0,"[246, 163, 40, 52]",cache/1756274272931.png,,,,
4488,686,yellow,large,metal,cylinder,"[144, 119, 11.659324645996094]",5636.0,"[108, 79, 69, 81]",cache/1756274272917.png,,,,
4489,686,brown,small,metal,cube,"[207, 114, 12.9854154586792]",1409.0,"[188, 94, 37, 38]",cache/1756274272926.png,,,,
4490,686,cyan,large,metal,sphere,"[311, 145, 10.377008438110352]",6031.0,"[296, 69, 74, 80]",cache/1756274272958.png,,,,
4491,686,cyan,large,rubber,cube,"[333, 109, 12.273453712463379]",6031.0,"[296, 69, 74, 80]",cache/1756274272958.png,,,,
4492,686,gray,large,metal,sphere,"[278, 93, 13.330327033996582]",2987.0,"[250, 64, 52, 56]",cache/1756274272936.png,,,,
4493,686,yellow,small,metal,cube,"[376, 150, 11.034989356994629]",1843.0,"[355, 127, 40, 45]",cache/1756274272947.png,,,,
4494,686,gray,small,metal,cylinder,"[98, 174, 10.002846717834473]",2064.0,"[75, 149, 42, 49]",cache/1756274272942.png,,,,
4495,687,red,small,rubber,sphere,"[156, 116, 13.00085163116455]",830.0,"[141, 101, 28, 29]",cache/1756274322723.png,,,,
4496,687,red,large,metal,cylinder,"[312, 158, 10.029328346252441]",7692.0,"[273, 110, 79, 97]",cache/1756274322704.png,,,,
4497,687,red,large,rubber,sphere,"[253, 80, 14.547815322875977]",6292.0,"[236, 78, 78, 80]",cache/1756274322736.png,,,,
4498,687,gray,large,rubber,cube,"[276, 119, 11.882307052612305]",7692.0,"[273, 110, 79, 97]",cache/1756274322704.png,,,,
4499,688,yellow,small,metal,cube,"[179, 185, 9.685805320739746]",3011.0,"[152, 156, 52, 57]",cache/1756274602462.png,,,,
4500,688,gray,small,rubber,sphere,"[326, 129, 11.669708251953125]",1040.0,"[309, 112, 31, 32]",cache/1756274602478.png,,,,
4501,688,purple,large,rubber,cylinder,"[273, 89, 12.75847339630127]",4580.0,"[243, 51, 60, 75]",cache/1756274602473.png,,,,
4502,688,cyan,large,metal,sphere,"[248, 200, 8.65762710571289]",7334.0,"[204, 156, 85, 85]",cache/1756274602438.png,,,,
4503,688,red,small,rubber,cube,"[53, 145, 11.028210639953613]",2529.0,"[25, 120, 52, 48]",cache/1756274602456.png,,,,
4504,688,blue,large,rubber,sphere,"[412, 135, 10.638824462890625]",5176.0,"[376, 99, 73, 70]",cache/1756274602445.png,,,,
4505,688,purple,large,metal,cube,"[142, 109, 11.753290176391602]",7765.0,"[95, 65, 88, 87]",cache/1756274602451.png,,,,
4506,688,yellow,large,metal,sphere,"[208, 82, 13.0962553024292]",3192.0,"[180, 53, 55, 57]",cache/1756274602467.png,,,,
4507,689,brown,small,rubber,cylinder,"[190, 158, 10.436552047729492]",1749.0,"[170, 134, 37, 47]",cache/1756274465725.png,,,,
4508,689,green,small,rubber,cylinder,"[293, 235, 8.1420259475708]",3058.0,"[268, 203, 48, 63]",cache/1756274465737.png,,,,
4509,689,green,large,rubber,cube,"[277, 82, 13.478768348693848]",4254.0,"[245, 47, 60, 69]",cache/1756274465743.png,,,,
4510,689,brown,small,metal,cylinder,"[347, 170, 10.01583194732666]",2028.0,"[326, 144, 40, 49]",cache/1756274465716.png,,,,
4511,690,blue,small,rubber,cube,"[315, 109, 12.401604652404785]",1198.0,"[300, 89, 31, 38]",cache/1756274403835.png,,,,
4512,690,brown,small,rubber,cube,"[291, 125, 11.584175109863281]",1472.0,"[273, 104, 36, 40]",cache/1756274403829.png,,,,
4513,690,green,small,metal,sphere,"[161, 236, 7.884105205535889]",2307.0,"[137, 211, 47, 48]",cache/1756274403824.png,,,,
4514,690,purple,small,rubber,cylinder,"[224, 98, 13.095577239990234]",1030.0,"[209, 79, 28, 35]",cache/1756274403840.png,,,,
4515,690,purple,small,metal,cube,"[39, 142, 10.808103561401367]",2489.0,"[13, 117, 50, 48]",cache/1756274403819.png,,,,
4516,690,red,large,rubber,cube,"[381, 158, 9.400979042053223]",10057.0,"[336, 105, 93, 107]",cache/1756274403808.png,,,,
4517,690,cyan,large,metal,cube,"[138, 141, 10.021011352539062]",8424.0,"[90, 94, 88, 95]",cache/1756274403814.png,,,,
4518,691,green,small,rubber,sphere,"[128, 206, 9.022947311401367]",1751.0,"[107, 185, 41, 42]",cache/1756274578531.png,,,,
4519,691,cyan,large,rubber,sphere,"[361, 105, 11.920585632324219]",4047.0,"[329, 73, 64, 63]",cache/1756274578510.png,,,,
4520,691,blue,small,metal,cylinder,"[344, 185, 9.611174583435059]",2250.0,"[322, 159, 42, 52]",cache/1756274578577.png,,,,
4521,691,brown,small,rubber,cube,"[203, 144, 11.045879364013672]",1558.0,"[185, 121, 35, 44]",cache/1756274578590.png,,,,
4522,691,blue,large,metal,sphere,"[241, 65, 14.287162780761719]",2743.0,"[214, 38, 52, 52]",cache/1756274578502.png,,,,
4523,691,red,small,rubber,cube,"[86, 164, 10.28659725189209]",2342.0,"[63, 138, 45, 51]",cache/1756274578564.png,,,,
4524,692,gray,large,rubber,cube,"[251, 88, 13.597209930419922]",5362.0,"[214, 51, 72, 73]",cache/1756274475019.png,,,,
4525,692,yellow,large,metal,cylinder,"[230, 192, 8.8993558883667]",9669.0,"[186, 137, 85, 112]",cache/1756274475013.png,,,,
4526,692,blue,small,rubber,cube,"[374, 178, 10.0451078414917]",2922.0,"[347, 151, 54, 53]",cache/1756274475005.png,,,,
4527,692,gray,large,rubber,cylinder,"[293, 126, 11.369804382324219]",5805.0,"[259, 84, 68, 85]",cache/1756274475024.png,,,,
4528,693,brown,small,rubber,sphere,"[180, 108, 12.327291488647461]",918.0,"[164, 92, 29, 30]",cache/1756274616849.png,,,,
4529,693,purple,large,metal,cube,"[318, 122, 10.838325500488281]",8764.0,"[273, 76, 92, 94]",cache/1756274616830.png,,,,
4530,693,green,small,rubber,cube,"[420, 166, 9.99560260772705]",2202.0,"[401, 139, 42, 52]",cache/1756274616844.png,,,,
4531,693,yellow,small,rubber,cylinder,"[384, 190, 9.262133598327637]",2548.0,"[361, 162, 46, 55]",cache/1756274616853.png,,,,
4532,693,cyan,large,rubber,cylinder,"[178, 184, 8.773506164550781]",10333.0,"[131, 127, 89, 115]",cache/1756274616839.png,,,,
4533,694,red,large,rubber,sphere,"[232, 210, 8.564821243286133]",7603.0,"[188, 166, 86, 88]",cache/1756274358134.png,,,,
4534,694,purple,small,metal,cube,"[173, 199, 9.482880592346191]",3003.0,"[145, 170, 51, 57]",cache/1756274358119.png,,,,
4535,694,green,small,metal,cylinder,"[259, 137, 11.63584041595459]",1389.0,"[242, 115, 32, 42]",cache/1756274358130.png,,,,
4536,694,red,large,rubber,cylinder,"[315, 103, 12.439937591552734]",4962.0,"[283, 64, 63, 77]",cache/1756274358140.png,,,,
4537,694,purple,small,rubber,sphere,"[136, 152, 11.030657768249512]",1154.0,"[118, 134, 33, 34]",cache/1756274358124.png,,,,
4538,694,brown,small,metal,sphere,"[412, 163, 10.639535903930664]",1301.0,"[393, 144, 36, 35]",cache/1756274358114.png,,,,
4539,694,gray,small,rubber,cylinder,"[287, 96, 13.708148956298828]",4962.0,"[283, 64, 63, 77]",cache/1756274358140.png,,,,
4540,694,cyan,small,metal,cube,"[83, 130, 11.933075904846191]",1817.0,"[60, 109, 43, 41]",cache/1756274358145.png,,,,
4541,695,red,small,metal,sphere,"[316, 207, 8.443735122680664]",1987.0,"[293, 184, 44, 45]",cache/1756274540510.png,,,,
4542,695,gray,small,metal,cube,"[387, 189, 8.922794342041016]",3538.0,"[358, 159, 57, 61]",cache/1756274540470.png,,,,
4543,695,brown,small,metal,sphere,"[147, 125, 11.317030906677246]",721.0,"[140, 108, 22, 31]",cache/1756274540527.png,,,,
4544,695,green,large,rubber,cube,"[262, 72, 13.359659194946289]",5133.0,"[227, 36, 70, 72]",cache/1756274540462.png,,,,
4545,695,green,large,metal,sphere,"[190, 91, 12.138407707214355]",3793.0,"[159, 59, 61, 62]",cache/1756274540455.png,,,,
4546,695,red,large,rubber,sphere,"[347, 133, 10.10063362121582]",5539.0,"[310, 95, 74, 74]",cache/1756274540492.png,,,,
4547,695,gray,large,metal,cube,"[99, 149, 9.49089241027832]",12809.0,"[40, 95, 114, 112]",cache/1756274540479.png,,,,
4548,695,cyan,large,rubber,cylinder,"[233, 252, 6.8323163986206055]",15947.0,"[176, 178, 113, 140]",cache/1756274540501.png,,,,
4549,696,purple,small,metal,cylinder,"[132, 121, 11.58135986328125]",1499.0,"[113, 99, 35, 42]",cache/1756274537596.png,,,,
4550,696,blue,small,metal,sphere,"[254, 86, 13.404190063476562]",765.0,"[239, 71, 26, 28]",cache/1756274537600.png,,,,
4551,696,yellow,small,metal,cube,"[425, 155, 10.256255149841309]",2323.0,"[402, 130, 47, 49]",cache/1756274537585.png,,,,
4552,696,brown,large,metal,cube,"[294, 127, 10.551994323730469]",7126.0,"[256, 81, 76, 92]",cache/1756274537590.png,,,,
4553,697,red,large,rubber,sphere,"[327, 105, 11.460070610046387]",4268.0,"[294, 72, 65, 65]",cache/1756274434043.png,,,,
4554,697,red,small,metal,sphere,"[310, 220, 8.33019733428955]",2014.0,"[287, 197, 44, 44]",cache/1756274434049.png,,,,
4555,697,brown,small,metal,sphere,"[277, 252, 7.643355369567871]",2388.0,"[252, 227, 48, 49]",cache/1756274434054.png,,,,
4556,697,cyan,small,rubber,cube,"[383, 144, 10.635213851928711]",2291.0,"[359, 119, 45, 49]",cache/1756274434060.png,,,,
4557,697,red,small,metal,sphere,"[95, 162, 9.976336479187012]",1432.0,"[75, 143, 38, 37]",cache/1756274434035.png,,,,
4558,698,purple,small,rubber,sphere,"[244, 180, 10.20012378692627]",1310.0,"[225, 161, 35, 36]",cache/1756274508500.png,,,,
4559,698,gray,large,metal,sphere,"[377, 151, 10.538753509521484]",5147.0,"[341, 115, 72, 70]",cache/1756274508481.png,,,,
4560,698,red,small,rubber,cube,"[198, 137, 11.970064163208008]",1487.0,"[180, 115, 35, 41]",cache/1756274508509.png,,,,
4561,698,cyan,small,metal,cube,"[263, 114, 13.143516540527344]",1400.0,"[244, 95, 36, 38]",cache/1756274508514.png,,,,
4562,698,cyan,large,rubber,sphere,"[134, 109, 12.553372383117676]",3612.0,"[103, 78, 60, 60]",cache/1756274508505.png,,,,
4563,698,green,small,rubber,cylinder,"[222, 90, 14.711894989013672]",806.0,"[208, 74, 25, 31]",cache/1756274508519.png,,,,
4564,698,blue,small,rubber,cube,"[102, 148, 11.433049201965332]",2082.0,"[79, 125, 45, 46]",cache/1756274508524.png,,,,
4565,698,brown,small,metal,sphere,"[300, 106, 13.684798240661621]",736.0,"[286, 91, 26, 27]",cache/1756274508495.png,,,,
4566,698,red,small,metal,cube,"[153, 210, 9.235368728637695]",3181.0,"[124, 181, 54, 58]",cache/1756274508489.png,,,,
4567,699,blue,small,metal,cube,"[271, 147, 11.03847599029541]",1745.0,"[251, 124, 38, 45]",cache/1756274566980.png,,,,
4568,699,green,large,metal,cylinder,"[316, 110, 11.875536918640137]",5461.0,"[283, 69, 66, 82]",cache/1756274566976.png,,,,
4569,699,yellow,small,rubber,sphere,"[198, 265, 7.801497936248779]",2332.0,"[174, 240, 47, 49]",cache/1756274566968.png,,,,
4570,700,purple,large,rubber,cylinder,"[150, 178, 9.059879302978516]",9757.0,"[103, 124, 88, 110]",cache/1756274617158.png,,,,
4571,700,yellow,small,metal,cylinder,"[315, 122, 12.21644401550293]",1286.0,"[298, 102, 32, 39]",cache/1756274617172.png,,,,
4572,700,brown,small,rubber,cylinder,"[264, 210, 8.803357124328613]",2468.0,"[242, 181, 43, 57]",cache/1756274617163.png,,,,
4573,700,gray,large,metal,cube,"[201, 96, 12.774213790893555]",4529.0,"[167, 60, 62, 72]",cache/1756274617145.png,,,,
4574,700,gray,large,metal,cylinder,"[385, 146, 10.239086151123047]",7935.0,"[344, 98, 83, 95]",cache/1756274617177.png,,,,
4575,700,blue,small,rubber,sphere,"[125, 134, 11.592978477478027]",9757.0,"[103, 124, 88, 110]",cache/1756274617158.png,,,,
4576,700,red,small,rubber,sphere,"[235, 147, 10.990808486938477]",1126.0,"[217, 130, 33, 33]",cache/1756274617153.png,,,,
4577,700,brown,small,metal,cube,"[274, 91, 14.160879135131836]",1003.0,"[259, 74, 30, 33]",cache/1756274617168.png,,,,
4578,701,cyan,small,rubber,cylinder,"[224, 222, 8.72475814819336]",2576.0,"[201, 192, 43, 58]",cache/1756274435168.png,,,,
4579,701,gray,large,metal,sphere,"[253, 101, 12.306585311889648]",3760.0,"[223, 69, 59, 62]",cache/1756274435156.png,,,,
4580,701,blue,large,metal,cube,"[183, 91, 12.838890075683594]",5911.0,"[143, 52, 76, 77]",cache/1756274435117.png,,,,
4581,701,green,small,metal,sphere,"[368, 133, 11.593146324157715]",6200.0,"[314, 129, 79, 78]",cache/1756274435099.png,,,,
4582,701,gray,small,rubber,cube,"[296, 145, 11.126240730285645]",2217.0,"[273, 120, 45, 48]",cache/1756274435216.png,,,,
4583,701,purple,large,metal,sphere,"[353, 169, 9.537808418273926]",6200.0,"[314, 129, 79, 78]",cache/1756274435099.png,,,,
4584,701,green,small,rubber,cylinder,"[135, 170, 10.200740814208984]",1955.0,"[114, 145, 39, 48]",cache/1756274435204.png,,,,
4585,701,green,small,metal,sphere,"[95, 128, 11.807384490966797]",1025.0,"[78, 112, 32, 31]",cache/1756274435138.png,,,,
4586,702,brown,small,metal,cylinder,"[244, 95, 12.87083625793457]",1091.0,"[229, 75, 29, 37]",cache/1756274400062.png,,,,
4587,702,red,small,rubber,sphere,"[187, 133, 11.197319984436035]",1098.0,"[170, 115, 32, 33]",cache/1756274400047.png,,,,
4588,702,brown,large,metal,sphere,"[318, 144, 10.057367324829102]",5484.0,"[280, 106, 74, 73]",cache/1756274400037.png,,,,
4589,702,green,large,metal,cube,"[329, 102, 11.70676326751709]",6670.0,"[286, 57, 86, 77]",cache/1756274400051.png,,,,
4590,702,yellow,small,metal,cube,"[140, 212, 8.799675941467285]",3534.0,"[109, 181, 57, 61]",cache/1756274400031.png,,,,
4591,702,blue,large,rubber,sphere,"[222, 215, 8.134688377380371]",8377.0,"[176, 169, 90, 92]",cache/1756274400020.png,,,,
4592,702,gray,small,metal,cylinder,"[105, 181, 9.602681159973145]",2249.0,"[82, 154, 42, 52]",cache/1756274400066.png,,,,
4593,702,brown,small,metal,cube,"[59, 143, 10.802834510803223]",2595.0,"[32, 118, 52, 49]",cache/1756274400026.png,,,,
4594,702,purple,small,metal,cube,"[280, 83, 13.518877029418945]",1031.0,"[264, 64, 29, 35]",cache/1756274400057.png,,,,
4595,702,green,small,metal,sphere,"[209, 105, 12.361780166625977]",893.0,"[194, 89, 29, 30]",cache/1756274400042.png,,,,
4596,703,blue,small,rubber,cube,"[132, 123, 12.228551864624023]",1387.0,"[113, 103, 35, 39]",cache/1756274603401.png,,,,
4597,703,brown,large,rubber,sphere,"[246, 163, 9.731040000915527]",5851.0,"[207, 124, 75, 77]",cache/1756274603396.png,,,,
4598,703,yellow,large,rubber,cube,"[415, 140, 10.615604400634766]",9241.0,"[368, 92, 93, 98]",cache/1756274603390.png,,,,
4599,703,blue,large,metal,cube,"[325, 101, 12.523405075073242]",6471.0,"[284, 61, 79, 81]",cache/1756274603382.png,,,,
4600,703,blue,small,rubber,cube,"[213, 98, 13.679475784301758]",1348.0,"[194, 79, 36, 36]",cache/1756274603406.png,,,,
4601,704,brown,large,rubber,sphere,"[164, 129, 10.52714729309082]",5158.0,"[127, 93, 70, 73]",cache/1756274577516.png,,,,
4602,704,purple,small,rubber,cube,"[333, 118, 11.897903442382812]",1567.0,"[314, 96, 37, 41]",cache/1756274577522.png,,,,
4603,704,red,large,metal,cylinder,"[211, 182, 8.727927207946777]",10103.0,"[165, 126, 88, 114]",cache/1756274577504.png,,,,
4604,704,cyan,large,rubber,sphere,"[251, 119, 10.995381355285645]",4588.0,"[217, 84, 66, 68]",cache/1756274577510.png,,,,
4605,704,purple,small,rubber,cube,"[99, 162, 10.074380874633789]",2753.0,"[71, 135, 53, 51]",cache/1756274577485.png,,,,
4606,704,green,large,rubber,cylinder,"[308, 208, 8.025553703308105]",12520.0,"[260, 147, 99, 126]",cache/1756274577497.png,,,,
4607,704,blue,small,rubber,sphere,"[198, 109, 12.349236488342285]",859.0,"[184, 93, 27, 31]",cache/1756274577527.png,,,,
4608,704,brown,large,metal,cube,"[389, 164, 9.27881908416748]",12618.0,"[337, 107, 108, 116]",cache/1756274577491.png,,,,
4609,705,yellow,small,rubber,cylinder,"[134, 145, 10.904325485229492]",1716.0,"[114, 121, 37, 45]",cache/1756274617842.png,,,,
4610,705,yellow,large,rubber,cube,"[181, 219, 8.181917190551758]",14291.0,"[126, 155, 107, 132]",cache/1756274617809.png,,,,
4611,705,gray,small,rubber,sphere,"[265, 114, 12.132683753967285]",941.0,"[249, 98, 29, 31]",cache/1756274617832.png,,,,
4612,705,cyan,large,rubber,cylinder,"[217, 116, 11.283409118652344]",5934.0,"[182, 72, 68, 87]",cache/1756274617827.png,,,,
4613,705,gray,small,rubber,cylinder,"[240, 83, 13.71267318725586]",905.0,"[226, 64, 27, 32]",cache/1756274617849.png,,,,
4614,705,red,small,metal,cube,"[66, 162, 10.31554889678955]",2357.0,"[42, 136, 45, 51]",cache/1756274617803.png,,,,
4615,705,purple,large,rubber,sphere,"[374, 184, 9.02260971069336]",7051.0,"[332, 142, 84, 83]",cache/1756274617821.png,,,,
4616,705,gray,large,metal,sphere,"[175, 85, 12.699101448059082]",3446.0,"[144, 54, 56, 61]",cache/1756274617816.png,,,,
4617,705,brown,large,rubber,cylinder,"[293, 77, 13.155517578125]",4329.0,"[264, 40, 59, 72]",cache/1756274617837.png,,,,
4618,706,yellow,small,rubber,cube,"[128, 168, 10.005982398986816]",2499.0,"[104, 141, 46, 53]",cache/1756274468503.png,,,,
4619,706,blue,small,metal,sphere,"[184, 139, 10.990269660949707]",9869.0,"[183, 129, 86, 114]",cache/1756274468508.png,,,,
4620,706,yellow,large,metal,sphere,"[273, 113, 11.22065258026123]",4425.0,"[240, 79, 66, 66]",cache/1756274468490.png,,,,
4621,706,green,large,metal,cylinder,"[227, 186, 8.882927894592285]",9869.0,"[183, 129, 86, 114]",cache/1756274468508.png,,,,
4622,706,red,large,metal,cube,"[106, 103, 11.673330307006836]",8414.0,"[58, 58, 92, 90]",cache/1756274468478.png,,,,
4623,706,red,small,rubber,cylinder,"[419, 150, 10.576789855957031]",2021.0,"[398, 126, 42, 47]",cache/1756274468496.png,,,,
4624,707,yellow,small,metal,cube,"[279, 84, 13.393525123596191]",1176.0,"[262, 65, 32, 36]",cache/1756274583728.png,,,,
4625,707,brown,small,rubber,cube,"[186, 102, 12.378536224365234]",1516.0,"[166, 81, 37, 40]",cache/1756274583737.png,,,,
4626,707,purple,large,rubber,cube,"[79, 135, 10.074893951416016]",10009.0,"[29, 84, 96, 103]",cache/1756274583721.png,,,,
4627,707,cyan,small,rubber,cube,"[264, 122, 11.382620811462402]",2047.0,"[241, 99, 44, 45]",cache/1756274583732.png,,,,
4628,708,gray,small,rubber,cube,"[220, 124, 12.271199226379395]",1620.0,"[199, 103, 38, 41]",cache/1756274580723.png,,,,
4629,708,red,small,rubber,sphere,"[163, 109, 13.06572151184082]",818.0,"[148, 93, 28, 28]",cache/1756274580712.png,,,,
4630,708,yellow,small,metal,cube,"[355, 185, 9.942421913146973]",2993.0,"[328, 157, 54, 55]",cache/1756274580700.png,,,,
4631,708,brown,small,rubber,sphere,"[265, 199, 9.507166862487793]",1515.0,"[246, 179, 38, 39]",cache/1756274580728.png,,,,
4632,708,green,small,rubber,sphere,"[107, 155, 10.974770545959473]",11607.0,"[99, 152, 97, 118]",cache/1756274580689.png,,,,
4633,708,green,large,metal,sphere,"[305, 104, 12.450221061706543]",3614.0,"[274, 72, 59, 60]",cache/1756274580717.png,,,,
4634,708,red,small,rubber,cube,"[283, 92, 14.029293060302734]",3614.0,"[274, 72, 59, 60]",cache/1756274580717.png,,,,
4635,708,red,large,rubber,cube,"[151, 209, 8.616950988769531]",11607.0,"[99, 152, 97, 118]",cache/1756274580689.png,,,,
4636,708,gray,small,rubber,cylinder,"[238, 251, 8.230414390563965]",2910.0,"[214, 219, 46, 63]",cache/1756274580743.png,,,,
4637,708,gray,small,metal,cube,"[385, 135, 11.800554275512695]",1921.0,"[363, 113, 44, 42]",cache/1756274580706.png,,,,
4638,709,purple,large,metal,cube,"[126, 180, 9.122763633728027]",10643.0,"[75, 125, 94, 112]",cache/1756274484539.png,,,,
4639,709,blue,large,metal,cylinder,"[384, 131, 10.736407279968262]",7382.0,"[345, 85, 80, 91]",cache/1756274484561.png,,,,
4640,709,gray,large,rubber,sphere,"[270, 68, 13.879098892211914]",2931.0,"[243, 40, 53, 54]",cache/1756274484552.png,,,,
4641,709,cyan,large,rubber,cylinder,"[253, 141, 10.358742713928223]",7100.0,"[216, 94, 74, 95]",cache/1756274484547.png,,,,
4642,709,cyan,small,rubber,cylinder,"[176, 125, 11.760293006896973]",1390.0,"[158, 104, 33, 41]",cache/1756274484567.png,,,,
4643,709,green,small,metal,cylinder,"[366, 184, 9.672637939453125]",2280.0,"[343, 157, 43, 52]",cache/1756274484557.png,,,,
4644,710,brown,large,metal,sphere,"[304, 100, 11.992077827453613]",3908.0,"[273, 68, 61, 63]",cache/1756274482502.png,,,,
4645,710,brown,small,metal,cube,"[254, 224, 8.407835960388184]",4065.0,"[224, 191, 59, 67]",cache/1756274482482.png,,,,
4646,710,purple,small,rubber,cylinder,"[334, 138, 11.085067749023438]",1625.0,"[315, 115, 36, 44]",cache/1756274482529.png,,,,
4647,710,yellow,small,metal,sphere,"[197, 93, 13.30109691619873]",787.0,"[183, 78, 27, 28]",cache/1756274482513.png,,,,
4648,710,green,small,metal,cube,"[386, 188, 9.373067855834961]",2600.0,"[362, 160, 48, 53]",cache/1756274482490.png,,,,
4649,710,yellow,small,metal,cylinder,"[417, 153, 10.519255638122559]",1969.0,"[397, 129, 41, 47]",cache/1756274482534.png,,,,
4650,710,red,large,metal,cylinder,"[99, 110, 11.500823974609375]",5989.0,"[59, 68, 73, 81]",cache/1756274482507.png,,,,
4651,710,green,small,rubber,cube,"[207, 167, 10.00751781463623]",2507.0,"[183, 141, 47, 52]",cache/1756274482518.png,,,,
4652,710,yellow,large,metal,cube,"[134, 180, 8.925065994262695]",12964.0,"[80, 122, 107, 120]",cache/1756274482496.png,,,,
4653,710,red,small,metal,cylinder,"[238, 87, 13.694062232971191]",954.0,"[223, 69, 28, 34]",cache/1756274482523.png,,,,
4654,711,yellow,small,metal,cube,"[170, 132, 11.551637649536133]",1642.0,"[150, 110, 37, 44]",cache/1756274506669.png,,,,
4655,711,gray,large,metal,sphere,"[265, 203, 8.680839538574219]",7427.0,"[222, 160, 85, 86]",cache/1756274506649.png,,,,
4656,711,yellow,small,rubber,sphere,"[206, 105, 12.75749397277832]",846.0,"[191, 89, 28, 29]",cache/1756274506674.png,,,,
4657,711,gray,large,metal,cylinder,"[387, 172, 9.502530097961426]",9675.0,"[343, 119, 90, 106]",cache/1756274506684.png,,,,
4658,711,brown,large,rubber,cylinder,"[279, 77, 13.379678726196289]",4136.0,"[250, 40, 57, 72]",cache/1756274506679.png,,,,
4659,711,blue,large,rubber,cylinder,"[85, 144, 10.375288963317871]",8110.0,"[40, 96, 84, 96]",cache/1756274506660.png,,,,
4660,711,cyan,large,rubber,cylinder,"[336, 108, 11.781549453735352]",5785.0,"[302, 66, 69, 83]",cache/1756274506690.png,,,,
4661,712,yellow,small,metal,sphere,"[315, 147, 11.129938125610352]",1113.0,"[298, 130, 33, 33]",cache/1756274340236.png,,,,
4662,712,gray,large,rubber,cylinder,"[249, 77, 14.219983100891113]",3523.0,"[221, 44, 54, 65]",cache/1756274340256.png,,,,
4663,712,yellow,small,rubber,sphere,"[220, 253, 7.854231834411621]",2279.0,"[196, 228, 46, 48]",cache/1756274340223.png,,,,
4664,712,yellow,small,metal,cylinder,"[193, 123, 12.295443534851074]",1214.0,"[176, 103, 31, 38]",cache/1756274340246.png,,,,
4665,712,cyan,large,metal,sphere,"[76, 140, 10.593727111816406]",5206.0,"[37, 104, 73, 71]",cache/1756274340212.png,,,,
4666,712,green,small,metal,sphere,"[147, 137, 11.60242748260498]",646.0,"[130, 120, 32, 19]",cache/1756274340241.png,,,,
4667,712,green,small,rubber,cube,"[381, 167, 10.297386169433594]",2323.0,"[358, 142, 45, 51]",cache/1756274340218.png,,,,
4668,712,purple,large,metal,sphere,"[147, 177, 9.211599349975586]",6653.0,"[105, 136, 81, 81]",cache/1756274340203.png,,,,
4669,712,brown,small,rubber,cube,"[278, 235, 8.254439353942871]",4099.0,"[248, 201, 59, 68]",cache/1756274340230.png,,,,
4670,712,yellow,large,metal,cube,"[285, 99, 12.714696884155273]",5460.0,"[248, 61, 70, 77]",cache/1756274340251.png,,,,
4671,713,brown,small,rubber,cylinder,"[228, 118, 12.46161937713623]",1159.0,"[212, 98, 30, 38]",cache/1756274411264.png,,,,
4672,713,brown,small,metal,cylinder,"[271, 101, 13.458581924438477]",1006.0,"[256, 83, 28, 34]",cache/1756274411259.png,,,,
4673,713,gray,large,rubber,cylinder,"[87, 154, 9.983064651489258]",8505.0,"[41, 105, 86, 98]",cache/1756274411253.png,,,,
4674,713,yellow,large,metal,sphere,"[189, 138, 10.610447883605957]",4965.0,"[153, 102, 70, 70]",cache/1756274411242.png,,,,
4675,713,purple,large,metal,cylinder,"[331, 124, 11.269307136535645]",6138.0,"[296, 81, 71, 85]",cache/1756274411234.png,,,,
4676,713,red,large,metal,cylinder,"[158, 97, 12.732034683227539]",4560.0,"[126, 60, 61, 74]",cache/1756274411248.png,,,,
4677,714,brown,small,rubber,cylinder,"[225, 230, 8.593857765197754]",2657.0,"[202, 199, 44, 59]",cache/1756274600490.png,,,,
4678,714,gray,large,rubber,cylinder,"[202, 93, 13.177581787109375]",4215.0,"[172, 56, 58, 72]",cache/1756274600499.png,,,,
4679,714,yellow,small,rubber,cube,"[429, 154, 10.973082542419434]",1981.0,"[408, 131, 42, 46]",cache/1756274600484.png,,,,
4680,714,green,large,rubber,cylinder,"[159, 123, 11.54338264465332]",5797.0,"[123, 81, 68, 84]",cache/1756274600494.png,,,,
4681,715,yellow,large,rubber,cylinder,"[266, 194, 8.487650871276855]",10584.0,"[221, 136, 89, 117]",cache/1756274415867.png,,,,
4682,715,yellow,small,metal,sphere,"[159, 117, 12.447182655334473]",902.0,"[143, 101, 29, 30]",cache/1756274415851.png,,,,
4683,715,green,small,metal,cube,"[202, 248, 7.748839378356934]",4667.0,"[168, 212, 63, 72]",cache/1756274415835.png,,,,
4684,715,cyan,large,metal,cylinder,"[322, 96, 12.760509490966797]",4608.0,"[291, 59, 62, 73]",cache/1756274415856.png,,,,
4685,715,red,small,metal,sphere,"[290, 127, 11.917527198791504]",948.0,"[274, 110, 30, 30]",cache/1756274415862.png,,,,
4686,715,red,large,metal,cube,"[77, 129, 10.885807037353516]",8164.0,"[32, 84, 87, 93]",cache/1756274415827.png,,,,
4687,715,blue,small,metal,sphere,"[332, 187, 9.418776512145996]",1608.0,"[312, 166, 40, 40]",cache/1756274415846.png,,,,
4688,715,cyan,large,metal,cube,"[228, 77, 14.126534461975098]",4895.0,"[192, 42, 70, 69]",cache/1756274415841.png,,,,
4689,716,brown,small,metal,cube,"[354, 155, 10.62979793548584]",2115.0,"[333, 129, 42, 49]",cache/1756274605362.png,,,,
4690,716,cyan,large,rubber,sphere,"[161, 187, 9.012370109558105]",6873.0,"[119, 146, 82, 82]",cache/1756274605346.png,,,,
4691,716,brown,large,rubber,sphere,"[121, 119, 11.228813171386719]",4528.0,"[86, 85, 67, 67]",cache/1756274605371.png,,,,
4692,716,brown,small,rubber,cube,"[334, 184, 9.722247123718262]",2625.0,"[309, 156, 51, 51]",cache/1756274605376.png,,,,
4693,716,brown,large,rubber,sphere,"[196, 106, 11.782927513122559]",3983.0,"[164, 73, 62, 63]",cache/1756274605381.png,,,,
4694,716,green,large,metal,sphere,"[257, 86, 12.722042083740234]",3415.0,"[228, 55, 57, 58]",cache/1756274605338.png,,,,
4695,716,brown,small,rubber,sphere,"[233, 246, 8.25012493133545]",2055.0,"[210, 222, 44, 46]",cache/1756274605357.png,,,,
4696,716,cyan,small,rubber,cylinder,"[319, 217, 8.87086009979248]",2667.0,"[296, 187, 45, 58]",cache/1756274605366.png,,,,
4697,716,red,small,rubber,sphere,"[415, 140, 11.13820743560791]",1167.0,"[397, 123, 34, 33]",cache/1756274605352.png,,,,
4698,717,purple,small,rubber,cylinder,"[372, 152, 10.410325050354004]",1930.0,"[351, 128, 40, 47]",cache/1756274454860.png,,,,
4699,717,blue,large,rubber,cylinder,"[139, 149, 9.775420188903809]",8513.0,"[94, 99, 83, 101]",cache/1756274454854.png,,,,
4700,717,yellow,small,metal,sphere,"[251, 88, 13.4602689743042]",9250.0,"[244, 75, 94, 97]",cache/1756274454847.png,,,,
4701,717,blue,large,rubber,cube,"[291, 122, 10.807695388793945]",9250.0,"[244, 75, 94, 97]",cache/1756274454847.png,,,,
4702,718,purple,small,metal,cube,"[316, 203, 9.767236709594727]",2700.0,"[291, 175, 48, 55]",cache/1756274591808.png,,,,
4703,718,green,small,rubber,sphere,"[134, 184, 10.381681442260742]",1300.0,"[115, 165, 35, 36]",cache/1756274591822.png,,,,
4704,718,gray,large,rubber,cube,"[200, 104, 13.086936950683594]",5716.0,"[161, 65, 75, 75]",cache/1756274591850.png,,,,
4705,718,red,small,rubber,cylinder,"[104, 141, 12.058244705200195]",1407.0,"[85, 120, 34, 40]",cache/1756274591831.png,,,,
4706,718,gray,small,rubber,sphere,"[411, 162, 11.149120330810547]",1171.0,"[393, 145, 34, 33]",cache/1756274591836.png,,,,
4707,718,purple,small,rubber,cube,"[332, 128, 12.673279762268066]",1486.0,"[313, 108, 38, 38]",cache/1756274591826.png,,,,
4708,718,blue,small,rubber,cylinder,"[257, 221, 9.253294944763184]",2286.0,"[236, 193, 41, 55]",cache/1756274591840.png,,,,
4709,718,purple,large,metal,cube,"[230, 138, 11.392478942871094]",5716.0,"[161, 65, 75, 75]",cache/1756274591850.png,,,,
4710,718,brown,small,metal,cube,"[272, 96, 14.531667709350586]",1079.0,"[255, 78, 32, 33]",cache/1756274591845.png,,,,
4711,719,cyan,large,rubber,cylinder,"[279, 94, 12.879002571105957]",3689.0,"[249, 56, 59, 61]",cache/1756274562060.png,,,,
4712,719,gray,small,metal,cylinder,"[384, 164, 10.448241233825684]",1906.0,"[364, 139, 40, 47]",cache/1756274562049.png,,,,
4713,719,cyan,large,rubber,cube,"[175, 133, 10.869399070739746]",6617.0,"[96, 59, 80, 81]",cache/1756274562025.png,,,,
4714,719,cyan,small,metal,cube,"[243, 85, 14.426961898803711]",895.0,"[225, 67, 25, 34]",cache/1756274562055.png,,,,
4715,719,gray,small,metal,sphere,"[186, 247, 8.092373847961426]",2212.0,"[162, 223, 45, 48]",cache/1756274562020.png,,,,
4716,719,green,large,rubber,cube,"[139, 99, 12.541777610778809]",6617.0,"[96, 59, 80, 81]",cache/1756274562025.png,,,,
4717,719,brown,large,metal,cylinder,"[69, 121, 11.443172454833984]",6474.0,"[29, 78, 76, 84]",cache/1756274562031.png,,,,
4718,719,red,large,metal,cube,"[315, 159, 9.881847381591797]",11286.0,"[264, 107, 104, 107]",cache/1756274562009.png,,,,
4719,719,red,small,metal,cylinder,"[263, 129, 11.914231300354004]",1301.0,"[246, 108, 32, 40]",cache/1756274562066.png,,,,
4720,719,brown,small,rubber,sphere,"[131, 195, 9.43149185180664]",1579.0,"[110, 174, 39, 39]",cache/1756274562043.png,,,,
4721,720,purple,large,rubber,cylinder,"[202, 149, 10.669120788574219]",6745.0,"[164, 103, 72, 92]",cache/1756274404168.png,,,,
4722,720,brown,small,metal,cube,"[171, 127, 12.366305351257324]",6745.0,"[164, 103, 72, 92]",cache/1756274404168.png,,,,
4723,720,brown,large,rubber,sphere,"[350, 131, 11.386994361877441]",4369.0,"[316, 97, 66, 66]",cache/1756274404145.png,,,,
4724,720,yellow,small,rubber,cube,"[170, 217, 9.229321479797363]",3447.0,"[141, 186, 56, 61]",cache/1756274404161.png,,,,
4725,720,gray,small,metal,cube,"[341, 196, 9.793984413146973]",3144.0,"[313, 168, 55, 56]",cache/1756274404152.png,,,,
4726,721,yellow,large,metal,cube,"[291, 145, 9.975703239440918]",12242.0,"[289, 133, 106, 115]",cache/1756274607025.png,,,,
4727,721,brown,small,rubber,sphere,"[268, 229, 8.049671173095703]",2175.0,"[244, 205, 46, 47]",cache/1756274607048.png,,,,
4728,721,cyan,large,metal,sphere,"[195, 179, 8.769774436950684]",7252.0,"[152, 136, 84, 85]",cache/1756274607037.png,,,,
4729,721,red,small,rubber,cylinder,"[333, 117, 12.208674430847168]",1062.0,"[320, 97, 28, 37]",cache/1756274607054.png,,,,
4730,721,cyan,large,rubber,cube,"[47, 133, 10.498573303222656]",8351.0,"[0, 86, 87, 95]",cache/1756274607012.png,,,,
4731,721,gray,large,rubber,cube,"[338, 190, 8.439878463745117]",12242.0,"[289, 133, 106, 115]",cache/1756274607025.png,,,,
4732,721,cyan,large,rubber,cylinder,"[165, 113, 11.461918830871582]",5736.0,"[128, 72, 68, 83]",cache/1756274607059.png,,,,
4733,721,yellow,large,metal,sphere,"[399, 159, 9.452466011047363]",5771.0,"[368, 118, 72, 79]",cache/1756274607043.png,,,,
4734,722,yellow,small,rubber,cylinder,"[136, 185, 9.77188777923584]",2198.0,"[114, 159, 42, 52]",cache/1756274570905.png,,,,
4735,722,green,small,metal,sphere,"[206, 261, 7.87270450592041]",2307.0,"[181, 236, 47, 48]",cache/1756274570890.png,,,,
4736,722,yellow,small,metal,cylinder,"[402, 139, 11.473038673400879]",1651.0,"[383, 117, 38, 43]",cache/1756274570899.png,,,,
4737,723,gray,small,rubber,sphere,"[335, 173, 10.356029510498047]",1334.0,"[316, 155, 36, 36]",cache/1756274440759.png,,,,
4738,723,gray,small,rubber,cylinder,"[218, 130, 12.198143005371094]",1249.0,"[201, 110, 31, 39]",cache/1756274440763.png,,,,
4739,723,yellow,large,metal,cube,"[277, 81, 14.273397445678711]",4415.0,"[244, 47, 65, 67]",cache/1756274440743.png,,,,
4740,724,red,small,rubber,sphere,"[280, 93, 13.733980178833008]",730.0,"[266, 78, 26, 27]",cache/1756274440057.png,,,,
4741,724,purple,large,metal,sphere,"[268, 174, 9.54184341430664]",6076.0,"[229, 135, 77, 78]",cache/1756274440040.png,,,,
4742,724,yellow,small,metal,sphere,"[307, 108, 12.904643058776855]",844.0,"[291, 93, 28, 29]",cache/1756274440053.png,,,,
4743,724,cyan,large,metal,cylinder,"[191, 144, 10.55752944946289]",6956.0,"[152, 97, 73, 94]",cache/1756274440048.png,,,,
4744,725,cyan,small,metal,cylinder,"[219, 149, 10.646627426147461]",1677.0,"[200, 125, 35, 46]",cache/1756274289100.png,,,,
4745,725,cyan,small,metal,sphere,"[373, 172, 9.907428741455078]",1470.0,"[353, 152, 38, 37]",cache/1756274289062.png,,,,
4746,725,cyan,large,metal,cylinder,"[198, 104, 11.699908256530762]",8015.0,"[163, 62, 72, 109]",cache/1756274289094.png,,,,
4747,725,gray,small,rubber,sphere,"[126, 211, 8.828219413757324]",1834.0,"[104, 189, 42, 43]",cache/1756274289084.png,,,,
4748,725,green,small,metal,cylinder,"[330, 104, 12.528348922729492]",1255.0,"[314, 84, 32, 38]",cache/1756274289079.png,,,,
4749,725,purple,large,rubber,cylinder,"[309, 181, 8.995321273803711]",9773.0,"[267, 125, 87, 112]",cache/1756274289073.png,,,,
4750,725,blue,large,metal,cube,"[245, 73, 13.348102569580078]",5397.0,"[209, 35, 71, 75]",cache/1756274289067.png,,,,
4751,725,gray,small,metal,cube,"[280, 243, 8.11371898651123]",4059.0,"[251, 209, 59, 68]",cache/1756274289048.png,,,,
4752,725,yellow,small,metal,sphere,"[121, 129, 11.432453155517578]",1068.0,"[104, 112, 32, 32]",cache/1756274289057.png,,,,
4753,725,purple,small,metal,cylinder,"[395, 141, 10.961105346679688]",1782.0,"[375, 117, 39, 45]",cache/1756274289089.png,,,,
4754,726,brown,small,rubber,sphere,"[291, 159, 10.516633987426758]",1234.0,"[272, 141, 34, 35]",cache/1756274608461.png,,,,
4755,726,red,small,rubber,sphere,"[177, 216, 8.78622055053711]",1792.0,"[155, 195, 42, 42]",cache/1756274608456.png,,,,
4756,726,blue,large,rubber,cube,"[217, 76, 13.68542194366455]",4856.0,"[182, 40, 67, 71]",cache/1756274608447.png,,,,
4757,726,green,small,rubber,cylinder,"[141, 192, 9.451908111572266]",2262.0,"[119, 165, 42, 53]",cache/1756274608466.png,,,,
4758,726,blue,large,metal,sphere,"[126, 101, 12.213688850402832]",3807.0,"[94, 69, 62, 61]",cache/1756274608439.png,,,,
4759,726,purple,small,metal,sphere,"[382, 132, 11.607986450195312]",1049.0,"[365, 115, 32, 31]",cache/1756274608452.png,,,,
4760,726,gray,small,rubber,cube,"[371, 172, 10.062289237976074]",2206.0,"[350, 147, 44, 49]",cache/1756274608471.png,,,,
4761,727,brown,large,rubber,sphere,"[293, 208, 8.213040351867676]",8193.0,"[248, 162, 90, 90]",cache/1756274459679.png,,,,
4762,727,cyan,large,metal,cylinder,"[89, 159, 9.570775985717773]",9576.0,"[41, 107, 91, 104]",cache/1756274459704.png,,,,
4763,727,cyan,small,rubber,cylinder,"[320, 154, 10.432302474975586]",1808.0,"[301, 130, 37, 47]",cache/1756274459717.png,,,,
4764,728,green,large,rubber,cylinder,"[339, 120, 11.341564178466797]",6009.0,"[304, 78, 70, 84]",cache/1756274269350.png,,,,
4765,728,brown,small,rubber,sphere,"[302, 194, 9.23515510559082]",1617.0,"[282, 173, 39, 40]",cache/1756274269370.png,,,,
4766,728,purple,small,rubber,sphere,"[222, 102, 13.31192684173584]",772.0,"[207, 87, 27, 28]",cache/1756274269333.png,,,,
4767,728,gray,small,rubber,cylinder,"[89, 153, 10.683469772338867]",1814.0,"[68, 130, 39, 45]",cache/1756274269375.png,,,,
4768,728,gray,small,rubber,sphere,"[424, 155, 10.589677810668945]",1307.0,"[406, 137, 36, 35]",cache/1756274269365.png,,,,
4769,728,blue,small,rubber,cube,"[182, 125, 11.97285270690918]",1475.0,"[163, 105, 36, 39]",cache/1756274269355.png,,,,
4770,728,purple,small,rubber,cylinder,"[140, 210, 8.746679306030273]",2653.0,"[116, 181, 45, 57]",cache/1756274269344.png,,,,
4771,728,green,large,metal,cylinder,"[253, 76, 14.09114933013916]",3543.0,"[226, 43, 53, 65]",cache/1756274269360.png,,,,
4772,728,blue,large,rubber,cube,"[133, 101, 12.397089004516602]",6543.0,"[91, 61, 80, 81]",cache/1756274269339.png,,,,
4773,728,green,small,metal,cube,"[391, 178, 9.749093055725098]",2761.0,"[364, 150, 50, 54]",cache/1756274269326.png,,,,
4774,729,red,small,metal,cube,"[223, 221, 8.79477596282959]",2902.0,"[197, 192, 49, 59]",cache/1756274387552.png,,,,
4775,729,green,small,rubber,sphere,"[188, 160, 10.722025871276855]",1192.0,"[170, 142, 34, 34]",cache/1756274387580.png,,,,
4776,729,blue,small,metal,sphere,"[98, 149, 11.198925018310547]",1134.0,"[81, 131, 33, 33]",cache/1756274387574.png,,,,
4777,729,blue,large,rubber,sphere,"[320, 96, 12.991252899169922]",3330.0,"[291, 66, 57, 57]",cache/1756274387564.png,,,,
4778,729,green,large,rubber,sphere,"[173, 107, 12.341204643249512]",3663.0,"[142, 76, 60, 60]",cache/1756274387559.png,,,,
4779,729,blue,small,rubber,sphere,"[374, 134, 11.870800018310547]",1009.0,"[357, 117, 31, 31]",cache/1756274387569.png,,,,
4780,729,brown,small,rubber,sphere,"[124, 185, 9.839115142822266]",1449.0,"[104, 166, 37, 38]",cache/1756274387585.png,,,,
4781,729,blue,small,rubber,cube,"[268, 100, 13.712422370910645]",3923.0,"[208, 40, 60, 64]",cache/1756274387590.png,,,,
4782,729,brown,large,rubber,cube,"[238, 72, 14.631048202514648]",3923.0,"[208, 40, 60, 64]",cache/1756274387590.png,,,,
4783,730,green,small,metal,cylinder,"[320, 121, 12.057205200195312]",1300.0,"[303, 100, 32, 39]",cache/1756274486415.png,,,,
4784,730,gray,small,rubber,sphere,"[71, 141, 11.099899291992188]",1232.0,"[52, 123, 34, 35]",cache/1756274486410.png,,,,
4785,730,purple,small,rubber,cylinder,"[239, 241, 7.9992451667785645]",3081.0,"[214, 208, 47, 64]",cache/1756274486401.png,,,,
4786,730,green,large,metal,cube,"[279, 79, 13.574674606323242]",5558.0,"[241, 42, 75, 73]",cache/1756274486389.png,,,,
4787,730,gray,large,rubber,cylinder,"[130, 153, 9.826156616210938]",8333.0,"[86, 104, 83, 100]",cache/1756274486420.png,,,,
4788,730,brown,small,rubber,cylinder,"[174, 103, 13.015873908996582]",1093.0,"[159, 84, 29, 36]",cache/1756274486425.png,,,,
4789,730,purple,small,rubber,sphere,"[207, 194, 9.195927619934082]",1629.0,"[186, 173, 39, 40]",cache/1756274486395.png,,,,
4790,730,cyan,small,rubber,cylinder,"[356, 147, 10.827045440673828]",1728.0,"[337, 124, 37, 45]",cache/1756274486406.png,,,,
4791,731,green,small,rubber,sphere,"[271, 111, 12.937009811401367]",823.0,"[256, 96, 28, 29]",cache/1756274348324.png,,,,
4792,731,blue,small,rubber,cylinder,"[134, 199, 9.333221435546875]",2378.0,"[110, 171, 43, 54]",cache/1756274348313.png,,,,
4793,731,brown,large,metal,cylinder,"[112, 110, 12.0872220993042]",5469.0,"[76, 71, 69, 79]",cache/1756274348329.png,,,,
4794,731,gray,small,rubber,sphere,"[204, 97, 13.836020469665527]",4241.0,"[144, 90, 63, 66]",cache/1756274348300.png,,,,
4795,731,yellow,large,rubber,cylinder,"[260, 218, 8.190120697021484]",11786.0,"[212, 157, 94, 124]",cache/1756274348307.png,,,,
4796,731,blue,large,metal,sphere,"[177, 124, 11.394083023071289]",4241.0,"[144, 90, 63, 66]",cache/1756274348300.png,,,,
4797,731,gray,large,metal,cylinder,"[227, 164, 9.752763748168945]",11786.0,"[212, 157, 94, 124]",cache/1756274348307.png,,,,
4798,731,gray,large,metal,cube,"[334, 141, 10.650261878967285]",7272.0,"[295, 94, 77, 94]",cache/1756274348319.png,,,,
4799,732,red,small,metal,cylinder,"[134, 115, 12.682455062866211]",1082.0,"[117, 96, 29, 36]",cache/1756274352526.png,,,,
4800,732,green,small,rubber,cylinder,"[217, 244, 8.059382438659668]",3046.0,"[192, 211, 47, 64]",cache/1756274352505.png,,,,
4801,732,gray,large,metal,cylinder,"[326, 114, 11.80678653717041]",5539.0,"[292, 74, 67, 81]",cache/1756274352530.png,,,,
4802,732,red,large,rubber,cube,"[200, 88, 13.363146781921387]",4071.0,"[169, 54, 59, 68]",cache/1756274352510.png,,,,
4803,732,purple,large,rubber,sphere,"[162, 134, 10.840326309204102]",4796.0,"[126, 99, 69, 69]",cache/1756274352498.png,,,,
4804,732,cyan,small,metal,cylinder,"[266, 88, 14.427510261535645]",856.0,"[252, 71, 26, 32]",cache/1756274352520.png,,,,
4805,732,purple,large,rubber,cylinder,"[384, 150, 10.190436363220215]",8107.0,"[343, 102, 84, 96]",cache/1756274352515.png,,,,
4806,733,gray,small,rubber,cylinder,"[213, 186, 9.639264106750488]",2045.0,"[193, 160, 39, 52]",cache/1756274450114.png,,,,
4807,733,purple,small,metal,cylinder,"[356, 144, 11.1331148147583]",1644.0,"[337, 122, 37, 44]",cache/1756274450021.png,,,,
4808,733,green,small,metal,cylinder,"[326, 120, 12.23537826538086]",1283.0,"[309, 99, 32, 39]",cache/1756274450130.png,,,,
4809,733,yellow,small,metal,cube,"[260, 83, 14.351179122924805]",1222.0,"[242, 65, 35, 34]",cache/1756274450049.png,,,,
4810,733,purple,small,rubber,sphere,"[299, 99, 13.372437477111816]",744.0,"[286, 84, 26, 28]",cache/1756274450035.png,,,,
4811,733,brown,small,rubber,cylinder,"[183, 218, 8.751047134399414]",2587.0,"[159, 189, 44, 58]",cache/1756274450096.png,,,,
4812,733,blue,large,metal,cylinder,"[82, 116, 11.547722816467285]",5964.0,"[42, 75, 71, 83]",cache/1756274450080.png,,,,
4813,733,yellow,small,metal,cylinder,"[283, 113, 12.594259262084961]",1156.0,"[267, 93, 30, 38]",cache/1756274450148.png,,,,
4814,733,yellow,large,rubber,sphere,"[157, 93, 12.776312828063965]",3448.0,"[127, 63, 58, 59]",cache/1756274450002.png,,,,
4815,733,purple,large,rubber,sphere,"[108, 152, 10.078804969787598]",5964.0,"[42, 75, 71, 83]",cache/1756274450080.png,,,,
4816,734,red,small,metal,cube,"[261, 91, 13.604750633239746]",959.0,"[246, 73, 28, 33]",cache/1756274292898.png,,,,
4817,734,red,small,rubber,sphere,"[237, 108, 12.496875762939453]",865.0,"[222, 93, 29, 29]",cache/1756274292893.png,,,,
4818,734,green,small,metal,cube,"[290, 121, 11.78300666809082]",1660.0,"[270, 99, 39, 42]",cache/1756274292883.png,,,,
4819,734,red,large,metal,sphere,"[71, 119, 10.98193359375]",4810.0,"[34, 84, 70, 67]",cache/1756274292902.png,,,,
4820,734,gray,small,metal,sphere,"[188, 218, 8.249521255493164]",2072.0,"[165, 194, 45, 45]",cache/1756274292888.png,,,,
4821,734,brown,small,rubber,cube,"[412, 162, 9.99183464050293]",2246.0,"[390, 136, 44, 50]",cache/1756274292878.png,,,,
4822,735,brown,large,rubber,cube,"[60, 136, 10.660738945007324]",9375.0,"[4, 90, 99, 94]",cache/1756274294831.png,,,,
4823,735,cyan,large,rubber,sphere,"[260, 78, 13.927959442138672]",2910.0,"[233, 50, 53, 54]",cache/1756274294825.png,,,,
4824,735,green,large,metal,cube,"[124, 170, 9.394537925720215]",9755.0,"[74, 118, 91, 106]",cache/1756274294818.png,,,,
4825,736,purple,large,rubber,sphere,"[163, 198, 8.830650329589844]",7169.0,"[120, 156, 84, 85]",cache/1756274384283.png,,,,
4826,736,red,small,rubber,cylinder,"[219, 254, 8.101426124572754]",3004.0,"[195, 221, 46, 64]",cache/1756274384321.png,,,,
4827,736,brown,large,metal,cylinder,"[294, 163, 9.88681697845459]",7909.0,"[255, 113, 78, 100]",cache/1756274384326.png,,,,
4828,736,brown,large,metal,sphere,"[236, 106, 12.297163009643555]",3747.0,"[206, 74, 59, 62]",cache/1756274384301.png,,,,
4829,736,purple,large,rubber,cylinder,"[87, 135, 10.918939590454102]",7075.0,"[46, 91, 78, 89]",cache/1756274384295.png,,,,
4830,736,yellow,large,rubber,cube,"[385, 141, 10.7114896774292]",10103.0,"[335, 92, 101, 99]",cache/1756274384306.png,,,,
4831,736,red,large,rubber,cylinder,"[308, 114, 11.889331817626953]",4888.0,"[276, 73, 64, 75]",cache/1756274384337.png,,,,
4832,736,brown,small,rubber,sphere,"[363, 193, 9.6209716796875]",1512.0,"[343, 173, 38, 38]",cache/1756274384332.png,,,,
4833,736,brown,large,rubber,cube,"[147, 100, 12.598628997802734]",5062.0,"[113, 62, 65, 77]",cache/1756274384315.png,,,,
4834,736,blue,small,rubber,cube,"[197, 98, 13.612314224243164]",966.0,"[182, 80, 27, 35]",cache/1756274384342.png,,,,
4835,737,red,large,metal,sphere,"[182, 109, 12.560148239135742]",3413.0,"[152, 79, 57, 59]",cache/1756274316130.png,,,,
4836,737,brown,large,rubber,cylinder,"[330, 150, 10.422063827514648]",9552.0,"[266, 133, 86, 110]",cache/1756274316136.png,,,,
4837,737,gray,large,metal,cylinder,"[355, 121, 11.855657577514648]",5217.0,"[324, 81, 65, 79]",cache/1756274316165.png,,,,
4838,737,red,large,metal,cylinder,"[308, 187, 9.003096580505371]",9552.0,"[266, 133, 86, 110]",cache/1756274316136.png,,,,
4839,737,purple,large,rubber,sphere,"[75, 134, 11.158425331115723]",4660.0,"[39, 100, 69, 67]",cache/1756274316113.png,,,,
4840,737,brown,small,metal,cylinder,"[131, 185, 9.81936264038086]",2068.0,"[109, 159, 41, 49]",cache/1756274316145.png,,,,
4841,737,gray,small,metal,cube,"[256, 114, 13.263620376586914]",1349.0,"[237, 95, 36, 37]",cache/1756274316151.png,,,,
4842,737,red,large,metal,cube,"[216, 90, 13.917144775390625]",4202.0,"[182, 57, 62, 67]",cache/1756274316123.png,,,,
4843,738,blue,small,rubber,sphere,"[275, 168, 10.153547286987305]",1354.0,"[256, 149, 36, 37]",cache/1756274590084.png,,,,
4844,738,yellow,large,metal,cylinder,"[443, 137, 10.542657852172852]",7408.0,"[401, 89, 78, 94]",cache/1756274590093.png,,,,
4845,738,blue,small,metal,cylinder,"[195, 106, 12.628756523132324]",1192.0,"[179, 86, 31, 38]",cache/1756274590089.png,,,,
4846,739,gray,small,rubber,cylinder,"[317, 117, 12.208239555358887]",1259.0,"[301, 96, 31, 39]",cache/1756274275817.png,,,,
4847,739,red,large,rubber,cylinder,"[232, 154, 9.871821403503418]",7702.0,"[193, 104, 77, 99]",cache/1756274275798.png,,,,
4848,739,brown,small,metal,sphere,"[53, 141, 11.115575790405273]",1180.0,"[34, 123, 35, 33]",cache/1756274275747.png,,,,
4849,739,purple,small,metal,cylinder,"[256, 247, 7.998419761657715]",3083.0,"[232, 214, 47, 64]",cache/1756274275772.png,,,,
4850,739,red,small,metal,sphere,"[289, 91, 13.619609832763672]",745.0,"[275, 76, 27, 27]",cache/1756274275758.png,,,,
4851,739,cyan,small,rubber,cylinder,"[286, 204, 9.022801399230957]",2436.0,"[264, 175, 43, 56]",cache/1756274275810.png,,,,
4852,739,red,small,metal,sphere,"[156, 125, 11.796653747558594]",995.0,"[140, 109, 31, 31]",cache/1756274275780.png,,,,
4853,739,cyan,large,rubber,sphere,"[185, 85, 13.041516304016113]",3320.0,"[156, 55, 56, 58]",cache/1756274275734.png,,,,
4854,739,green,large,metal,cylinder,"[402, 139, 10.409826278686523]",7927.0,"[362, 92, 83, 94]",cache/1756274275791.png,,,,
4855,739,green,small,metal,cube,"[179, 223, 8.538602828979492]",3940.0,"[147, 190, 59, 65]",cache/1756274275763.png,,,,
4856,740,gray,small,metal,sphere,"[222, 121, 12.42577075958252]",885.0,"[206, 105, 29, 29]",cache/1756274332693.png,,,,
4857,740,red,large,metal,sphere,"[276, 120, 11.555643081665039]",4232.0,"[243, 86, 65, 64]",cache/1756274332676.png,,,,
4858,740,gray,small,rubber,cube,"[262, 203, 8.982276916503906]",2876.0,"[237, 174, 50, 57]",cache/1756274332671.png,,,,
4859,740,green,small,rubber,sphere,"[298, 102, 13.633341789245605]",4232.0,"[243, 86, 65, 64]",cache/1756274332676.png,,,,
4860,740,blue,small,metal,cylinder,"[192, 224, 8.39885139465332]",2789.0,"[168, 193, 46, 60]",cache/1756274332681.png,,,,
4861,740,green,large,rubber,cylinder,"[107, 138, 10.61397933959961]",7154.0,"[65, 93, 78, 90]",cache/1756274332686.png,,,,
4862,740,yellow,small,rubber,cube,"[167, 112, 12.971566200256348]",1371.0,"[147, 93, 36, 37]",cache/1756274332698.png,,,,
4863,740,brown,large,rubber,cube,"[374, 144, 10.361759185791016]",10346.0,"[324, 96, 104, 99]",cache/1756274332665.png,,,,
4864,741,yellow,large,metal,cylinder,"[120, 103, 12.182416915893555]",5498.0,"[84, 63, 68, 79]",cache/1756274539505.png,,,,
4865,741,purple,large,rubber,cylinder,"[334, 187, 9.067638397216797]",10051.0,"[291, 131, 89, 112]",cache/1756274539516.png,,,,
4866,741,blue,small,rubber,cylinder,"[276, 163, 10.450481414794922]",13846.0,"[257, 131, 123, 112]",cache/1756274539510.png,,,,
4867,741,brown,large,metal,cube,"[206, 215, 8.338854789733887]",13136.0,"[149, 155, 105, 124]",cache/1756274539499.png,,,,
4868,742,purple,small,rubber,cylinder,"[259, 166, 10.039974212646484]",1877.0,"[240, 141, 37, 49]",cache/1756274604375.png,,,,
4869,742,green,large,rubber,cube,"[97, 157, 9.600081443786621]",10600.0,"[48, 104, 96, 109]",cache/1756274604358.png,,,,
4870,742,gray,small,metal,sphere,"[200, 249, 7.800188064575195]",2353.0,"[175, 224, 47, 49]",cache/1756274604366.png,,,,
4871,742,gray,small,rubber,sphere,"[342, 130, 11.468894958496094]",1107.0,"[325, 113, 33, 33]",cache/1756274604371.png,,,,
4872,742,brown,small,rubber,cylinder,"[243, 91, 13.532771110534668]",980.0,"[229, 73, 28, 34]",cache/1756274604379.png,,,,
4873,743,brown,large,metal,cylinder,"[104, 154, 10.25467586517334]",8134.0,"[60, 106, 83, 97]",cache/1756274281904.png,,,,
4874,743,cyan,large,metal,cylinder,"[294, 124, 11.353474617004395]",6059.0,"[259, 81, 69, 87]",cache/1756274281909.png,,,,
4875,743,purple,small,rubber,cube,"[258, 100, 13.322029113769531]",944.0,"[245, 80, 24, 38]",cache/1756274281914.png,,,,
4876,743,brown,large,rubber,cylinder,"[347, 183, 9.381410598754883]",9547.0,"[304, 129, 88, 108]",cache/1756274281898.png,,,,
4877,743,gray,large,metal,cube,"[207, 104, 12.27728271484375]",7054.0,"[164, 61, 82, 85]",cache/1756274281890.png,,,,
4878,744,blue,large,rubber,cube,"[301, 182, 9.403562545776367]",11547.0,"[250, 127, 100, 115]",cache/1756274458075.png,,,,
4879,744,brown,large,metal,cylinder,"[107, 134, 11.022778511047363]",6542.0,"[66, 90, 73, 89]",cache/1756274458110.png,,,,
4880,744,purple,large,metal,sphere,"[233, 141, 10.774547576904297]",4708.0,"[199, 105, 67, 69]",cache/1756274458081.png,,,,
4881,744,green,large,metal,cylinder,"[322, 103, 12.430591583251953]",4838.0,"[290, 63, 64, 74]",cache/1756274458092.png,,,,
4882,744,gray,small,metal,cube,"[197, 234, 8.690823554992676]",3460.0,"[170, 202, 53, 64]",cache/1756274458067.png,,,,
4883,744,brown,large,rubber,cube,"[146, 100, 12.567156791687012]",4993.0,"[106, 61, 75, 65]",cache/1756274458103.png,,,,
4884,744,green,large,metal,cylinder,"[164, 172, 9.698087692260742]",8549.0,"[121, 121, 82, 103]",cache/1756274458115.png,,,,
4885,744,yellow,small,rubber,cube,"[376, 170, 10.458538055419922]",2612.0,"[351, 144, 51, 50]",cache/1756274458087.png,,,,
4886,744,brown,small,metal,sphere,"[241, 81, 14.555351257324219]",651.0,"[227, 67, 25, 25]",cache/1756274458098.png,,,,
4887,745,blue,small,rubber,sphere,"[214, 95, 13.766865730285645]",736.0,"[200, 81, 26, 27]",cache/1756274386854.png,,,,
4888,745,yellow,small,metal,cube,"[125, 165, 10.602343559265137]",1923.0,"[104, 141, 40, 47]",cache/1756274386870.png,,,,
4889,745,blue,small,rubber,cylinder,"[302, 123, 12.288151741027832]",1257.0,"[286, 103, 31, 39]",cache/1756274386875.png,,,,
4890,745,blue,large,metal,cylinder,"[379, 121, 11.587241172790527]",6196.0,"[343, 79, 73, 84]",cache/1756274386860.png,,,,
4891,745,purple,large,metal,cylinder,"[183, 169, 9.808563232421875]",8059.0,"[141, 118, 79, 101]",cache/1756274386865.png,,,,
4892,745,green,large,metal,sphere,"[256, 200, 8.907994270324707]",7005.0,"[214, 157, 83, 84]",cache/1756274386849.png,,,,
4893,745,red,small,rubber,cylinder,"[322, 107, 13.104843139648438]",1068.0,"[307, 88, 29, 36]",cache/1756274386880.png,,,,
4894,746,blue,large,rubber,cube,"[84, 164, 9.211849212646484]",14020.0,"[20, 108, 120, 116]",cache/1756274376296.png,,,,
4895,746,brown,small,metal,sphere,"[320, 102, 12.511269569396973]",892.0,"[304, 86, 29, 29]",cache/1756274376306.png,,,,
4896,746,purple,small,rubber,cube,"[307, 212, 8.552552223205566]",3017.0,"[281, 182, 51, 58]",cache/1756274376291.png,,,,
4897,746,gray,large,metal,sphere,"[156, 114, 11.084881782531738]",4605.0,"[121, 79, 67, 68]",cache/1756274376302.png,,,,
4898,747,blue,small,rubber,cube,"[175, 172, 10.448843002319336]",1837.0,"[156, 147, 38, 47]",cache/1756274329040.png,,,,
4899,747,cyan,small,metal,cylinder,"[220, 157, 11.021073341369629]",1553.0,"[202, 134, 34, 44]",cache/1756274329078.png,,,,
4900,747,purple,large,metal,sphere,"[336, 111, 12.287093162536621]",3745.0,"[305, 79, 61, 61]",cache/1756274329013.png,,,,
4901,747,yellow,small,rubber,cylinder,"[281, 104, 13.596433639526367]",1029.0,"[266, 85, 28, 35]",cache/1756274329085.png,,,,
4902,747,brown,small,metal,sphere,"[382, 144, 11.52906322479248]",1071.0,"[365, 127, 33, 32]",cache/1756274329061.png,,,,
4903,747,blue,large,rubber,cube,"[248, 71, 14.81731128692627]",4531.0,"[214, 37, 67, 67]",cache/1756274329049.png,,,,
4904,747,purple,small,rubber,cube,"[323, 187, 9.958551406860352]",2691.0,"[297, 159, 49, 54]",cache/1756274329028.png,,,,
4905,748,green,small,metal,cylinder,"[301, 96, 13.354365348815918]",1071.0,"[285, 77, 29, 36]",cache/1756274545515.png,,,,
4906,748,red,small,rubber,sphere,"[297, 217, 8.9297456741333]",1748.0,"[275, 196, 41, 42]",cache/1756274545503.png,,,,
4907,748,gray,small,rubber,sphere,"[178, 151, 10.89047908782959]",1190.0,"[160, 133, 33, 35]",cache/1756274545526.png,,,,
4908,748,green,large,rubber,cube,"[369, 115, 11.596887588500977]",6443.0,"[332, 72, 74, 86]",cache/1756274545479.png,,,,
4909,748,purple,large,metal,cylinder,"[151, 107, 11.958415031433105]",5497.0,"[116, 66, 67, 81]",cache/1756274545489.png,,,,
4910,748,gray,small,rubber,cube,"[205, 182, 9.86843204498291]",2135.0,"[182, 157, 42, 50]",cache/1756274545509.png,,,,
4911,748,green,large,rubber,cube,"[247, 62, 14.461756706237793]",4561.0,"[214, 28, 66, 68]",cache/1756274545497.png,,,,
4912,748,purple,small,rubber,sphere,"[357, 167, 10.334087371826172]",1318.0,"[338, 149, 36, 36]",cache/1756274545520.png,,,,
4913,749,cyan,large,metal,sphere,"[399, 123, 11.397074699401855]",4197.0,"[369, 89, 64, 65]",cache/1756274251126.png,,,,
4914,749,green,large,rubber,cube,"[346, 154, 10.229926109313965]",7947.0,"[308, 105, 80, 99]",cache/1756274251142.png,,,,
4915,749,purple,small,metal,sphere,"[150, 195, 9.609403610229492]",1495.0,"[130, 175, 38, 38]",cache/1756274251131.png,,,,
4916,749,cyan,large,metal,cylinder,"[263, 111, 11.927382469177246]",5256.0,"[231, 70, 64, 81]",cache/1756274251148.png,,,,
4917,749,gray,large,rubber,sphere,"[289, 196, 8.954353332519531]",6947.0,"[248, 154, 82, 83]",cache/1756274251136.png,,,,
4918,749,purple,large,rubber,sphere,"[188, 138, 10.791502952575684]",4745.0,"[153, 103, 68, 69]",cache/1756274251121.png,,,,
4919,749,yellow,large,metal,cube,"[99, 127, 11.230161666870117]",8445.0,"[53, 81, 89, 94]",cache/1756274251112.png,,,,
4920,750,green,small,rubber,cube,"[370, 162, 10.246184349060059]",2496.0,"[344, 138, 50, 49]",cache/1756274394877.png,,,,
4921,750,yellow,small,rubber,sphere,"[212, 218, 8.48222827911377]",1646.0,"[190, 195, 36, 44]",cache/1756274394927.png,,,,
4922,750,green,large,metal,cylinder,"[277, 101, 12.30542278289795]",4785.0,"[245, 62, 62, 76]",cache/1756274394894.png,,,,
4923,750,purple,large,rubber,sphere,"[330, 122, 11.155675888061523]",4489.0,"[296, 88, 67, 66]",cache/1756274394871.png,,,,
4924,750,green,small,metal,cube,"[153, 110, 12.724752426147461]",1494.0,"[134, 90, 38, 39]",cache/1756274394887.png,,,,
4925,750,purple,small,rubber,sphere,"[331, 187, 9.38992691040039]",1560.0,"[311, 166, 39, 39]",cache/1756274394882.png,,,,
4926,750,green,small,rubber,cylinder,"[131, 126, 11.886964797973633]",1354.0,"[113, 105, 33, 39]",cache/1756274394903.png,,,,
4927,750,cyan,large,metal,sphere,"[263, 238, 7.384100914001465]",10372.0,"[212, 187, 101, 102]",cache/1756274394865.png,,,,
4928,750,cyan,large,rubber,sphere,"[420, 131, 10.744367599487305]",5043.0,"[384, 95, 72, 69]",cache/1756274394859.png,,,,
4929,751,red,large,metal,cube,"[176, 112, 11.478477478027344]",7982.0,"[130, 68, 89, 89]",cache/1756274515145.png,,,,
4930,751,green,small,rubber,sphere,"[280, 228, 8.200407981872559]",2123.0,"[257, 204, 45, 47]",cache/1756274515164.png,,,,
4931,751,green,large,rubber,cylinder,"[402, 159, 9.505813598632812]",9561.0,"[358, 107, 91, 104]",cache/1756274515175.png,,,,
4932,751,purple,large,rubber,sphere,"[304, 93, 12.532315254211426]",3579.0,"[274, 62, 59, 60]",cache/1756274515154.png,,,,
4933,752,yellow,small,rubber,cube,"[323, 208, 9.575912475585938]",2467.0,"[307, 179, 42, 58]",cache/1756274593517.png,,,,
4934,752,yellow,small,metal,cylinder,"[375, 144, 11.734466552734375]",1536.0,"[356, 123, 36, 42]",cache/1756274593511.png,,,,
4935,752,yellow,large,metal,cylinder,"[129, 161, 10.377904891967773]",7610.0,"[88, 113, 79, 96]",cache/1756274593470.png,,,,
4936,752,blue,small,rubber,cube,"[228, 94, 14.315414428710938]",1084.0,"[212, 75, 31, 34]",cache/1756274593484.png,,,,
4937,752,purple,large,metal,cylinder,"[266, 229, 8.447766304016113]",11095.0,"[221, 169, 90, 122]",cache/1756274593462.png,,,,
4938,752,blue,small,rubber,sphere,"[201, 114, 13.176915168762207]",792.0,"[187, 99, 27, 28]",cache/1756274593496.png,,,,
4939,752,brown,large,metal,cylinder,"[341, 108, 12.596851348876953]",4783.0,"[309, 70, 64, 73]",cache/1756274593490.png,,,,
4940,752,gray,small,rubber,cube,"[336, 159, 11.144815444946289]",1844.0,"[316, 136, 39, 46]",cache/1756274593523.png,,,,
4941,752,green,small,rubber,sphere,"[172, 134, 12.199808120727539]",788.0,"[160, 118, 25, 30]",cache/1756274593477.png,,,,
4942,752,red,small,rubber,cylinder,"[276, 106, 13.564851760864258]",1004.0,"[261, 88, 28, 35]",cache/1756274593505.png,,,,
4943,753,yellow,small,rubber,cylinder,"[213, 193, 9.398858070373535]",2201.0,"[192, 165, 40, 54]",cache/1756274251444.png,,,,
4944,753,blue,large,metal,cylinder,"[335, 129, 10.959236145019531]",6590.0,"[299, 85, 74, 88]",cache/1756274251427.png,,,,
4945,753,blue,small,metal,sphere,"[147, 111, 12.706125259399414]",9635.0,"[98, 96, 83, 115]",cache/1756274251439.png,,,,
4946,753,gray,large,metal,cube,"[247, 75, 14.008949279785156]",4367.0,"[215, 40, 63, 68]",cache/1756274251434.png,,,,
4947,753,purple,large,rubber,cylinder,"[142, 160, 9.757611274719238]",9635.0,"[98, 96, 83, 115]",cache/1756274251439.png,,,,
4948,754,red,large,rubber,sphere,"[296, 125, 11.552336692810059]",4168.0,"[264, 92, 64, 65]",cache/1756274325465.png,,,,
4949,754,yellow,large,rubber,sphere,"[257, 177, 9.458105087280273]",6179.0,"[218, 138, 77, 79]",cache/1756274325454.png,,,,
4950,754,blue,small,rubber,cube,"[336, 123, 12.505353927612305]",1404.0,"[322, 102, 34, 41]",cache/1756274325475.png,,,,
4951,754,red,large,metal,cube,"[416, 138, 10.954288482666016]",9351.0,"[367, 92, 101, 92]",cache/1756274325459.png,,,,
4952,754,green,large,rubber,cylinder,"[152, 98, 13.055000305175781]",4461.0,"[120, 61, 61, 72]",cache/1756274325470.png,,,,
4953,754,red,large,rubber,sphere,"[91, 153, 10.328104972839355]",5392.0,"[53, 116, 74, 72]",cache/1756274325447.png,,,,
4954,755,yellow,small,rubber,cube,"[219, 101, 13.487462043762207]",1312.0,"[200, 82, 35, 36]",cache/1756274347594.png,,,,
4955,755,red,large,metal,sphere,"[284, 128, 11.14520263671875]",4427.0,"[251, 94, 66, 66]",cache/1756274347561.png,,,,
4956,755,yellow,large,rubber,cube,"[340, 191, 8.89925479888916]",14512.0,"[282, 132, 117, 123]",cache/1756274347576.png,,,,
4957,755,red,small,metal,sphere,"[113, 188, 9.665371894836426]",1499.0,"[92, 168, 39, 38]",cache/1756274347556.png,,,,
4958,755,yellow,large,rubber,cylinder,"[328, 102, 12.491514205932617]",4743.0,"[298, 63, 62, 75]",cache/1756274347606.png,,,,
4959,755,green,large,metal,sphere,"[246, 70, 14.572345733642578]",2632.0,"[220, 43, 50, 51]",cache/1756274347568.png,,,,
4960,755,brown,large,rubber,cube,"[412, 150, 10.234253883361816]",9787.0,"[366, 103, 101, 96]",cache/1756274347600.png,,,,
4961,755,brown,small,metal,cube,"[174, 127, 12.073042869567871]",1830.0,"[152, 105, 42, 43]",cache/1756274347583.png,,,,
4962,755,brown,small,rubber,sphere,"[180, 232, 8.452077865600586]",1970.0,"[157, 209, 43, 45]",cache/1756274347588.png,,,,
4963,755,purple,large,metal,sphere,"[68, 141, 10.605013847351074]",5148.0,"[30, 105, 73, 70]",cache/1756274347545.png,,,,
4964,756,blue,large,metal,cylinder,"[306, 198, 8.829157829284668]",10407.0,"[262, 141, 89, 115]",cache/1756274485628.png,,,,
4965,756,cyan,large,rubber,sphere,"[220, 172, 9.549405097961426]",6053.0,"[181, 132, 77, 78]",cache/1756274485621.png,,,,
4966,756,purple,small,metal,cube,"[203, 123, 12.022048950195312]",1747.0,"[180, 100, 42, 41]",cache/1756274485633.png,,,,
4967,756,gray,small,metal,cylinder,"[398, 149, 10.995539665222168]",1805.0,"[378, 125, 39, 45]",cache/1756274485638.png,,,,
4968,757,cyan,large,metal,cube,"[284, 80, 13.716035842895508]",4596.0,"[250, 44, 64, 71]",cache/1756274260251.png,,,,
4969,757,green,small,metal,cube,"[278, 250, 8.187463760375977]",3042.0,"[253, 219, 48, 62]",cache/1756274260286.png,,,,
4970,757,brown,large,rubber,cylinder,"[133, 109, 12.055163383483887]",5446.0,"[97, 69, 67, 80]",cache/1756274260320.png,,,,
4971,757,blue,small,metal,cube,"[364, 150, 11.066214561462402]",1454.0,"[345, 127, 37, 38]",cache/1756274260327.png,,,,
4972,757,red,large,metal,sphere,"[224, 123, 11.397090911865234]",4200.0,"[191, 90, 64, 65]",cache/1756274260280.png,,,,
4973,757,green,small,rubber,cube,"[207, 234, 8.54446792602539]",3310.0,"[181, 202, 51, 63]",cache/1756274260293.png,,,,
4974,757,green,small,metal,cylinder,"[155, 210, 9.1546049118042]",2435.0,"[132, 181, 43, 55]",cache/1756274260313.png,,,,
4975,757,cyan,small,rubber,cube,"[353, 181, 9.988524436950684]",2973.0,"[326, 153, 53, 55]",cache/1756274260305.png,,,,
4976,757,cyan,small,metal,cylinder,"[416, 159, 10.73769474029541]",1920.0,"[395, 135, 41, 46]",cache/1756274260298.png,,,,
4977,757,gray,small,rubber,cylinder,"[186, 104, 13.194416046142578]",1035.0,"[171, 85, 28, 36]",cache/1756274260333.png,,,,
4978,758,blue,small,metal,cylinder,"[261, 81, 14.068771362304688]",909.0,"[246, 64, 27, 33]",cache/1756274278867.png,,,,
4979,758,gray,small,rubber,cube,"[197, 108, 12.590670585632324]",1654.0,"[176, 86, 40, 41]",cache/1756274278876.png,,,,
4980,758,brown,small,metal,cube,"[348, 153, 10.669529914855957]",1966.0,"[327, 130, 43, 45]",cache/1756274278840.png,,,,
4981,758,green,large,metal,sphere,"[236, 154, 9.909712791442871]",5670.0,"[198, 116, 74, 76]",cache/1756274278846.png,,,,
4982,758,brown,small,rubber,sphere,"[295, 233, 8.392210006713867]",2018.0,"[272, 210, 43, 46]",cache/1756274278856.png,,,,
4983,758,green,small,rubber,sphere,"[126, 135, 11.335315704345703]",10493.0,"[91, 132, 92, 114]",cache/1756274278881.png,,,,
4984,758,purple,large,rubber,cylinder,"[140, 188, 8.885022163391113]",10493.0,"[91, 132, 92, 114]",cache/1756274278881.png,,,,
4985,758,purple,small,metal,sphere,"[310, 125, 11.758438110351562]",1007.0,"[294, 109, 31, 31]",cache/1756274278851.png,,,,
4986,758,purple,small,rubber,sphere,"[223, 88, 13.631401062011719]",742.0,"[209, 74, 26, 27]",cache/1756274278862.png,,,,
4987,759,cyan,large,rubber,sphere,"[251, 93, 13.195687294006348]",3243.0,"[222, 63, 56, 57]",cache/1756274327544.png,,,,
4988,759,cyan,small,rubber,cylinder,"[303, 183, 9.960351943969727]",2037.0,"[282, 157, 40, 50]",cache/1756274327556.png,,,,
4989,759,yellow,small,metal,cylinder,"[208, 270, 7.74619722366333]",3382.0,"[182, 236, 49, 68]",cache/1756274327551.png,,,,
4990,760,cyan,large,rubber,cube,"[396, 123, 11.52822494506836]",6975.0,"[356, 82, 84, 82]",cache/1756274566339.png,,,,
4991,760,brown,small,rubber,cube,"[251, 121, 12.48919677734375]",1597.0,"[231, 100, 38, 41]",cache/1756274566371.png,,,,
4992,760,yellow,large,metal,cube,"[184, 200, 8.71233081817627]",14645.0,"[122, 140, 116, 125]",cache/1756274566330.png,,,,
4993,760,brown,large,rubber,sphere,"[93, 133, 11.050434112548828]",4732.0,"[57, 98, 69, 68]",cache/1756274566350.png,,,,
4994,760,green,large,rubber,cylinder,"[301, 100, 12.774407386779785]",4533.0,"[271, 62, 60, 74]",cache/1756274566355.png,,,,
4995,760,blue,small,metal,sphere,"[358, 172, 10.289016723632812]",1348.0,"[339, 153, 37, 36]",cache/1756274566345.png,,,,
4996,760,cyan,small,rubber,cylinder,"[107, 178, 10.08047103881836]",2011.0,"[85, 152, 40, 50]",cache/1756274566376.png,,,,
4997,760,brown,small,metal,cylinder,"[281, 202, 9.331158638000488]",2225.0,"[260, 174, 41, 54]",cache/1756274566366.png,,,,
4998,760,blue,large,rubber,cylinder,"[184, 88, 13.490283012390137]",4049.0,"[154, 53, 57, 69]",cache/1756274566361.png,,,,
4999,761,gray,small,metal,cube,"[345, 161, 10.668999671936035]",2123.0,"[323, 136, 42, 49]",cache/1756274365590.png,,,,
5000,761,cyan,large,metal,cube,"[175, 180, 9.39742374420166]",12316.0,"[121, 123, 105, 117]",cache/1756274365597.png,,,,
5001,761,purple,small,metal,cylinder,"[223, 126, 12.015395164489746]",1282.0,"[207, 105, 31, 40]",cache/1756274365623.png,,,,
5002,761,cyan,small,metal,sphere,"[308, 107, 12.917804718017578]",844.0,"[293, 92, 28, 29]",cache/1756274365609.png,,,,
5003,761,red,small,metal,sphere,"[109, 168, 10.427815437316895]",1262.0,"[90, 149, 35, 35]",cache/1756274365613.png,,,,
5004,761,yellow,small,metal,cylinder,"[275, 85, 14.137819290161133]",922.0,"[260, 68, 27, 33]",cache/1756274365618.png,,,,
5005,761,yellow,small,metal,cube,"[239, 239, 8.511116027832031]",4046.0,"[208, 205, 59, 68]",cache/1756274365604.png,,,,
5006,762,gray,large,metal,cube,"[360, 112, 11.497398376464844]",7360.0,"[320, 67, 81, 90]",cache/1756274307597.png,,,,
5007,762,cyan,large,metal,sphere,"[251, 102, 11.913951873779297]",3988.0,"[220, 69, 62, 63]",cache/1756274307593.png,,,,
5008,762,brown,large,rubber,cube,"[133, 150, 10.081276893615723]",8754.0,"[83, 102, 90, 96]",cache/1756274307587.png,,,,
5009,762,yellow,small,rubber,cube,"[196, 147, 10.892010688781738]",2351.0,"[172, 122, 46, 50]",cache/1756274307603.png,,,,
5010,762,brown,small,rubber,cylinder,"[271, 86, 13.54791259765625]",3988.0,"[220, 69, 62, 63]",cache/1756274307593.png,,,,
5011,762,blue,large,metal,cube,"[324, 184, 9.106627464294434]",13257.0,"[271, 126, 112, 118]",cache/1756274307579.png,,,,
5012,763,purple,large,metal,sphere,"[258, 144, 10.081511497497559]",5509.0,"[220, 106, 73, 74]",cache/1756274589026.png,,,,
5013,763,yellow,large,rubber,cube,"[82, 112, 11.568652153015137]",7646.0,"[33, 71, 91, 83]",cache/1756274589034.png,,,,
5014,763,yellow,large,rubber,sphere,"[359, 135, 10.463920593261719]",5202.0,"[323, 99, 72, 72]",cache/1756274589043.png,,,,
5015,764,cyan,small,metal,cube,"[181, 186, 9.927549362182617]",2898.0,"[155, 158, 51, 56]",cache/1756274258214.png,,,,
5016,764,gray,small,rubber,cylinder,"[265, 85, 14.337213516235352]",5610.0,"[264, 49, 73, 76]",cache/1756274258231.png,,,,
5017,764,cyan,large,rubber,sphere,"[212, 98, 12.67346477508545]",3473.0,"[182, 68, 58, 59]",cache/1756274258207.png,,,,
5018,764,yellow,small,metal,cube,"[142, 169, 10.48755931854248]",1954.0,"[119, 145, 41, 47]",cache/1756274258222.png,,,,
5019,764,gray,large,metal,cube,"[92, 129, 11.260019302368164]",9201.0,"[41, 82, 96, 94]",cache/1756274258200.png,,,,
5020,764,brown,large,rubber,cube,"[301, 87, 13.329254150390625]",5610.0,"[264, 49, 73, 76]",cache/1756274258231.png,,,,
5021,765,green,small,metal,cube,"[323, 188, 9.668902397155762]",2261.0,"[300, 161, 43, 52]",cache/1756274571833.png,,,,
5022,765,purple,large,metal,cylinder,"[428, 134, 11.068225860595703]",6976.0,"[389, 90, 80, 87]",cache/1756274571838.png,,,,
5023,765,gray,small,metal,sphere,"[351, 135, 11.904828071594238]",986.0,"[335, 118, 31, 31]",cache/1756274571862.png,,,,
5024,765,blue,large,metal,cylinder,"[209, 150, 10.336017608642578]",6948.0,"[171, 103, 74, 93]",cache/1756274571856.png,,,,
5025,765,blue,large,metal,cube,"[188, 92, 13.524904251098633]",5075.0,"[150, 56, 74, 68]",cache/1756274571849.png,,,,
5026,765,blue,large,rubber,sphere,"[250, 86, 13.994560241699219]",2792.0,"[224, 58, 51, 53]",cache/1756274571844.png,,,,
5027,766,purple,large,metal,cube,"[144, 127, 10.689034461975098]",7513.0,"[104, 80, 79, 94]",cache/1756274300545.png,,,,
5028,766,green,small,metal,cylinder,"[294, 229, 8.336812973022461]",2931.0,"[270, 198, 47, 62]",cache/1756274300568.png,,,,
5029,766,purple,large,metal,cube,"[366, 116, 11.119702339172363]",7360.0,"[325, 71, 80, 91]",cache/1756274300557.png,,,,
5030,766,cyan,large,metal,sphere,"[204, 97, 11.973986625671387]",3845.0,"[174, 65, 61, 62]",cache/1756274300552.png,,,,
5031,766,brown,small,rubber,cylinder,"[88, 177, 9.688896179199219]",2299.0,"[64, 151, 44, 51]",cache/1756274300578.png,,,,
5032,766,purple,large,metal,sphere,"[305, 85, 12.593062400817871]",3532.0,"[275, 54, 58, 59]",cache/1756274300563.png,,,,
5033,766,blue,small,rubber,sphere,"[235, 90, 13.220571517944336]",3845.0,"[174, 65, 61, 62]",cache/1756274300552.png,,,,
5034,767,red,large,metal,sphere,"[172, 197, 8.849226951599121]",7163.0,"[129, 155, 84, 84]",cache/1756274479398.png,,,,
5035,767,yellow,large,metal,cylinder,"[261, 72, 13.706631660461426]",3930.0,"[232, 37, 56, 70]",cache/1756274479408.png,,,,
5036,767,gray,large,metal,sphere,"[383, 177, 9.39606761932373]",6754.0,"[342, 136, 83, 81]",cache/1756274479384.png,,,,
5037,767,yellow,small,rubber,cube,"[287, 108, 12.659276962280273]",1256.0,"[270, 88, 32, 38]",cache/1756274479403.png,,,,
5038,767,cyan,large,rubber,cube,"[157, 109, 11.807498931884766]",7974.0,"[110, 64, 88, 89]",cache/1756274479392.png,,,,
5039,768,blue,small,metal,cube,"[259, 132, 11.563605308532715]",1530.0,"[243, 110, 34, 43]",cache/1756274329562.png,,,,
5040,768,green,large,metal,cylinder,"[328, 110, 11.763068199157715]",5587.0,"[294, 69, 68, 81]",cache/1756274329555.png,,,,
5041,768,gray,large,metal,cylinder,"[199, 84, 13.297574996948242]",4003.0,"[168, 48, 57, 69]",cache/1756274329573.png,,,,
5042,768,gray,large,rubber,sphere,"[215, 138, 10.453653335571289]",5141.0,"[178, 102, 71, 72]",cache/1756274329546.png,,,,
5043,768,blue,large,rubber,sphere,"[310, 205, 8.272455215454102]",8254.0,"[264, 160, 90, 91]",cache/1756274329504.png,,,,
5044,768,yellow,small,rubber,cube,"[401, 168, 10.091446876525879]",2881.0,"[373, 141, 53, 53]",cache/1756274329523.png,,,,
5045,768,yellow,small,metal,cylinder,"[147, 178, 9.759108543395996]",2124.0,"[125, 152, 41, 51]",cache/1756274329537.png,,,,
5046,769,blue,large,metal,cube,"[84, 112, 11.491313934326172]",7545.0,"[41, 69, 85, 88]",cache/1756274353188.png,,,,
5047,769,red,large,rubber,sphere,"[162, 96, 12.417108535766602]",3660.0,"[131, 64, 59, 61]",cache/1756274353196.png,,,,
5048,769,green,large,rubber,cylinder,"[248, 82, 13.278027534484863]",4053.0,"[219, 47, 57, 70]",cache/1756274353203.png,,,,
5049,769,brown,large,metal,cylinder,"[379, 147, 9.894379615783691]",8467.0,"[338, 98, 85, 98]",cache/1756274353209.png,,,,
5050,770,brown,small,metal,sphere,"[246, 141, 10.966753959655762]",1168.0,"[228, 123, 34, 34]",cache/1756274576733.png,,,,
5051,770,red,small,metal,cylinder,"[350, 154, 10.439157485961914]",1860.0,"[330, 130, 39, 47]",cache/1756274576729.png,,,,
5052,770,brown,small,metal,sphere,"[119, 124, 11.725144386291504]",1036.0,"[102, 108, 32, 32]",cache/1756274576724.png,,,,
5053,771,red,large,rubber,cylinder,"[379, 130, 11.344015121459961]",6297.0,"[343, 88, 73, 85]",cache/1756274567275.png,,,,
5054,771,brown,small,rubber,cube,"[180, 202, 9.353364944458008]",3187.0,"[152, 173, 54, 58]",cache/1756274567280.png,,,,
5055,771,brown,small,rubber,cube,"[165, 169, 10.487665176391602]",2108.0,"[140, 143, 47, 44]",cache/1756274567288.png,,,,
5056,771,red,small,rubber,cube,"[325, 126, 12.470077514648438]",1433.0,"[306, 106, 37, 38]",cache/1756274567284.png,,,,
5057,771,gray,large,metal,cube,"[260, 87, 13.915822982788086]",4273.0,"[229, 53, 62, 68]",cache/1756274567267.png,,,,
5058,772,cyan,small,rubber,cube,"[146, 128, 12.269451141357422]",1783.0,"[124, 106, 42, 42]",cache/1756274334534.png,,,,
5059,772,blue,small,rubber,sphere,"[357, 175, 10.205534934997559]",1329.0,"[338, 156, 36, 36]",cache/1756274334552.png,,,,
5060,772,blue,large,rubber,cube,"[266, 102, 12.78073501586914]",5875.0,"[228, 64, 74, 78]",cache/1756274334528.png,,,,
5061,772,cyan,large,metal,cube,"[248, 225, 8.041937828063965]",20499.0,"[166, 158, 146, 140]",cache/1756274334513.png,,,,
5062,772,cyan,small,rubber,sphere,"[185, 187, 9.787076950073242]",20499.0,"[166, 158, 146, 140]",cache/1756274334513.png,,,,
5063,772,blue,large,metal,cube,"[366, 126, 11.49946403503418]",9775.0,"[323, 83, 89, 109]",cache/1756274334562.png,,,,
5064,772,purple,small,metal,sphere,"[62, 148, 11.300250053405762]",1141.0,"[44, 130, 34, 32]",cache/1756274334523.png,,,,
5065,772,red,large,rubber,cylinder,"[183, 91, 13.523780822753906]",3979.0,"[153, 56, 57, 69]",cache/1756274334546.png,,,,
5066,772,gray,small,metal,sphere,"[299, 164, 10.613494873046875]",20499.0,"[166, 158, 146, 140]",cache/1756274334513.png,,,,
5067,773,purple,large,metal,cube,"[260, 225, 7.905869007110596]",13260.0,"[211, 163, 104, 127]",cache/1756274447797.png,,,,
5068,773,blue,small,metal,cylinder,"[123, 194, 9.461024284362793]",2317.0,"[100, 167, 43, 53]",cache/1756274447805.png,,,,
5069,773,red,small,metal,cylinder,"[188, 218, 8.724334716796875]",2565.0,"[165, 189, 44, 58]",cache/1756274447809.png,,,,
5070,774,purple,large,rubber,sphere,"[163, 111, 11.827940940856934]",4010.0,"[131, 79, 63, 63]",cache/1756274387208.png,,,,
5071,774,cyan,small,metal,cylinder,"[217, 246, 7.924829483032227]",3175.0,"[192, 213, 48, 65]",cache/1756274387215.png,,,,
5072,774,gray,small,rubber,cube,"[89, 157, 10.562899589538574]",1966.0,"[67, 133, 41, 47]",cache/1756274387220.png,,,,
5073,775,green,large,rubber,sphere,"[303, 122, 11.208072662353516]",4402.0,"[270, 88, 66, 66]",cache/1756274368647.png,,,,
5074,775,red,large,rubber,cylinder,"[151, 160, 9.817447662353516]",10944.0,"[148, 148, 91, 119]",cache/1756274368658.png,,,,
5075,775,green,large,metal,cube,"[108, 116, 11.454103469848633]",6436.0,"[66, 73, 74, 85]",cache/1756274368678.png,,,,
5076,775,green,small,metal,cube,"[234, 90, 13.601198196411133]",1078.0,"[218, 72, 30, 35]",cache/1756274368640.png,,,,
5077,775,gray,small,rubber,sphere,"[284, 199, 9.307872772216797]",1591.0,"[263, 179, 39, 40]",cache/1756274368683.png,,,,
5078,775,blue,small,metal,sphere,"[336, 108, 12.63413143157959]",725.0,"[326, 93, 24, 29]",cache/1756274368666.png,,,,
5079,775,purple,large,metal,cylinder,"[196, 207, 8.514715194702148]",10944.0,"[148, 148, 91, 119]",cache/1756274368658.png,,,,
5080,775,brown,large,rubber,cube,"[430, 140, 10.490157127380371]",10425.0,"[378, 90, 101, 102]",cache/1756274368652.png,,,,
5081,776,red,large,metal,cube,"[119, 148, 10.796496391296387]",9408.0,"[67, 101, 97, 96]",cache/1756274425949.png,,,,
5082,776,red,small,metal,sphere,"[322, 123, 12.739707946777344]",861.0,"[306, 108, 29, 29]",cache/1756274425955.png,,,,
5083,776,red,small,metal,cylinder,"[197, 134, 12.194191932678223]",1258.0,"[180, 114, 31, 39]",cache/1756274425964.png,,,,
5084,776,blue,large,rubber,cylinder,"[246, 76, 14.688529014587402]",3340.0,"[220, 44, 52, 64]",cache/1756274425959.png,,,,
5085,777,yellow,small,rubber,sphere,"[196, 170, 10.6038236618042]",1229.0,"[178, 152, 34, 35]",cache/1756274536236.png,,,,
5086,777,gray,small,rubber,cube,"[218, 135, 12.04311752319336]",1321.0,"[200, 115, 32, 40]",cache/1756274536241.png,,,,
5087,777,purple,small,metal,sphere,"[349, 149, 11.432499885559082]",1069.0,"[332, 132, 32, 32]",cache/1756274536222.png,,,,
5088,777,cyan,large,rubber,cylinder,"[283, 186, 9.353103637695312]",8949.0,"[242, 133, 83, 107]",cache/1756274536231.png,,,,
5089,777,cyan,small,metal,cube,"[311, 109, 13.46442985534668]",1257.0,"[293, 89, 33, 37]",cache/1756274536227.png,,,,
5090,777,yellow,small,metal,cube,"[128, 186, 10.01332950592041]",2504.0,"[104, 160, 46, 53]",cache/1756274536217.png,,,,
5091,778,cyan,large,rubber,cube,"[337, 112, 12.344401359558105]",7052.0,"[295, 72, 85, 82]",cache/1756274503484.png,,,,
5092,778,blue,small,rubber,cylinder,"[271, 108, 13.595320701599121]",981.0,"[256, 89, 28, 34]",cache/1756274503512.png,,,,
5093,778,brown,large,metal,cube,"[141, 180, 9.426177978515625]",12241.0,"[73, 127, 112, 108]",cache/1756274503492.png,,,,
5094,778,cyan,small,rubber,cube,"[235, 117, 13.031638145446777]",1305.0,"[218, 97, 34, 37]",cache/1756274503498.png,,,,
5095,778,gray,small,metal,cube,"[98, 159, 10.95984172821045]",12241.0,"[73, 127, 112, 108]",cache/1756274503492.png,,,,
5096,778,brown,small,metal,cube,"[195, 144, 11.604314804077148]",1620.0,"[176, 122, 37, 43]",cache/1756274503503.png,,,,
5097,779,green,large,metal,cube,"[264, 123, 10.900620460510254]",6493.0,"[228, 78, 72, 89]",cache/1756274406843.png,,,,
5098,779,yellow,large,rubber,cube,"[139, 162, 9.608197212219238]",12692.0,"[82, 106, 109, 115]",cache/1756274406831.png,,,,
5099,779,red,small,metal,cube,"[244, 84, 13.445731163024902]",6493.0,"[228, 78, 72, 89]",cache/1756274406843.png,,,,
5100,779,cyan,small,rubber,cube,"[173, 215, 8.82344913482666]",3325.0,"[144, 184, 54, 61]",cache/1756274406852.png,,,,
5101,779,blue,large,metal,cube,"[307, 85, 12.561775207519531]",5588.0,"[272, 45, 69, 80]",cache/1756274406837.png,,,,
5102,779,yellow,large,rubber,cube,"[431, 134, 10.493209838867188]",8762.0,"[389, 85, 88, 98]",cache/1756274406824.png,,,,
5103,780,red,small,rubber,cylinder,"[361, 198, 9.238669395446777]",2488.0,"[339, 170, 45, 55]",cache/1756274613310.png,,,,
5104,780,yellow,large,metal,sphere,"[47, 125, 10.955842971801758]",4954.0,"[10, 89, 71, 68]",cache/1756274613315.png,,,,
5105,780,gray,large,metal,sphere,"[137, 200, 8.568341255187988]",7739.0,"[91, 155, 88, 87]",cache/1756274613302.png,,,,
5106,781,green,large,rubber,sphere,"[260, 71, 13.881427764892578]",2904.0,"[232, 43, 53, 54]",cache/1756274418119.png,,,,
5107,781,purple,large,metal,sphere,"[141, 125, 11.082256317138672]",4631.0,"[106, 90, 68, 68]",cache/1756274418111.png,,,,
5108,781,blue,small,rubber,sphere,"[297, 117, 12.24693775177002]",931.0,"[281, 101, 30, 30]",cache/1756274418124.png,,,,
5109,782,green,large,metal,cube,"[228, 105, 11.872824668884277]",6139.0,"[191, 64, 74, 82]",cache/1756274263510.png,,,,
5110,782,brown,small,metal,sphere,"[137, 190, 9.16063117980957]",1675.0,"[115, 169, 41, 40]",cache/1756274263518.png,,,,
5111,782,green,large,rubber,cylinder,"[443, 135, 10.37090015411377]",7361.0,"[401, 89, 78, 93]",cache/1756274263522.png,,,,
5112,782,brown,large,rubber,cylinder,"[125, 116, 11.258700370788574]",6229.0,"[86, 74, 73, 85]",cache/1756274263528.png,,,,
5113,783,green,small,metal,cylinder,"[248, 189, 9.510693550109863]",2106.0,"[228, 162, 39, 52]",cache/1756274612656.png,,,,
5114,783,green,large,rubber,cylinder,"[113, 113, 11.587855339050293]",5925.0,"[75, 71, 72, 82]",cache/1756274612677.png,,,,
5115,783,red,large,metal,cylinder,"[203, 93, 12.636446952819824]",4616.0,"[171, 55, 60, 75]",cache/1756274612639.png,,,,
5116,783,blue,small,rubber,sphere,"[180, 137, 11.365160942077637]",1077.0,"[163, 119, 32, 33]",cache/1756274612661.png,,,,
5117,783,gray,small,metal,sphere,"[291, 240, 8.19731616973877]",2175.0,"[267, 217, 46, 47]",cache/1756274612651.png,,,,
5118,783,green,small,metal,cube,"[285, 93, 13.568751335144043]",1433.0,"[265, 74, 37, 37]",cache/1756274612645.png,,,,
5119,783,purple,large,metal,cube,"[349, 137, 10.577021598815918]",9817.0,"[301, 88, 100, 97]",cache/1756274612631.png,,,,
5120,783,brown,small,metal,sphere,"[341, 205, 9.05979061126709]",1717.0,"[320, 184, 41, 41]",cache/1756274612666.png,,,,
5121,783,cyan,small,metal,cylinder,"[118, 171, 10.086183547973633]",2045.0,"[96, 145, 41, 49]",cache/1756274612671.png,,,,
5122,783,purple,large,rubber,sphere,"[351, 102, 12.14550495147705]",9817.0,"[301, 88, 100, 97]",cache/1756274612631.png,,,,
5123,784,cyan,large,metal,cylinder,"[125, 115, 11.606136322021484]",59396.0,"[87, 67, 307, 192]",cache/1756274546844.png,,,,
5124,784,purple,large,metal,cube,"[159, 196, 8.48447036743164]",59396.0,"[87, 67, 307, 192]",cache/1756274546844.png,,,,
5125,784,brown,large,rubber,sphere,"[361, 129, 10.928330421447754]",59396.0,"[87, 67, 307, 192]",cache/1756274546844.png,,,,
5126,784,purple,large,rubber,cube,"[246, 148, 10.109328269958496]",59396.0,"[87, 67, 307, 192]",cache/1756274546844.png,,,,
5127,784,gray,large,metal,sphere,"[204, 98, 12.625832557678223]",59396.0,"[87, 67, 307, 192]",cache/1756274546844.png,,,,
5128,784,blue,small,rubber,cylinder,"[282, 122, 12.188758850097656]",59396.0,"[87, 67, 307, 192]",cache/1756274546844.png,,,,
5129,784,red,large,rubber,cylinder,"[332, 168, 9.367871284484863]",59396.0,"[87, 67, 307, 192]",cache/1756274546844.png,,,,
5130,784,cyan,small,rubber,cube,"[261, 86, 14.452489852905273]",59396.0,"[87, 67, 307, 192]",cache/1756274546844.png,,,,
5131,785,yellow,large,metal,cylinder,"[315, 94, 12.818390846252441]",4580.0,"[284, 57, 62, 73]",cache/1756274270021.png,,,,
5132,785,brown,small,rubber,sphere,"[310, 169, 10.082937240600586]",1345.0,"[291, 149, 36, 36]",cache/1756274270032.png,,,,
5133,785,brown,large,rubber,cylinder,"[214, 79, 13.819446563720703]",3711.0,"[185, 45, 55, 67]",cache/1756274270026.png,,,,
5134,785,red,small,metal,sphere,"[182, 188, 9.403843879699707]",1554.0,"[161, 168, 39, 39]",cache/1756274270003.png,,,,
5135,785,green,small,rubber,cube,"[139, 142, 11.183367729187012]",1592.0,"[119, 120, 36, 43]",cache/1756274270009.png,,,,
5136,785,blue,small,metal,cylinder,"[298, 225, 8.375030517578125]",2857.0,"[274, 194, 46, 60]",cache/1756274270015.png,,,,
5137,785,red,large,rubber,cube,"[373, 142, 10.350122451782227]",10472.0,"[323, 92, 103, 101]",cache/1756274269993.png,,,,
5138,786,green,large,rubber,cube,"[154, 99, 12.997737884521484]",6183.0,"[112, 61, 79, 77]",cache/1756274521265.png,,,,
5139,786,brown,small,rubber,cylinder,"[319, 172, 10.30106258392334]",1812.0,"[300, 147, 37, 47]",cache/1756274521282.png,,,,
5140,786,yellow,small,metal,sphere,"[222, 232, 8.449454307556152]",1977.0,"[199, 209, 43, 45]",cache/1756274521234.png,,,,
5141,786,blue,small,rubber,cube,"[188, 127, 12.281005859375]",1505.0,"[168, 107, 37, 39]",cache/1756274521277.png,,,,
5142,786,blue,large,rubber,cube,"[344, 108, 12.440677642822266]",5128.0,"[312, 70, 67, 76]",cache/1756274521242.png,,,,
5143,786,yellow,large,rubber,cube,"[214, 86, 13.906977653503418]",5138.0,"[177, 51, 72, 71]",cache/1756274521248.png,,,,
5144,786,purple,large,rubber,cylinder,"[86, 121, 11.712625503540039]",5978.0,"[47, 80, 73, 81]",cache/1756274521259.png,,,,
5145,786,cyan,small,rubber,cylinder,"[280, 192, 9.59813404083252]",2110.0,"[259, 165, 40, 52]",cache/1756274521254.png,,,,
5146,786,cyan,large,metal,cylinder,"[396, 144, 10.622042655944824]",7439.0,"[357, 98, 80, 91]",cache/1756274521271.png,,,,
5147,787,green,large,rubber,sphere,"[192, 126, 11.137632369995117]",4475.0,"[158, 92, 66, 67]",cache/1756274375980.png,,,,
5148,787,cyan,small,rubber,cube,"[244, 117, 12.368743896484375]",1523.0,"[225, 96, 36, 41]",cache/1756274375986.png,,,,
5149,787,brown,large,metal,sphere,"[269, 83, 13.330660820007324]",3135.0,"[241, 53, 55, 56]",cache/1756274375975.png,,,,
5150,788,yellow,small,rubber,cube,"[321, 198, 9.637431144714355]",2570.0,"[296, 171, 48, 52]",cache/1756274534946.png,,,,
5151,788,brown,small,metal,sphere,"[235, 153, 11.178506851196289]",1113.0,"[218, 136, 32, 33]",cache/1756274534960.png,,,,
5152,788,gray,small,rubber,cube,"[180, 124, 12.516674041748047]",1667.0,"[160, 103, 39, 41]",cache/1756274534965.png,,,,
5153,788,brown,small,metal,cube,"[146, 185, 10.026973724365234]",2713.0,"[120, 158, 49, 54]",cache/1756274534951.png,,,,
5154,788,red,small,rubber,sphere,"[188, 237, 8.582732200622559]",1927.0,"[166, 215, 42, 44]",cache/1756274534956.png,,,,
5155,788,red,small,rubber,cube,"[359, 139, 11.802445411682129]",1692.0,"[339, 117, 38, 43]",cache/1756274534940.png,,,,
5156,789,purple,large,rubber,cylinder,"[205, 181, 8.816411972045898]",9832.0,"[159, 126, 87, 112]",cache/1756274418814.png,,,,
5157,789,cyan,large,metal,cylinder,"[236, 95, 12.668078422546387]",4494.0,"[205, 58, 60, 74]",cache/1756274418832.png,,,,
5158,789,blue,small,metal,cylinder,"[275, 183, 9.49216365814209]",2127.0,"[254, 156, 40, 52]",cache/1756274418827.png,,,,
5159,790,red,large,metal,cylinder,"[156, 99, 13.12624454498291]",4483.0,"[124, 63, 61, 72]",cache/1756274350289.png,,,,
5160,790,purple,large,metal,sphere,"[238, 222, 8.574440956115723]",7617.0,"[194, 177, 86, 87]",cache/1756274350280.png,,,,
5161,790,green,small,rubber,cube,"[294, 126, 12.591790199279785]",1520.0,"[274, 105, 37, 41]",cache/1756274350294.png,,,,
5162,791,brown,large,rubber,cube,"[279, 211, 8.665507316589355]",15202.0,"[222, 148, 117, 129]",cache/1756274279162.png,,,,
5163,791,blue,large,rubber,cube,"[184, 115, 11.844529151916504]",7796.0,"[138, 71, 87, 89]",cache/1756274279168.png,,,,
5164,791,blue,small,rubber,sphere,"[317, 158, 10.8650541305542]",15202.0,"[222, 148, 117, 129]",cache/1756274279162.png,,,,
5165,792,gray,large,rubber,sphere,"[334, 138, 11.238733291625977]",4476.0,"[300, 104, 66, 66]",cache/1756274559283.png,,,,
5166,792,cyan,large,rubber,cube,"[106, 126, 11.8023042678833]",6172.0,"[67, 84, 73, 83]",cache/1756274559225.png,,,,
5167,792,yellow,small,metal,cylinder,"[288, 219, 9.158736228942871]",2374.0,"[266, 191, 42, 55]",cache/1756274559288.png,,,,
5168,792,cyan,large,metal,cube,"[217, 187, 9.441299438476562]",10133.0,"[171, 134, 92, 109]",cache/1756274559258.png,,,,
5169,793,gray,small,metal,cylinder,"[425, 150, 10.681917190551758]",1963.0,"[403, 126, 42, 46]",cache/1756274388293.png,,,,
5170,793,purple,small,rubber,sphere,"[272, 214, 8.726668357849121]",1825.0,"[251, 192, 42, 43]",cache/1756274388284.png,,,,
5171,793,red,small,rubber,cylinder,"[188, 107, 12.578786849975586]",1184.0,"[172, 87, 31, 38]",cache/1756274388288.png,,,,
5172,793,brown,large,rubber,cube,"[334, 100, 12.05593204498291]",5569.0,"[300, 59, 68, 80]",cache/1756274388276.png,,,,
5173,794,cyan,large,metal,cylinder,"[205, 99, 13.003561019897461]",4273.0,"[175, 63, 59, 72]",cache/1756274556336.png,,,,
5174,794,green,large,rubber,cube,"[164, 172, 9.489627838134766]",10799.0,"[109, 120, 101, 106]",cache/1756274556310.png,,,,
5175,794,blue,small,metal,cube,"[336, 124, 12.505228042602539]",1512.0,"[316, 103, 38, 38]",cache/1756274556302.png,,,,
5176,794,gray,large,metal,cube,"[305, 203, 8.512371063232422]",14022.0,"[248, 143, 110, 126]",cache/1756274556284.png,,,,
5177,794,green,large,rubber,sphere,"[99, 125, 11.504264831542969]",4383.0,"[64, 91, 66, 66]",cache/1756274556321.png,,,,
5178,795,yellow,large,rubber,sphere,"[188, 192, 8.62154769897461]",7506.0,"[144, 148, 85, 87]",cache/1756274539169.png,,,,
5179,795,red,large,rubber,cylinder,"[314, 126, 11.166741371154785]",6099.0,"[279, 83, 71, 85]",cache/1756274539175.png,,,,
5180,795,blue,large,rubber,cylinder,"[398, 150, 10.097208976745605]",8285.0,"[356, 102, 85, 96]",cache/1756274539180.png,,,,
5181,795,cyan,large,rubber,sphere,"[286, 220, 7.85233736038208]",9114.0,"[238, 172, 94, 96]",cache/1756274539161.png,,,,
5182,796,cyan,small,rubber,cube,"[192, 183, 9.875344276428223]",2775.0,"[166, 156, 50, 54]",cache/1756274522050.png,,,,
5183,796,brown,large,metal,sphere,"[134, 130, 11.203996658325195]",4521.0,"[100, 96, 67, 67]",cache/1756274522028.png,,,,
5184,796,cyan,small,metal,cylinder,"[227, 87, 14.645966529846191]",827.0,"[214, 71, 26, 31]",cache/1756274522054.png,,,,
5185,796,green,large,metal,sphere,"[259, 182, 9.208269119262695]",6524.0,"[219, 141, 79, 81]",cache/1756274522034.png,,,,
5186,796,brown,large,metal,sphere,"[324, 148, 10.414754867553711]",5189.0,"[288, 112, 71, 72]",cache/1756274522039.png,,,,
5187,796,purple,small,metal,sphere,"[183, 105, 13.425113677978516]",766.0,"[169, 91, 27, 27]",cache/1756274522045.png,,,,
5188,796,yellow,small,rubber,cylinder,"[282, 111, 13.116222381591797]",1080.0,"[267, 91, 29, 36]",cache/1756274522059.png,,,,
5189,797,gray,small,metal,cylinder,"[360, 160, 10.767131805419922]",1784.0,"[340, 136, 38, 46]",cache/1756274509275.png,,,,
5190,797,green,large,rubber,cube,"[233, 85, 13.390881538391113]",5262.0,"[196, 48, 70, 75]",cache/1756274509270.png,,,,
5191,797,cyan,large,metal,cylinder,"[152, 100, 12.547065734863281]",4898.0,"[118, 61, 63, 77]",cache/1756274509265.png,,,,
5192,797,purple,large,rubber,sphere,"[289, 121, 11.569483757019043]",4125.0,"[256, 88, 63, 64]",cache/1756274509260.png,,,,
5193,797,purple,large,metal,sphere,"[205, 135, 10.990046501159668]",4668.0,"[171, 100, 67, 69]",cache/1756274509254.png,,,,
5194,797,red,large,rubber,cube,"[263, 207, 8.715592384338379]",14466.0,"[208, 146, 113, 127]",cache/1756274509245.png,,,,
5195,798,green,large,metal,sphere,"[225, 88, 13.409615516662598]",3087.0,"[197, 59, 55, 55]",cache/1756274336465.png,,,,
5196,798,yellow,small,metal,sphere,"[147, 169, 10.056654930114746]",1368.0,"[128, 149, 37, 36]",cache/1756274336475.png,,,,
5197,798,blue,small,rubber,sphere,"[312, 211, 8.659357070922852]",1865.0,"[290, 189, 42, 43]",cache/1756274336484.png,,,,
5198,798,blue,small,metal,cube,"[275, 126, 12.003497123718262]",1797.0,"[253, 104, 42, 42]",cache/1756274336479.png,,,,
5199,798,gray,large,metal,sphere,"[353, 163, 9.497570037841797]",6282.0,"[314, 122, 79, 78]",cache/1756274336470.png,,,,
5200,798,green,large,metal,sphere,"[78, 131, 10.84106159210205]",4885.0,"[41, 96, 71, 68]",cache/1756274336457.png,,,,
5201,798,yellow,small,metal,cube,"[140, 116, 12.617834091186523]",1402.0,"[122, 96, 36, 38]",cache/1756274336490.png,,,,
5202,799,blue,large,rubber,sphere,"[289, 208, 8.226693153381348]",8271.0,"[243, 162, 90, 91]",cache/1756274597064.png,,,,
5203,799,cyan,small,rubber,cube,"[316, 112, 12.824196815490723]",1170.0,"[300, 93, 31, 37]",cache/1756274597080.png,,,,
5204,799,green,large,metal,cube,"[113, 175, 9.209430694580078]",10555.0,"[58, 123, 100, 105]",cache/1756274597070.png,,,,
5205,799,cyan,small,metal,cylinder,"[179, 160, 10.510425567626953]",1734.0,"[160, 136, 37, 46]",cache/1756274597090.png,,,,
5206,799,purple,small,metal,sphere,"[382, 139, 11.425165176391602]",1095.0,"[364, 121, 33, 32]",cache/1756274597076.png,,,,
5207,799,green,large,metal,cylinder,"[239, 86, 13.486915588378906]",3909.0,"[210, 51, 56, 69]",cache/1756274597085.png,,,,
5208,800,gray,large,metal,sphere,"[175, 214, 7.840439796447754]",9322.0,"[126, 165, 95, 97]",cache/1756274595035.png,,,,
5209,800,green,small,rubber,cube,"[158, 177, 9.621378898620605]",1788.0,"[132, 149, 48, 36]",cache/1756274595040.png,,,,
5210,800,yellow,large,metal,sphere,"[266, 97, 12.477555274963379]",3600.0,"[235, 66, 59, 60]",cache/1756274595023.png,,,,
5211,801,cyan,small,rubber,cylinder,"[186, 122, 12.353370666503906]",1227.0,"[169, 102, 31, 38]",cache/1756274581431.png,,,,
5212,801,yellow,small,metal,sphere,"[134, 142, 11.365482330322266]",1087.0,"[116, 125, 33, 32]",cache/1756274581413.png,,,,
5213,801,cyan,large,rubber,cube,"[310, 190, 8.783957481384277]",10867.0,"[262, 134, 94, 115]",cache/1756274581405.png,,,,
5214,801,brown,small,rubber,sphere,"[241, 169, 10.232697486877441]",1339.0,"[222, 150, 35, 37]",cache/1756274581422.png,,,,
5215,801,brown,small,rubber,sphere,"[368, 152, 10.913103103637695]",1077.0,"[354, 134, 31, 34]",cache/1756274581417.png,,,,
5216,801,green,small,metal,cylinder,"[323, 109, 13.131662368774414]",1095.0,"[307, 90, 30, 36]",cache/1756274581426.png,,,,
5217,802,red,large,metal,sphere,"[289, 118, 11.00656509399414]",4556.0,"[255, 83, 67, 67]",cache/1756274297457.png,,,,
5218,802,cyan,small,rubber,sphere,"[171, 185, 9.381891250610352]",9611.0,"[149, 178, 96, 99]",cache/1756274297441.png,,,,
5219,802,gray,small,rubber,cube,"[135, 141, 10.845194816589355]",2236.0,"[111, 117, 47, 47]",cache/1756274297479.png,,,,
5220,802,blue,small,metal,cylinder,"[99, 169, 9.844815254211426]",2208.0,"[76, 144, 43, 50]",cache/1756274297469.png,,,,
5221,802,green,small,rubber,cube,"[270, 213, 8.61989688873291]",3445.0,"[242, 181, 53, 64]",cache/1756274297463.png,,,,
5222,802,blue,large,metal,sphere,"[199, 227, 7.704941272735596]",9611.0,"[149, 178, 96, 99]",cache/1756274297441.png,,,,
5223,802,blue,large,metal,cylinder,"[310, 86, 12.559792518615723]",4556.0,"[255, 83, 67, 67]",cache/1756274297457.png,,,,
5224,802,purple,large,rubber,cube,"[434, 144, 9.989470481872559]",10703.0,"[379, 92, 99, 107]",cache/1756274297451.png,,,,
5225,802,blue,small,rubber,cube,"[241, 84, 13.65456485748291]",1378.0,"[222, 64, 37, 37]",cache/1756274297474.png,,,,
5226,803,blue,large,metal,sphere,"[227, 109, 11.961215019226074]",3893.0,"[195, 76, 61, 63]",cache/1756274590399.png,,,,
5227,803,green,small,rubber,cube,"[300, 221, 8.750274658203125]",3637.0,"[272, 189, 57, 63]",cache/1756274590415.png,,,,
5228,803,blue,small,rubber,cube,"[65, 140, 11.364422798156738]",2271.0,"[40, 116, 48, 47]",cache/1756274590410.png,,,,
5229,803,cyan,small,metal,cube,"[119, 190, 9.582069396972656]",2934.0,"[93, 161, 51, 57]",cache/1756274590405.png,,,,
5230,803,gray,large,rubber,cylinder,"[373, 139, 10.614480018615723]",7366.0,"[334, 93, 79, 93]",cache/1756274590429.png,,,,
5231,803,gray,small,rubber,cylinder,"[182, 100, 13.297048568725586]",1041.0,"[167, 82, 29, 35]",cache/1756274590434.png,,,,
5232,803,cyan,small,rubber,sphere,"[263, 176, 10.02973461151123]",1385.0,"[244, 156, 36, 37]",cache/1756274590425.png,,,,
5233,803,blue,small,rubber,cylinder,"[318, 113, 12.604382514953613]",1193.0,"[302, 93, 31, 38]",cache/1756274590420.png,,,,
5234,804,green,large,rubber,sphere,"[127, 142, 10.855862617492676]",4760.0,"[92, 107, 69, 68]",cache/1756274608785.png,,,,
5235,804,purple,small,metal,sphere,"[167, 181, 10.097135543823242]",1358.0,"[148, 162, 37, 36]",cache/1756274608807.png,,,,
5236,804,yellow,small,metal,cube,"[93, 129, 12.35952091217041]",1557.0,"[70, 108, 37, 41]",cache/1756274608818.png,,,,
5237,804,gray,large,metal,cube,"[204, 90, 13.834627151489258]",5289.0,"[166, 54, 73, 72]",cache/1756274608797.png,,,,
5238,804,cyan,small,rubber,sphere,"[391, 167, 10.624207496643066]",1285.0,"[373, 148, 36, 35]",cache/1756274608771.png,,,,
5239,805,red,large,metal,sphere,"[252, 146, 10.474367141723633]",5019.0,"[216, 110, 70, 71]",cache/1756274524296.png,,,,
5240,805,blue,large,rubber,sphere,"[319, 130, 11.277204513549805]",4390.0,"[286, 96, 65, 66]",cache/1756274524306.png,,,,
5241,805,green,large,metal,sphere,"[433, 139, 10.820755004882812]",5036.0,"[397, 103, 72, 69]",cache/1756274524289.png,,,,
5242,805,green,large,metal,sphere,"[233, 84, 14.332639694213867]",2718.0,"[206, 56, 51, 52]",cache/1756274524301.png,,,,
5243,806,red,small,rubber,sphere,"[412, 153, 11.227933883666992]",1151.0,"[394, 136, 34, 33]",cache/1756274373245.png,,,,
5244,806,green,small,metal,sphere,"[279, 120, 12.6693696975708]",859.0,"[264, 104, 29, 29]",cache/1756274373254.png,,,,
5245,806,yellow,small,rubber,cylinder,"[221, 246, 8.517534255981445]",2725.0,"[197, 215, 44, 61]",cache/1756274373258.png,,,,
5246,806,blue,small,metal,sphere,"[217, 95, 14.018661499023438]",706.0,"[203, 81, 26, 26]",cache/1756274373218.png,,,,
5247,806,purple,small,rubber,cube,"[170, 128, 12.290403366088867]",1640.0,"[150, 106, 38, 42]",cache/1756274373235.png,,,,
5248,806,brown,small,metal,sphere,"[302, 164, 10.843986511230469]",1178.0,"[284, 146, 34, 34]",cache/1756274373240.png,,,,
5249,806,red,small,rubber,cube,"[61, 136, 11.929341316223145]",2113.0,"[36, 113, 47, 44]",cache/1756274373249.png,,,,
5250,806,blue,small,rubber,sphere,"[316, 108, 13.262565612792969]",796.0,"[302, 93, 27, 28]",cache/1756274373230.png,,,,
5251,806,green,small,rubber,cylinder,"[251, 205, 9.526187896728516]",2109.0,"[230, 178, 39, 53]",cache/1756274373264.png,,,,
5252,806,purple,small,metal,sphere,"[104, 180, 10.269743919372559]",1349.0,"[85, 162, 37, 36]",cache/1756274373225.png,,,,
5253,807,purple,small,rubber,cube,"[294, 105, 13.60359001159668]",1322.0,"[276, 86, 35, 37]",cache/1756274249032.png,,,,
5254,807,yellow,large,rubber,cube,"[236, 155, 10.515848159790039]",7876.0,"[195, 108, 83, 94]",cache/1756274249020.png,,,,
5255,807,purple,small,rubber,cube,"[374, 148, 11.540005683898926]",1799.0,"[353, 126, 42, 42]",cache/1756274249015.png,,,,
5256,807,blue,small,metal,sphere,"[319, 123, 12.67541790008545]",860.0,"[304, 107, 29, 29]",cache/1756274249026.png,,,,
5257,807,purple,large,metal,sphere,"[197, 219, 8.623233795166016]",7530.0,"[152, 175, 86, 87]",cache/1756274249008.png,,,,
5258,808,gray,large,metal,cube,"[257, 107, 11.860221862792969]",7232.0,"[214, 65, 84, 85]",cache/1756274466478.png,,,,
5259,808,cyan,large,rubber,cube,"[68, 136, 10.388108253479004]",8476.0,"[24, 89, 87, 97]",cache/1756274466473.png,,,,
5260,808,blue,small,rubber,cylinder,"[206, 204, 8.740062713623047]",2528.0,"[183, 175, 43, 57]",cache/1756274466488.png,,,,
5261,808,green,large,rubber,sphere,"[369, 113, 11.521422386169434]",4265.0,"[336, 80, 65, 64]",cache/1756274466483.png,,,,
5262,808,gray,small,rubber,sphere,"[343, 180, 9.488492012023926]",1549.0,"[323, 160, 39, 39]",cache/1756274466493.png,,,,
5263,809,yellow,small,metal,cylinder,"[313, 142, 10.90506362915039]",1346.0,"[295, 119, 35, 37]",cache/1756274425482.png,,,,
5264,809,red,large,rubber,sphere,"[301, 190, 8.695260047912598]",7283.0,"[258, 147, 85, 85]",cache/1756274425436.png,,,,
5265,809,red,large,rubber,cylinder,"[247, 94, 12.275235176086426]",4882.0,"[215, 54, 62, 78]",cache/1756274425450.png,,,,
5266,809,blue,large,rubber,cylinder,"[142, 110, 11.454595565795898]",6038.0,"[104, 68, 71, 84]",cache/1756274425471.png,,,,
5267,809,brown,small,metal,sphere,"[198, 280, 7.324768543243408]",2647.0,"[172, 254, 50, 52]",cache/1756274425466.png,,,,
5268,809,purple,large,metal,cylinder,"[398, 145, 10.074501991271973]",8515.0,"[357, 96, 86, 98]",cache/1756274425455.png,,,,
5269,809,green,large,rubber,cube,"[92, 153, 9.771418571472168]",10930.0,"[35, 103, 106, 102]",cache/1756274425444.png,,,,
5270,809,red,small,metal,cylinder,"[154, 229, 8.34521484375]",2937.0,"[129, 198, 47, 61]",cache/1756274425461.png,,,,
5271,809,green,small,rubber,cylinder,"[345, 118, 11.923999786376953]",1348.0,"[329, 97, 32, 41]",cache/1756274425477.png,,,,
5272,810,brown,small,metal,cylinder,"[258, 120, 12.379593849182129]",1194.0,"[242, 100, 30, 39]",cache/1756274366326.png,,,,
5273,810,brown,large,metal,cube,"[413, 134, 10.995491981506348]",7446.0,"[376, 89, 82, 90]",cache/1756274366284.png,,,,
5274,810,purple,large,rubber,cylinder,"[206, 81, 13.658525466918945]",3901.0,"[177, 45, 55, 69]",cache/1756274366320.png,,,,
5275,810,yellow,small,metal,sphere,"[227, 140, 11.499695777893066]",1041.0,"[210, 123, 31, 32]",cache/1756274366314.png,,,,
5276,810,cyan,large,rubber,cube,"[338, 153, 10.281425476074219]",8736.0,"[295, 105, 91, 95]",cache/1756274366277.png,,,,
5277,810,blue,large,metal,sphere,"[145, 117, 11.71622085571289]",4098.0,"[112, 84, 64, 63]",cache/1756274366270.png,,,,
5278,810,purple,small,rubber,sphere,"[154, 190, 9.748777389526367]",1483.0,"[134, 170, 38, 38]",cache/1756274366299.png,,,,
5279,811,gray,large,rubber,cylinder,"[203, 126, 11.167081832885742]",6533.0,"[156, 82, 79, 81]",cache/1756274336072.png,,,,
5280,811,blue,small,metal,sphere,"[170, 107, 13.098590850830078]",6533.0,"[156, 82, 79, 81]",cache/1756274336072.png,,,,
5281,811,brown,large,metal,cube,"[238, 197, 8.55093002319336]",15266.0,"[179, 136, 118, 128]",cache/1756274336064.png,,,,
5282,812,cyan,large,metal,cube,"[288, 203, 8.89525318145752]",12355.0,"[238, 146, 104, 117]",cache/1756274492883.png,,,,
5283,812,purple,small,rubber,cylinder,"[299, 119, 12.788861274719238]",1141.0,"[284, 100, 30, 37]",cache/1756274492925.png,,,,
5284,812,green,large,rubber,sphere,"[180, 143, 10.879768371582031]",4689.0,"[145, 108, 67, 69]",cache/1756274492898.png,,,,
5285,812,yellow,large,rubber,cylinder,"[105, 125, 11.676107406616211]",6033.0,"[67, 83, 72, 83]",cache/1756274492908.png,,,,
5286,812,cyan,small,rubber,sphere,"[123, 177, 10.347647666931152]",1329.0,"[104, 159, 36, 36]",cache/1756274492920.png,,,,
5287,812,purple,large,metal,cylinder,"[239, 79, 14.252730369567871]",3531.0,"[211, 46, 53, 66]",cache/1756274492903.png,,,,
5288,812,gray,small,rubber,sphere,"[352, 187, 10.045462608337402]",1278.0,"[336, 167, 33, 37]",cache/1756274492930.png,,,,
5289,812,yellow,large,rubber,sphere,"[170, 92, 13.426543235778809]",2912.0,"[141, 63, 55, 52]",cache/1756274492913.png,,,,
5290,812,green,large,metal,cube,"[359, 114, 12.226445198059082]",6822.0,"[318, 72, 80, 84]",cache/1756274492892.png,,,,
5291,813,purple,small,rubber,cylinder,"[221, 145, 11.407894134521484]",1446.0,"[204, 122, 33, 43]",cache/1756274389809.png,,,,
5292,813,red,large,metal,sphere,"[149, 202, 8.902156829833984]",7195.0,"[106, 160, 84, 85]",cache/1756274389795.png,,,,
5293,813,yellow,large,metal,cube,"[307, 147, 10.586496353149414]",8998.0,"[261, 98, 89, 100]",cache/1756274389777.png,,,,
5294,814,blue,large,rubber,cube,"[175, 142, 10.930602073669434]",7344.0,"[136, 96, 79, 92]",cache/1756274406321.png,,,,
5295,814,red,large,metal,cube,"[322, 107, 12.532380104064941]",6700.0,"[282, 66, 80, 82]",cache/1756274406316.png,,,,
5296,814,red,small,metal,cylinder,"[229, 102, 13.715322494506836]",954.0,"[214, 84, 27, 34]",cache/1756274406337.png,,,,
5297,814,blue,large,rubber,cylinder,"[113, 117, 12.025267601013184]",5331.0,"[76, 77, 65, 80]",cache/1756274406327.png,,,,
5298,814,gray,small,rubber,sphere,"[261, 244, 8.501557350158691]",1972.0,"[238, 222, 43, 45]",cache/1756274406332.png,,,,
5299,814,green,large,metal,sphere,"[388, 161, 10.219881057739258]",5473.0,"[351, 124, 75, 72]",cache/1756274406310.png,,,,
5300,815,yellow,large,rubber,cylinder,"[260, 233, 8.240647315979004]",11745.0,"[213, 172, 93, 125]",cache/1756274393699.png,,,,
5301,815,purple,large,metal,cylinder,"[331, 175, 9.85300350189209]",8216.0,"[293, 125, 80, 101]",cache/1756274393709.png,,,,
5302,815,yellow,small,metal,cube,"[330, 122, 12.86391830444336]",1009.0,"[310, 102, 39, 25]",cache/1756274393705.png,,,,
5303,815,green,large,rubber,sphere,"[183, 127, 11.772910118103027]",4012.0,"[151, 94, 63, 63]",cache/1756274393693.png,,,,
5304,816,cyan,large,metal,cube,"[127, 115, 11.837095260620117]",5959.0,"[88, 74, 72, 82]",cache/1756274356670.png,,,,
5305,816,blue,large,metal,sphere,"[388, 160, 10.06518268585205]",5643.0,"[351, 122, 75, 74]",cache/1756274356659.png,,,,
5306,816,red,large,rubber,cylinder,"[310, 91, 13.088582992553711]",4463.0,"[280, 53, 60, 73]",cache/1756274356694.png,,,,
5307,816,yellow,large,rubber,sphere,"[263, 73, 14.13999080657959]",2582.0,"[236, 46, 48, 53]",cache/1756274356681.png,,,,
5308,816,green,small,rubber,cube,"[173, 147, 11.259316444396973]",1882.0,"[151, 124, 41, 45]",cache/1756274356700.png,,,,
5309,816,purple,large,metal,cylinder,"[215, 231, 8.162513732910156]",11970.0,"[166, 169, 94, 126]",cache/1756274356687.png,,,,
5310,816,blue,small,metal,sphere,"[135, 196, 9.624908447265625]",1574.0,"[114, 176, 39, 40]",cache/1756274356676.png,,,,
5311,816,green,large,rubber,cylinder,"[316, 198, 8.95840835571289]",10089.0,"[273, 142, 88, 113]",cache/1756274356706.png,,,,
5312,817,yellow,small,rubber,sphere,"[366, 157, 10.33450698852539]",1332.0,"[348, 138, 36, 36]",cache/1756274585954.png,,,,
5313,817,gray,large,metal,sphere,"[248, 246, 7.223732948303223]",10947.0,"[196, 194, 102, 106]",cache/1756274585930.png,,,,
5314,817,cyan,large,metal,cylinder,"[191, 109, 11.631479263305664]",5502.0,"[156, 67, 66, 82]",cache/1756274585948.png,,,,
5315,817,brown,large,metal,cube,"[121, 183, 8.747682571411133]",11417.0,"[65, 128, 100, 113]",cache/1756274585915.png,,,,
5316,817,blue,large,metal,cube,"[302, 84, 13.099381446838379]",5527.0,"[264, 46, 78, 70]",cache/1756274585936.png,,,,
5317,817,red,large,rubber,cylinder,"[287, 161, 9.45653247833252]",8529.0,"[247, 109, 81, 104]",cache/1756274585942.png,,,,
5318,817,purple,large,metal,cube,"[429, 129, 10.654391288757324]",9392.0,"[379, 83, 100, 93]",cache/1756274585923.png,,,,
5319,818,blue,large,metal,sphere,"[165, 193, 8.906511306762695]",7290.0,"[121, 151, 84, 86]",cache/1756274280460.png,,,,
5320,818,purple,large,metal,cube,"[122, 127, 11.132429122924805]",9033.0,"[71, 81, 96, 93]",cache/1756274280470.png,,,,
5321,818,cyan,large,metal,cylinder,"[293, 155, 10.060815811157227]",7545.0,"[255, 106, 77, 97]",cache/1756274280491.png,,,,
5322,818,green,small,rubber,sphere,"[361, 122, 12.14516544342041]",970.0,"[345, 106, 31, 31]",cache/1756274280477.png,,,,
5323,818,green,large,metal,cylinder,"[259, 213, 8.398836135864258]",11149.0,"[214, 153, 91, 121]",cache/1756274280484.png,,,,
5324,819,purple,small,rubber,cube,"[341, 131, 11.900985717773438]",1858.0,"[320, 109, 43, 43]",cache/1756274377306.png,,,,
5325,819,brown,small,metal,cube,"[241, 100, 13.486624717712402]",1440.0,"[221, 80, 37, 38]",cache/1756274377312.png,,,,
5326,819,gray,small,metal,sphere,"[275, 159, 10.749255180358887]",1196.0,"[258, 141, 34, 34]",cache/1756274377317.png,,,,
5327,820,green,large,metal,cylinder,"[223, 252, 7.870553016662598]",12997.0,"[172, 187, 98, 131]",cache/1756274424687.png,,,,
5328,820,cyan,small,rubber,sphere,"[294, 99, 13.732717514038086]",752.0,"[280, 84, 27, 27]",cache/1756274424682.png,,,,
5329,820,blue,large,rubber,cube,"[183, 92, 13.232078552246094]",6013.0,"[144, 53, 76, 78]",cache/1756274424675.png,,,,
5330,820,brown,small,rubber,sphere,"[131, 161, 10.919380187988281]",1195.0,"[113, 143, 34, 34]",cache/1756274424693.png,,,,
5331,821,brown,large,rubber,sphere,"[298, 87, 14.073145866394043]",2658.0,"[271, 59, 49, 53]",cache/1756274596684.png,,,,
5332,821,red,large,metal,cylinder,"[337, 111, 12.691462516784668]",10466.0,"[326, 110, 102, 102]",cache/1756274596678.png,,,,
5333,821,purple,large,rubber,cube,"[194, 99, 13.341510772705078]",8227.0,"[165, 94, 88, 93]",cache/1756274596667.png,,,,
5334,821,green,small,rubber,cube,"[226, 254, 8.520709037780762]",3810.0,"[197, 220, 56, 66]",cache/1756274596647.png,,,,
5335,821,red,small,metal,cube,"[257, 200, 9.896527290344238]",2865.0,"[231, 172, 50, 56]",cache/1756274596673.png,,,,
5336,821,red,large,rubber,cube,"[210, 139, 11.352822303771973]",8227.0,"[165, 94, 88, 93]",cache/1756274596667.png,,,,
5337,821,gray,small,metal,sphere,"[101, 163, 11.146248817443848]",8211.0,"[16, 82, 92, 88]",cache/1756274596690.png,,,,
5338,821,gray,large,rubber,cube,"[64, 126, 11.950826644897461]",8211.0,"[16, 82, 92, 88]",cache/1756274596690.png,,,,
5339,821,purple,small,rubber,cube,"[302, 218, 9.400771141052246]",2713.0,"[277, 190, 48, 55]",cache/1756274596661.png,,,,
5340,821,cyan,large,metal,cube,"[377, 159, 10.570505142211914]",10466.0,"[326, 110, 102, 102]",cache/1756274596678.png,,,,
5341,822,cyan,large,metal,cube,"[155, 114, 11.693556785583496]",5994.0,"[115, 73, 73, 81]",cache/1756274535588.png,,,,
5342,822,cyan,small,rubber,cube,"[371, 144, 11.158905982971191]",2166.0,"[347, 121, 47, 46]",cache/1756274535598.png,,,,
5343,822,green,large,metal,sphere,"[247, 205, 8.532479286193848]",7711.0,"[203, 160, 86, 88]",cache/1756274535593.png,,,,
5344,823,blue,large,rubber,cube,"[223, 153, 10.051019668579102]",8386.0,"[178, 104, 84, 99]",cache/1756274309289.png,,,,
5345,823,purple,small,rubber,cube,"[372, 180, 9.899127960205078]",2558.0,"[353, 151, 45, 56]",cache/1756274309339.png,,,,
5346,823,red,small,metal,cylinder,"[104, 136, 11.37272834777832]",1606.0,"[84, 114, 37, 43]",cache/1756274309325.png,,,,
5347,823,gray,small,metal,cylinder,"[299, 93, 13.365521430969238]",1038.0,"[284, 74, 28, 35]",cache/1756274309335.png,,,,
5348,823,gray,large,metal,sphere,"[205, 109, 11.721223831176758]",3369.0,"[173, 77, 62, 53]",cache/1756274309316.png,,,,
5349,823,cyan,large,rubber,sphere,"[253, 64, 14.168819427490234]",2796.0,"[227, 36, 51, 53]",cache/1756274309301.png,,,,
5350,823,purple,large,metal,cube,"[314, 207, 8.557327270507812]",12568.0,"[265, 148, 105, 119]",cache/1756274309330.png,,,,
5351,823,brown,small,metal,sphere,"[156, 207, 9.148194313049316]",1651.0,"[135, 186, 40, 40]",cache/1756274309305.png,,,,
5352,823,yellow,large,rubber,sphere,"[420, 136, 10.641467094421387]",5142.0,"[384, 100, 73, 70]",cache/1756274309296.png,,,,
5353,823,red,small,metal,cylinder,"[133, 112, 12.433781623840332]",1282.0,"[116, 91, 32, 39]",cache/1756274309320.png,,,,
5354,824,red,small,metal,cylinder,"[148, 160, 10.260967254638672]",7455.0,"[127, 140, 85, 86]",cache/1756274399698.png,,,,
5355,824,cyan,small,metal,sphere,"[306, 144, 10.946778297424316]",1165.0,"[288, 126, 34, 34]",cache/1756274399714.png,,,,
5356,824,cyan,large,rubber,sphere,"[171, 184, 8.67405891418457]",7455.0,"[127, 140, 85, 86]",cache/1756274399698.png,,,,
5357,824,blue,large,metal,sphere,"[369, 157, 9.589729309082031]",6293.0,"[329, 117, 79, 79]",cache/1756274399690.png,,,,
5358,824,brown,small,metal,cube,"[82, 150, 10.674736022949219]",2015.0,"[60, 126, 42, 47]",cache/1756274399709.png,,,,
5359,824,gray,small,metal,sphere,"[234, 126, 11.837045669555664]",971.0,"[217, 109, 31, 31]",cache/1756274399720.png,,,,
5360,824,purple,large,metal,cube,"[269, 91, 12.960149765014648]",5114.0,"[235, 54, 69, 73]",cache/1756274399704.png,,,,
5361,825,blue,small,metal,cube,"[267, 101, 13.599394798278809]",1204.0,"[249, 82, 33, 35]",cache/1756274602134.png,,,,
5362,825,purple,small,metal,cube,"[184, 121, 12.353397369384766]",1468.0,"[164, 101, 37, 39]",cache/1756274602148.png,,,,
5363,825,purple,large,metal,cylinder,"[223, 190, 8.681203842163086]",10137.0,"[177, 134, 88, 114]",cache/1756274602140.png,,,,
5364,826,red,large,metal,sphere,"[332, 103, 12.33285903930664]",3674.0,"[302, 72, 60, 60]",cache/1756274292545.png,,,,
5365,826,cyan,large,metal,sphere,"[59, 121, 11.471116065979004]",4450.0,"[24, 88, 68, 65]",cache/1756274292539.png,,,,
5366,826,purple,large,rubber,cylinder,"[176, 211, 8.48094654083252]",11133.0,"[127, 152, 92, 120]",cache/1756274292566.png,,,,
5367,826,brown,large,metal,cube,"[256, 173, 9.543695449829102]",10230.0,"[207, 119, 93, 109]",cache/1756274292561.png,,,,
5368,826,cyan,small,metal,cylinder,"[309, 164, 10.539234161376953]",1380.0,"[298, 140, 29, 47]",cache/1756274292573.png,,,,
5369,826,cyan,large,metal,sphere,"[153, 135, 10.866777420043945]",4455.0,"[117, 100, 69, 64]",cache/1756274292551.png,,,,
5370,826,red,small,rubber,sphere,"[390, 176, 10.133408546447754]",1383.0,"[371, 157, 37, 36]",cache/1756274292556.png,,,,
5371,827,blue,large,rubber,sphere,"[371, 133, 10.845497131347656]",4824.0,"[336, 97, 70, 68]",cache/1756274598916.png,,,,
5372,827,yellow,small,rubber,sphere,"[270, 113, 12.613334655761719]",868.0,"[255, 98, 29, 29]",cache/1756274598956.png,,,,
5373,827,cyan,large,metal,cylinder,"[192, 158, 9.88608169555664]",11320.0,"[155, 149, 92, 121]",cache/1756274598939.png,,,,
5374,827,purple,small,metal,sphere,"[120, 133, 11.66851806640625]",1072.0,"[102, 116, 32, 32]",cache/1756274598929.png,,,,
5375,827,yellow,large,metal,cylinder,"[204, 209, 8.359331130981445]",11320.0,"[155, 149, 92, 121]",cache/1756274598939.png,,,,
5376,827,blue,large,metal,cylinder,"[179, 105, 12.166291236877441]",4401.0,"[145, 65, 63, 69]",cache/1756274598950.png,,,,
5377,827,green,small,metal,cube,"[350, 203, 9.166910171508789]",3471.0,"[321, 173, 58, 59]",cache/1756274598924.png,,,,
5378,827,yellow,small,metal,cube,"[299, 99, 13.418025970458984]",1199.0,"[282, 80, 32, 36]",cache/1756274598945.png,,,,
5379,827,blue,large,metal,cube,"[255, 74, 14.061790466308594]",4104.0,"[225, 40, 61, 67]",cache/1756274598934.png,,,,
5380,828,cyan,large,metal,sphere,"[151, 138, 10.82222843170166]",9597.0,"[134, 128, 89, 107]",cache/1756274330245.png,,,,
5381,828,gray,large,rubber,cube,"[180, 180, 9.142640113830566]",9597.0,"[134, 128, 89, 107]",cache/1756274330245.png,,,,
5382,828,brown,small,rubber,sphere,"[275, 106, 13.637831687927246]",751.0,"[261, 92, 27, 27]",cache/1756274330252.png,,,,
5383,829,blue,small,rubber,sphere,"[177, 122, 12.242939949035645]",941.0,"[161, 106, 30, 31]",cache/1756274447442.png,,,,
5384,829,yellow,small,metal,sphere,"[110, 151, 11.033050537109375]",1164.0,"[92, 133, 34, 33]",cache/1756274447432.png,,,,
5385,829,blue,large,rubber,sphere,"[402, 124, 11.345361709594727]",4402.0,"[368, 90, 68, 64]",cache/1756274447452.png,,,,
5386,829,yellow,large,rubber,cube,"[224, 88, 13.167818069458008]",6004.0,"[185, 49, 76, 78]",cache/1756274447425.png,,,,
5387,829,green,small,metal,cube,"[385, 169, 10.403092384338379]",2739.0,"[359, 142, 51, 52]",cache/1756274447457.png,,,,
5388,829,brown,small,rubber,cube,"[253, 227, 8.739629745483398]",3023.0,"[227, 196, 49, 61]",cache/1756274447469.png,,,,
5389,829,yellow,small,rubber,cube,"[311, 186, 9.85020637512207]",2712.0,"[286, 159, 50, 53]",cache/1756274447437.png,,,,
5390,829,red,small,rubber,sphere,"[337, 112, 12.731691360473633]",864.0,"[321, 97, 29, 29]",cache/1756274447447.png,,,,
5391,829,yellow,small,rubber,cylinder,"[221, 260, 8.018430709838867]",3108.0,"[197, 227, 47, 65]",cache/1756274447463.png,,,,
5392,830,brown,large,metal,cube,"[215, 87, 13.951300621032715]",4774.0,"[180, 51, 67, 70]",cache/1756274248606.png,,,,
5393,830,blue,large,rubber,cylinder,"[115, 115, 12.288058280944824]",5344.0,"[79, 75, 68, 78]",cache/1756274248620.png,,,,
5394,830,cyan,small,metal,cylinder,"[260, 112, 13.310861587524414]",1043.0,"[245, 93, 28, 36]",cache/1756274248637.png,,,,
5395,830,blue,small,rubber,cylinder,"[296, 163, 10.94091796875]",1619.0,"[277, 139, 35, 45]",cache/1756274248625.png,,,,
5396,830,blue,large,rubber,sphere,"[139, 192, 9.241856575012207]",6678.0,"[97, 151, 81, 81]",cache/1756274248599.png,,,,
5397,830,red,small,metal,cube,"[389, 177, 10.40527629852295]",2729.0,"[363, 151, 52, 52]",cache/1756274248613.png,,,,
5398,830,green,small,rubber,cube,"[411, 150, 11.44728946685791]",1984.0,"[388, 128, 46, 42]",cache/1756274248631.png,,,,
5399,831,blue,small,rubber,sphere,"[129, 205, 9.114874839782715]",1700.0,"[108, 184, 41, 41]",cache/1756274424264.png,,,,
5400,831,gray,small,metal,cylinder,"[344, 115, 12.289271354675293]",1303.0,"[327, 95, 32, 39]",cache/1756274424279.png,,,,
5401,831,red,large,rubber,cylinder,"[399, 136, 10.620576858520508]",7619.0,"[359, 89, 81, 93]",cache/1756274424268.png,,,,
5402,831,gray,small,metal,sphere,"[239, 93, 13.447281837463379]",774.0,"[224, 78, 27, 28]",cache/1756274424274.png,,,,
5403,831,red,small,rubber,cube,"[194, 130, 11.619858741760254]",1689.0,"[175, 108, 38, 44]",cache/1756274424259.png,,,,
5404,831,cyan,large,metal,cube,"[105, 124, 11.10311508178711]",7970.0,"[62, 78, 85, 93]",cache/1756274424246.png,,,,
5405,831,blue,small,metal,sphere,"[334, 178, 9.903324127197266]",1440.0,"[315, 158, 38, 37]",cache/1756274424253.png,,,,
5406,832,brown,small,metal,cylinder,"[320, 116, 11.915785789489746]",1345.0,"[303, 95, 33, 40]",cache/1756274253420.png,,,,
5407,832,purple,large,rubber,sphere,"[174, 176, 8.907791137695312]",7021.0,"[131, 134, 83, 84]",cache/1756274253400.png,,,,
5408,832,brown,small,rubber,cylinder,"[308, 171, 9.750575065612793]",2031.0,"[288, 145, 39, 51]",cache/1756274253425.png,,,,
5409,832,blue,small,metal,cube,"[230, 277, 7.2194085121154785]",4760.0,"[199, 239, 61, 77]",cache/1756274253391.png,,,,
5410,832,brown,small,metal,cube,"[419, 155, 10.298240661621094]",2675.0,"[392, 130, 53, 49]",cache/1756274253405.png,,,,
5411,832,cyan,large,rubber,cylinder,"[159, 92, 12.250799179077148]",5094.0,"[125, 53, 65, 78]",cache/1756274253430.png,,,,
5412,832,brown,large,rubber,cylinder,"[102, 119, 10.917064666748047]",6879.0,"[61, 75, 77, 89]",cache/1756274253410.png,,,,
5413,832,green,small,rubber,cylinder,"[251, 95, 13.022302627563477]",1076.0,"[236, 76, 29, 36]",cache/1756274253415.png,,,,
5414,833,brown,small,metal,sphere,"[370, 146, 11.637552261352539]",1059.0,"[353, 129, 32, 32]",cache/1756274534576.png,,,,
5415,833,green,large,metal,cube,"[227, 106, 12.735514640808105]",5664.0,"[189, 67, 72, 78]",cache/1756274534562.png,,,,
5416,833,red,small,metal,sphere,"[148, 170, 10.690567016601562]",1228.0,"[130, 152, 34, 35]",cache/1756274534570.png,,,,
5417,834,green,large,rubber,sphere,"[432, 149, 9.983978271484375]",5911.0,"[393, 111, 78, 75]",cache/1756274555502.png,,,,
5418,834,red,small,rubber,cylinder,"[224, 106, 12.500259399414062]",1185.0,"[208, 85, 30, 38]",cache/1756274555531.png,,,,
5419,834,cyan,small,rubber,sphere,"[139, 218, 8.699732780456543]",1884.0,"[117, 196, 43, 43]",cache/1756274555514.png,,,,
5420,835,green,large,metal,sphere,"[251, 83, 13.787187576293945]",2028.0,"[226, 55, 50, 39]",cache/1756274563942.png,,,,
5421,835,purple,small,rubber,sphere,"[191, 197, 9.22999095916748]",1626.0,"[171, 176, 39, 40]",cache/1756274563911.png,,,,
5422,835,yellow,large,metal,cube,"[347, 126, 11.213236808776855]",7698.0,"[304, 83, 90, 84]",cache/1756274563858.png,,,,
5423,835,gray,large,rubber,cylinder,"[308, 195, 8.602548599243164]",10739.0,"[263, 138, 92, 116]",cache/1756274563929.png,,,,
5424,835,yellow,large,rubber,sphere,"[126, 116, 11.716757774353027]",4148.0,"[93, 83, 64, 64]",cache/1756274563867.png,,,,
5425,835,purple,small,rubber,sphere,"[176, 154, 10.792057037353516]",1183.0,"[158, 136, 34, 34]",cache/1756274563922.png,,,,
5426,835,gray,small,metal,cube,"[392, 173, 10.042208671569824]",2495.0,"[368, 146, 47, 52]",cache/1756274563880.png,,,,
5427,835,blue,large,metal,cube,"[233, 110, 12.06511116027832]",6948.0,"[192, 69, 82, 84]",cache/1756274563899.png,,,,
5428,836,blue,large,rubber,sphere,"[73, 129, 11.35008430480957]",4529.0,"[37, 95, 68, 66]",cache/1756274589747.png,,,,
5429,836,cyan,small,metal,cube,"[234, 178, 10.088005065917969]",2491.0,"[209, 152, 47, 52]",cache/1756274589764.png,,,,
5430,836,blue,large,metal,cylinder,"[319, 98, 13.13115406036377]",4362.0,"[289, 62, 60, 71]",cache/1756274589774.png,,,,
5431,836,blue,small,rubber,cube,"[362, 169, 10.450441360473633]",2071.0,"[340, 145, 44, 46]",cache/1756274589779.png,,,,
5432,836,red,small,metal,sphere,"[220, 117, 12.92807674407959]",815.0,"[205, 102, 28, 28]",cache/1756274589769.png,,,,
5433,836,blue,small,rubber,cylinder,"[364, 129, 12.263545036315918]",1237.0,"[347, 108, 33, 36]",cache/1756274589793.png,,,,
5434,836,blue,small,metal,cube,"[165, 204, 9.24553394317627]",2361.0,"[142, 176, 43, 54]",cache/1756274589755.png,,,,
5435,836,cyan,large,rubber,cylinder,"[266, 84, 14.085680961608887]",3616.0,"[239, 51, 54, 66]",cache/1756274589787.png,,,,
5436,837,brown,small,metal,sphere,"[133, 110, 12.187438011169434]",894.0,"[116, 94, 30, 29]",cache/1756274310205.png,,,,
5437,837,yellow,small,metal,sphere,"[218, 265, 7.4068450927734375]",2602.0,"[192, 239, 50, 51]",cache/1756274310194.png,,,,
5438,837,yellow,large,rubber,cylinder,"[346, 113, 11.173822402954102]",5996.0,"[310, 69, 73, 81]",cache/1756274310210.png,,,,
5439,837,green,small,metal,cylinder,"[249, 91, 13.24487018585205]",1044.0,"[233, 72, 29, 35]",cache/1756274310215.png,,,,
5440,837,green,large,metal,sphere,"[64, 135, 10.254822731018066]",5540.0,"[24, 97, 76, 72]",cache/1756274310187.png,,,,
5441,837,cyan,large,metal,cube,"[319, 208, 8.040628433227539]",18170.0,"[255, 141, 129, 140]",cache/1756274310178.png,,,,
5442,837,red,large,metal,cube,"[395, 149, 9.727622985839844]",12236.0,"[342, 96, 110, 110]",cache/1756274310199.png,,,,
5443,837,yellow,small,rubber,cylinder,"[145, 137, 10.973418235778809]",1649.0,"[126, 114, 36, 44]",cache/1756274310220.png,,,,
5444,838,red,small,metal,cylinder,"[359, 166, 10.486958503723145]",1913.0,"[338, 141, 39, 47]",cache/1756274434761.png,,,,
5445,838,gray,small,rubber,cylinder,"[300, 105, 13.012995719909668]",1145.0,"[284, 85, 30, 37]",cache/1756274434773.png,,,,
5446,838,purple,large,metal,cylinder,"[186, 176, 9.505696296691895]",8782.0,"[143, 123, 82, 106]",cache/1756274434743.png,,,,
5447,839,cyan,small,rubber,sphere,"[204, 115, 12.495027542114258]",910.0,"[189, 98, 29, 30]",cache/1756274455176.png,,,,
5448,839,cyan,small,metal,cylinder,"[268, 98, 13.332685470581055]",1061.0,"[253, 79, 29, 36]",cache/1756274455171.png,,,,
5449,839,brown,small,rubber,sphere,"[309, 165, 10.453937530517578]",1279.0,"[290, 146, 35, 36]",cache/1756274455165.png,,,,
5450,840,yellow,small,rubber,cylinder,"[304, 155, 10.443877220153809]",1773.0,"[285, 131, 37, 47]",cache/1756274445484.png,,,,
5451,840,purple,large,metal,cube,"[232, 110, 11.67619514465332]",6851.0,"[192, 68, 80, 85]",cache/1756274445478.png,,,,
5452,840,green,large,metal,sphere,"[379, 121, 11.124401092529297]",4698.0,"[345, 86, 68, 68]",cache/1756274445460.png,,,,
5453,840,green,small,metal,sphere,"[124, 180, 9.549308776855469]",1574.0,"[103, 159, 39, 39]",cache/1756274445473.png,,,,
5454,840,green,large,metal,sphere,"[255, 214, 7.868334770202637]",9018.0,"[207, 166, 94, 95]",cache/1756274445468.png,,,,
5455,841,blue,small,metal,cube,"[73, 132, 10.882813453674316]",2387.0,"[46, 108, 51, 46]",cache/1756274422217.png,,,,
5456,841,gray,small,rubber,cylinder,"[117, 122, 11.344124794006348]",1554.0,"[98, 99, 36, 42]",cache/1756274422233.png,,,,
5457,841,red,large,metal,cube,"[394, 165, 8.892115592956543]",14462.0,"[335, 108, 123, 117]",cache/1756274422203.png,,,,
5458,841,green,large,metal,cylinder,"[311, 95, 11.784072875976562]",5484.0,"[278, 54, 67, 81]",cache/1756274422222.png,,,,
5459,841,red,small,rubber,cylinder,"[236, 150, 10.172894477844238]",1801.0,"[217, 125, 37, 48]",cache/1756274422227.png,,,,
5460,841,brown,large,metal,sphere,"[182, 179, 8.480932235717773]",7736.0,"[137, 135, 87, 88]",cache/1756274422212.png,,,,
5461,842,cyan,small,rubber,cube,"[281, 190, 9.558143615722656]",2487.0,"[265, 160, 42, 58]",cache/1756274493699.png,,,,
5462,842,yellow,large,metal,sphere,"[331, 135, 10.738595962524414]",4936.0,"[296, 99, 70, 70]",cache/1756274493684.png,,,,
5463,842,red,small,metal,cube,"[75, 130, 11.705439567565918]",2152.0,"[50, 107, 47, 44]",cache/1756274493678.png,,,,
5464,842,green,large,metal,cube,"[222, 212, 8.328577995300293]",11585.0,"[171, 153, 97, 119]",cache/1756274493670.png,,,,
5465,842,blue,small,rubber,sphere,"[206, 100, 13.244000434875488]",803.0,"[191, 85, 28, 28]",cache/1756274493694.png,,,,
5466,842,brown,large,rubber,cylinder,"[424, 152, 10.096942901611328]",8706.0,"[382, 103, 88, 98]",cache/1756274493704.png,,,,
5467,842,blue,large,metal,cube,"[341, 102, 12.214760780334473]",4936.0,"[296, 99, 70, 70]",cache/1756274493684.png,,,,
5468,843,blue,small,rubber,cylinder,"[88, 136, 11.345922470092773]",1613.0,"[69, 114, 37, 42]",cache/1756274287052.png,,,,
5469,843,yellow,small,metal,cube,"[189, 247, 7.793706893920898]",4790.0,"[155, 211, 65, 73]",cache/1756274287036.png,,,,
5470,843,yellow,small,rubber,cube,"[290, 105, 12.986285209655762]",1109.0,"[275, 86, 30, 36]",cache/1756274287047.png,,,,
5471,843,gray,small,rubber,cylinder,"[264, 148, 10.793795585632324]",1592.0,"[246, 125, 35, 45]",cache/1756274287067.png,,,,
5472,843,blue,small,metal,cylinder,"[228, 213, 8.614059448242188]",2604.0,"[205, 183, 44, 59]",cache/1756274287062.png,,,,
5473,843,blue,small,rubber,cylinder,"[381, 167, 10.073634147644043]",2068.0,"[359, 142, 42, 49]",cache/1756274287057.png,,,,
5474,843,yellow,small,metal,cube,"[170, 119, 12.207565307617188]",1342.0,"[152, 98, 33, 39]",cache/1756274287043.png,,,,
5475,844,green,small,metal,cylinder,"[218, 250, 8.215886116027832]",2941.0,"[194, 218, 46, 63]",cache/1756274512134.png,,,,
5476,844,cyan,large,rubber,cylinder,"[112, 117, 11.816362380981445]",5724.0,"[75, 76, 69, 82]",cache/1756274512143.png,,,,
5477,844,green,large,metal,cube,"[338, 101, 12.669445991516113]",6034.0,"[300, 61, 75, 80]",cache/1756274512121.png,,,,
5478,844,yellow,small,metal,cylinder,"[273, 164, 10.644126892089844]",1691.0,"[254, 140, 36, 46]",cache/1756274512139.png,,,,
5479,844,blue,large,rubber,sphere,"[400, 132, 11.140132904052734]",4714.0,"[365, 98, 69, 67]",cache/1756274512113.png,,,,
5480,844,cyan,large,rubber,sphere,"[146, 162, 10.000018119812012]",5675.0,"[107, 124, 75, 75]",cache/1756274512128.png,,,,
5481,845,green,large,metal,cylinder,"[208, 184, 9.481330871582031]",8356.0,"[166, 132, 80, 103]",cache/1756274414304.png,,,,
5482,845,brown,large,metal,sphere,"[64, 133, 11.356391906738281]",4489.0,"[29, 99, 68, 65]",cache/1756274414284.png,,,,
5483,845,green,small,metal,cylinder,"[159, 110, 13.363480567932129]",1071.0,"[143, 91, 29, 35]",cache/1756274414316.png,,,,
5484,845,brown,large,metal,sphere,"[308, 120, 11.979721069335938]",3833.0,"[276, 88, 61, 62]",cache/1756274414299.png,,,,
5485,845,cyan,large,metal,cube,"[376, 154, 10.5125732421875]",9666.0,"[328, 104, 95, 101]",cache/1756274414293.png,,,,
5486,845,brown,large,rubber,sphere,"[236, 237, 8.089021682739258]",8597.0,"[189, 191, 91, 93]",cache/1756274414320.png,,,,
5487,845,red,large,metal,cylinder,"[263, 78, 14.466136932373047]",3432.0,"[236, 45, 52, 65]",cache/1756274414311.png,,,,
5488,846,purple,small,rubber,cube,"[168, 222, 8.517518043518066]",3647.0,"[137, 190, 58, 62]",cache/1756274360399.png,,,,
5489,846,red,small,rubber,cube,"[271, 137, 11.786469459533691]",1261.0,"[259, 116, 30, 41]",cache/1756274360433.png,,,,
5490,846,purple,large,rubber,cylinder,"[176, 104, 12.729619026184082]",4417.0,"[144, 68, 60, 73]",cache/1756274360415.png,,,,
5491,846,cyan,large,metal,sphere,"[96, 128, 11.305728912353516]",4515.0,"[60, 94, 67, 66]",cache/1756274360378.png,,,,
5492,846,cyan,large,metal,cylinder,"[225, 142, 10.636797904968262]",6461.0,"[188, 97, 71, 90]",cache/1756274360404.png,,,,
5493,846,purple,small,metal,cube,"[352, 193, 9.405264854431152]",2376.0,"[330, 166, 44, 52]",cache/1756274360394.png,,,,
5494,846,purple,large,metal,sphere,"[397, 150, 10.235753059387207]",5584.0,"[359, 113, 75, 73]",cache/1756274360386.png,,,,
5495,846,green,large,metal,cylinder,"[250, 79, 14.731640815734863]",3128.0,"[224, 47, 51, 60]",cache/1756274360410.png,,,,
5496,846,gray,small,metal,sphere,"[304, 108, 13.568633079528809]",815.0,"[289, 93, 27, 29]",cache/1756274360428.png,,,,
5497,846,green,large,rubber,cylinder,"[348, 111, 12.30014419555664]",5045.0,"[316, 73, 65, 76]",cache/1756274360421.png,,,,
5498,847,yellow,small,rubber,cylinder,"[91, 151, 11.049848556518555]",1779.0,"[71, 128, 38, 45]",cache/1756274384721.png,,,,
5499,847,yellow,small,metal,cube,"[276, 164, 10.596817016601562]",2348.0,"[253, 139, 45, 51]",cache/1756274384726.png,,,,
5500,847,purple,large,rubber,cylinder,"[358, 109, 12.044599533081055]",5480.0,"[326, 68, 67, 81]",cache/1756274384751.png,,,,
5501,847,gray,small,metal,cylinder,"[216, 194, 9.684642791748047]",1708.0,"[195, 167, 39, 43]",cache/1756274384745.png,,,,
5502,847,purple,small,rubber,cube,"[350, 180, 10.101587295532227]",2849.0,"[324, 152, 51, 54]",cache/1756274384714.png,,,,
5503,847,gray,large,rubber,sphere,"[201, 93, 12.84238052368164]",3417.0,"[171, 62, 57, 59]",cache/1756274384734.png,,,,
5504,847,green,small,metal,sphere,"[291, 96, 13.506173133850098]",756.0,"[277, 82, 27, 27]",cache/1756274384708.png,,,,
5505,847,gray,small,metal,cube,"[316, 140, 11.489065170288086]",2056.0,"[294, 116, 43, 47]",cache/1756274384740.png,,,,
5506,847,purple,large,metal,sphere,"[237, 236, 8.082884788513184]",8571.0,"[191, 190, 91, 93]",cache/1756274384693.png,,,,
5507,847,blue,small,metal,cube,"[148, 223, 8.944862365722656]",3516.0,"[119, 192, 56, 61]",cache/1756274384702.png,,,,
5508,848,gray,small,metal,sphere,"[266, 201, 9.097092628479004]",1719.0,"[245, 179, 41, 41]",cache/1756274497026.png,,,,
5509,848,cyan,large,rubber,cube,"[123, 166, 9.505683898925781]",12372.0,"[66, 112, 110, 112]",cache/1756274497007.png,,,,
5510,848,blue,large,metal,cylinder,"[284, 90, 13.347800254821777]",4093.0,"[255, 54, 58, 70]",cache/1756274497020.png,,,,
5511,848,yellow,large,metal,cylinder,"[211, 100, 12.680999755859375]",4474.0,"[180, 63, 60, 74]",cache/1756274497015.png,,,,
5512,849,cyan,large,metal,cube,"[283, 213, 8.462279319763184]",11636.0,"[236, 153, 96, 120]",cache/1756274431593.png,,,,
5513,849,green,large,metal,cylinder,"[200, 119, 11.402593612670898]",5817.0,"[164, 76, 67, 85]",cache/1756274431612.png,,,,
5514,849,blue,small,rubber,cylinder,"[312, 114, 12.425803184509277]",1262.0,"[296, 93, 31, 39]",cache/1756274431629.png,,,,
5515,849,red,large,metal,sphere,"[235, 83, 13.127029418945312]",3168.0,"[207, 53, 55, 57]",cache/1756274431607.png,,,,
5516,849,blue,large,metal,cylinder,"[360, 147, 10.304047584533691]",7702.0,"[322, 99, 79, 97]",cache/1756274431623.png,,,,
5517,849,gray,large,metal,cylinder,"[89, 135, 10.750606536865234]",7451.0,"[46, 89, 80, 92]",cache/1756274431618.png,,,,
5518,849,gray,small,rubber,sphere,"[124, 122, 12.057487487792969]",7451.0,"[46, 89, 80, 92]",cache/1756274431618.png,,,,
5519,849,red,small,metal,sphere,"[147, 214, 9.0051908493042]",1741.0,"[125, 193, 41, 41]",cache/1756274431602.png,,,,
5520,850,red,small,metal,sphere,"[266, 145, 11.047475814819336]",1122.0,"[249, 128, 33, 33]",cache/1756274258618.png,,,,
5521,850,brown,small,metal,cube,"[223, 92, 13.503240585327148]",1414.0,"[203, 73, 37, 38]",cache/1756274258623.png,,,,
5522,850,green,large,metal,cube,"[167, 96, 12.441856384277344]",6289.0,"[125, 56, 78, 80]",cache/1756274258606.png,,,,
5523,850,purple,large,rubber,sphere,"[282, 104, 12.033428192138672]",4008.0,"[251, 72, 61, 65]",cache/1756274258600.png,,,,
5524,850,red,small,rubber,sphere,"[238, 216, 8.888139724731445]",1757.0,"[217, 195, 41, 42]",cache/1756274258611.png,,,,
5525,850,cyan,large,metal,sphere,"[118, 164, 9.714115142822266]",13455.0,"[53, 71, 102, 130]",cache/1756274258587.png,,,,
5526,850,cyan,large,metal,cube,"[100, 116, 11.48360538482666]",13455.0,"[53, 71, 102, 130]",cache/1756274258587.png,,,,
5527,850,cyan,large,rubber,cube,"[343, 182, 9.159991264343262]",12537.0,"[292, 125, 106, 118]",cache/1756274258579.png,,,,
5528,850,purple,small,rubber,cylinder,"[378, 169, 10.23530387878418]",12537.0,"[292, 125, 106, 118]",cache/1756274258579.png,,,,
5529,850,red,small,rubber,cube,"[180, 240, 8.351978302001953]",3272.0,"[152, 208, 52, 62]",cache/1756274258594.png,,,,
5530,851,cyan,large,rubber,cylinder,"[140, 119, 11.781546592712402]",5793.0,"[103, 78, 69, 83]",cache/1756274357409.png,,,,
5531,851,green,small,metal,sphere,"[292, 108, 13.183140754699707]",804.0,"[277, 93, 28, 28]",cache/1756274357398.png,,,,
5532,851,brown,small,metal,sphere,"[168, 202, 9.513648986816406]",1536.0,"[148, 181, 39, 39]",cache/1756274357404.png,,,,
5533,851,brown,small,metal,cube,"[241, 117, 12.708053588867188]",1363.0,"[223, 97, 34, 39]",cache/1756274357414.png,,,,
5534,851,yellow,small,metal,cylinder,"[392, 156, 11.015042304992676]",1783.0,"[372, 133, 39, 45]",cache/1756274357424.png,,,,
5535,851,yellow,small,metal,cylinder,"[262, 170, 10.50583267211914]",1738.0,"[244, 146, 36, 47]",cache/1756274357419.png,,,,
5536,852,brown,small,rubber,sphere,"[327, 148, 10.920145034790039]",1169.0,"[309, 130, 34, 34]",cache/1756274454427.png,,,,
5537,852,yellow,small,rubber,cylinder,"[207, 258, 7.885841369628906]",3259.0,"[182, 224, 48, 66]",cache/1756274454417.png,,,,
5538,852,gray,small,metal,cylinder,"[430, 163, 10.360126495361328]",2099.0,"[409, 138, 43, 48]",cache/1756274454433.png,,,,
5539,852,yellow,large,rubber,cylinder,"[159, 118, 11.375760078430176]",6312.0,"[148, 50, 79, 78]",cache/1756274454445.png,,,,
5540,852,brown,large,metal,sphere,"[188, 168, 9.526208877563477]",6136.0,"[148, 128, 77, 78]",cache/1756274454397.png,,,,
5541,852,purple,large,metal,cylinder,"[269, 109, 11.797820091247559]",5362.0,"[237, 67, 65, 82]",cache/1756274454410.png,,,,
5542,852,green,large,rubber,cube,"[190, 90, 12.769240379333496]",6312.0,"[148, 50, 79, 78]",cache/1756274454445.png,,,,
5543,853,blue,large,rubber,sphere,"[189, 103, 12.145562171936035]",3817.0,"[158, 71, 61, 62]",cache/1756274538196.png,,,,
5544,853,blue,large,rubber,sphere,"[412, 127, 11.096199035644531]",4782.0,"[377, 92, 70, 67]",cache/1756274538183.png,,,,
5545,853,yellow,small,rubber,sphere,"[229, 166, 10.390653610229492]",1202.0,"[211, 148, 35, 34]",cache/1756274538201.png,,,,
5546,853,brown,large,rubber,cube,"[190, 236, 7.963898181915283]",13521.0,"[131, 174, 105, 127]",cache/1756274538190.png,,,,
5547,854,green,small,metal,cube,"[251, 201, 8.97195816040039]",2739.0,"[227, 172, 47, 57]",cache/1756274283324.png,,,,
5548,854,gray,small,rubber,cube,"[233, 108, 12.978141784667969]",1255.0,"[215, 89, 33, 36]",cache/1756274283356.png,,,,
5549,854,yellow,large,rubber,cylinder,"[84, 129, 10.882163047790527]",6998.0,"[42, 85, 78, 88]",cache/1756274283351.png,,,,
5550,854,green,large,metal,sphere,"[309, 104, 12.214600563049316]",3749.0,"[278, 73, 61, 61]",cache/1756274283337.png,,,,
5551,854,red,small,metal,sphere,"[379, 166, 10.158662796020508]",1379.0,"[360, 147, 37, 36]",cache/1756274283331.png,,,,
5552,854,blue,small,metal,cube,"[170, 121, 12.177278518676758]",1783.0,"[147, 100, 42, 41]",cache/1756274283341.png,,,,
5553,854,brown,large,rubber,sphere,"[282, 82, 13.700374603271484]",2878.0,"[255, 53, 52, 54]",cache/1756274283362.png,,,,
5554,854,yellow,small,rubber,cube,"[174, 171, 9.956999778747559]",2577.0,"[148, 145, 49, 52]",cache/1756274283346.png,,,,
5555,855,purple,large,rubber,sphere,"[246, 214, 7.90769100189209]",8942.0,"[198, 167, 93, 95]",cache/1756274566668.png,,,,
5556,855,cyan,large,metal,sphere,"[307, 96, 12.884516716003418]",3386.0,"[277, 65, 58, 58]",cache/1756274566658.png,,,,
5557,855,green,small,rubber,cube,"[181, 135, 11.577320098876953]",1941.0,"[158, 112, 43, 44]",cache/1756274566673.png,,,,
5558,856,yellow,small,metal,sphere,"[334, 177, 10.057036399841309]",1388.0,"[314, 158, 37, 37]",cache/1756274387922.png,,,,
5559,856,blue,large,rubber,cylinder,"[160, 203, 8.576022148132324]",10961.0,"[111, 145, 92, 117]",cache/1756274387910.png,,,,
5560,856,brown,small,metal,cube,"[164, 138, 11.630844116210938]",1216.0,"[143, 116, 38, 31]",cache/1756274387938.png,,,,
5561,856,brown,small,rubber,cube,"[373, 155, 10.907950401306152]",1801.0,"[353, 132, 39, 45]",cache/1756274387903.png,,,,
5562,856,gray,large,rubber,cylinder,"[224, 86, 13.705499649047852]",3441.0,"[195, 51, 55, 62]",cache/1756274387956.png,,,,
5563,856,gray,large,metal,sphere,"[293, 95, 13.083222389221191]",2981.0,"[269, 65, 52, 57]",cache/1756274387933.png,,,,
5564,856,blue,small,rubber,cylinder,"[135, 116, 12.785747528076172]",1155.0,"[118, 96, 30, 37]",cache/1756274387943.png,,,,
5565,856,blue,large,metal,cube,"[243, 113, 12.015100479125977]",3441.0,"[195, 51, 55, 62]",cache/1756274387956.png,,,,
5566,856,blue,small,rubber,cylinder,"[282, 188, 9.7069091796875]",2033.0,"[262, 162, 39, 51]",cache/1756274387927.png,,,,
5567,857,gray,small,rubber,cylinder,"[338, 200, 9.213391304016113]",2394.0,"[316, 172, 43, 54]",cache/1756274352200.png,,,,
5568,857,gray,large,rubber,cube,"[155, 123, 11.276822090148926]",7213.0,"[108, 79, 87, 82]",cache/1756274352178.png,,,,
5569,857,brown,small,rubber,cylinder,"[271, 113, 12.707656860351562]",986.0,"[256, 93, 29, 33]",cache/1756274352205.png,,,,
5570,857,brown,large,metal,sphere,"[240, 75, 14.091426849365234]",2844.0,"[213, 48, 52, 54]",cache/1756274352184.png,,,,
5571,857,red,large,metal,cylinder,"[168, 205, 8.400134086608887]",11364.0,"[118, 147, 94, 120]",cache/1756274352189.png,,,,
5572,857,cyan,large,rubber,cube,"[305, 145, 10.352436065673828]",9827.0,"[257, 95, 96, 102]",cache/1756274352170.png,,,,
5573,857,purple,large,rubber,sphere,"[341, 113, 11.764572143554688]",9827.0,"[257, 95, 96, 102]",cache/1756274352170.png,,,,
5574,858,green,small,metal,cylinder,"[339, 161, 9.928550720214844]",2025.0,"[319, 136, 40, 49]",cache/1756274470281.png,,,,
5575,858,blue,small,rubber,cube,"[211, 130, 11.224239349365234]",1995.0,"[188, 107, 43, 45]",cache/1756274470270.png,,,,
5576,858,cyan,small,rubber,cube,"[369, 139, 10.845358848571777]",1756.0,"[350, 115, 38, 45]",cache/1756274470277.png,,,,
5577,859,red,small,metal,sphere,"[211, 123, 12.75090217590332]",809.0,"[197, 108, 27, 29]",cache/1756274474288.png,,,,
5578,859,cyan,large,metal,cylinder,"[173, 160, 10.304766654968262]",7391.0,"[133, 112, 76, 96]",cache/1756274474279.png,,,,
5579,859,yellow,large,metal,sphere,"[153, 118, 12.146600723266602]",7391.0,"[133, 112, 76, 96]",cache/1756274474279.png,,,,
5580,859,gray,small,rubber,cube,"[316, 151, 11.42811107635498]",1881.0,"[295, 128, 41, 45]",cache/1756274474284.png,,,,
5581,859,red,small,rubber,cube,"[280, 100, 14.077615737915039]",1076.0,"[263, 82, 31, 34]",cache/1756274474274.png,,,,
5582,859,blue,small,metal,cylinder,"[367, 140, 11.913381576538086]",1434.0,"[349, 119, 34, 41]",cache/1756274474269.png,,,,
5583,859,purple,small,rubber,cylinder,"[243, 224, 9.002113342285156]",2400.0,"[221, 195, 42, 56]",cache/1756274474261.png,,,,
5584,860,purple,small,metal,cube,"[121, 127, 11.90481948852539]",1923.0,"[99, 105, 43, 43]",cache/1756274611576.png,,,,
5585,860,red,large,rubber,cube,"[361, 161, 9.670881271362305]",12214.0,"[307, 107, 109, 111]",cache/1756274611567.png,,,,
5586,860,blue,large,metal,cylinder,"[249, 87, 13.257963180541992]",4105.0,"[220, 51, 57, 71]",cache/1756274611586.png,,,,
5587,860,gray,small,rubber,cube,"[171, 231, 8.303206443786621]",3992.0,"[141, 197, 58, 67]",cache/1756274611581.png,,,,
5588,861,green,small,metal,cube,"[172, 170, 10.627726554870605]",2395.0,"[147, 144, 47, 50]",cache/1756274569934.png,,,,
5589,861,purple,large,metal,cylinder,"[135, 110, 12.306066513061523]",5307.0,"[99, 70, 67, 79]",cache/1756274569867.png,,,,
5590,861,red,large,rubber,sphere,"[216, 197, 9.16971492767334]",6617.0,"[175, 156, 80, 82]",cache/1756274569876.png,,,,
5591,861,purple,small,metal,cube,"[403, 150, 11.344545364379883]",1829.0,"[382, 128, 41, 43]",cache/1756274569928.png,,,,
5592,861,yellow,large,metal,sphere,"[291, 96, 13.028663635253906]",3284.0,"[262, 66, 57, 57]",cache/1756274569913.png,,,,
5593,861,yellow,small,metal,cube,"[356, 120, 12.634856224060059]",1338.0,"[338, 100, 33, 39]",cache/1756274569918.png,,,,
5594,862,cyan,large,metal,cube,"[260, 106, 12.300874710083008]",6595.0,"[219, 66, 80, 81]",cache/1756274505425.png,,,,
5595,862,red,large,metal,cube,"[336, 137, 10.722269058227539]",9324.0,"[291, 123, 86, 108]",cache/1756274505431.png,,,,
5596,862,brown,large,rubber,cylinder,"[332, 177, 9.187192916870117]",9324.0,"[291, 123, 86, 108]",cache/1756274505431.png,,,,
5597,862,purple,large,rubber,sphere,"[402, 121, 11.476823806762695]",4118.0,"[373, 88, 62, 65]",cache/1756274505414.png,,,,
5598,862,purple,small,rubber,cylinder,"[164, 221, 8.555644035339355]",2732.0,"[140, 191, 46, 59]",cache/1756274505420.png,,,,
5599,862,brown,large,metal,sphere,"[252, 240, 7.48685884475708]",9966.0,"[203, 190, 98, 100]",cache/1756274505408.png,,,,
5600,862,red,large,metal,sphere,"[93, 157, 9.894111633300781]",6497.0,"[53, 111, 77, 83]",cache/1756274505402.png,,,,
5601,862,gray,small,rubber,cube,"[213, 105, 13.34388542175293]",938.0,"[195, 87, 25, 36]",cache/1756274505438.png,,,,
5602,862,brown,small,metal,cylinder,"[94, 132, 11.836874008178711]",6497.0,"[53, 111, 77, 83]",cache/1756274505402.png,,,,
5603,863,cyan,large,rubber,cube,"[273, 77, 13.520427703857422]",4150.0,"[244, 41, 59, 70]",cache/1756274260637.png,,,,
5604,863,green,small,metal,cylinder,"[336, 116, 12.294157028198242]",1310.0,"[319, 96, 32, 39]",cache/1756274260646.png,,,,
5605,863,yellow,small,rubber,cube,"[162, 160, 10.547408103942871]",2358.0,"[137, 135, 47, 49]",cache/1756274260642.png,,,,
5606,864,green,small,metal,sphere,"[228, 207, 8.778763771057129]",1770.0,"[207, 186, 41, 42]",cache/1756274339874.png,,,,
5607,864,brown,small,metal,sphere,"[271, 103, 13.02991771697998]",825.0,"[256, 88, 28, 28]",cache/1756274339878.png,,,,
5608,864,red,large,rubber,sphere,"[66, 146, 10.074438095092773]",5745.0,"[26, 108, 77, 74]",cache/1756274339867.png,,,,
5609,864,red,small,rubber,sphere,"[203, 174, 9.811079978942871]",1443.0,"[184, 154, 37, 38]",cache/1756274339887.png,,,,
5610,864,cyan,small,metal,cylinder,"[377, 190, 9.271306037902832]",2495.0,"[354, 163, 45, 54]",cache/1756274339882.png,,,,
5611,865,blue,small,metal,cube,"[236, 96, 13.927377700805664]",1204.0,"[218, 78, 33, 35]",cache/1756274430886.png,,,,
5612,865,yellow,large,metal,sphere,"[146, 121, 11.681724548339844]",4113.0,"[113, 88, 64, 64]",cache/1756274430878.png,,,,
5613,865,red,large,metal,sphere,"[70, 138, 10.921385765075684]",4831.0,"[33, 103, 71, 68]",cache/1756274430862.png,,,,
5614,866,cyan,small,rubber,sphere,"[311, 103, 13.046875953674316]",831.0,"[296, 88, 28, 29]",cache/1756274595701.png,,,,
5615,866,yellow,large,rubber,sphere,"[408, 152, 10.281785011291504]",5497.0,"[371, 115, 75, 72]",cache/1756274595688.png,,,,
5616,866,green,large,rubber,cylinder,"[165, 194, 9.036174774169922]",9894.0,"[118, 138, 87, 112]",cache/1756274595721.png,,,,
5617,866,cyan,small,metal,cylinder,"[124, 173, 10.26318359375]",9894.0,"[118, 138, 87, 112]",cache/1756274595721.png,,,,
5618,866,red,small,metal,cube,"[104, 143, 11.300209999084473]",1961.0,"[82, 119, 41, 47]",cache/1756274595711.png,,,,
5619,866,blue,large,rubber,sphere,"[231, 68, 14.149374008178711]",2802.0,"[204, 41, 52, 53]",cache/1756274595696.png,,,,
5620,866,cyan,large,metal,cylinder,"[170, 108, 12.00246810913086]",5036.0,"[136, 67, 66, 76]",cache/1756274595716.png,,,,
5621,866,brown,small,metal,cylinder,"[273, 228, 8.792072296142578]",2585.0,"[250, 198, 44, 58]",cache/1756274595706.png,,,,
5622,867,cyan,large,rubber,sphere,"[257, 66, 14.37399673461914]",2729.0,"[231, 38, 51, 52]",cache/1756274471038.png,,,,
5623,867,cyan,large,metal,cylinder,"[323, 133, 10.856226921081543]",6770.0,"[286, 88, 74, 91]",cache/1756274471059.png,,,,
5624,867,cyan,small,metal,sphere,"[243, 195, 9.501361846923828]",1557.0,"[223, 174, 39, 39]",cache/1756274471043.png,,,,
5625,867,blue,small,metal,cylinder,"[167, 214, 8.995327949523926]",2520.0,"[144, 185, 44, 56]",cache/1756274471054.png,,,,
5626,867,purple,large,metal,cylinder,"[119, 151, 10.19290542602539]",8058.0,"[75, 102, 82, 97]",cache/1756274471064.png,,,,
5627,867,cyan,small,rubber,sphere,"[385, 139, 11.391302108764648]",1113.0,"[368, 122, 33, 33]",cache/1756274471049.png,,,,
5628,868,blue,large,metal,cube,"[241, 142, 10.4266357421875]",7806.0,"[203, 86, 76, 102]",cache/1756274270334.png,,,,
5629,868,yellow,large,metal,cylinder,"[184, 106, 12.048493385314941]",5102.0,"[149, 66, 63, 80]",cache/1756274270346.png,,,,
5630,868,green,small,metal,sphere,"[254, 101, 13.239306449890137]",7806.0,"[203, 86, 76, 102]",cache/1756274270334.png,,,,
5631,868,green,small,rubber,cube,"[138, 183, 9.70197582244873]",2707.0,"[111, 156, 50, 53]",cache/1756274270342.png,,,,
5632,869,cyan,small,rubber,sphere,"[273, 105, 12.960556030273438]",831.0,"[258, 90, 28, 29]",cache/1756274425094.png,,,,
5633,869,yellow,small,metal,sphere,"[241, 79, 14.504982948303223]",665.0,"[228, 65, 25, 26]",cache/1756274425090.png,,,,
5634,869,cyan,large,metal,cube,"[146, 130, 10.980847358703613]",9081.0,"[96, 83, 94, 95]",cache/1756274425077.png,,,,
5635,869,purple,large,metal,cube,"[390, 155, 10.054086685180664]",9789.0,"[343, 103, 92, 105]",cache/1756274425068.png,,,,
5636,869,yellow,small,metal,cube,"[303, 124, 12.031808853149414]",1779.0,"[281, 102, 40, 43]",cache/1756274425084.png,,,,
5637,870,green,small,metal,cylinder,"[309, 197, 9.586200714111328]",2168.0,"[288, 170, 41, 52]",cache/1756274306963.png,,,,
5638,870,red,large,rubber,cylinder,"[243, 108, 12.353446960449219]",4740.0,"[212, 69, 60, 77]",cache/1756274306984.png,,,,
5639,870,blue,large,rubber,cylinder,"[162, 129, 11.3115816116333]",7491.0,"[125, 86, 86, 86]",cache/1756274306990.png,,,,
5640,870,gray,large,rubber,sphere,"[224, 227, 8.155820846557617]",8451.0,"[178, 181, 90, 93]",cache/1756274306968.png,,,,
5641,870,blue,small,metal,cylinder,"[198, 108, 13.213018417358398]",7491.0,"[125, 86, 86, 86]",cache/1756274306990.png,,,,
5642,870,cyan,large,rubber,cylinder,"[344, 116, 11.91666030883789]",5564.0,"[311, 75, 68, 81]",cache/1756274306978.png,,,,
5643,870,blue,large,metal,sphere,"[269, 83, 13.814884185791016]",4740.0,"[212, 69, 60, 77]",cache/1756274306984.png,,,,
5644,870,purple,small,metal,cube,"[393, 168, 10.528519630432129]",2407.0,"[369, 142, 47, 51]",cache/1756274306956.png,,,,
5645,871,brown,large,rubber,cube,"[384, 134, 10.776927947998047]",7192.0,"[349, 89, 78, 91]",cache/1756274560669.png,,,,
5646,871,brown,small,rubber,cube,"[237, 171, 10.107457160949707]",1883.0,"[218, 146, 39, 48]",cache/1756274560689.png,,,,
5647,871,yellow,large,metal,sphere,"[200, 187, 8.89161491394043]",7073.0,"[158, 145, 83, 84]",cache/1756274560644.png,,,,
5648,871,yellow,large,metal,sphere,"[173, 126, 11.111876487731934]",4499.0,"[138, 91, 66, 67]",cache/1756274560674.png,,,,
5649,871,green,large,rubber,cylinder,"[100, 119, 11.44951343536377]",6229.0,"[61, 76, 73, 84]",cache/1756274560657.png,,,,
5650,871,red,large,rubber,cylinder,"[362, 173, 9.324810028076172]",7192.0,"[349, 89, 78, 91]",cache/1756274560669.png,,,,
5651,871,gray,small,metal,sphere,"[296, 114, 12.580636978149414]",879.0,"[280, 98, 29, 29]",cache/1756274560684.png,,,,
5652,871,yellow,small,rubber,sphere,"[252, 104, 13.15775203704834]",797.0,"[238, 89, 27, 28]",cache/1756274560680.png,,,,
5653,872,purple,small,metal,cube,"[217, 112, 12.62674331665039]",1271.0,"[199, 92, 33, 37]",cache/1756274321328.png,,,,
5654,872,red,large,rubber,cube,"[120, 117, 11.389992713928223]",7166.0,"[79, 74, 81, 88]",cache/1756274321313.png,,,,
5655,872,yellow,large,metal,cylinder,"[358, 137, 10.479143142700195]",7109.0,"[321, 91, 76, 92]",cache/1756274321357.png,,,,
5656,872,blue,small,rubber,sphere,"[153, 169, 9.996781349182129]",1405.0,"[134, 150, 37, 37]",cache/1756274321339.png,,,,
5657,872,yellow,large,metal,cube,"[316, 108, 11.873324394226074]",6278.0,"[275, 67, 81, 77]",cache/1756274321351.png,,,,
5658,872,green,large,rubber,cylinder,"[282, 187, 8.680914878845215]",10255.0,"[238, 131, 88, 115]",cache/1756274321333.png,,,,
5659,873,blue,small,metal,cube,"[281, 120, 11.467337608337402]",1985.0,"[258, 97, 43, 45]",cache/1756274259409.png,,,,
5660,873,yellow,small,metal,cube,"[390, 158, 9.923447608947754]",7715.0,"[330, 132, 88, 86]",cache/1756274259369.png,,,,
5661,873,cyan,large,rubber,sphere,"[149, 90, 12.053829193115234]",3930.0,"[117, 58, 62, 63]",cache/1756274259354.png,,,,
5662,873,cyan,small,rubber,cylinder,"[221, 211, 8.383260726928711]",2779.0,"[197, 180, 45, 60]",cache/1756274259398.png,,,,
5663,873,gray,large,metal,sphere,"[374, 177, 8.618185043334961]",7715.0,"[330, 132, 88, 86]",cache/1756274259369.png,,,,
5664,873,brown,small,metal,cube,"[319, 112, 11.851919174194336]",1724.0,"[298, 90, 42, 40]",cache/1756274259423.png,,,,
5665,873,gray,small,rubber,sphere,"[247, 82, 13.55416488647461]",766.0,"[232, 67, 27, 28]",cache/1756274259417.png,,,,
5666,873,blue,small,rubber,cube,"[169, 251, 7.486973285675049]",4378.0,"[139, 214, 59, 73]",cache/1756274259314.png,,,,
5667,873,gray,small,metal,cylinder,"[306, 142, 10.513408660888672]",1743.0,"[287, 118, 37, 46]",cache/1756274259428.png,,,,
5668,873,gray,small,metal,cube,"[82, 129, 11.069524765014648]",2278.0,"[56, 105, 49, 46]",cache/1756274259385.png,,,,
5669,874,blue,large,metal,sphere,"[439, 135, 10.71877384185791]",5184.0,"[402, 99, 73, 70]",cache/1756274287359.png,,,,
5670,874,brown,large,metal,cube,"[166, 158, 9.894261360168457]",11289.0,"[112, 105, 103, 109]",cache/1756274287379.png,,,,
5671,874,green,large,rubber,cube,"[225, 226, 7.999024391174316]",17088.0,"[160, 159, 122, 139]",cache/1756274287367.png,,,,
5672,874,brown,large,rubber,cube,"[322, 104, 12.16804313659668]",5742.0,"[285, 63, 70, 81]",cache/1756274287374.png,,,,
5673,874,yellow,large,rubber,cylinder,"[154, 97, 12.537158012390137]",3870.0,"[120, 58, 62, 61]",cache/1756274287398.png,,,,
5674,874,red,large,metal,cylinder,"[261, 84, 13.290190696716309]",4109.0,"[231, 48, 57, 71]",cache/1756274287385.png,,,,
5675,874,red,small,rubber,sphere,"[99, 147, 11.044943809509277]",1164.0,"[81, 129, 33, 34]",cache/1756274287391.png,,,,
5676,875,cyan,small,rubber,cylinder,"[268, 203, 9.111052513122559]",2332.0,"[247, 175, 41, 56]",cache/1756274346045.png,,,,
5677,875,yellow,large,rubber,sphere,"[57, 130, 10.725196838378906]",5128.0,"[19, 94, 72, 70]",cache/1756274346035.png,,,,
5678,875,gray,large,rubber,cube,"[183, 209, 8.370718002319336]",14908.0,"[126, 145, 112, 131]",cache/1756274346028.png,,,,
5679,875,cyan,small,metal,cylinder,"[166, 124, 11.729692459106445]",1438.0,"[148, 102, 34, 42]",cache/1756274346049.png,,,,
5680,875,blue,small,rubber,cube,"[299, 178, 9.81489086151123]",2334.0,"[277, 151, 43, 53]",cache/1756274346040.png,,,,
5681,876,yellow,large,rubber,sphere,"[132, 157, 10.0704927444458]",5587.0,"[93, 120, 75, 74]",cache/1756274434389.png,,,,
5682,876,blue,small,metal,sphere,"[222, 189, 9.670918464660645]",1451.0,"[202, 170, 36, 39]",cache/1756274434376.png,,,,
5683,876,yellow,small,rubber,sphere,"[366, 151, 11.135276794433594]",1132.0,"[349, 133, 33, 33]",cache/1756274434362.png,,,,
5684,876,gray,small,rubber,cylinder,"[323, 132, 12.055475234985352]",1299.0,"[306, 111, 32, 39]",cache/1756274434400.png,,,,
5685,876,green,large,metal,cylinder,"[283, 211, 8.355921745300293]",11241.0,"[237, 152, 92, 121]",cache/1756274434382.png,,,,
5686,876,green,small,metal,cube,"[247, 105, 13.582777976989746]",1105.0,"[230, 87, 31, 35]",cache/1756274434371.png,,,,
5687,876,purple,large,metal,sphere,"[97, 124, 11.572836875915527]",5587.0,"[93, 120, 75, 74]",cache/1756274434389.png,,,,
5688,876,yellow,small,rubber,sphere,"[140, 115, 12.987496376037598]",694.0,"[126, 100, 27, 24]",cache/1756274434395.png,,,,
5689,877,red,large,rubber,sphere,"[291, 77, 13.257505416870117]",3168.0,"[263, 48, 55, 56]",cache/1756274522382.png,,,,
5690,877,blue,small,metal,sphere,"[96, 149, 10.58505630493164]",1282.0,"[77, 131, 36, 35]",cache/1756274522378.png,,,,
5691,877,blue,large,metal,sphere,"[258, 146, 9.944024085998535]",5601.0,"[221, 108, 74, 74]",cache/1756274522370.png,,,,
5692,877,brown,large,rubber,cylinder,"[142, 95, 12.202584266662598]",5236.0,"[107, 56, 66, 78]",cache/1756274522387.png,,,,
5693,878,red,small,metal,cylinder,"[241, 147, 11.177881240844727]",1475.0,"[223, 125, 33, 43]",cache/1756274441692.png,,,,
5694,878,gray,large,metal,sphere,"[419, 146, 10.469381332397461]",5349.0,"[382, 109, 74, 71]",cache/1756274441674.png,,,,
5695,878,yellow,large,rubber,cylinder,"[230, 86, 13.4833345413208]",3968.0,"[201, 50, 56, 70]",cache/1756274441697.png,,,,
5696,878,gray,large,rubber,cube,"[124, 171, 9.575148582458496]",12730.0,"[65, 116, 111, 113]",cache/1756274441687.png,,,,
5697,878,red,small,rubber,cube,"[330, 178, 10.02798843383789]",2306.0,"[307, 152, 44, 52]",cache/1756274441682.png,,,,
5698,878,brown,small,metal,cylinder,"[180, 120, 12.431851387023926]",1209.0,"[163, 100, 31, 38]",cache/1756274441702.png,,,,
5699,879,yellow,large,rubber,sphere,"[127, 141, 10.641165733337402]",5035.0,"[90, 104, 71, 70]",cache/1756274606673.png,,,,
5700,879,gray,small,rubber,cube,"[414, 140, 11.506470680236816]",2167.0,"[390, 117, 47, 45]",cache/1756274606681.png,,,,
5701,879,purple,small,rubber,sphere,"[224, 117, 12.785948753356934]",847.0,"[209, 101, 28, 29]",cache/1756274606685.png,,,,
5702,880,blue,large,metal,cube,"[101, 119, 11.13746166229248]",7129.0,"[56, 75, 80, 88]",cache/1756274551094.png,,,,
5703,880,red,large,metal,sphere,"[274, 141, 10.307019233703613]",5169.0,"[237, 104, 71, 72]",cache/1756274551082.png,,,,
5704,880,gray,small,rubber,cube,"[232, 249, 8.085546493530273]",4461.0,"[201, 213, 61, 72]",cache/1756274551100.png,,,,
5705,880,blue,small,rubber,sphere,"[320, 119, 11.91926383972168]",987.0,"[304, 102, 31, 31]",cache/1756274551122.png,,,,
5706,880,blue,large,metal,sphere,"[176, 82, 12.861079216003418]",3372.0,"[146, 51, 57, 58]",cache/1756274551106.png,,,,
5707,880,gray,small,rubber,cube,"[382, 168, 10.111297607421875]",2859.0,"[355, 141, 53, 53]",cache/1756274551111.png,,,,
5708,880,gray,large,rubber,cube,"[247, 64, 13.891347885131836]",3938.0,"[216, 30, 57, 68]",cache/1756274551134.png,,,,
5709,880,purple,large,metal,cylinder,"[132, 171, 9.368882179260254]",9494.0,"[85, 118, 88, 107]",cache/1756274551128.png,,,,
5710,880,purple,small,rubber,cube,"[309, 206, 9.057394981384277]",3099.0,"[282, 176, 53, 58]",cache/1756274551089.png,,,,
5711,880,blue,small,metal,cube,"[206, 141, 11.007224082946777]",2095.0,"[183, 117, 43, 47]",cache/1756274551117.png,,,,
5712,881,red,large,metal,sphere,"[229, 85, 13.135828971862793]",3103.0,"[201, 56, 55, 56]",cache/1756274552722.png,,,,
5713,881,blue,large,rubber,sphere,"[257, 112, 11.573408126831055]",4159.0,"[225, 78, 64, 64]",cache/1756274552706.png,,,,
5714,881,blue,large,rubber,cube,"[154, 157, 9.607239723205566]",9233.0,"[110, 105, 87, 105]",cache/1756274552717.png,,,,
5715,881,gray,large,metal,sphere,"[61, 116, 11.326279640197754]",4736.0,"[25, 82, 68, 68]",cache/1756274552698.png,,,,
5716,881,yellow,small,rubber,cube,"[145, 115, 12.326618194580078]",9233.0,"[110, 105, 87, 105]",cache/1756274552717.png,,,,
5717,881,blue,small,rubber,cylinder,"[287, 238, 7.974572658538818]",3170.0,"[262, 205, 48, 64]",cache/1756274552711.png,,,,
5718,881,green,large,rubber,cylinder,"[364, 130, 10.709795951843262]",7003.0,"[326, 85, 77, 90]",cache/1756274552728.png,,,,
5719,881,brown,small,rubber,cube,"[442, 156, 10.425048828125]",2756.0,"[414, 130, 53, 51]",cache/1756274552748.png,,,,
5720,881,red,small,rubber,sphere,"[323, 110, 12.60415267944336]",694.0,"[308, 94, 23, 30]",cache/1756274552733.png,,,,
5721,881,blue,small,metal,cylinder,"[172, 219, 8.4379243850708]",2829.0,"[148, 188, 46, 60]",cache/1756274552738.png,,,,
5722,882,red,small,metal,cylinder,"[326, 178, 9.745420455932617]",2092.0,"[305, 152, 41, 50]",cache/1756274351437.png,,,,
5723,882,yellow,small,metal,cylinder,"[164, 235, 8.129425048828125]",3152.0,"[138, 203, 49, 63]",cache/1756274351449.png,,,,
5724,882,yellow,small,rubber,cube,"[273, 89, 14.092206954956055]",1206.0,"[255, 71, 34, 34]",cache/1756274351454.png,,,,
5725,882,cyan,small,metal,cube,"[128, 131, 11.622682571411133]",2037.0,"[104, 109, 45, 44]",cache/1756274351432.png,,,,
5726,882,brown,large,metal,cylinder,"[51, 126, 11.02039623260498]",7093.0,"[8, 82, 81, 87]",cache/1756274351465.png,,,,
5727,882,yellow,large,rubber,sphere,"[233, 177, 9.044007301330566]",6776.0,"[191, 135, 81, 82]",cache/1756274351411.png,,,,
5728,882,red,large,metal,cylinder,"[215, 137, 10.513809204101562]",6776.0,"[191, 135, 81, 82]",cache/1756274351411.png,,,,
5729,882,red,large,rubber,sphere,"[181, 93, 12.827919960021973]",3375.0,"[152, 62, 57, 58]",cache/1756274351460.png,,,,
5730,882,yellow,large,rubber,cylinder,"[361, 109, 11.89010238647461]",5642.0,"[326, 68, 70, 80]",cache/1756274351443.png,,,,
5731,882,blue,small,metal,cube,"[399, 167, 10.129456520080566]",2849.0,"[372, 141, 54, 52]",cache/1756274351424.png,,,,
5732,883,blue,large,rubber,sphere,"[104, 114, 11.401142120361328]",4423.0,"[69, 80, 67, 65]",cache/1756274564631.png,,,,
5733,883,red,small,rubber,cube,"[210, 217, 8.79761028289795]",3607.0,"[180, 185, 56, 63]",cache/1756274564651.png,,,,
5734,883,brown,small,rubber,cube,"[256, 157, 10.505387306213379]",2324.0,"[233, 131, 45, 50]",cache/1756274564639.png,,,,
5735,883,purple,large,metal,sphere,"[193, 127, 10.865488052368164]",4669.0,"[158, 92, 68, 68]",cache/1756274564659.png,,,,
5736,884,red,small,rubber,sphere,"[344, 159, 10.089431762695312]",1395.0,"[325, 139, 37, 37]",cache/1756274279528.png,,,,
5737,884,yellow,small,metal,cylinder,"[303, 134, 11.124505996704102]",1558.0,"[285, 112, 35, 43]",cache/1756274279533.png,,,,
5738,884,yellow,small,metal,sphere,"[241, 102, 12.795181274414062]",850.0,"[225, 87, 28, 29]",cache/1756274279537.png,,,,
5739,884,brown,large,metal,sphere,"[157, 177, 8.70461368560791]",7496.0,"[113, 134, 86, 86]",cache/1756274279518.png,,,,
5740,885,cyan,small,metal,sphere,"[225, 109, 12.709257125854492]",860.0,"[209, 94, 28, 29]",cache/1756274376641.png,,,,
5741,885,brown,large,rubber,sphere,"[66, 140, 10.520270347595215]",5239.0,"[27, 104, 73, 71]",cache/1756274376630.png,,,,
5742,885,red,small,metal,cylinder,"[267, 165, 10.348156929016113]",1540.0,"[249, 140, 36, 42]",cache/1756274376668.png,,,,
5743,885,gray,small,rubber,sphere,"[188, 122, 12.083276748657227]",956.0,"[172, 106, 30, 31]",cache/1756274376663.png,,,,
5744,885,brown,small,metal,cube,"[164, 102, 13.0882568359375]",1108.0,"[148, 83, 29, 36]",cache/1756274376646.png,,,,
5745,885,yellow,large,metal,sphere,"[244, 201, 8.616716384887695]",7444.0,"[200, 157, 85, 86]",cache/1756274376616.png,,,,
5746,885,green,large,rubber,cylinder,"[364, 173, 9.40523910522461]",9461.0,"[321, 120, 88, 106]",cache/1756274376652.png,,,,
5747,885,brown,small,rubber,cube,"[123, 131, 11.681793212890625]",2029.0,"[100, 108, 44, 45]",cache/1756274376658.png,,,,
5748,885,red,small,metal,cube,"[406, 142, 11.199373245239258]",9461.0,"[321, 120, 88, 106]",cache/1756274376652.png,,,,
5749,886,purple,small,rubber,cube,"[369, 189, 9.750267028808594]",2740.0,"[344, 161, 49, 55]",cache/1756274601801.png,,,,
5750,886,red,large,rubber,cube,"[261, 216, 8.384581565856934]",17044.0,"[200, 146, 121, 140]",cache/1756274601785.png,,,,
5751,886,cyan,small,metal,cylinder,"[287, 123, 12.276989936828613]",1245.0,"[270, 103, 31, 39]",cache/1756274601833.png,,,,
5752,886,purple,large,metal,cube,"[207, 82, 13.65173625946045]",4912.0,"[171, 46, 68, 71]",cache/1756274601796.png,,,,
5753,886,red,large,rubber,sphere,"[368, 117, 11.723685264587402]",4083.0,"[336, 85, 64, 63]",cache/1756274601807.png,,,,
5754,886,red,large,metal,cylinder,"[75, 130, 11.126964569091797]",6922.0,"[33, 87, 78, 87]",cache/1756274601817.png,,,,
5755,886,gray,small,rubber,cube,"[173, 112, 12.860657691955566]",4912.0,"[171, 46, 68, 71]",cache/1756274601796.png,,,,
5756,886,gray,small,rubber,cube,"[232, 171, 10.342331886291504]",1195.0,"[209, 145, 39, 30]",cache/1756274601838.png,,,,
5757,886,yellow,small,metal,cube,"[318, 105, 13.243695259094238]",1226.0,"[301, 86, 33, 36]",cache/1756274601812.png,,,,
5758,886,green,small,rubber,sphere,"[401, 157, 10.826225280761719]",1257.0,"[382, 139, 35, 35]",cache/1756274601823.png,,,,
5759,887,green,large,metal,sphere,"[251, 100, 12.737774848937988]",3442.0,"[222, 69, 58, 59]",cache/1756274501441.png,,,,
5760,887,gray,large,rubber,cube,"[389, 146, 10.623014450073242]",8676.0,"[344, 100, 94, 91]",cache/1756274501446.png,,,,
5761,887,gray,large,rubber,cylinder,"[295, 169, 9.802206039428711]",8104.0,"[256, 118, 79, 101]",cache/1756274501457.png,,,,
5762,887,green,small,rubber,cube,"[115, 178, 10.18996810913086]",2700.0,"[88, 151, 49, 54]",cache/1756274501452.png,,,,
5763,887,purple,large,metal,sphere,"[176, 193, 9.055118560791016]",6771.0,"[134, 152, 82, 82]",cache/1756274501434.png,,,,
5764,888,yellow,small,metal,cube,"[318, 213, 8.807650566101074]",2932.0,"[293, 184, 50, 57]",cache/1756274379406.png,,,,
5765,888,brown,large,rubber,cylinder,"[204, 113, 11.664546966552734]",5446.0,"[170, 72, 65, 82]",cache/1756274379417.png,,,,
5766,888,yellow,small,metal,cube,"[78, 141, 11.23220157623291]",2209.0,"[53, 118, 48, 45]",cache/1756274379412.png,,,,
5767,889,purple,small,metal,cube,"[218, 140, 11.286011695861816]",1649.0,"[198, 118, 37, 43]",cache/1756274534241.png,,,,
5768,889,cyan,large,metal,sphere,"[258, 106, 12.03091812133789]",5022.0,"[232, 43, 74, 67]",cache/1756274534246.png,,,,
5769,889,green,large,metal,cube,"[269, 80, 13.533090591430664]",5022.0,"[232, 43, 74, 67]",cache/1756274534246.png,,,,
5770,889,yellow,large,rubber,cube,"[151, 94, 12.7008695602417]",6655.0,"[108, 54, 82, 80]",cache/1756274534235.png,,,,
5771,890,purple,small,rubber,cylinder,"[165, 232, 8.794700622558594]",2678.0,"[141, 202, 45, 58]",cache/1756274488886.png,,,,
5772,890,yellow,large,rubber,cube,"[235, 125, 11.515830993652344]",7818.0,"[192, 80, 85, 91]",cache/1756274488879.png,,,,
5773,890,brown,small,rubber,cube,"[383, 172, 10.470004081726074]",2546.0,"[357, 147, 51, 49]",cache/1756274488874.png,,,,
5774,890,blue,large,rubber,sphere,"[213, 87, 13.407092094421387]",7818.0,"[192, 80, 85, 91]",cache/1756274488879.png,,,,
5775,890,yellow,large,rubber,sphere,"[112, 169, 9.876190185546875]",5865.0,"[72, 131, 76, 76]",cache/1756274488867.png,,,,
5776,891,cyan,large,metal,cylinder,"[161, 178, 9.246261596679688]",9456.0,"[115, 124, 86, 108]",cache/1756274598627.png,,,,
5777,891,cyan,large,rubber,cylinder,"[223, 117, 11.487690925598145]",5649.0,"[188, 74, 66, 84]",cache/1756274598633.png,,,,
5778,891,red,large,metal,cylinder,"[400, 156, 9.921109199523926]",8819.0,"[357, 107, 87, 100]",cache/1756274598622.png,,,,
5779,891,purple,small,rubber,sphere,"[261, 247, 8.135826110839844]",2129.0,"[238, 223, 45, 47]",cache/1756274598610.png,,,,
5780,891,green,large,metal,sphere,"[287, 141, 10.485971450805664]",5036.0,"[251, 104, 70, 71]",cache/1756274598603.png,,,,
5781,891,green,large,rubber,cube,"[80, 128, 10.999438285827637]",8712.0,"[32, 81, 90, 96]",cache/1756274598616.png,,,,
5782,892,yellow,small,metal,sphere,"[247, 213, 9.006620407104492]",1725.0,"[226, 191, 41, 42]",cache/1756274312889.png,,,,
5783,892,red,large,metal,cube,"[307, 130, 11.313091278076172]",6095.0,"[272, 88, 72, 84]",cache/1756274312884.png,,,,
5784,892,gray,small,metal,cylinder,"[387, 159, 10.852690696716309]",1764.0,"[367, 136, 38, 45]",cache/1756274312894.png,,,,
5785,893,green,small,metal,cube,"[221, 206, 9.502354621887207]",2587.0,"[197, 178, 46, 55]",cache/1756274606006.png,,,,
5786,893,green,small,metal,cube,"[409, 151, 11.348910331726074]",2098.0,"[386, 127, 44, 47]",cache/1756274606018.png,,,,
5787,893,purple,small,metal,cube,"[97, 163, 10.874515533447266]",2349.0,"[72, 138, 47, 49]",cache/1756274606022.png,,,,
5788,894,yellow,large,rubber,sphere,"[363, 154, 10.023690223693848]",5647.0,"[325, 116, 75, 74]",cache/1756274544547.png,,,,
5789,894,red,small,metal,cylinder,"[263, 159, 10.536649703979492]",1742.0,"[244, 135, 36, 47]",cache/1756274544552.png,,,,
5790,894,yellow,large,rubber,sphere,"[105, 170, 9.531312942504883]",6332.0,"[63, 131, 80, 78]",cache/1756274544542.png,,,,
5791,895,cyan,large,metal,sphere,"[242, 81, 14.20218563079834]",2482.0,"[215, 53, 52, 47]",cache/1756274282678.png,,,,
5792,895,red,large,metal,sphere,"[340, 123, 11.811299324035645]",4049.0,"[308, 91, 63, 63]",cache/1756274282663.png,,,,
5793,895,brown,large,metal,cube,"[219, 138, 11.155460357666016]",7512.0,"[175, 93, 82, 90]",cache/1756274282695.png,,,,
5794,895,blue,small,metal,sphere,"[379, 176, 10.435342788696289]",1302.0,"[360, 158, 36, 35]",cache/1756274282690.png,,,,
5795,895,purple,large,rubber,cube,"[170, 115, 12.204482078552246]",6751.0,"[126, 74, 81, 83]",cache/1756274282684.png,,,,
5796,895,brown,large,metal,sphere,"[313, 195, 9.162654876708984]",6693.0,"[273, 154, 81, 82]",cache/1756274282656.png,,,,
5797,895,yellow,small,metal,cube,"[266, 121, 12.761272430419922]",1123.0,"[257, 100, 27, 40]",cache/1756274282701.png,,,,
5798,895,brown,large,metal,cube,"[186, 229, 8.288200378417969]",16911.0,"[123, 163, 122, 138]",cache/1756274282671.png,,,,
5799,895,brown,small,metal,cylinder,"[412, 162, 10.955216407775879]",1751.0,"[394, 138, 38, 45]",cache/1756274282706.png,,,,
5800,896,purple,large,rubber,cube,"[391, 120, 11.330204010009766]",8152.0,"[347, 74, 87, 92]",cache/1756274454068.png,,,,
5801,896,red,small,metal,cube,"[265, 224, 8.681917190551758]",3712.0,"[236, 192, 57, 64]",cache/1756274454057.png,,,,
5802,896,gray,large,rubber,sphere,"[75, 126, 11.056901931762695]",4813.0,"[38, 91, 70, 68]",cache/1756274454074.png,,,,
5803,896,brown,large,rubber,cube,"[186, 85, 13.031367301940918]",6198.0,"[145, 46, 78, 79]",cache/1756274454079.png,,,,
5804,896,purple,large,metal,sphere,"[227, 164, 9.697395324707031]",5845.0,"[189, 125, 76, 76]",cache/1756274454048.png,,,,
5805,896,cyan,large,metal,cube,"[301, 111, 11.721776962280273]",7878.0,"[257, 67, 87, 89]",cache/1756274454062.png,,,,
5806,896,red,small,rubber,cylinder,"[136, 110, 12.60284423828125]",1218.0,"[119, 90, 31, 38]",cache/1756274454085.png,,,,
5807,897,cyan,large,rubber,cylinder,"[197, 152, 10.107599258422852]",7669.0,"[156, 102, 76, 99]",cache/1756274439330.png,,,,
5808,897,yellow,small,rubber,cube,"[260, 114, 12.281234741210938]",1277.0,"[243, 94, 32, 39]",cache/1756274439313.png,,,,
5809,897,blue,small,rubber,cylinder,"[188, 99, 13.044696807861328]",788.0,"[172, 79, 29, 26]",cache/1756274439326.png,,,,
5810,897,gray,small,rubber,cylinder,"[392, 148, 10.917591094970703]",1815.0,"[372, 125, 39, 46]",cache/1756274439317.png,,,,
5811,897,cyan,small,rubber,cube,"[76, 134, 11.45950698852539]",1892.0,"[54, 110, 41, 45]",cache/1756274439306.png,,,,
5812,898,yellow,small,metal,cylinder,"[300, 109, 12.354440689086914]",1242.0,"[284, 89, 31, 39]",cache/1756274575416.png,,,,
5813,898,cyan,large,metal,sphere,"[290, 218, 8.097222328186035]",8598.0,"[243, 171, 92, 93]",cache/1756274575364.png,,,,
5814,898,brown,large,metal,cylinder,"[359, 144, 10.138106346130371]",8027.0,"[320, 96, 82, 97]",cache/1756274575405.png,,,,
5815,898,red,large,rubber,sphere,"[142, 176, 9.156959533691406]",5702.0,"[100, 134, 81, 70]",cache/1756274575387.png,,,,
5816,898,purple,large,rubber,cube,"[84, 134, 10.502304077148438]",8056.0,"[40, 86, 81, 98]",cache/1756274575380.png,,,,
5817,898,gray,small,metal,cube,"[236, 102, 12.745848655700684]",1388.0,"[217, 81, 36, 38]",cache/1756274575399.png,,,,
5818,898,gray,small,rubber,cube,"[405, 139, 11.093450546264648]",1695.0,"[394, 115, 35, 47]",cache/1756274575411.png,,,,
5819,898,blue,large,rubber,cube,"[174, 236, 7.701659202575684]",18412.0,"[111, 166, 125, 147]",cache/1756274575373.png,,,,
5820,898,red,large,rubber,cylinder,"[259, 163, 9.53702163696289]",8247.0,"[219, 111, 80, 102]",cache/1756274575393.png,,,,
5821,899,yellow,small,rubber,cube,"[271, 99, 13.114075660705566]",1561.0,"[250, 78, 39, 39]",cache/1756274331040.png,,,,
5822,899,brown,large,metal,sphere,"[111, 108, 11.816458702087402]",4070.0,"[78, 76, 64, 63]",cache/1756274331027.png,,,,
5823,899,purple,large,rubber,cube,"[220, 69, 13.864615440368652]",5413.0,"[182, 33, 73, 74]",cache/1756274331035.png,,,,
5824,900,green,small,metal,cube,"[161, 107, 12.989469528198242]",1407.0,"[141, 86, 37, 37]",cache/1756274328564.png,,,,
5825,900,red,large,rubber,sphere,"[224, 238, 8.041540145874023]",8655.0,"[178, 191, 92, 94]",cache/1756274328547.png,,,,
5826,900,purple,large,rubber,cylinder,"[176, 170, 9.751710891723633]",8332.0,"[134, 119, 80, 103]",cache/1756274328572.png,,,,
5827,901,yellow,large,metal,sphere,"[238, 85, 13.220500946044922]",3184.0,"[209, 56, 55, 56]",cache/1756274540870.png,,,,
5828,901,purple,small,rubber,sphere,"[169, 122, 12.070304870605469]",956.0,"[153, 106, 30, 31]",cache/1756274540902.png,,,,
5829,901,gray,large,metal,cube,"[398, 131, 10.840226173400879]",9378.0,"[350, 85, 100, 93]",cache/1756274540862.png,,,,
5830,901,blue,small,rubber,cube,"[115, 185, 9.6029052734375]",2851.0,"[87, 158, 53, 53]",cache/1756274540886.png,,,,
5831,901,brown,small,metal,sphere,"[194, 160, 10.459205627441406]",1267.0,"[176, 141, 35, 35]",cache/1756274540893.png,,,,
5832,901,red,large,metal,cylinder,"[95, 119, 11.340925216674805]",6422.0,"[55, 77, 75, 85]",cache/1756274540876.png,,,,
5833,902,cyan,large,metal,sphere,"[404, 129, 11.304675102233887]",4600.0,"[369, 94, 68, 66]",cache/1756274343349.png,,,,
5834,902,gray,large,metal,sphere,"[236, 191, 8.972567558288574]",7013.0,"[193, 149, 82, 84]",cache/1756274343356.png,,,,
5835,902,gray,large,rubber,cylinder,"[148, 115, 11.976218223571777]",5455.0,"[112, 75, 67, 80]",cache/1756274343361.png,,,,
5836,903,brown,small,rubber,cylinder,"[262, 93, 13.770913124084473]",977.0,"[247, 74, 27, 35]",cache/1756274512786.png,,,,
5837,903,purple,small,metal,sphere,"[106, 145, 11.327736854553223]",1110.0,"[88, 127, 33, 32]",cache/1756274512775.png,,,,
5838,903,cyan,small,rubber,sphere,"[159, 153, 10.995718002319336]",1178.0,"[142, 136, 34, 34]",cache/1756274512782.png,,,,
5839,904,brown,large,rubber,cube,"[357, 148, 10.258378982543945]",12978.0,"[264, 128, 107, 121]",cache/1756274370463.png,,,,
5840,904,purple,small,rubber,cylinder,"[240, 85, 14.186280250549316]",878.0,"[226, 67, 26, 33]",cache/1756274370483.png,,,,
5841,904,red,small,rubber,cube,"[157, 147, 11.0423583984375]",2297.0,"[132, 123, 47, 48]",cache/1756274370479.png,,,,
5842,904,green,small,rubber,cylinder,"[197, 96, 13.495979309082031]",985.0,"[182, 78, 28, 35]",cache/1756274370488.png,,,,
5843,904,yellow,large,rubber,cube,"[146, 105, 12.127445220947266]",5938.0,"[105, 65, 76, 77]",cache/1756274370457.png,,,,
5844,904,gray,large,rubber,cube,"[318, 186, 9.051155090332031]",12978.0,"[264, 128, 107, 121]",cache/1756274370463.png,,,,
5845,904,purple,small,rubber,sphere,"[272, 105, 12.983162879943848]",825.0,"[258, 90, 28, 29]",cache/1756274370474.png,,,,
5846,905,red,small,rubber,cylinder,"[245, 160, 10.415616035461426]",1723.0,"[226, 136, 36, 46]",cache/1756274545834.png,,,,
5847,905,green,large,metal,cube,"[208, 122, 11.232641220092773]",7502.0,"[165, 78, 83, 89]",cache/1756274545819.png,,,,
5848,905,red,small,metal,cylinder,"[326, 109, 12.906682968139648]",1135.0,"[310, 90, 30, 36]",cache/1756274545825.png,,,,
5849,905,yellow,small,metal,cylinder,"[266, 201, 9.035246849060059]",2360.0,"[244, 173, 42, 55]",cache/1756274545829.png,,,,
5850,906,purple,large,rubber,sphere,"[273, 86, 12.686023712158203]",3471.0,"[243, 55, 58, 59]",cache/1756274294093.png,,,,
5851,906,yellow,large,rubber,cube,"[68, 122, 10.838269233703613]",9926.0,"[13, 75, 103, 95]",cache/1756274294120.png,,,,
5852,906,cyan,small,metal,cube,"[196, 184, 9.365839004516602]",2963.0,"[169, 155, 51, 57]",cache/1756274294101.png,,,,
5853,906,green,small,rubber,cube,"[141, 162, 10.079147338867188]",2489.0,"[117, 135, 47, 52]",cache/1756274294127.png,,,,
5854,907,green,large,metal,cube,"[249, 130, 10.831491470336914]",9385.0,"[201, 82, 95, 98]",cache/1756274395650.png,,,,
5855,907,green,small,rubber,sphere,"[295, 109, 12.60962963104248]",670.0,"[286, 93, 22, 30]",cache/1756274395660.png,,,,
5856,907,green,small,metal,sphere,"[339, 129, 11.648458480834961]",1048.0,"[322, 112, 32, 32]",cache/1756274395643.png,,,,
5857,907,cyan,small,metal,cube,"[221, 86, 13.868097305297852]",926.0,"[205, 68, 30, 30]",cache/1756274395656.png,,,,
5858,907,gray,small,metal,cylinder,"[194, 119, 12.096527099609375]",1064.0,"[177, 98, 26, 40]",cache/1756274395664.png,,,,
5859,908,blue,small,metal,sphere,"[42, 142, 11.056716918945312]",1203.0,"[23, 125, 35, 33]",cache/1756274392668.png,,,,
5860,908,red,small,metal,cube,"[288, 98, 13.19061279296875]",1454.0,"[268, 78, 37, 38]",cache/1756274392658.png,,,,
5861,908,yellow,large,rubber,cylinder,"[243, 145, 10.187074661254883]",14279.0,"[137, 133, 112, 126]",cache/1756274392627.png,,,,
5862,908,gray,small,rubber,cylinder,"[108, 180, 9.718059539794922]",2205.0,"[86, 154, 42, 51]",cache/1756274392678.png,,,,
5863,908,brown,small,metal,cube,"[386, 146, 10.887140274047852]",2065.0,"[364, 122, 42, 48]",cache/1756274392636.png,,,,
5864,908,brown,large,metal,cube,"[194, 194, 8.650636672973633]",14279.0,"[137, 133, 112, 126]",cache/1756274392627.png,,,,
5865,908,cyan,small,rubber,cube,"[182, 107, 12.717921257019043]",1623.0,"[161, 86, 39, 40]",cache/1756274392663.png,,,,
5866,908,blue,small,metal,cylinder,"[98, 130, 11.576606750488281]",1533.0,"[79, 108, 36, 41]",cache/1756274392653.png,,,,
5867,908,green,small,metal,cube,"[221, 87, 13.860651969909668]",973.0,"[206, 69, 28, 33]",cache/1756274392683.png,,,,
5868,908,brown,large,metal,sphere,"[334, 100, 12.148850440979004]",3746.0,"[304, 69, 60, 61]",cache/1756274392642.png,,,,
5869,909,yellow,large,rubber,cylinder,"[322, 163, 10.229806900024414]",7723.0,"[283, 114, 79, 97]",cache/1756274453307.png,,,,
5870,909,brown,large,metal,cylinder,"[380, 135, 11.311271667480469]",6176.0,"[348, 91, 70, 87]",cache/1756274453317.png,,,,
5871,909,blue,small,metal,sphere,"[183, 162, 10.976512908935547]",1183.0,"[165, 144, 33, 34]",cache/1756274453302.png,,,,
5872,909,brown,large,metal,cube,"[164, 95, 13.28045654296875]",4846.0,"[130, 58, 65, 74]",cache/1756274453297.png,,,,
5873,909,gray,large,metal,sphere,"[228, 201, 9.041410446166992]",6822.0,"[187, 160, 81, 83]",cache/1756274453288.png,,,,
5874,909,purple,small,metal,cube,"[277, 136, 12.027708053588867]",1605.0,"[257, 114, 37, 42]",cache/1756274453313.png,,,,
5875,910,purple,large,rubber,cube,"[104, 112, 11.655919075012207]",7899.0,"[59, 68, 87, 90]",cache/1756274408799.png,,,,
5876,910,red,small,metal,cylinder,"[165, 218, 8.822687149047852]",2619.0,"[141, 188, 45, 58]",cache/1756274408818.png,,,,
5877,910,brown,large,metal,cylinder,"[419, 128, 10.968008041381836]",7306.0,"[379, 83, 81, 89]",cache/1756274408823.png,,,,
5878,910,blue,small,rubber,sphere,"[357, 162, 10.419536590576172]",1312.0,"[339, 144, 35, 36]",cache/1756274408829.png,,,,
5879,910,red,small,rubber,sphere,"[251, 96, 13.308241844177246]",788.0,"[236, 81, 27, 28]",cache/1756274408808.png,,,,
5880,910,red,large,rubber,cube,"[308, 217, 8.250078201293945]",12883.0,"[257, 155, 100, 128]",cache/1756274408792.png,,,,
5881,910,brown,small,metal,sphere,"[232, 178, 9.915132522583008]",1422.0,"[213, 158, 37, 38]",cache/1756274408813.png,,,,
5882,911,yellow,large,rubber,cylinder,"[293, 200, 8.560067176818848]",10883.0,"[249, 141, 91, 118]",cache/1756274561649.png,,,,
5883,911,purple,small,rubber,cube,"[254, 109, 12.643333435058594]",1180.0,"[237, 89, 31, 37]",cache/1756274561679.png,,,,
5884,911,green,large,rubber,cylinder,"[377, 139, 10.45815658569336]",7529.0,"[339, 92, 79, 94]",cache/1756274561674.png,,,,
5885,911,purple,large,metal,sphere,"[167, 102, 12.124527931213379]",2592.0,"[135, 70, 61, 42]",cache/1756274561663.png,,,,
5886,911,red,large,metal,cylinder,"[233, 70, 14.019370079040527]",3639.0,"[205, 36, 54, 67]",cache/1756274561668.png,,,,
5887,911,gray,large,rubber,cube,"[169, 151, 10.023030281066895]",10892.0,"[115, 99, 102, 106]",cache/1756274561657.png,,,,
5888,911,red,small,rubber,cylinder,"[123, 137, 11.330687522888184]",1147.0,"[103, 114, 26, 42]",cache/1756274561688.png,,,,
5889,911,gray,small,metal,sphere,"[316, 130, 11.627172470092773]",1018.0,"[300, 113, 32, 31]",cache/1756274561694.png,,,,
5890,912,brown,large,rubber,cube,"[365, 164, 10.359122276306152]",8938.0,"[321, 114, 87, 101]",cache/1756274325897.png,,,,
5891,912,green,small,rubber,sphere,"[153, 214, 9.482378959655762]",1598.0,"[132, 193, 39, 40]",cache/1756274325878.png,,,,
5892,912,yellow,small,rubber,sphere,"[271, 121, 12.935371398925781]",835.0,"[256, 106, 28, 29]",cache/1756274325884.png,,,,
5893,912,green,large,metal,cube,"[375, 124, 11.964543342590332]",6581.0,"[332, 81, 88, 74]",cache/1756274325870.png,,,,
5894,913,blue,small,metal,cylinder,"[350, 123, 12.626394271850586]",1253.0,"[333, 103, 32, 38]",cache/1756274266433.png,,,,
5895,913,red,large,metal,sphere,"[249, 227, 8.335952758789062]",8071.0,"[204, 182, 88, 91]",cache/1756274266421.png,,,,
5896,913,brown,large,metal,cylinder,"[118, 125, 11.712690353393555]",5742.0,"[81, 83, 69, 83]",cache/1756274266443.png,,,,
5897,913,green,large,rubber,sphere,"[163, 165, 10.118738174438477]",5468.0,"[125, 127, 73, 74]",cache/1756274266427.png,,,,
5898,913,brown,small,rubber,cube,"[200, 111, 13.272055625915527]",1379.0,"[182, 91, 35, 38]",cache/1756274266448.png,,,,
5899,913,green,small,rubber,cube,"[300, 192, 9.89254093170166]",2682.0,"[276, 164, 48, 55]",cache/1756274266438.png,,,,
5900,913,green,large,rubber,sphere,"[410, 135, 11.250518798828125]",4591.0,"[376, 101, 68, 66]",cache/1756274266415.png,,,,
5901,914,purple,small,rubber,sphere,"[247, 87, 14.149442672729492]",693.0,"[234, 73, 25, 26]",cache/1756274396440.png,,,,
5902,914,yellow,small,rubber,sphere,"[146, 135, 11.465734481811523]",1064.0,"[129, 118, 32, 32]",cache/1756274396452.png,,,,
5903,914,purple,large,rubber,sphere,"[346, 152, 9.968571662902832]",5708.0,"[309, 114, 75, 75]",cache/1756274396412.png,,,,
5904,914,gray,large,metal,cube,"[226, 228, 7.768062591552734]",14878.0,"[167, 163, 110, 134]",cache/1756274396427.png,,,,
5905,914,cyan,large,metal,cylinder,"[195, 101, 12.282496452331543]",4909.0,"[162, 63, 63, 77]",cache/1756274396445.png,,,,
5906,914,cyan,large,rubber,sphere,"[412, 129, 10.894750595092773]",4954.0,"[377, 94, 70, 69]",cache/1756274396434.png,,,,
5907,915,blue,large,rubber,sphere,"[327, 123, 10.90640640258789]",4703.0,"[292, 88, 68, 68]",cache/1756274264146.png,,,,
5908,915,gray,small,rubber,cube,"[384, 163, 10.0938138961792]",2958.0,"[356, 136, 55, 53]",cache/1756274264151.png,,,,
5909,915,purple,large,metal,cube,"[247, 110, 11.50527286529541]",7493.0,"[204, 66, 84, 88]",cache/1756274264140.png,,,,
5910,915,cyan,large,rubber,sphere,"[180, 190, 8.580899238586426]",7580.0,"[136, 146, 86, 87]",cache/1756274264133.png,,,,
5911,916,brown,small,rubber,sphere,"[161, 110, 12.212167739868164]",9248.0,"[125, 110, 85, 108]",cache/1756274363848.png,,,,
5912,916,yellow,large,rubber,sphere,"[217, 222, 7.619235992431641]",9603.0,"[168, 173, 97, 98]",cache/1756274363826.png,,,,
5913,916,yellow,small,rubber,sphere,"[385, 160, 10.062108993530273]",1430.0,"[365, 140, 38, 37]",cache/1756274363843.png,,,,
5914,916,gray,large,rubber,cube,"[204, 122, 10.751343727111816]",9248.0,"[125, 110, 85, 108]",cache/1756274363848.png,,,,
5915,916,yellow,small,rubber,sphere,"[339, 212, 8.48785400390625]",1985.0,"[316, 189, 44, 44]",cache/1756274363853.png,,,,
5916,916,yellow,large,rubber,cube,"[264, 80, 12.984403610229492]",6044.0,"[225, 42, 77, 77]",cache/1756274363837.png,,,,
5917,916,purple,small,metal,cylinder,"[105, 123, 11.560922622680664]",1526.0,"[85, 102, 36, 41]",cache/1756274363832.png,,,,
5918,916,cyan,large,rubber,cylinder,"[170, 163, 9.199277877807617]",9248.0,"[125, 110, 85, 108]",cache/1756274363848.png,,,,
5919,917,red,small,rubber,cylinder,"[285, 150, 10.802886009216309]",1604.0,"[267, 127, 35, 45]",cache/1756274341022.png,,,,
5920,917,blue,small,rubber,sphere,"[103, 177, 9.745294570922852]",1521.0,"[83, 157, 39, 38]",cache/1756274341031.png,,,,
5921,917,cyan,small,rubber,sphere,"[83, 139, 11.318873405456543]",1153.0,"[65, 121, 34, 33]",cache/1756274341027.png,,,,
5922,917,red,small,metal,sphere,"[163, 122, 12.208967208862305]",929.0,"[147, 106, 30, 30]",cache/1756274341013.png,,,,
5923,918,blue,small,metal,sphere,"[408, 153, 11.136645317077637]",1168.0,"[390, 136, 34, 33]",cache/1756274337253.png,,,,
5924,918,gray,large,rubber,sphere,"[212, 230, 7.985410690307617]",8816.0,"[165, 183, 92, 95]",cache/1756274337293.png,,,,
5925,918,green,small,rubber,sphere,"[205, 104, 13.741954803466797]",736.0,"[191, 89, 26, 27]",cache/1756274337260.png,,,,
5926,918,brown,small,metal,sphere,"[320, 162, 10.75674057006836]",1185.0,"[302, 144, 34, 34]",cache/1756274337279.png,,,,
5927,918,cyan,small,metal,cube,"[372, 131, 12.176033973693848]",1410.0,"[353, 110, 34, 40]",cache/1756274337284.png,,,,
5928,918,yellow,small,metal,sphere,"[264, 197, 9.542580604553223]",1528.0,"[244, 177, 38, 39]",cache/1756274337275.png,,,,
5929,918,blue,small,metal,cylinder,"[331, 122, 12.639616966247559]",1196.0,"[315, 103, 31, 37]",cache/1756274337288.png,,,,
5930,918,purple,small,rubber,sphere,"[175, 114, 13.110727310180664]",806.0,"[160, 99, 28, 28]",cache/1756274337265.png,,,,
5931,918,green,small,metal,sphere,"[109, 176, 10.237966537475586]",1360.0,"[89, 157, 37, 36]",cache/1756274337247.png,,,,
5932,918,cyan,small,metal,cube,"[288, 138, 11.813838958740234]",1899.0,"[266, 116, 42, 44]",cache/1756274337270.png,,,,
5933,919,green,large,rubber,sphere,"[158, 112, 11.669364929199219]",4132.0,"[125, 79, 63, 64]",cache/1756274603079.png,,,,
5934,919,purple,small,rubber,cube,"[183, 186, 9.514426231384277]",2633.0,"[158, 158, 47, 55]",cache/1756274603074.png,,,,
5935,919,yellow,large,rubber,cube,"[235, 105, 12.040777206420898]",5095.0,"[203, 66, 65, 78]",cache/1756274603084.png,,,,
5936,919,cyan,small,metal,cube,"[358, 158, 10.46074104309082]",2170.0,"[335, 133, 43, 49]",cache/1756274603069.png,,,,
5937,919,purple,large,metal,cylinder,"[295, 87, 13.145636558532715]",4197.0,"[266, 50, 58, 71]",cache/1756274603089.png,,,,
5938,920,cyan,large,metal,cube,"[240, 105, 11.457967758178711]",7139.0,"[198, 61, 80, 88]",cache/1756274418456.png,,,,
5939,920,red,small,rubber,cylinder,"[391, 128, 11.24593734741211]",969.0,"[375, 106, 35, 27]",cache/1756274418503.png,,,,
5940,920,yellow,large,metal,sphere,"[296, 218, 7.95427131652832]",8792.0,"[249, 171, 93, 94]",cache/1756274418464.png,,,,
5941,920,purple,small,metal,cylinder,"[304, 96, 12.694106101989746]",1176.0,"[288, 76, 30, 38]",cache/1756274418482.png,,,,
5942,920,red,small,metal,sphere,"[151, 216, 8.58415412902832]",1893.0,"[129, 194, 43, 43]",cache/1756274418477.png,,,,
5943,920,purple,small,rubber,cylinder,"[143, 154, 10.305765151977539]",1903.0,"[122, 130, 39, 48]",cache/1756274418487.png,,,,
5944,920,red,large,metal,cube,"[373, 178, 8.91732120513916]",16032.0,"[317, 106, 119, 133]",cache/1756274418470.png,,,,
5945,920,yellow,small,metal,cylinder,"[140, 108, 12.103937149047852]",1347.0,"[122, 88, 33, 40]",cache/1756274418492.png,,,,
5946,920,cyan,small,metal,cylinder,"[204, 273, 7.438531398773193]",3724.0,"[177, 237, 52, 71]",cache/1756274418498.png,,,,
5947,921,cyan,large,rubber,cube,"[58, 125, 11.200321197509766]",9609.0,"[5, 78, 101, 94]",cache/1756274510443.png,,,,
5948,921,blue,large,rubber,sphere,"[238, 201, 8.692782402038574]",7338.0,"[195, 158, 85, 86]",cache/1756274510417.png,,,,
5949,921,green,small,rubber,cylinder,"[185, 179, 9.950284957885742]",1941.0,"[164, 153, 38, 50]",cache/1756274510449.png,,,,
5950,921,cyan,large,metal,sphere,"[280, 90, 12.925596237182617]",3365.0,"[251, 59, 57, 58]",cache/1756274510404.png,,,,
5951,921,blue,large,metal,sphere,"[143, 137, 10.693350791931152]",4988.0,"[107, 101, 70, 70]",cache/1756274510432.png,,,,
5952,922,yellow,small,rubber,cube,"[299, 181, 9.844862937927246]",2882.0,"[272, 153, 51, 55]",cache/1756274569224.png,,,,
5953,922,brown,small,rubber,cube,"[76, 138, 11.448363304138184]",2160.0,"[52, 115, 46, 46]",cache/1756274569232.png,,,,
5954,922,gray,small,metal,sphere,"[379, 130, 11.842704772949219]",1033.0,"[362, 113, 32, 31]",cache/1756274569236.png,,,,
5955,923,gray,small,rubber,sphere,"[281, 103, 13.478833198547363]",779.0,"[266, 89, 27, 28]",cache/1756274372548.png,,,,
5956,923,blue,large,rubber,cube,"[374, 123, 11.444201469421387]",6449.0,"[339, 81, 76, 84]",cache/1756274372542.png,,,,
5957,923,blue,small,metal,sphere,"[176, 110, 13.092061042785645]",814.0,"[161, 95, 28, 28]",cache/1756274372552.png,,,,
5958,924,purple,small,metal,cube,"[153, 181, 9.560215950012207]",2585.0,"[129, 153, 46, 55]",cache/1756274481371.png,,,,
5959,924,yellow,small,metal,cube,"[311, 135, 11.123080253601074]",2228.0,"[287, 111, 46, 48]",cache/1756274481394.png,,,,
5960,924,cyan,large,rubber,cube,"[286, 95, 12.110445022583008]",6827.0,"[245, 53, 81, 83]",cache/1756274481388.png,,,,
5961,924,gray,large,metal,cylinder,"[212, 77, 13.139076232910156]",4195.0,"[181, 40, 58, 72]",cache/1756274481404.png,,,,
5962,924,red,small,metal,sphere,"[374, 158, 10.297898292541504]",1335.0,"[355, 139, 37, 35]",cache/1756274481377.png,,,,
5963,924,purple,large,rubber,cube,"[235, 256, 7.209737777709961]",19975.0,"[162, 179, 142, 140]",cache/1756274481364.png,,,,
5964,924,red,large,rubber,cylinder,"[127, 129, 10.585365295410156]",7235.0,"[85, 83, 77, 92]",cache/1756274481382.png,,,,
5965,924,red,small,metal,sphere,"[271, 204, 8.898968696594238]",19975.0,"[162, 179, 142, 140]",cache/1756274481364.png,,,,
5966,925,cyan,small,rubber,sphere,"[138, 141, 11.443720817565918]",1081.0,"[121, 124, 32, 33]",cache/1756274423899.png,,,,
5967,925,purple,large,rubber,cylinder,"[320, 114, 11.91247272491455]",5250.0,"[288, 75, 65, 80]",cache/1756274423933.png,,,,
5968,925,red,large,metal,cube,"[206, 101, 12.741517066955566]",4488.0,"[173, 64, 61, 72]",cache/1756274423893.png,,,,
5969,925,cyan,small,metal,sphere,"[239, 96, 14.091825485229492]",463.0,"[234, 82, 17, 26]",cache/1756274423909.png,,,,
5970,925,cyan,large,rubber,cylinder,"[362, 143, 10.50436019897461]",7270.0,"[324, 97, 78, 92]",cache/1756274423926.png,,,,
5971,925,cyan,small,metal,cube,"[173, 186, 9.631113052368164]",2615.0,"[146, 159, 49, 53]",cache/1756274423887.png,,,,
5972,925,yellow,large,metal,cylinder,"[276, 184, 8.993617057800293]",9464.0,"[234, 129, 85, 110]",cache/1756274423913.png,,,,
5973,925,cyan,small,metal,cube,"[82, 150, 11.046170234680176]",1873.0,"[61, 126, 40, 45]",cache/1756274423879.png,,,,
5974,925,gray,small,rubber,cylinder,"[283, 102, 13.677541732788086]",725.0,"[268, 84, 21, 34]",cache/1756274423938.png,,,,
5975,925,green,small,rubber,cylinder,"[213, 230, 8.35777759552002]",2749.0,"[190, 199, 44, 61]",cache/1756274423904.png,,,,
5976,926,brown,small,rubber,cylinder,"[153, 162, 10.487159729003906]",1779.0,"[133, 138, 38, 46]",cache/1756274542889.png,,,,
5977,926,brown,large,metal,cube,"[215, 87, 13.483484268188477]",4976.0,"[180, 51, 68, 72]",cache/1756274542878.png,,,,
5978,926,blue,small,rubber,cube,"[234, 185, 9.670541763305664]",2961.0,"[207, 157, 52, 56]",cache/1756274542873.png,,,,
5979,926,blue,small,rubber,cylinder,"[124, 148, 11.081409454345703]",1572.0,"[104, 125, 35, 44]",cache/1756274542894.png,,,,
5980,926,green,small,rubber,sphere,"[352, 131, 11.858146667480469]",1009.0,"[336, 114, 31, 31]",cache/1756274542884.png,,,,
5981,926,purple,large,metal,cube,"[121, 105, 12.319071769714355]",5696.0,"[80, 67, 75, 75]",cache/1756274542868.png,,,,
5982,926,yellow,large,metal,cube,"[305, 98, 12.721592903137207]",5796.0,"[267, 60, 73, 78]",cache/1756274542862.png,,,,
5983,927,red,large,metal,sphere,"[294, 81, 12.7465181350708]",3452.0,"[264, 50, 58, 59]",cache/1756274288049.png,,,,
5984,927,blue,small,rubber,sphere,"[235, 126, 11.327698707580566]",732.0,"[218, 109, 25, 28]",cache/1756274288082.png,,,,
5985,927,yellow,large,metal,cylinder,"[390, 152, 9.527178764343262]",9483.0,"[347, 101, 90, 104]",cache/1756274288072.png,,,,
5986,927,blue,large,metal,sphere,"[184, 90, 12.19059944152832]",3804.0,"[153, 58, 61, 62]",cache/1756274288056.png,,,,
5987,927,brown,small,metal,sphere,"[431, 143, 10.607925415039062]",646.0,"[430, 126, 18, 34]",cache/1756274288077.png,,,,
5988,927,yellow,large,rubber,cylinder,"[264, 164, 9.155400276184082]",9227.0,"[221, 110, 84, 108]",cache/1756274288066.png,,,,
5989,927,blue,large,metal,cylinder,"[131, 138, 10.023344993591309]",8077.0,"[87, 90, 82, 97]",cache/1756274288061.png,,,,
5990,928,green,small,rubber,sphere,"[259, 138, 10.81539249420166]",1193.0,"[241, 120, 33, 35]",cache/1756274303126.png,,,,
5991,928,purple,large,metal,cylinder,"[348, 145, 9.740501403808594]",16363.0,"[276, 126, 123, 132]",cache/1756274303091.png,,,,
5992,928,gray,large,metal,sphere,"[233, 93, 12.138521194458008]",3792.0,"[202, 61, 60, 63]",cache/1756274303105.png,,,,
5993,928,red,large,rubber,sphere,"[205, 223, 7.530388832092285]",9835.0,"[155, 173, 98, 100]",cache/1756274303083.png,,,,
5994,928,brown,small,metal,cube,"[178, 119, 11.682178497314453]",1905.0,"[156, 96, 42, 44]",cache/1756274303110.png,,,,
5995,928,gray,large,metal,cube,"[92, 160, 9.24081039428711]",13716.0,"[30, 104, 118, 115]",cache/1756274303099.png,,,,
5996,928,cyan,large,metal,sphere,"[79, 115, 11.019783973693848]",13716.0,"[30, 104, 118, 115]",cache/1756274303099.png,,,,
5997,928,purple,small,rubber,cube,"[281, 95, 13.006117820739746]",1492.0,"[261, 75, 38, 38]",cache/1756274303132.png,,,,
5998,928,yellow,large,rubber,cylinder,"[431, 132, 10.255066871643066]",8148.0,"[391, 85, 85, 95]",cache/1756274303137.png,,,,
5999,928,gray,large,rubber,cube,"[336, 190, 8.342031478881836]",16363.0,"[276, 126, 123, 132]",cache/1756274303091.png,,,,
6000,929,gray,large,metal,cube,"[320, 111, 11.661015510559082]",5821.0,"[286, 71, 71, 80]",cache/1756274514789.png,,,,
6001,929,red,small,rubber,cube,"[260, 253, 7.697727203369141]",4723.0,"[228, 216, 63, 74]",cache/1756274514769.png,,,,
6002,929,gray,large,metal,cylinder,"[176, 102, 12.137174606323242]",5037.0,"[142, 63, 64, 78]",cache/1756274514801.png,,,,
6003,929,red,small,rubber,cylinder,"[390, 173, 9.848968505859375]",2185.0,"[368, 147, 43, 50]",cache/1756274514812.png,,,,
6004,929,gray,large,metal,cube,"[261, 85, 13.220044136047363]",4277.0,"[231, 49, 60, 70]",cache/1756274514807.png,,,,
6005,929,gray,small,rubber,cylinder,"[225, 160, 10.311169624328613]",1737.0,"[206, 136, 36, 47]",cache/1756274514822.png,,,,
6006,929,red,large,rubber,sphere,"[112, 176, 9.040002822875977]",6955.0,"[69, 134, 84, 82]",cache/1756274514778.png,,,,
6007,929,purple,large,rubber,cylinder,"[111, 123, 11.071966171264648]",5405.0,"[71, 80, 75, 71]",cache/1756274514796.png,,,,
6008,929,green,small,metal,cylinder,"[395, 142, 11.071449279785156]",1440.0,"[374, 119, 40, 35]",cache/1756274514817.png,,,,
6009,930,cyan,large,rubber,cylinder,"[316, 126, 10.72422981262207]",6597.0,"[281, 81, 72, 91]",cache/1756274394129.png,,,,
6010,930,red,large,metal,sphere,"[204, 248, 7.194398880004883]",10964.0,"[152, 196, 103, 106]",cache/1756274394111.png,,,,
6011,930,green,large,rubber,cylinder,"[259, 161, 9.409414291381836]",8577.0,"[218, 109, 81, 105]",cache/1756274394124.png,,,,
6012,930,red,large,rubber,cylinder,"[142, 110, 11.45984935760498]",5969.0,"[104, 68, 71, 84]",cache/1756274394118.png,,,,
6013,931,red,small,metal,cylinder,"[240, 98, 13.305516242980957]",1030.0,"[225, 79, 28, 35]",cache/1756274445114.png,,,,
6014,931,brown,small,metal,cube,"[350, 150, 10.966401100158691]",2018.0,"[331, 126, 42, 47]",cache/1756274445109.png,,,,
6015,931,yellow,small,metal,sphere,"[91, 165, 10.430904388427734]",1307.0,"[72, 146, 36, 35]",cache/1756274445095.png,,,,
6016,931,brown,large,metal,sphere,"[174, 217, 8.338203430175781]",8051.0,"[128, 172, 89, 90]",cache/1756274445075.png,,,,
6017,931,red,small,metal,sphere,"[360, 130, 11.742181777954102]",2018.0,"[331, 126, 42, 47]",cache/1756274445109.png,,,,
6018,931,yellow,large,metal,cube,"[286, 161, 9.862235069274902]",11091.0,"[237, 108, 101, 108]",cache/1756274445083.png,,,,
6019,931,red,small,metal,cube,"[132, 115, 12.436495780944824]",1802.0,"[109, 93, 42, 42]",cache/1756274445089.png,,,,
6020,931,purple,small,metal,sphere,"[298, 106, 12.898519515991211]",698.0,"[283, 90, 28, 24]",cache/1756274445100.png,,,,
6021,932,red,large,rubber,cube,"[222, 240, 7.774103164672852]",18579.0,"[159, 171, 127, 145]",cache/1756274504799.png,,,,
6022,932,brown,small,metal,cylinder,"[259, 154, 11.00346851348877]",1545.0,"[241, 131, 34, 44]",cache/1756274504853.png,,,,
6023,932,yellow,large,rubber,cylinder,"[322, 116, 11.886068344116211]",5501.0,"[289, 75, 67, 81]",cache/1756274504836.png,,,,
6024,932,gray,small,metal,sphere,"[271, 107, 13.246079444885254]",795.0,"[256, 93, 27, 28]",cache/1756274504842.png,,,,
6025,932,cyan,large,metal,sphere,"[365, 148, 10.468657493591309]",5253.0,"[329, 111, 73, 71]",cache/1756274504807.png,,,,
6026,932,red,small,metal,sphere,"[129, 199, 9.417189598083496]",1615.0,"[108, 179, 40, 40]",cache/1756274504814.png,,,,
6027,932,purple,large,rubber,cylinder,"[180, 88, 13.480820655822754]",4048.0,"[149, 53, 57, 70]",cache/1756274504830.png,,,,
6028,932,blue,small,rubber,cube,"[88, 144, 11.395332336425781]",2165.0,"[63, 121, 48, 45]",cache/1756274504825.png,,,,
6029,932,green,small,rubber,cube,"[324, 211, 9.095267295837402]",3073.0,"[297, 182, 53, 57]",cache/1756274504819.png,,,,
6030,932,yellow,large,rubber,cylinder,"[124, 105, 12.470147132873535]",5093.0,"[89, 66, 66, 77]",cache/1756274504847.png,,,,
6031,933,blue,small,metal,cube,"[255, 90, 13.733936309814453]",1397.0,"[235, 71, 36, 37]",cache/1756274398850.png,,,,
6032,933,yellow,large,metal,cube,"[396, 122, 11.328834533691406]",9078.0,"[319, 119, 86, 104]",cache/1756274398895.png,,,,
6033,933,gray,small,rubber,cube,"[74, 158, 10.718522071838379]",2210.0,"[51, 133, 44, 49]",cache/1756274398874.png,,,,
6034,933,blue,large,rubber,cylinder,"[195, 99, 12.404969215393066]",4875.0,"[162, 59, 62, 78]",cache/1756274398856.png,,,,
6035,933,purple,large,metal,cylinder,"[361, 171, 9.623093605041504]",9078.0,"[319, 119, 86, 104]",cache/1756274398895.png,,,,
6036,933,brown,large,rubber,cylinder,"[257, 227, 8.177587509155273]",11909.0,"[210, 165, 94, 126]",cache/1756274398867.png,,,,
6037,933,red,small,rubber,sphere,"[110, 124, 12.061217308044434]",971.0,"[94, 107, 31, 31]",cache/1756274398890.png,,,,
6038,933,yellow,small,metal,sphere,"[120, 167, 10.39971923828125]",1305.0,"[101, 149, 36, 36]",cache/1756274398884.png,,,,
6039,933,blue,small,rubber,cube,"[152, 223, 8.841708183288574]",3562.0,"[121, 192, 57, 62]",cache/1756274398838.png,,,,
6040,934,green,large,metal,cylinder,"[195, 115, 11.454822540283203]",5663.0,"[159, 73, 67, 83]",cache/1756274250814.png,,,,
6041,934,red,large,metal,cylinder,"[340, 138, 10.418802261352539]",7348.0,"[302, 91, 78, 93]",cache/1756274250809.png,,,,
6042,934,blue,large,metal,sphere,"[52, 133, 10.650313377380371]",5245.0,"[14, 96, 74, 70]",cache/1756274250796.png,,,,
6043,934,yellow,small,metal,cylinder,"[238, 103, 13.03924560546875]",982.0,"[225, 84, 26, 36]",cache/1756274250820.png,,,,
6044,934,green,large,rubber,sphere,"[151, 159, 9.632253646850586]",6115.0,"[111, 120, 78, 78]",cache/1756274250803.png,,,,
6045,935,brown,large,metal,cylinder,"[190, 131, 11.074938774108887]",6184.0,"[153, 87, 69, 88]",cache/1756274317878.png,,,,
6046,935,red,small,metal,sphere,"[309, 111, 12.810356140136719]",858.0,"[294, 96, 28, 29]",cache/1756274317873.png,,,,
6047,935,purple,large,metal,cube,"[286, 214, 8.479978561401367]",11685.0,"[237, 154, 96, 121]",cache/1756274317853.png,,,,
6048,935,gray,small,rubber,cylinder,"[97, 136, 11.66431999206543]",1534.0,"[78, 114, 36, 42]",cache/1756274317904.png,,,,
6049,935,yellow,small,rubber,sphere,"[428, 155, 10.92194652557373]",1068.0,"[415, 136, 30, 35]",cache/1756274317868.png,,,,
6050,935,brown,small,rubber,cube,"[285, 92, 13.899275779724121]",1303.0,"[266, 73, 35, 36]",cache/1756274317899.png,,,,
6051,935,cyan,large,metal,cylinder,"[234, 71, 14.270630836486816]",3545.0,"[206, 37, 53, 66]",cache/1756274317883.png,,,,
6052,935,gray,small,metal,cylinder,"[136, 191, 9.700116157531738]",2198.0,"[114, 165, 42, 52]",cache/1756274317894.png,,,,
6053,935,gray,small,rubber,cube,"[218, 203, 9.374410629272461]",2304.0,"[196, 175, 42, 54]",cache/1756274317889.png,,,,
6054,935,gray,large,metal,cube,"[367, 159, 10.053970336914062]",9159.0,"[324, 111, 94, 97]",cache/1756274317861.png,,,,
6055,936,red,small,rubber,cylinder,"[113, 118, 11.751137733459473]",1413.0,"[95, 97, 34, 40]",cache/1756274289432.png,,,,
6056,936,gray,large,rubber,cylinder,"[220, 86, 12.622451782226562]",4522.0,"[188, 49, 60, 74]",cache/1756274289453.png,,,,
6057,936,red,small,metal,sphere,"[323, 191, 8.90793514251709]",1734.0,"[302, 169, 41, 41]",cache/1756274289420.png,,,,
6058,936,blue,large,rubber,cube,"[413, 142, 9.831175804138184]",9479.0,"[368, 91, 91, 103]",cache/1756274289398.png,,,,
6059,936,cyan,large,rubber,cube,"[271, 132, 10.222793579101562]",8588.0,"[225, 84, 96, 89]",cache/1756274289414.png,,,,
6060,936,red,large,rubber,cube,"[243, 190, 8.246332168579102]",16383.0,"[181, 126, 123, 132]",cache/1756274289407.png,,,,
6061,936,brown,small,rubber,sphere,"[334, 111, 12.161661148071289]",907.0,"[319, 95, 28, 31]",cache/1756274289442.png,,,,
6062,936,cyan,large,rubber,sphere,"[166, 123, 10.609999656677246]",4883.0,"[130, 87, 70, 69]",cache/1756274289427.png,,,,
6063,936,green,small,metal,sphere,"[362, 128, 11.26629638671875]",1009.0,"[345, 111, 30, 33]",cache/1756274289437.png,,,,
6064,936,gray,small,rubber,cube,"[184, 168, 9.630306243896484]",2122.0,"[157, 140, 37, 56]",cache/1756274289447.png,,,,
6065,937,gray,small,metal,cube,"[401, 173, 10.257728576660156]",2381.0,"[377, 149, 49, 48]",cache/1756274581077.png,,,,
6066,937,gray,small,metal,sphere,"[244, 143, 11.33130168914795]",1062.0,"[227, 126, 32, 32]",cache/1756274581086.png,,,,
6067,937,green,small,metal,cylinder,"[181, 212, 9.141706466674805]",2413.0,"[158, 183, 43, 56]",cache/1756274581082.png,,,,
6068,937,purple,small,metal,cube,"[350, 117, 12.486451148986816]",1339.0,"[332, 96, 33, 39]",cache/1756274581073.png,,,,
6069,937,purple,large,rubber,cube,"[183, 94, 12.791681289672852]",4922.0,"[150, 56, 64, 76]",cache/1756274581066.png,,,,
6070,938,red,small,metal,sphere,"[101, 173, 10.0568208694458]",1399.0,"[81, 153, 37, 37]",cache/1756274489748.png,,,,
6071,938,green,small,rubber,sphere,"[245, 201, 9.154693603515625]",1661.0,"[224, 180, 40, 41]",cache/1756274489742.png,,,,
6072,938,cyan,small,metal,cylinder,"[143, 223, 8.584843635559082]",2806.0,"[118, 192, 46, 59]",cache/1756274489774.png,,,,
6073,938,green,small,rubber,sphere,"[319, 157, 10.617279052734375]",1220.0,"[301, 139, 34, 35]",cache/1756274489753.png,,,,
6074,938,purple,large,rubber,cylinder,"[346, 109, 11.91220474243164]",5538.0,"[312, 69, 68, 80]",cache/1756274489768.png,,,,
6075,938,green,large,rubber,cylinder,"[237, 81, 13.602482795715332]",3873.0,"[209, 46, 55, 69]",cache/1756274489785.png,,,,
6076,938,purple,large,rubber,sphere,"[138, 127, 11.049873352050781]",4617.0,"[103, 92, 67, 67]",cache/1756274489736.png,,,,
6077,938,blue,large,metal,sphere,"[404, 154, 9.992292404174805]",5907.0,"[365, 115, 77, 75]",cache/1756274489728.png,,,,
6078,938,gray,small,metal,cylinder,"[75, 130, 11.75172233581543]",1529.0,"[55, 109, 37, 41]",cache/1756274489779.png,,,,
6079,938,purple,small,rubber,cylinder,"[181, 255, 7.841939926147461]",3308.0,"[155, 222, 49, 66]",cache/1756274489759.png,,,,
6080,939,gray,small,metal,sphere,"[236, 119, 12.52866268157959]",877.0,"[221, 103, 29, 29]",cache/1756274601186.png,,,,
6081,939,cyan,small,metal,cylinder,"[397, 170, 10.32136344909668]",2033.0,"[375, 145, 41, 48]",cache/1756274601166.png,,,,
6082,939,blue,small,rubber,cylinder,"[100, 150, 11.091400146484375]",1699.0,"[80, 127, 38, 44]",cache/1756274601181.png,,,,
6083,939,green,large,rubber,cylinder,"[294, 118, 11.693909645080566]",5494.0,"[261, 77, 66, 82]",cache/1756274601171.png,,,,
6084,939,gray,small,metal,cube,"[284, 228, 8.573131561279297]",3977.0,"[253, 195, 59, 66]",cache/1756274601176.png,,,,
6085,939,purple,large,metal,cube,"[158, 97, 12.842083930969238]",5678.0,"[119, 59, 74, 75]",cache/1756274601161.png,,,,
6086,940,red,small,metal,sphere,"[348, 116, 11.937241554260254]",906.0,"[332, 99, 31, 28]",cache/1756274554426.png,,,,
6087,940,yellow,small,rubber,cylinder,"[245, 210, 8.9121675491333]",2453.0,"[223, 181, 42, 57]",cache/1756274554421.png,,,,
6088,940,gray,large,metal,cylinder,"[200, 134, 10.476385116577148]",9890.0,"[131, 86, 103, 95]",cache/1756274554435.png,,,,
6089,940,yellow,large,metal,cube,"[311, 161, 9.598409652709961]",12308.0,"[259, 105, 108, 113]",cache/1756274554406.png,,,,
6090,940,red,small,metal,cylinder,"[150, 132, 11.270193099975586]",1514.0,"[131, 110, 34, 44]",cache/1756274554430.png,,,,
6091,940,cyan,small,rubber,cylinder,"[90, 162, 10.233121871948242]",2100.0,"[68, 136, 42, 49]",cache/1756274554416.png,,,,
6092,941,green,large,rubber,cube,"[134, 143, 10.162691116333008]",10348.0,"[79, 94, 102, 100]",cache/1756274347952.png,,,,
6093,941,cyan,large,rubber,sphere,"[302, 211, 7.933746337890625]",8959.0,"[254, 163, 94, 95]",cache/1756274347941.png,,,,
6094,941,cyan,large,metal,sphere,"[305, 94, 12.746116638183594]",3379.0,"[276, 64, 57, 58]",cache/1756274347958.png,,,,
6095,941,blue,large,rubber,sphere,"[257, 114, 11.54397201538086]",4140.0,"[225, 81, 63, 64]",cache/1756274347974.png,,,,
6096,941,red,large,rubber,cylinder,"[385, 162, 9.430900573730469]",9281.0,"[342, 110, 89, 103]",cache/1756274347968.png,,,,
6097,941,cyan,small,metal,sphere,"[79, 140, 11.136220932006836]",10348.0,"[79, 94, 102, 100]",cache/1756274347952.png,,,,
6098,942,gray,large,metal,cylinder,"[252, 120, 11.634151458740234]",5459.0,"[218, 78, 65, 83]",cache/1756274593982.png,,,,
6099,942,red,small,rubber,cylinder,"[189, 99, 13.626106262207031]",973.0,"[174, 81, 28, 34]",cache/1756274593945.png,,,,
6100,942,blue,large,metal,cylinder,"[430, 135, 10.944809913635254]",7305.0,"[390, 90, 81, 89]",cache/1756274593958.png,,,,
6101,942,yellow,small,metal,cylinder,"[229, 210, 9.098898887634277]",2343.0,"[207, 182, 41, 56]",cache/1756274593906.png,,,,
6102,942,brown,small,rubber,cube,"[97, 169, 10.3839750289917]",2615.0,"[71, 143, 50, 52]",cache/1756274593924.png,,,,
6103,942,purple,small,rubber,cube,"[74, 144, 11.347153663635254]",2615.0,"[71, 143, 50, 52]",cache/1756274593924.png,,,,
6104,942,red,small,metal,cylinder,"[355, 193, 9.601816177368164]",2255.0,"[333, 166, 42, 52]",cache/1756274593936.png,,,,
6105,942,yellow,large,rubber,sphere,"[360, 111, 12.033677101135254]",3914.0,"[328, 80, 62, 62]",cache/1756274593900.png,,,,
6106,943,yellow,small,metal,sphere,"[299, 171, 9.875284194946289]",1400.0,"[280, 152, 37, 37]",cache/1756274380134.png,,,,
6107,943,purple,small,rubber,cylinder,"[245, 75, 14.204557418823242]",892.0,"[230, 57, 27, 32]",cache/1756274380139.png,,,,
6108,943,gray,large,metal,cylinder,"[166, 195, 8.54228687286377]",19218.0,"[153, 186, 144, 132]",cache/1756274380113.png,,,,
6109,943,green,large,metal,cylinder,"[163, 97, 12.02157211303711]",5156.0,"[128, 57, 65, 78]",cache/1756274380155.png,,,,
6110,943,blue,large,rubber,cube,"[118, 133, 10.454421997070312]",9718.0,"[67, 84, 95, 101]",cache/1756274380167.png,,,,
6111,943,yellow,small,metal,cube,"[313, 131, 11.296950340270996]",1555.0,"[294, 109, 35, 43]",cache/1756274380145.png,,,,
6112,943,yellow,large,rubber,cube,"[227, 265, 7.0795512199401855]",19218.0,"[153, 186, 144, 132]",cache/1756274380113.png,,,,
6113,943,red,large,rubber,cylinder,"[363, 103, 11.724776268005371]",5846.0,"[329, 62, 70, 82]",cache/1756274380123.png,,,,
6114,943,purple,small,rubber,cylinder,"[372, 186, 9.408642768859863]",2410.0,"[350, 159, 44, 53]",cache/1756274380129.png,,,,
6115,943,green,large,metal,sphere,"[200, 145, 10.036738395690918]",5255.0,"[164, 107, 72, 72]",cache/1756274380150.png,,,,
6116,944,green,large,metal,cylinder,"[416, 131, 10.577971458435059]",7542.0,"[376, 86, 82, 91]",cache/1756274398454.png,,,,
6117,944,green,large,rubber,cube,"[233, 77, 13.823946952819824]",5211.0,"[196, 42, 73, 71]",cache/1756274398443.png,,,,
6118,944,red,large,rubber,cube,"[294, 121, 11.066237449645996]",5009.0,"[251, 77, 83, 59]",cache/1756274398449.png,,,,
6119,944,green,large,metal,sphere,"[153, 97, 12.411540985107422]",3621.0,"[122, 66, 60, 60]",cache/1756274398428.png,,,,
6120,944,brown,small,rubber,cube,"[257, 159, 10.224874496459961]",1735.0,"[235, 134, 35, 49]",cache/1756274398460.png,,,,
6121,944,cyan,large,metal,cube,"[322, 157, 9.522759437561035]",11937.0,"[268, 104, 107, 111]",cache/1756274398437.png,,,,
6122,944,red,large,metal,cube,"[143, 191, 8.413108825683594]",15011.0,"[78, 131, 120, 124]",cache/1756274398419.png,,,,
6123,945,yellow,small,metal,cube,"[112, 128, 11.484804153442383]",2027.0,"[88, 106, 45, 44]",cache/1756274478155.png,,,,
6124,945,yellow,large,rubber,cube,"[230, 145, 9.972282409667969]",8936.0,"[183, 96, 88, 100]",cache/1756274478145.png,,,,
6125,945,cyan,small,rubber,sphere,"[298, 204, 8.788002014160156]",1849.0,"[276, 182, 42, 43]",cache/1756274478159.png,,,,
6126,946,blue,large,metal,cube,"[221, 213, 8.127918243408203]",14821.0,"[166, 149, 112, 132]",cache/1756274538488.png,,,,
6127,946,brown,small,rubber,sphere,"[399, 158, 10.446422576904297]",1318.0,"[381, 140, 36, 36]",cache/1756274538505.png,,,,
6128,946,purple,small,rubber,cube,"[130, 150, 10.771015167236328]",1875.0,"[110, 126, 39, 47]",cache/1756274538500.png,,,,
6129,946,red,small,rubber,cylinder,"[275, 94, 13.556731224060059]",982.0,"[260, 75, 28, 34]",cache/1756274538510.png,,,,
6130,946,yellow,large,metal,sphere,"[330, 195, 8.588974952697754]",7679.0,"[286, 151, 87, 87]",cache/1756274538494.png,,,,
6131,947,brown,small,metal,cube,"[338, 127, 11.608175277709961]",1712.0,"[317, 105, 39, 43]",cache/1756274551451.png,,,,
6132,947,brown,large,rubber,sphere,"[380, 139, 10.256208419799805]",5464.0,"[342, 101, 74, 73]",cache/1756274551430.png,,,,
6133,947,cyan,small,rubber,sphere,"[142, 178, 9.579219818115234]",1548.0,"[122, 157, 39, 39]",cache/1756274551436.png,,,,
6134,947,purple,small,rubber,sphere,"[262, 106, 12.77192497253418]",855.0,"[247, 90, 28, 29]",cache/1756274551417.png,,,,
6135,947,yellow,large,rubber,cylinder,"[135, 125, 10.860518455505371]",6636.0,"[95, 80, 74, 88]",cache/1756274551441.png,,,,
6136,947,cyan,small,rubber,sphere,"[312, 191, 9.137495994567871]",1692.0,"[292, 170, 40, 41]",cache/1756274551425.png,,,,
6137,947,red,small,metal,cylinder,"[160, 235, 7.9734110832214355]",3188.0,"[134, 203, 49, 64]",cache/1756274551446.png,,,,
6138,947,gray,large,rubber,cylinder,"[223, 185, 8.648941040039062]",10259.0,"[178, 128, 88, 115]",cache/1756274551456.png,,,,
6139,948,red,large,rubber,sphere,"[105, 134, 10.747490882873535]",4979.0,"[68, 98, 70, 70]",cache/1756274391564.png,,,,
6140,948,brown,small,metal,cube,"[141, 173, 9.948442459106445]",2836.0,"[113, 146, 53, 53]",cache/1756274391550.png,,,,
6141,948,brown,large,metal,sphere,"[339, 177, 9.055741310119629]",6930.0,"[298, 135, 83, 83]",cache/1756274391556.png,,,,
6142,948,gray,large,metal,cylinder,"[202, 103, 12.395565032958984]",4721.0,"[170, 65, 61, 76]",cache/1756274391572.png,,,,
6143,949,purple,small,metal,sphere,"[246, 200, 8.930438041687012]",1724.0,"[225, 179, 40, 42]",cache/1756274331780.png,,,,
6144,949,cyan,small,metal,sphere,"[129, 130, 11.755359649658203]",478.0,"[113, 113, 27, 17]",cache/1756274331791.png,,,,
6145,949,cyan,small,metal,sphere,"[304, 107, 13.062551498413086]",5766.0,"[265, 92, 71, 80]",cache/1756274331775.png,,,,
6146,949,gray,large,rubber,sphere,"[301, 138, 10.43759536743164]",5766.0,"[265, 92, 71, 80]",cache/1756274331775.png,,,,
6147,949,purple,large,rubber,cylinder,"[179, 215, 7.84122896194458]",12905.0,"[126, 152, 99, 129]",cache/1756274331785.png,,,,
6148,949,blue,small,rubber,cube,"[386, 169, 10.012251853942871]",2171.0,"[364, 143, 42, 50]",cache/1756274331754.png,,,,
6149,949,green,small,rubber,cylinder,"[257, 116, 12.5277099609375]",1146.0,"[241, 96, 30, 38]",cache/1756274331797.png,,,,
6150,949,brown,large,metal,cylinder,"[53, 130, 10.853389739990234]",7177.0,"[9, 86, 81, 88]",cache/1756274331770.png,,,,
6151,949,red,large,metal,cube,"[160, 168, 9.259044647216797]",12905.0,"[126, 152, 99, 129]",cache/1756274331785.png,,,,
6152,950,cyan,large,metal,cube,"[191, 102, 12.68694019317627]",6312.0,"[149, 63, 79, 79]",cache/1756274284351.png,,,,
6153,950,red,small,metal,cylinder,"[365, 188, 9.719932556152344]",2193.0,"[343, 162, 42, 51]",cache/1756274284357.png,,,,
6154,950,green,small,rubber,cube,"[294, 221, 8.747278213500977]",3739.0,"[264, 189, 57, 64]",cache/1756274284346.png,,,,
6155,950,red,large,metal,cube,"[253, 86, 13.774433135986328]",4645.0,"[221, 51, 66, 69]",cache/1756274284337.png,,,,
6156,950,gray,large,rubber,sphere,"[323, 120, 11.693008422851562]",4140.0,"[291, 87, 63, 64]",cache/1756274284367.png,,,,
6157,950,yellow,small,rubber,sphere,"[207, 199, 9.37067699432373]",1597.0,"[187, 178, 39, 40]",cache/1756274284362.png,,,,
6158,951,yellow,large,metal,cube,"[213, 133, 10.584647178649902]",9126.0,"[165, 86, 93, 97]",cache/1756274611281.png,,,,
6159,951,blue,large,rubber,sphere,"[197, 101, 12.219043731689453]",9126.0,"[165, 86, 93, 97]",cache/1756274611281.png,,,,
6160,951,cyan,large,rubber,sphere,"[250, 72, 14.225324630737305]",2725.0,"[224, 45, 51, 52]",cache/1756274611276.png,,,,
6161,951,blue,large,metal,cube,"[289, 120, 11.176483154296875]",7879.0,"[247, 76, 87, 89]",cache/1756274611261.png,,,,
6162,951,brown,small,metal,cylinder,"[370, 190, 9.22525405883789]",2446.0,"[347, 163, 45, 54]",cache/1756274611266.png,,,,
6163,951,green,small,metal,sphere,"[114, 127, 11.7655668258667]",1028.0,"[97, 110, 32, 31]",cache/1756274611253.png,,,,
6164,951,gray,small,rubber,cube,"[405, 172, 9.830025672912598]",2674.0,"[381, 146, 51, 51]",cache/1756274611271.png,,,,
6165,952,green,small,metal,cube,"[202, 97, 14.253365516662598]",1104.0,"[185, 79, 32, 34]",cache/1756274405456.png,,,,
6166,952,gray,large,rubber,cube,"[320, 101, 13.054821968078613]",5973.0,"[281, 63, 78, 75]",cache/1756274405479.png,,,,
6167,952,green,large,rubber,sphere,"[52, 127, 11.725597381591797]",4271.0,"[18, 94, 66, 63]",cache/1756274405421.png,,,,
6168,952,purple,large,metal,cylinder,"[382, 140, 11.150959014892578]",6708.0,"[345, 96, 76, 87]",cache/1756274405450.png,,,,
6169,952,gray,large,metal,cube,"[285, 158, 10.419447898864746]",8939.0,"[239, 109, 89, 100]",cache/1756274405442.png,,,,
6170,952,brown,small,rubber,cylinder,"[246, 91, 14.688135147094727]",818.0,"[232, 74, 25, 31]",cache/1756274405495.png,,,,
6171,952,purple,small,rubber,sphere,"[153, 203, 9.647521018981934]",1511.0,"[133, 183, 38, 39]",cache/1756274405433.png,,,,
6172,952,green,large,metal,sphere,"[226, 241, 8.072844505310059]",8611.0,"[180, 194, 91, 94]",cache/1756274405414.png,,,,
6173,952,gray,large,rubber,cylinder,"[129, 119, 12.127022743225098]",5392.0,"[94, 79, 67, 79]",cache/1756274405469.png,,,,
6174,953,yellow,large,metal,cube,"[102, 115, 11.555030822753906]",7334.0,"[55, 73, 86, 84]",cache/1756274517699.png,,,,
6175,953,yellow,small,metal,cylinder,"[371, 182, 9.882386207580566]",2229.0,"[349, 156, 42, 52]",cache/1756274517716.png,,,,
6176,953,yellow,large,metal,sphere,"[391, 134, 10.795554161071777]",4919.0,"[355, 98, 71, 68]",cache/1756274517711.png,,,,
6177,953,cyan,small,rubber,sphere,"[303, 230, 8.65162467956543]",1910.0,"[281, 208, 43, 44]",cache/1756274517706.png,,,,
6178,954,green,large,metal,cube,"[200, 117, 11.586057662963867]",6938.0,"[160, 74, 80, 86]",cache/1756274283685.png,,,,
6179,954,yellow,large,metal,cylinder,"[153, 173, 9.393516540527344]",9169.0,"[107, 120, 86, 106]",cache/1756274283707.png,,,,
6180,954,gray,small,rubber,cylinder,"[261, 217, 8.78192138671875]",2522.0,"[239, 187, 43, 58]",cache/1756274283701.png,,,,
6181,954,cyan,large,metal,cube,"[390, 136, 10.723902702331543]",9581.0,"[342, 88, 96, 98]",cache/1756274283673.png,,,,
6182,954,cyan,small,rubber,sphere,"[310, 173, 10.099052429199219]",1355.0,"[291, 153, 36, 36]",cache/1756274283690.png,,,,
6183,954,yellow,large,metal,sphere,"[159, 94, 12.797370910644531]",3058.0,"[129, 64, 53, 57]",cache/1756274283695.png,,,,
6184,954,purple,large,metal,cube,"[319, 106, 12.115655899047852]",5459.0,"[285, 66, 68, 79]",cache/1756274283663.png,,,,
6185,954,brown,large,metal,sphere,"[81, 126, 11.129981994628906]",4702.0,"[45, 92, 69, 68]",cache/1756274283679.png,,,,
6186,954,gray,small,metal,cylinder,"[237, 91, 13.952120780944824]",879.0,"[223, 73, 26, 33]",cache/1756274283712.png,,,,
6187,955,gray,large,rubber,sphere,"[183, 117, 10.905412673950195]",4655.0,"[148, 82, 67, 68]",cache/1756274304698.png,,,,
6188,955,red,small,rubber,cylinder,"[293, 170, 9.640698432922363]",2065.0,"[273, 144, 39, 51]",cache/1756274304704.png,,,,
6189,955,gray,small,metal,cylinder,"[335, 112, 11.978029251098633]",1320.0,"[318, 92, 33, 39]",cache/1756274304715.png,,,,
6190,955,gray,large,metal,cube,"[78, 125, 10.539384841918945]",9740.0,"[61, 111, 89, 109]",cache/1756274304692.png,,,,
6191,955,blue,large,metal,cube,"[256, 63, 14.007877349853516]",4403.0,"[224, 29, 65, 66]",cache/1756274304686.png,,,,
6192,955,red,large,metal,sphere,"[343, 185, 8.500940322875977]",7869.0,"[299, 141, 89, 88]",cache/1756274304667.png,,,,
6193,955,purple,large,rubber,cube,"[183, 225, 7.529786109924316]",20773.0,"[110, 153, 137, 151]",cache/1756274304658.png,,,,
6194,955,gray,small,rubber,sphere,"[380, 156, 10.129021644592285]",1300.0,"[363, 137, 34, 37]",cache/1756274304709.png,,,,
6195,955,red,large,metal,sphere,"[228, 86, 12.48215103149414]",4403.0,"[224, 29, 65, 66]",cache/1756274304686.png,,,,
6196,955,green,large,rubber,cylinder,"[110, 164, 9.109360694885254]",9740.0,"[61, 111, 89, 109]",cache/1756274304692.png,,,,
6197,956,yellow,large,rubber,cube,"[256, 171, 9.013050079345703]",9772.0,"[212, 118, 91, 106]",cache/1756274255628.png,,,,
6198,956,yellow,small,metal,cylinder,"[153, 110, 12.625631332397461]",855.0,"[136, 90, 30, 28]",cache/1756274255646.png,,,,
6199,956,green,large,metal,cube,"[334, 105, 11.8983793258667]",5701.0,"[298, 65, 71, 80]",cache/1756274255640.png,,,,
6200,956,gray,small,rubber,cylinder,"[288, 103, 13.074784278869629]",1016.0,"[272, 84, 28, 35]",cache/1756274255651.png,,,,
6201,956,brown,large,rubber,sphere,"[168, 143, 10.068102836608887]",5520.0,"[130, 105, 74, 74]",cache/1756274255623.png,,,,
6202,956,gray,large,metal,sphere,"[222, 226, 7.513463973999023]",9887.0,"[172, 176, 98, 100]",cache/1756274255613.png,,,,
6203,956,purple,large,rubber,cylinder,"[383, 150, 9.774328231811523]",8687.0,"[341, 101, 86, 99]",cache/1756274255634.png,,,,
6204,956,red,small,rubber,cube,"[200, 130, 11.49722671508789]",1216.0,"[186, 109, 29, 41]",cache/1756274255656.png,,,,
6205,957,cyan,large,metal,cylinder,"[273, 78, 13.68686580657959]",3971.0,"[244, 43, 56, 70]",cache/1756274467734.png,,,,
6206,957,red,large,rubber,cube,"[177, 167, 9.821273803710938]",14779.0,"[150, 161, 111, 132]",cache/1756274467689.png,,,,
6207,957,cyan,small,rubber,cube,"[257, 115, 12.593912124633789]",1222.0,"[241, 95, 31, 38]",cache/1756274467729.png,,,,
6208,957,gray,small,metal,cube,"[155, 132, 11.79200267791748]",994.0,"[133, 111, 38, 25]",cache/1756274467720.png,,,,
6209,957,purple,large,rubber,cylinder,"[311, 189, 9.1719388961792]",9591.0,"[269, 134, 86, 110]",cache/1756274467704.png,,,,
6210,957,brown,small,rubber,cylinder,"[357, 171, 10.345741271972656]",1327.0,"[350, 146, 27, 48]",cache/1756274467715.png,,,,
6211,957,cyan,small,rubber,cylinder,"[236, 143, 11.366209983825684]",1457.0,"[218, 120, 33, 43]",cache/1756274467724.png,,,,
6212,957,brown,small,metal,cube,"[114, 156, 10.874364852905273]",1961.0,"[90, 132, 42, 46]",cache/1756274467710.png,,,,
6213,957,brown,large,metal,cube,"[206, 224, 8.289677619934082]",14779.0,"[150, 161, 111, 132]",cache/1756274467689.png,,,,
6214,958,brown,small,metal,sphere,"[127, 156, 10.869293212890625]",1198.0,"[109, 138, 34, 34]",cache/1756274303470.png,,,,
6215,958,cyan,large,metal,cylinder,"[283, 102, 12.516501426696777]",4766.0,"[252, 64, 61, 76]",cache/1756274303481.png,,,,
6216,958,gray,small,metal,cube,"[266, 174, 10.204301834106445]",2415.0,"[241, 148, 46, 52]",cache/1756274303477.png,,,,
6217,959,brown,large,metal,cube,"[341, 202, 8.173712730407715]",17310.0,"[280, 137, 128, 134]",cache/1756274573708.png,,,,
6218,959,blue,large,metal,cylinder,"[98, 168, 9.099313735961914]",10444.0,"[48, 113, 94, 110]",cache/1756274573727.png,,,,
6219,959,red,large,rubber,cylinder,"[233, 74, 13.140036582946777]",4211.0,"[203, 37, 58, 72]",cache/1756274573722.png,,,,
6220,960,red,large,metal,cylinder,"[215, 93, 13.622590065002441]",3833.0,"[185, 59, 55, 68]",cache/1756274574026.png,,,,
6221,960,red,small,rubber,cylinder,"[159, 189, 9.77828311920166]",2046.0,"[138, 163, 40, 50]",cache/1756274574036.png,,,,
6222,960,cyan,small,rubber,sphere,"[393, 154, 11.149290084838867]",1177.0,"[375, 136, 34, 34]",cache/1756274574019.png,,,,
6223,960,red,small,rubber,cylinder,"[110, 163, 10.74959945678711]",1760.0,"[90, 139, 38, 45]",cache/1756274574031.png,,,,
6224,961,yellow,large,rubber,cylinder,"[374, 171, 9.356250762939453]",9527.0,"[330, 119, 90, 105]",cache/1756274393029.png,,,,
6225,961,blue,small,metal,cylinder,"[287, 160, 10.53042221069336]",1695.0,"[268, 136, 36, 46]",cache/1756274393035.png,,,,
6226,961,blue,small,rubber,cylinder,"[303, 121, 12.334395408630371]",1205.0,"[287, 101, 31, 38]",cache/1756274393040.png,,,,
6227,961,cyan,small,rubber,sphere,"[165, 222, 8.517552375793457]",1936.0,"[143, 199, 43, 44]",cache/1756274393005.png,,,,
6228,961,purple,large,rubber,sphere,"[105, 157, 9.82962417602539]",5892.0,"[64, 119, 77, 75]",cache/1756274392999.png,,,,
6229,961,brown,small,metal,sphere,"[253, 132, 11.743362426757812]",1016.0,"[236, 116, 31, 32]",cache/1756274393025.png,,,,
6230,961,cyan,small,rubber,cube,"[212, 93, 14.116944313049316]",1200.0,"[194, 75, 34, 34]",cache/1756274393012.png,,,,
6231,961,green,small,rubber,cylinder,"[424, 148, 11.029090881347656]",1518.0,"[410, 125, 33, 44]",cache/1756274393019.png,,,,
6232,962,yellow,small,metal,sphere,"[240, 238, 8.340085983276367]",2052.0,"[217, 215, 44, 46]",cache/1756274342220.png,,,,
6233,962,red,small,metal,cylinder,"[169, 105, 13.33966064453125]",951.0,"[156, 86, 26, 35]",cache/1756274342230.png,,,,
6234,962,brown,small,rubber,cube,"[355, 192, 9.586316108703613]",2455.0,"[332, 164, 44, 54]",cache/1756274342225.png,,,,
6235,962,brown,large,metal,cylinder,"[129, 125, 11.394844055175781]",5727.0,"[91, 82, 70, 80]",cache/1756274342235.png,,,,
6236,962,yellow,large,metal,cube,"[318, 136, 10.872306823730469]",8637.0,"[273, 90, 92, 93]",cache/1756274342209.png,,,,
6237,962,red,large,metal,sphere,"[226, 100, 12.668774604797363]",3470.0,"[196, 70, 58, 59]",cache/1756274342215.png,,,,
6238,962,cyan,large,rubber,cube,"[161, 194, 8.842329978942871]",14360.0,"[99, 135, 116, 122]",cache/1756274342203.png,,,,
6239,963,brown,small,metal,sphere,"[240, 84, 14.202664375305176]",683.0,"[226, 70, 26, 26]",cache/1756274519818.png,,,,
6240,963,blue,large,rubber,sphere,"[91, 125, 10.81865119934082]",11295.0,"[70, 104, 106, 105]",cache/1756274519823.png,,,,
6241,963,red,large,metal,cylinder,"[309, 187, 8.529050827026367]",10814.0,"[264, 129, 92, 117]",cache/1756274519812.png,,,,
6242,963,gray,small,metal,sphere,"[307, 102, 12.971789360046387]",828.0,"[292, 87, 28, 28]",cache/1756274519834.png,,,,
6243,963,gray,small,metal,cube,"[197, 235, 7.935308456420898]",3741.0,"[169, 201, 55, 67]",cache/1756274519804.png,,,,
6244,963,blue,large,metal,cube,"[127, 155, 9.552202224731445]",11295.0,"[70, 104, 106, 105]",cache/1756274519823.png,,,,
6245,964,red,small,rubber,cube,"[261, 151, 11.2489652633667]",1991.0,"[239, 127, 42, 46]",cache/1756274499857.png,,,,
6246,964,cyan,small,metal,cube,"[281, 95, 13.827122688293457]",1304.0,"[262, 76, 35, 36]",cache/1756274499861.png,,,,
6247,964,brown,large,rubber,cylinder,"[381, 170, 9.876324653625488]",8851.0,"[339, 120, 86, 102]",cache/1756274499866.png,,,,
6248,964,blue,large,metal,cylinder,"[193, 99, 12.75234317779541]",4632.0,"[161, 61, 60, 76]",cache/1756274499849.png,,,,
6249,965,cyan,large,metal,cube,"[143, 157, 9.516051292419434]",12433.0,"[84, 102, 111, 111]",cache/1756274345164.png,,,,
6250,965,purple,small,rubber,cylinder,"[242, 133, 11.201484680175781]",1475.0,"[225, 111, 33, 43]",cache/1756274345227.png,,,,
6251,965,blue,large,metal,cylinder,"[336, 127, 10.63813591003418]",7004.0,"[299, 82, 76, 91]",cache/1756274345210.png,,,,
6252,965,purple,small,metal,cube,"[173, 219, 8.408317565917969]",3707.0,"[143, 187, 57, 64]",cache/1756274345177.png,,,,
6253,965,blue,large,rubber,sphere,"[221, 76, 13.348846435546875]",3138.0,"[193, 46, 55, 56]",cache/1756274345187.png,,,,
6254,965,brown,large,rubber,sphere,"[296, 87, 12.637767791748047]",3496.0,"[266, 56, 58, 60]",cache/1756274345199.png,,,,
6255,966,purple,small,rubber,sphere,"[118, 201, 9.38971996307373]",1604.0,"[97, 181, 40, 39]",cache/1756274400387.png,,,,
6256,966,red,large,rubber,sphere,"[229, 114, 11.624175071716309]",4062.0,"[197, 81, 63, 64]",cache/1756274400391.png,,,,
6257,966,green,large,metal,sphere,"[269, 76, 13.500594139099121]",3045.0,"[241, 47, 54, 55]",cache/1756274400382.png,,,,
6258,966,purple,large,metal,cube,"[397, 161, 9.913107872009277]",9652.0,"[352, 108, 90, 106]",cache/1756274400374.png,,,,
6259,966,brown,small,rubber,cube,"[182, 150, 10.955330848693848]",1660.0,"[162, 127, 37, 44]",cache/1756274400396.png,,,,
6260,967,blue,large,metal,cube,"[233, 96, 12.75381851196289]",4551.0,"[200, 59, 62, 72]",cache/1756274296137.png,,,,
6261,967,brown,small,rubber,cube,"[145, 206, 8.733707427978516]",3253.0,"[118, 176, 52, 61]",cache/1756274296142.png,,,,
6262,967,brown,small,metal,cylinder,"[357, 174, 9.802742958068848]",2117.0,"[336, 148, 41, 50]",cache/1756274296148.png,,,,
6263,968,blue,large,metal,cube,"[281, 136, 11.021268844604492]",9274.0,"[236, 85, 92, 100]",cache/1756274282995.png,,,,
6264,968,brown,small,rubber,sphere,"[220, 86, 14.294903755187988]",678.0,"[206, 72, 25, 26]",cache/1756274283006.png,,,,
6265,968,brown,small,rubber,cylinder,"[253, 255, 8.267317771911621]",2912.0,"[230, 224, 46, 63]",cache/1756274283011.png,,,,
6266,968,purple,large,metal,sphere,"[109, 108, 12.21490478515625]",3818.0,"[77, 76, 62, 61]",cache/1756274282988.png,,,,
6267,968,blue,small,rubber,cylinder,"[154, 214, 9.215556144714355]",2445.0,"[131, 186, 43, 55]",cache/1756274283015.png,,,,
6268,968,purple,small,metal,cylinder,"[364, 184, 10.050668716430664]",2112.0,"[343, 158, 41, 50]",cache/1756274283001.png,,,,
6269,968,yellow,small,rubber,cylinder,"[296, 103, 13.307354927062988]",9274.0,"[236, 85, 92, 100]",cache/1756274282995.png,,,,
6270,969,green,small,rubber,cube,"[191, 207, 9.291380882263184]",3151.0,"[164, 178, 52, 59]",cache/1756274317431.png,,,,
6271,969,blue,large,metal,sphere,"[315, 130, 11.36950397491455]",4371.0,"[282, 96, 65, 66]",cache/1756274317331.png,,,,
6272,969,brown,small,rubber,sphere,"[273, 105, 13.569493293762207]",752.0,"[259, 90, 26, 28]",cache/1756274317425.png,,,,
6273,969,brown,small,metal,cube,"[365, 182, 10.083703994750977]",2118.0,"[344, 157, 42, 49]",cache/1756274317315.png,,,,
6274,969,blue,small,rubber,sphere,"[85, 166, 10.646145820617676]",1290.0,"[66, 147, 36, 35]",cache/1756274317343.png,,,,
6275,969,green,small,rubber,cube,"[248, 242, 8.399129867553711]",4008.0,"[219, 208, 59, 67]",cache/1756274317397.png,,,,
6276,969,green,small,rubber,sphere,"[165, 135, 11.951224327087402]",982.0,"[149, 119, 30, 31]",cache/1756274317337.png,,,,
6277,970,brown,large,metal,sphere,"[261, 204, 8.217020034790039]",8305.0,"[215, 158, 90, 92]",cache/1756274456275.png,,,,
6278,970,blue,small,metal,cube,"[376, 129, 11.780548095703125]",1833.0,"[354, 106, 41, 43]",cache/1756274456286.png,,,,
6279,970,gray,large,rubber,cube,"[445, 142, 10.30673599243164]",8852.0,"[391, 93, 87, 101]",cache/1756274456291.png,,,,
6280,971,blue,small,rubber,cylinder,"[268, 136, 11.27768325805664]",1474.0,"[250, 113, 33, 43]",cache/1756274548808.png,,,,
6281,971,red,small,rubber,cylinder,"[112, 157, 10.476210594177246]",13039.0,"[87, 129, 111, 117]",cache/1756274548751.png,,,,
6282,971,brown,large,metal,cube,"[148, 186, 8.89648723602295]",13039.0,"[87, 129, 111, 117]",cache/1756274548751.png,,,,
6283,971,cyan,large,metal,cylinder,"[282, 94, 12.34958553314209]",4903.0,"[251, 55, 62, 78]",cache/1756274548793.png,,,,
6284,971,yellow,small,metal,cylinder,"[198, 99, 12.972169876098633]",872.0,"[188, 80, 23, 37]",cache/1756274548798.png,,,,
6285,971,green,large,rubber,cube,"[423, 150, 9.994542121887207]",11732.0,"[370, 98, 108, 108]",cache/1756274548769.png,,,,
6286,971,cyan,large,rubber,sphere,"[229, 67, 13.95382308959961]",2846.0,"[202, 39, 51, 54]",cache/1756274548786.png,,,,
6287,971,gray,large,rubber,cube,"[149, 102, 11.941736221313477]",6482.0,"[104, 59, 85, 75]",cache/1756274548775.png,,,,
6288,971,red,small,metal,cube,"[370, 188, 9.494552612304688]",3322.0,"[341, 159, 57, 57]",cache/1756274548763.png,,,,
6289,971,cyan,small,rubber,cylinder,"[72, 147, 10.834339141845703]",1876.0,"[51, 123, 40, 46]",cache/1756274548781.png,,,,
6290,972,yellow,small,rubber,sphere,"[323, 140, 11.277512550354004]",1101.0,"[306, 123, 32, 33]",cache/1756274293259.png,,,,
6291,972,red,large,rubber,cube,"[270, 92, 12.929348945617676]",4807.0,"[236, 55, 64, 74]",cache/1756274293248.png,,,,
6292,972,green,small,rubber,sphere,"[242, 211, 8.791247367858887]",1839.0,"[220, 189, 42, 43]",cache/1756274293253.png,,,,
6293,973,purple,small,metal,cube,"[284, 112, 12.126699447631836]",1596.0,"[264, 91, 38, 41]",cache/1756274615566.png,,,,
6294,973,purple,small,rubber,cube,"[258, 204, 8.660924911499023]",3782.0,"[228, 172, 58, 64]",cache/1756274615558.png,,,,
6295,973,brown,small,rubber,cube,"[172, 102, 12.670641899108887]",1628.0,"[151, 82, 40, 39]",cache/1756274615570.png,,,,
6296,974,blue,large,rubber,cube,"[220, 105, 12.349750518798828]",5373.0,"[187, 65, 67, 79]",cache/1756274580064.png,,,,
6297,974,green,large,metal,cube,"[250, 72, 14.264884948730469]",5373.0,"[187, 65, 67, 79]",cache/1756274580064.png,,,,
6298,974,red,large,rubber,cube,"[72, 143, 10.665145874023438]",10510.0,"[16, 94, 105, 99]",cache/1756274580058.png,,,,
6299,975,blue,large,rubber,sphere,"[254, 94, 12.595582008361816]",3228.0,"[225, 64, 54, 59]",cache/1756274262888.png,,,,
6300,975,yellow,large,rubber,sphere,"[180, 133, 10.563713073730469]",4988.0,"[145, 97, 70, 71]",cache/1756274262877.png,,,,
6301,975,yellow,small,rubber,cylinder,"[104, 162, 10.222824096679688]",2005.0,"[82, 137, 41, 48]",cache/1756274262873.png,,,,
6302,975,green,large,metal,sphere,"[221, 177, 8.956700325012207]",6961.0,"[179, 135, 82, 84]",cache/1756274262867.png,,,,
6303,975,blue,small,metal,cube,"[327, 217, 8.475632667541504]",3081.0,"[301, 188, 52, 58]",cache/1756274262861.png,,,,
6304,975,blue,large,rubber,cylinder,"[283, 122, 11.08203125]",6089.0,"[248, 79, 70, 86]",cache/1756274262883.png,,,,
6305,976,cyan,small,rubber,sphere,"[202, 156, 10.934979438781738]",1163.0,"[185, 138, 33, 34]",cache/1756274365965.png,,,,
6306,976,blue,small,metal,cylinder,"[268, 141, 11.585837364196777]",1391.0,"[250, 120, 33, 41]",cache/1756274365969.png,,,,
6307,976,purple,small,metal,cube,"[136, 206, 9.207348823547363]",2827.0,"[111, 177, 48, 58]",cache/1756274365948.png,,,,
6308,976,brown,small,metal,cylinder,"[292, 117, 12.829607963562012]",1103.0,"[277, 97, 29, 37]",cache/1756274365974.png,,,,
6309,976,brown,small,metal,sphere,"[342, 165, 10.575833320617676]",1245.0,"[323, 147, 35, 35]",cache/1756274365960.png,,,,
6310,976,gray,large,metal,cube,"[230, 93, 13.32571029663086]",5757.0,"[191, 55, 75, 75]",cache/1756274365955.png,,,,
6311,977,green,large,metal,cylinder,"[322, 148, 10.128019332885742]",7534.0,"[283, 100, 78, 95]",cache/1756274429093.png,,,,
6312,977,red,large,rubber,sphere,"[261, 82, 13.806262969970703]",2909.0,"[233, 54, 53, 54]",cache/1756274429063.png,,,,
6313,977,green,large,metal,cube,"[327, 101, 12.519180297851562]",2934.0,"[295, 63, 64, 45]",cache/1756274429083.png,,,,
6314,977,blue,small,rubber,sphere,"[197, 103, 13.37442398071289]",780.0,"[183, 88, 27, 28]",cache/1756274429073.png,,,,
6315,977,yellow,small,rubber,cube,"[307, 203, 8.941742897033691]",2630.0,"[283, 175, 47, 55]",cache/1756274429078.png,,,,
6316,977,green,large,metal,sphere,"[206, 213, 7.993131637573242]",8840.0,"[159, 166, 92, 95]",cache/1756274429057.png,,,,
6317,977,purple,small,metal,sphere,"[161, 136, 11.48929214477539]",1054.0,"[144, 119, 32, 32]",cache/1756274429069.png,,,,
6318,977,red,small,rubber,cylinder,"[235, 147, 10.994407653808594]",1505.0,"[218, 124, 34, 43]",cache/1756274429088.png,,,,
6319,978,purple,large,metal,sphere,"[321, 144, 10.7384614944458]",5682.0,"[286, 96, 69, 81]",cache/1756274460065.png,,,,
6320,978,gray,small,metal,sphere,"[334, 111, 13.076274871826172]",618.0,"[320, 96, 27, 22]",cache/1756274460060.png,,,,
6321,978,gray,large,rubber,sphere,"[157, 107, 12.4135160446167]",3723.0,"[126, 76, 60, 61]",cache/1756274460051.png,,,,
6322,978,yellow,small,metal,sphere,"[237, 138, 11.757930755615234]",998.0,"[220, 122, 31, 31]",cache/1756274460056.png,,,,
6323,978,red,large,metal,cube,"[261, 84, 13.747212409973145]",5360.0,"[225, 48, 73, 73]",cache/1756274460031.png,,,,
6324,978,cyan,small,rubber,cylinder,"[187, 234, 8.658393859863281]",2707.0,"[163, 203, 45, 60]",cache/1756274460046.png,,,,
6325,979,red,large,rubber,cylinder,"[215, 84, 14.124665260314941]",3497.0,"[187, 51, 53, 65]",cache/1756274353643.png,,,,
6326,979,blue,small,rubber,sphere,"[279, 112, 13.18150806427002]",800.0,"[264, 97, 27, 28]",cache/1756274353636.png,,,,
6327,979,green,large,metal,cube,"[97, 115, 12.002132415771484]",7473.0,"[50, 75, 90, 82]",cache/1756274353583.png,,,,
6328,979,yellow,small,rubber,cube,"[331, 202, 9.176108360290527]",1650.0,"[326, 174, 29, 56]",cache/1756274353649.png,,,,
6329,979,red,small,metal,cube,"[170, 162, 10.623614311218262]",2204.0,"[146, 137, 45, 48]",cache/1756274353609.png,,,,
6330,979,cyan,small,rubber,sphere,"[327, 119, 12.747313499450684]",853.0,"[312, 104, 29, 29]",cache/1756274353630.png,,,,
6331,979,green,large,rubber,sphere,"[403, 133, 11.07099723815918]",4739.0,"[368, 98, 69, 68]",cache/1756274353591.png,,,,
6332,979,green,large,rubber,cube,"[279, 213, 8.170392036437988]",14744.0,"[225, 151, 115, 127]",cache/1756274353574.png,,,,
6333,979,purple,small,metal,cube,"[124, 174, 10.132477760314941]",2278.0,"[99, 150, 47, 48]",cache/1756274353616.png,,,,
6334,979,gray,small,metal,cube,"[244, 141, 11.579123497009277]",1767.0,"[222, 118, 43, 40]",cache/1756274353624.png,,,,
6335,980,red,small,rubber,sphere,"[136, 170, 9.534236907958984]",1353.0,"[115, 149, 33, 40]",cache/1756274543549.png,,,,
6336,980,yellow,large,metal,cube,"[231, 76, 13.061588287353516]",5472.0,"[194, 38, 72, 75]",cache/1756274543534.png,,,,
6337,980,red,large,rubber,cylinder,"[193, 176, 8.636809349060059]",10346.0,"[145, 119, 89, 115]",cache/1756274543553.png,,,,
6338,980,purple,large,metal,cylinder,"[304, 82, 12.626607894897461]",4694.0,"[273, 45, 62, 74]",cache/1756274543542.png,,,,
6339,980,yellow,small,rubber,cube,"[165, 147, 10.35709285736084]",935.0,"[139, 121, 28, 32]",cache/1756274543560.png,,,,
6340,981,brown,small,metal,sphere,"[200, 98, 13.269350051879883]",778.0,"[186, 83, 27, 28]",cache/1756274583034.png,,,,
6341,981,blue,large,metal,sphere,"[327, 116, 11.235960006713867]",4347.0,"[295, 82, 65, 66]",cache/1756274582995.png,,,,
6342,981,red,small,rubber,cylinder,"[385, 161, 10.120316505432129]",2018.0,"[364, 136, 41, 48]",cache/1756274583041.png,,,,
6343,981,blue,large,metal,sphere,"[251, 76, 13.743452072143555]",2951.0,"[224, 47, 53, 54]",cache/1756274583005.png,,,,
6344,981,gray,large,rubber,cube,"[203, 217, 7.69780158996582]",17274.0,"[142, 150, 122, 140]",cache/1756274583022.png,,,,
6345,981,cyan,small,rubber,cylinder,"[126, 145, 10.745281219482422]",1137.0,"[107, 122, 34, 32]",cache/1756274583052.png,,,,
6346,981,green,large,rubber,cylinder,"[278, 158, 9.448266983032227]",8357.0,"[238, 107, 80, 103]",cache/1756274583046.png,,,,
6347,981,purple,large,rubber,sphere,"[150, 168, 9.07667350769043]",6589.0,"[108, 127, 80, 82]",cache/1756274583016.png,,,,
6348,981,red,small,metal,cube,"[311, 221, 8.24777603149414]",4108.0,"[279, 188, 62, 66]",cache/1756274583011.png,,,,
6349,981,green,small,rubber,cylinder,"[87, 135, 11.193583488464355]",1649.0,"[67, 113, 37, 43]",cache/1756274583029.png,,,,
6350,982,yellow,large,metal,cube,"[298, 108, 12.003846168518066]",7992.0,"[252, 68, 81, 98]",cache/1756274567628.png,,,,
6351,982,yellow,large,rubber,sphere,"[408, 124, 11.216876983642578]",4627.0,"[373, 90, 68, 67]",cache/1756274567574.png,,,,
6352,982,blue,large,metal,cube,"[184, 174, 9.244145393371582]",12400.0,"[127, 119, 108, 114]",cache/1756274567580.png,,,,
6353,982,green,small,metal,sphere,"[269, 150, 10.892495155334473]",1156.0,"[252, 132, 33, 34]",cache/1756274567622.png,,,,
6354,982,cyan,small,rubber,sphere,"[241, 223, 8.51809024810791]",1931.0,"[219, 201, 43, 44]",cache/1756274567588.png,,,,
6355,982,red,small,metal,sphere,"[213, 112, 12.747547149658203]",844.0,"[197, 96, 29, 29]",cache/1756274567604.png,,,,
6356,982,yellow,small,rubber,cube,"[351, 203, 9.078322410583496]",2999.0,"[325, 174, 53, 56]",cache/1756274567599.png,,,,
6357,982,green,small,metal,cube,"[369, 176, 9.911184310913086]",2162.0,"[349, 150, 41, 52]",cache/1756274567610.png,,,,
6358,982,red,small,metal,cylinder,"[101, 161, 10.439604759216309]",1915.0,"[79, 137, 40, 47]",cache/1756274567594.png,,,,
6359,982,purple,small,rubber,sphere,"[152, 132, 11.679814338684082]",12400.0,"[127, 119, 108, 114]",cache/1756274567580.png,,,,
6360,983,green,small,metal,cylinder,"[256, 135, 11.042147636413574]",1493.0,"[239, 113, 34, 43]",cache/1756274573422.png,,,,
6361,983,yellow,large,rubber,cube,"[326, 191, 8.304916381835938]",11965.0,"[280, 134, 101, 117]",cache/1756274573402.png,,,,
6362,983,red,large,rubber,sphere,"[139, 150, 9.614435195922852]",6070.0,"[99, 111, 78, 77]",cache/1756274573411.png,,,,
6363,983,brown,small,metal,cube,"[320, 105, 12.611778259277344]",1666.0,"[298, 84, 41, 40]",cache/1756274573427.png,,,,
6364,983,cyan,large,metal,cube,"[275, 78, 13.322110176086426]",4747.0,"[241, 42, 65, 72]",cache/1756274573416.png,,,,
6365,984,green,large,rubber,cylinder,"[333, 181, 9.494806289672852]",8948.0,"[291, 129, 84, 105]",cache/1756274565330.png,,,,
6366,984,yellow,small,rubber,cylinder,"[262, 93, 14.435064315795898]",865.0,"[248, 75, 26, 32]",cache/1756274565347.png,,,,
6367,984,cyan,large,rubber,cube,"[175, 108, 12.537409782409668]",6660.0,"[132, 68, 81, 81]",cache/1756274565324.png,,,,
6368,984,blue,large,metal,cube,"[391, 134, 11.26728630065918]",6625.0,"[357, 90, 74, 88]",cache/1756274565363.png,,,,
6369,984,yellow,small,rubber,cylinder,"[230, 163, 10.85971736907959]",1580.0,"[212, 139, 34, 45]",cache/1756274565358.png,,,,
6370,984,gray,small,rubber,sphere,"[282, 107, 13.541712760925293]",756.0,"[268, 92, 26, 28]",cache/1756274565342.png,,,,
6371,984,blue,large,metal,sphere,"[195, 204, 8.819437980651855]",7224.0,"[152, 162, 84, 85]",cache/1756274565307.png,,,,
6372,984,green,small,metal,sphere,"[90, 129, 12.344170570373535]",806.0,"[74, 113, 28, 28]",cache/1756274565336.png,,,,
6373,984,red,large,metal,cube,"[131, 164, 10.075209617614746]",10141.0,"[81, 112, 95, 106]",cache/1756274565315.png,,,,
6374,984,green,small,rubber,cylinder,"[325, 114, 13.117308616638184]",1063.0,"[310, 95, 30, 35]",cache/1756274565352.png,,,,
6375,985,red,small,rubber,cube,"[79, 139, 11.118575096130371]",2294.0,"[54, 115, 47, 48]",cache/1756274261287.png,,,,
6376,985,cyan,small,rubber,cube,"[236, 94, 13.307851791381836]",1481.0,"[216, 74, 38, 38]",cache/1756274261292.png,,,,
6377,985,gray,large,metal,cylinder,"[412, 142, 10.239890098571777]",8343.0,"[370, 94, 86, 96]",cache/1756274261301.png,,,,
6378,985,cyan,large,rubber,sphere,"[274, 183, 8.935126304626465]",6970.0,"[232, 141, 83, 83]",cache/1756274261281.png,,,,
6379,985,gray,small,metal,sphere,"[167, 103, 12.816840171813965]",858.0,"[152, 88, 28, 29]",cache/1756274261297.png,,,,
6380,985,yellow,small,rubber,cube,"[306, 123, 11.807605743408203]",1392.0,"[289, 102, 33, 41]",cache/1756274261307.png,,,,
6381,985,green,small,rubber,cylinder,"[292, 149, 10.751197814941406]",6970.0,"[232, 141, 83, 83]",cache/1756274261281.png,,,,
6382,986,green,small,metal,sphere,"[134, 201, 8.963540077209473]",1754.0,"[112, 179, 42, 41]",cache/1756274542236.png,,,,
6383,986,yellow,large,metal,cube,"[351, 137, 10.270929336547852]",9383.0,"[305, 89, 96, 97]",cache/1756274542230.png,,,,
6384,986,brown,large,rubber,cube,"[112, 103, 11.76416301727295]",6597.0,"[67, 62, 81, 80]",cache/1756274542224.png,,,,
6385,986,green,small,metal,cube,"[276, 95, 13.076504707336426]",1155.0,"[260, 76, 31, 36]",cache/1756274542240.png,,,,
6386,987,yellow,large,rubber,cube,"[203, 118, 11.899784088134766]",6161.0,"[163, 77, 74, 82]",cache/1756274583387.png,,,,
6387,987,yellow,large,metal,sphere,"[291, 188, 9.236981391906738]",6585.0,"[250, 147, 80, 81]",cache/1756274583392.png,,,,
6388,987,gray,small,rubber,cylinder,"[324, 166, 10.661264419555664]",6585.0,"[250, 147, 80, 81]",cache/1756274583392.png,,,,
6389,988,cyan,small,metal,sphere,"[209, 232, 8.386370658874512]",2007.0,"[186, 209, 44, 45]",cache/1756274491249.png,,,,
6390,988,yellow,small,metal,cylinder,"[187, 192, 9.404650688171387]",2248.0,"[165, 165, 41, 54]",cache/1756274491253.png,,,,
6391,988,cyan,small,rubber,sphere,"[159, 121, 11.992950439453125]",1002.0,"[143, 104, 31, 32]",cache/1756274491242.png,,,,
6392,989,green,small,metal,cylinder,"[282, 138, 11.795964241027832]",1360.0,"[265, 117, 32, 41]",cache/1756274495383.png,,,,
6393,989,gray,small,metal,cube,"[208, 101, 13.779276847839355]",1350.0,"[189, 82, 36, 37]",cache/1756274495401.png,,,,
6394,989,purple,small,rubber,cylinder,"[394, 167, 10.58785343170166]",1922.0,"[374, 143, 40, 47]",cache/1756274495366.png,,,,
6395,989,green,small,rubber,cylinder,"[226, 128, 12.256842613220215]",1217.0,"[210, 108, 30, 39]",cache/1756274495425.png,,,,
6396,990,green,small,metal,cube,"[147, 175, 10.118579864501953]",2451.0,"[121, 149, 48, 50]",cache/1756274281544.png,,,,
6397,990,brown,large,rubber,sphere,"[277, 199, 8.739027976989746]",7252.0,"[234, 156, 84, 85]",cache/1756274281514.png,,,,
6398,990,purple,large,rubber,cube,"[207, 126, 11.198068618774414]",6655.0,"[166, 83, 76, 87]",cache/1756274281538.png,,,,
6399,990,red,large,metal,cylinder,"[342, 99, 12.537096977233887]",4992.0,"[309, 61, 65, 76]",cache/1756274281549.png,,,,
6400,990,gray,small,metal,cube,"[253, 92, 13.890146255493164]",1234.0,"[236, 73, 33, 36]",cache/1756274281554.png,,,,
6401,990,purple,large,rubber,sphere,"[142, 110, 11.939470291137695]",3853.0,"[109, 78, 60, 63]",cache/1756274281532.png,,,,
6402,990,yellow,large,metal,cube,"[410, 147, 10.366798400878906]",9710.0,"[362, 100, 101, 95]",cache/1756274281521.png,,,,
6403,990,purple,small,rubber,sphere,"[201, 280, 7.518387317657471]",2550.0,"[176, 254, 49, 51]",cache/1756274281527.png,,,,
6404,991,red,small,rubber,cylinder,"[162, 157, 10.158889770507812]",1865.0,"[142, 132, 38, 48]",cache/1756274468116.png,,,,
6405,991,red,small,metal,cylinder,"[242, 142, 10.71615219116211]",1607.0,"[224, 118, 35, 45]",cache/1756274468104.png,,,,
6406,991,yellow,small,metal,sphere,"[308, 199, 8.859570503234863]",1784.0,"[286, 178, 42, 42]",cache/1756274468076.png,,,,
6407,991,yellow,large,rubber,cube,"[197, 83, 12.644429206848145]",6390.0,"[156, 43, 79, 80]",cache/1756274468099.png,,,,
6408,991,blue,small,rubber,sphere,"[329, 112, 11.986322402954102]",984.0,"[313, 96, 31, 31]",cache/1756274468089.png,,,,
6409,991,brown,large,metal,cylinder,"[209, 237, 7.398974418640137]",14585.0,"[154, 169, 104, 139]",cache/1756274468109.png,,,,
6410,991,purple,small,metal,sphere,"[152, 123, 11.501367568969727]",992.0,"[135, 106, 32, 30]",cache/1756274468094.png,,,,
6411,991,green,small,rubber,cube,"[89, 174, 9.592693328857422]",2624.0,"[62, 148, 50, 51]",cache/1756274468084.png,,,,
6412,991,gray,large,rubber,cylinder,"[262, 67, 13.611519813537598]",3867.0,"[234, 32, 55, 69]",cache/1756274468121.png,,,,
6413,992,blue,large,metal,sphere,"[365, 128, 10.984488487243652]",4805.0,"[330, 93, 69, 68]",cache/1756274344146.png,,,,
6414,992,red,small,metal,cylinder,"[123, 132, 11.664085388183594]",1460.0,"[104, 111, 35, 41]",cache/1756274344182.png,,,,
6415,992,green,large,rubber,cube,"[180, 97, 12.636054039001465]",4772.0,"[148, 59, 63, 75]",cache/1756274344170.png,,,,
6416,993,cyan,large,metal,sphere,"[294, 110, 11.82192325592041]",4072.0,"[261, 77, 63, 64]",cache/1756274531644.png,,,,
6417,993,red,small,rubber,cylinder,"[197, 102, 13.1908540725708]",1044.0,"[182, 83, 29, 35]",cache/1756274531658.png,,,,
6418,993,gray,large,rubber,cylinder,"[138, 163, 9.52733039855957]",8922.0,"[92, 112, 85, 103]",cache/1756274531651.png,,,,
6419,994,blue,large,rubber,sphere,"[275, 121, 11.268247604370117]",4405.0,"[241, 87, 66, 66]",cache/1756274533905.png,,,,
6420,994,yellow,small,metal,cube,"[160, 118, 12.22702693939209]",1623.0,"[140, 96, 38, 42]",cache/1756274533916.png,,,,
6421,994,brown,small,metal,sphere,"[238, 175, 10.030739784240723]",1378.0,"[218, 156, 36, 37]",cache/1756274533912.png,,,,
6422,995,brown,large,rubber,cube,"[229, 115, 11.278196334838867]",7905.0,"[185, 69, 87, 89]",cache/1756274554069.png,,,,
6423,995,purple,large,rubber,cylinder,"[289, 76, 13.19622802734375]",4236.0,"[261, 39, 58, 72]",cache/1756274554076.png,,,,
6424,995,red,large,rubber,cylinder,"[189, 194, 8.708486557006836]",10362.0,"[143, 136, 88, 116]",cache/1756274554088.png,,,,
6425,995,purple,small,rubber,sphere,"[130, 153, 10.581655502319336]",1256.0,"[111, 134, 35, 35]",cache/1756274554094.png,,,,
6426,995,red,small,rubber,cube,"[391, 172, 9.93285846710205]",2327.0,"[369, 146, 45, 51]",cache/1756274554064.png,,,,
6427,995,brown,large,metal,sphere,"[67, 127, 10.797344207763672]",5011.0,"[30, 91, 71, 69]",cache/1756274554058.png,,,,
6428,995,yellow,large,rubber,cube,"[263, 250, 7.48649263381958]",17062.0,"[205, 180, 122, 139]",cache/1756274554047.png,,,,
6429,995,green,large,rubber,cylinder,"[284, 171, 9.310810089111328]",7974.0,"[244, 118, 82, 96]",cache/1756274554082.png,,,,
6430,995,yellow,small,metal,cylinder,"[179, 101, 12.734015464782715]",917.0,"[163, 81, 24, 38]",cache/1756274554099.png,,,,
6431,996,brown,large,metal,sphere,"[204, 81, 13.652043342590332]",2996.0,"[176, 53, 53, 55]",cache/1756274337686.png,,,,
6432,996,purple,small,rubber,sphere,"[369, 174, 10.079545021057129]",1396.0,"[351, 155, 36, 38]",cache/1756274337670.png,,,,
6433,996,cyan,small,rubber,cylinder,"[146, 119, 12.40213394165039]",7578.0,"[138, 104, 77, 98]",cache/1756274337691.png,,,,
6434,996,purple,large,rubber,sphere,"[106, 129, 11.043381690979004]",4626.0,"[71, 95, 67, 68]",cache/1756274337662.png,,,,
6435,996,gray,large,rubber,cylinder,"[305, 203, 8.545232772827148]",11018.0,"[259, 145, 92, 118]",cache/1756274337680.png,,,,
6436,996,green,large,metal,cube,"[252, 114, 11.745342254638672]",7646.0,"[209, 71, 86, 88]",cache/1756274337675.png,,,,
6437,996,gray,large,metal,cylinder,"[179, 153, 10.101086616516113]",7578.0,"[138, 104, 77, 98]",cache/1756274337691.png,,,,
6438,997,green,large,rubber,cylinder,"[191, 146, 10.323552131652832]",6603.0,"[151, 99, 75, 88]",cache/1756274354087.png,,,,
6439,997,green,small,rubber,sphere,"[418, 146, 11.12524700164795]",1191.0,"[400, 129, 35, 34]",cache/1756274354082.png,,,,
6440,997,yellow,small,metal,cylinder,"[352, 200, 9.209470748901367]",2459.0,"[329, 172, 44, 54]",cache/1756274354094.png,,,,
6441,997,blue,large,metal,sphere,"[278, 168, 9.523938179016113]",6226.0,"[238, 128, 78, 79]",cache/1756274354063.png,,,,
6442,997,cyan,small,rubber,cylinder,"[243, 86, 14.616844177246094]",817.0,"[229, 69, 26, 31]",cache/1756274354111.png,,,,
6443,997,purple,small,rubber,cylinder,"[118, 120, 12.394144058227539]",1266.0,"[101, 100, 33, 38]",cache/1756274354105.png,,,,
6444,997,red,large,metal,sphere,"[354, 117, 11.683393478393555]",4168.0,"[321, 84, 64, 64]",cache/1756274354070.png,,,,
6445,997,red,large,metal,cube,"[166, 94, 12.990072250366211]",5691.0,"[124, 56, 78, 72]",cache/1756274354075.png,,,,
6446,997,yellow,large,metal,cube,"[202, 245, 7.451934814453125]",18306.0,"[134, 175, 126, 144]",cache/1756274354053.png,,,,
6447,997,blue,small,metal,cylinder,"[303, 102, 13.443866729736328]",1025.0,"[288, 84, 29, 34]",cache/1756274354100.png,,,,
6448,998,gray,small,rubber,cylinder,"[222, 99, 14.068025588989258]",891.0,"[207, 81, 27, 32]",cache/1756274297126.png,,,,
6449,998,brown,large,rubber,cube,"[304, 164, 9.801350593566895]",11378.0,"[253, 111, 104, 108]",cache/1756274297103.png,,,,
6450,998,blue,small,rubber,cylinder,"[188, 125, 12.376832008361816]",1197.0,"[172, 106, 31, 38]",cache/1756274297139.png,,,,
6451,998,brown,small,metal,cylinder,"[65, 145, 11.40294361114502]",1550.0,"[44, 123, 36, 42]",cache/1756274297111.png,,,,
6452,998,gray,small,rubber,cylinder,"[95, 165, 10.531012535095215]",1530.0,"[73, 141, 32, 46]",cache/1756274297135.png,,,,
6453,998,gray,small,rubber,cylinder,"[308, 112, 13.1460542678833]",700.0,"[293, 94, 29, 23]",cache/1756274297144.png,,,,
6454,998,cyan,large,rubber,cylinder,"[147, 176, 9.37425422668457]",9107.0,"[101, 124, 86, 105]",cache/1756274297116.png,,,,
6455,998,blue,small,rubber,cylinder,"[255, 134, 11.913742065429688]",1290.0,"[238, 113, 31, 40]",cache/1756274297130.png,,,,
6456,998,red,small,metal,cube,"[268, 104, 13.715014457702637]",1067.0,"[252, 86, 31, 33]",cache/1756274297121.png,,,,
6457,999,red,small,metal,cube,"[63, 157, 10.582722663879395]",2444.0,"[38, 132, 48, 50]",cache/1756274526667.png,,,,
6458,999,cyan,small,metal,sphere,"[325, 203, 9.100582122802734]",1704.0,"[304, 181, 41, 41]",cache/1756274526685.png,,,,
6459,999,yellow,small,metal,cube,"[244, 92, 13.824982643127441]",1257.0,"[226, 74, 34, 35]",cache/1756274526679.png,,,,
6460,999,blue,large,rubber,sphere,"[121, 121, 11.292481422424316]",4318.0,"[87, 87, 66, 64]",cache/1756274526718.png,,,,
6461,999,green,large,rubber,cylinder,"[213, 229, 7.817192077636719]",12985.0,"[162, 165, 98, 131]",cache/1756274526765.png,,,,
6462,999,brown,large,rubber,sphere,"[147, 172, 9.355202674865723]",6394.0,"[106, 131, 79, 80]",cache/1756274526695.png,,,,
6463,999,green,small,rubber,cylinder,"[394, 163, 10.365177154541016]",1970.0,"[374, 139, 41, 47]",cache/1756274526736.png,,,,
6464,999,yellow,small,rubber,sphere,"[198, 103, 13.179632186889648]",798.0,"[183, 88, 27, 28]",cache/1756274526707.png,,,,
6465,999,green,small,metal,sphere,"[339, 123, 12.09687328338623]",963.0,"[322, 106, 31, 30]",cache/1756274526726.png,,,,
6466,999,red,small,rubber,cylinder,"[414, 142, 11.207756042480469]",1970.0,"[374, 139, 41, 47]",cache/1756274526736.png,,,,
