image_index,area,box,file
443,3143,136-87-62-61,cache/1756174911390.png
443,1806,329-139-45-48,cache/1756174911449.png
101,7515,307-99-96-99,cache/1756174911854.png
101,1550,261-120-41-44,cache/1756174911866.png
168,5321,122-56-81-78,cache/1756174912459.png
168,7369,388-95-92-97,cache/1756174912467.png
168,2271,356-147-53-54,cache/1756174912476.png
168,3598,280-96-68-68,cache/1756174912483.png
168,1501,133-186-42-41,cache/1756174912490.png
168,3771,241-42-62-66,cache/1756174912496.png
168,2294,209-117-81-35,cache/1756174912502.png
830,4547,80-76-67-77,cache/1756174912986.png
830,5169,98-152-80-80,cache/1756174913006.png
830,4027,181-53-65-68,cache/1756174913013.png
830,1392,389-128-45-41,cache/1756174913019.png
830,1415,278-140-35-44,cache/1756174913024.png
807,5843,154-176-84-86,cache/1756174913489.png
807,6341,196-109-82-92,cache/1756174913497.png
807,1541,353-127-41-41,cache/1756174913504.png
288,4878,330-115-78-77,cache/1756174914083.png
288,2457,277-192-46-60,cache/1756174914090.png
288,5170,272-63-68-84,cache/1756174914096.png
288,1455,131-185-41-42,cache/1756174914103.png
288,2014,75-155-45-53,cache/1756174914109.png
288,2032,24-126-52-51,cache/1756174914114.png
288,1327,274-63-66-25,cache/1756174914120.png
240,11887,107-147-116-132,cache/1756174914756.png
240,5827,168-105-91-97,cache/1756174914767.png
240,4898,354-85-73-88,cache/1756174914775.png
240,3044,199-42-68-64,cache/1756174914782.png
240,2337,295-117-79-36,cache/1756174914789.png
240,2504,225-77-61-62,cache/1756174914796.png
111,9416,288-139-93-116,cache/1756174915256.png
111,5471,352-96-79-94,cache/1756174915265.png
111,2632,143-60-57-56,cache/1756174915272.png
111,7578,42-87-100-93,cache/1756174915278.png
111,2990,294-70-61-60,cache/1756174915286.png
111,2066,172-172-41-54,cache/1756174915292.png
356,4767,313-115-77-76,cache/1756174915850.png
356,5760,147-62-78-85,cache/1756174915907.png
356,1683,232-112-42-46,cache/1756174915928.png
356,1991,55-121-51-49,cache/1756174915936.png
356,2095,268-165-42-54,cache/1756174915943.png
934,4681,111-121-77-75,cache/1756174916378.png
934,4095,0-97-87-69,cache/1756174916385.png
934,4509,160-74-66-82,cache/1756174916392.png
749,3706,154-104-67-67,cache/1756174916988.png
749,5413,249-155-81-82,cache/1756174916995.png
749,6440,309-106-78-97,cache/1756174917002.png
749,6358,54-82-88-92,cache/1756174917009.png
749,2785,370-90-63-64,cache/1756174917016.png
749,4707,232-71-63-80,cache/1756174917022.png
753,7188,99-111-81-100,cache/1756174917405.png
753,1951,193-166-39-53,cache/1756174917413.png
753,3876,216-41-62-67,cache/1756174917418.png
753,1458,303-86-69-25,cache/1756174917424.png
119,8992,127-115-92-104,cache/1756174917866.png
119,1924,256-50-56-55,cache/1756174917874.png
119,6068,210-79-78-90,cache/1756174917879.png
119,2117,315-143-48-50,cache/1756174917885.png
445,11837,121-147-112-130,cache/1756174918232.png
333,6872,35-95-84-96,cache/1756174918625.png
333,2133,254-172-42-55,cache/1756174918633.png
333,1693,208-114-44-46,cache/1756174918638.png
333,1890,376-151-43-50,cache/1756174918643.png
333,1837,308-124-47-48,cache/1756174918648.png
333,1973,149-158-41-52,cache/1756174918654.png
530,4966,348-74-71-79,cache/1756174919092.png
530,2781,296-178-55-59,cache/1756174919100.png
530,3112,233-204-53-64,cache/1756174919106.png
530,4858,111-124-78-77,cache/1756174919112.png
323,11325,125-171-98-149,cache/1756174919623.png
323,8530,342-115-100-110,cache/1756174919635.png
323,4772,73-70-69-80,cache/1756174919645.png
323,3835,214-37-70-69,cache/1756174919651.png
323,2610,382-90-73-84,cache/1756174919658.png
323,1440,136-128-36-44,cache/1756174919664.png
832,5445,132-135-82-82,cache/1756174920130.png
832,5758,62-76-76-87,cache/1756174920138.png
832,4212,126-54-63-76,cache/1756174920146.png
832,1769,289-146-39-50,cache/1756174920153.png
832,2137,393-130-52-49,cache/1756174920158.png
832,3895,200-240-60-80,cache/1756174920164.png
174,6178,118-95-74-92,cache/1756174920691.png
174,7583,337-113-86-102,cache/1756174920698.png
174,3090,131-190-59-64,cache/1756174920706.png
174,4663,288-78-68-82,cache/1756174920712.png
174,1700,260-64-52-57,cache/1756174920719.png
174,2065,222-143-48-51,cache/1756174920724.png
284,2288,217-187-43-58,cache/1756174921137.png
284,2281,341-163-48-51,cache/1756174921143.png
284,2392,243-51-54-54,cache/1756174921148.png
284,6802,262-102-77-97,cache/1756174921153.png
284,1847,264-102-75-30,cache/1756174921160.png
462,6833,120-89-85-95,cache/1756174921560.png
462,1765,208-224-45-47,cache/1756174921567.png
462,1383,297-180-41-40,cache/1756174921573.png
149,8436,68-115-102-108,cache/1756174922071.png
149,6133,201-182-86-87,cache/1756174922081.png
149,6200,184-87-80-90,cache/1756174922093.png
149,2438,252-62-54-55,cache/1756174922109.png
149,3921,327-111-69-69,cache/1756174922122.png
149,1090,180-67-55-40,cache/1756174922136.png
613,3895,126-64-60-71,cache/1756174922447.png
613,2145,319-164-49-54,cache/1756174922452.png
684,3747,294-56-60-73,cache/1756174922828.png
684,2738,157-199-51-63,cache/1756174922834.png
684,8273,67-117-89-104,cache/1756174922841.png
684,1547,344-136-38-45,cache/1756174922849.png
956,7232,342-102-85-98,cache/1756174923365.png
956,6917,213-119-90-104,cache/1756174923372.png
956,4307,131-105-73-73,cache/1756174923380.png
956,7644,173-177-97-98,cache/1756174923387.png
956,4333,298-66-70-79,cache/1756174923394.png
581,8490,304-99-104-102,cache/1756174923927.png
581,1868,341-77-68-41,cache/1756174923935.png
581,6617,221-87-82-91,cache/1756174923940.png
581,4657,155-70-63-78,cache/1756174923946.png
581,1580,195-50-50-53,cache/1756174923952.png
581,2108,129-155-44-53,cache/1756174923957.png
343,8492,249-130-96-109,cache/1756174924443.png
343,6167,46-89-84-82,cache/1756174924451.png
343,4805,326-99-71-88,cache/1756174924457.png
343,4217,146-70-61-74,cache/1756174924464.png
188,5100,193-153-79-80,cache/1756174924864.png
188,4407,49-74-71-80,cache/1756174924870.png
188,1973,248-39-53-64,cache/1756174924876.png
188,1499,86-135-38-44,cache/1756174924881.png
188,1651,345-151-39-47,cache/1756174924886.png
397,6204,44-73-91-84,cache/1756174925298.png
397,5450,234-153-82-81,cache/1756174925306.png
397,3706,160-54-57-70,cache/1756174925313.png
397,2783,294-72-59-57,cache/1756174925318.png
397,1776,180-152-38-47,cache/1756174925324.png
536,4529,217-32-73-72,cache/1756174925643.png
536,3869,159-222-61-72,cache/1756174925650.png
536,2518,330-180-48-60,cache/1756174925656.png
659,4935,186-78-64-81,cache/1756174926014.png
659,4698,265-126-76-77,cache/1756174926021.png
764,6673,42-83-95-93,cache/1756174926652.png
764,2721,183-69-57-57,cache/1756174926659.png
764,1646,120-146-41-45,cache/1756174926665.png
764,2201,156-159-50-54,cache/1756174926669.png
764,4506,265-50-71-74,cache/1756174926674.png
850,9231,293-126-100-116,cache/1756174927181.png
850,4679,126-57-77-78,cache/1756174927190.png
850,4805,54-72-89-80,cache/1756174927196.png
850,2903,152-209-52-61,cache/1756174927203.png
850,2957,252-73-60-60,cache/1756174927209.png
850,4653,78-125-77-75,cache/1756174927214.png
850,1395,218-195-40-41,cache/1756174927221.png
146,5273,51-77-74-83,cache/1756174927643.png
146,3028,223-42-53-65,cache/1756174927649.png
146,1864,325-131-46-49,cache/1756174927655.png
146,2866,187-222-47-65,cache/1756174927660.png
873,5983,331-134-87-84,cache/1756174928124.png
873,3068,118-59-61-61,cache/1756174928134.png
873,2457,198-180-44-60,cache/1756174928140.png
873,3512,140-215-57-72,cache/1756174928146.png
873,1514,288-119-36-45,cache/1756174928152.png
873,1420,259-97-42-44,cache/1756174928157.png
873,1229,299-90-41-40,cache/1756174928164.png
873,1848,57-106-49-45,cache/1756174928170.png
654,7159,263-137-84-111,cache/1756174928665.png
654,4289,308-60-63-76,cache/1756174928674.png
654,3813,152-51-58-71,cache/1756174928681.png
654,5319,163-172-123-73,cache/1756174928686.png
654,1883,57-103-76-31,cache/1756174928693.png
757,4673,98-70-66-79,cache/1756174929170.png
757,3929,252-45-62-70,cache/1756174929176.png
757,3324,191-91-64-63,cache/1756174929182.png
757,2729,182-203-50-63,cache/1756174929188.png
757,2099,133-182-42-55,cache/1756174929194.png
757,2211,327-154-52-54,cache/1756174929199.png
757,2786,254-220-47-61,cache/1756174929205.png
757,1535,396-136-40-45,cache/1756174929211.png
863,3746,246-43-56-68,cache/1756174929540.png
863,1898,138-136-45-48,cache/1756174929545.png
676,1631,315-104-45-44,cache/1756174929984.png
676,1608,240-121-42-46,cache/1756174929989.png
676,2727,306-191-52-57,cache/1756174929994.png
676,7162,145-183-94-95,cache/1756174930000.png
676,1926,405-133-49-50,cache/1756174930007.png
676,1382,205-172-49-53,cache/1756174930012.png
676,1734,271-149-38-49,cache/1756174930017.png
985,5383,233-142-81-81,cache/1756174930411.png
985,1717,55-116-46-47,cache/1756174930418.png
985,6780,371-95-85-95,cache/1756174930423.png
985,1885,379-95-76-31,cache/1756174930430.png
382,7263,302-76-92-90,cache/1756174930821.png
382,3232,162-66-63-63,cache/1756174930829.png
382,2378,233-151-49-55,cache/1756174930835.png
382,1733,416-124-43-47,cache/1756174930840.png
170,5856,397-88-83-95,cache/1756174931551.png
170,1405,80-124-35-44,cache/1756174931560.png
170,1585,204-141-36-47,cache/1756174931565.png
170,3438,253-153-91-47,cache/1756174931570.png
170,6902,338-109-82-99,cache/1756174931577.png
170,2623,115-128-83-39,cache/1756174931584.png
249,2154,217-61-53-53,cache/1756174931943.png
249,3209,179-94-63-62,cache/1756174931949.png
249,1921,333-173-41-52,cache/1756174931954.png
975,5391,180-135-81-83,cache/1756174932416.png
975,3396,145-98-69-69,cache/1756174932422.png
975,1686,83-138-40-47,cache/1756174932430.png
975,5351,249-79-68-86,cache/1756174932435.png
975,2802,301-188-52-58,cache/1756174932441.png
975,1599,225-64-54-58,cache/1756174932447.png
161,6939,295-106-99-100,cache/1756174933153.png
161,5810,33-99-75-88,cache/1756174933161.png
161,5823,254-164-85-84,cache/1756174933167.png
161,2328,217-63-54-53,cache/1756174933174.png
161,2475,160-99-61-64,cache/1756174933179.png
161,1983,186-177-40-53,cache/1756174933185.png
161,7052,106-119-80-99,cache/1756174933191.png
782,5316,87-75-71-83,cache/1756174933662.png
782,6392,402-90-78-92,cache/1756174933669.png
782,5297,192-65-73-80,cache/1756174933675.png
782,1335,116-169-40-40,cache/1756174933682.png
224,7190,296-85-94-96,cache/1756174934279.png
224,2647,210-129-85-38,cache/1756174934287.png
224,1635,81-134-40-47,cache/1756174934292.png
224,1992,301-85-88-38,cache/1756174934297.png
915,5881,137-147-85-85,cache/1756174934791.png
915,3720,293-88-68-67,cache/1756174934797.png
915,6132,205-67-83-87,cache/1756174934803.png
915,2232,357-137-53-53,cache/1756174934809.png
915,1617,207-67-80-31,cache/1756174934814.png
81,10266,230-156-93-124,cache/1756174935328.png
81,2457,166-58-54-55,cache/1756174935340.png
81,2137,224-46-50-50,cache/1756174935346.png
81,4492,311-66-64-77,cache/1756174935352.png
81,1421,97-98-67-33,cache/1756174935358.png
81,7810,89-122-85-104,cache/1756174935363.png
81,2296,88-122-82-34,cache/1756174935372.png
456,7680,238-127-81-105,cache/1756174935863.png
456,2030,377-141-52-49,cache/1756174935873.png
456,1427,107-110-40-39,cache/1756174935878.png
456,3062,193-232-49-65,cache/1756174935883.png
456,4124,272-93-82-85,cache/1756174935888.png
337,4479,179-84-71-81,cache/1756174936281.png
337,2256,219-127-79-34,cache/1756174936287.png
337,2218,331-155-53-52,cache/1756174936292.png
337,2632,179-109-62-55,cache/1756174936297.png
401,7026,355-108-86-105,cache/1756174936865.png
401,4961,111-63-68-81,cache/1756174936873.png
401,11950,263-140-112-123,cache/1756174936879.png
425,1766,226-129-44-46,cache/1756174937176.png
425,1355,302-185-40-40,cache/1756174937182.png
96,4333,207-41-71-71,cache/1756174937510.png
96,1861,134-149-40-49,cache/1756174937516.png
96,1879,254-132-46-49,cache/1756174937521.png
96,2217,341-116-81-34,cache/1756174937526.png
913,4240,126-128-72-72,cache/1756174937950.png
913,4431,81-84-68-82,cache/1756174937958.png
913,6215,205-183-87-89,cache/1756174937965.png
913,3614,376-102-68-65,cache/1756174937973.png
913,1960,276-165-48-54,cache/1756174937979.png
47,8066,145-137-83-108,cache/1756174938447.png
47,3034,229-39-50-63,cache/1756174938455.png
47,1384,136-105-42-40,cache/1756174938460.png
47,1286,358-90-63-25,cache/1756174938465.png
47,8163,349-114-97-95,cache/1756174938470.png
217,5170,168-154-80-81,cache/1756174938873.png
217,3363,339-94-65-63,cache/1756174938880.png
217,2212,229-50-51-52,cache/1756174938886.png
217,3674,151-52-56-70,cache/1756174938891.png
217,2108,115-154-50-52,cache/1756174938896.png
103,7468,232-138-79-104,cache/1756174939287.png
103,1307,33-92-66-24,cache/1756174939294.png
103,5146,33-92-73-82,cache/1756174939298.png
586,2960,136-93-65-57,cache/1756174939718.png
586,5025,308-138-80-78,cache/1756174939724.png
586,1789,84-154-41-49,cache/1756174939730.png
586,2917,142-141-85-42,cache/1756174939735.png
359,4495,211-110-74-74,cache/1756174940101.png
359,4870,284-72-68-83,cache/1756174940107.png
359,2353,151-179-44-57,cache/1756174940113.png
359,1810,52-122-44-45,cache/1756174940118.png
359,1425,117-100-40-41,cache/1756174940123.png
359,2423,337-118-87-35,cache/1756174940128.png
173,6604,153-169-90-92,cache/1756174940649.png
173,5826,276-70-87-79,cache/1756174940657.png
173,3829,224-34-69-68,cache/1756174940664.png
173,5420,268-140-82-82,cache/1756174940669.png
173,7880,93-106-113-110,cache/1756174940676.png
173,2430,357-156-56-55,cache/1756174940685.png
569,5201,84-70-81-80,cache/1756174941097.png
569,1711,143-132-44-46,cache/1756174941103.png
569,3302,263-53-54-66,cache/1756174941109.png
569,1883,245-178-38-52,cache/1756174941114.png
569,6857,325-104-88-96,cache/1756174941119.png
569,1273,266-153-36-47,cache/1756174941126.png
569,3404,204-44-60-63,cache/1756174941131.png
728,5210,305-79-70-83,cache/1756174941511.png
728,2307,116-181-45-57,cache/1756174941518.png
728,1588,69-130-39-45,cache/1756174941523.png
728,3116,227-44-52-64,cache/1756174941528.png
728,5152,92-62-79-80,cache/1756174941533.png
728,1322,282-173-39-40,cache/1756174941540.png
728,2119,365-151-49-54,cache/1756174941544.png
494,6316,0-82-95-89,cache/1756174941989.png
494,3429,85-141-108-52,cache/1756174941996.png
494,10684,84-141-113-118,cache/1756174942001.png
494,5627,226-77-79-83,cache/1756174942009.png
785,8025,324-94-102-99,cache/1756174942366.png
785,3371,186-46-54-66,cache/1756174942374.png
785,3652,285-58-60-72,cache/1756174942379.png
785,2476,276-194-45-60,cache/1756174942384.png
868,4209,150-67-63-78,cache/1756174942706.png
868,2267,112-157-50-52,cache/1756174942713.png
868,6595,205-96-74-92,cache/1756174942718.png
365,8511,284-103-103-103,cache/1756174943232.png
365,2309,206-185-48-57,cache/1756174943240.png
365,3084,63-79-70-62,cache/1756174943246.png
365,8031,72-123-89-105,cache/1756174943251.png
365,2248,72-122-83-34,cache/1756174943258.png
285,5937,294-152-87-85,cache/1756174943631.png
285,3433,170-83-65-64,cache/1756174943638.png
285,4908,111-127-78-77,cache/1756174943644.png
285,3092,308-70-62-61,cache/1756174943650.png
399,11198,207-160-96-128,cache/1756174944083.png
399,1679,267-117-43-44,cache/1756174944092.png
399,4262,195-66-61-77,cache/1756174944096.png
399,1334,111-171-40-39,cache/1756174944102.png
399,1521,177-129-36-44,cache/1756174944107.png
121,4077,275-66-63-75,cache/1756174944472.png
121,1960,125-165-41-52,cache/1756174944477.png
121,1538,115-125-38-42,cache/1756174944482.png
121,4377,312-115-74-72,cache/1756174944487.png
121,1869,171-80-61-45,cache/1756174944492.png
562,9895,181-125-109-114,cache/1756174944887.png
562,2304,175-60-53-53,cache/1756174944896.png
562,2671,251-71-57-57,cache/1756174944902.png
562,1671,351-145-39-47,cache/1756174944908.png
562,1731,98-135-42-44,cache/1756174944913.png
562,1797,186-223-46-47,cache/1756174944918.png
274,6511,200-182-89-91,cache/1756174945329.png
274,6852,232-92-90-94,cache/1756174945337.png
274,2070,312-150-50-51,cache/1756174945344.png
274,4123,176-66-72-76,cache/1756174945350.png
274,2262,257-54-56-47,cache/1756174945356.png
274,1574,157-119-42-44,cache/1756174945362.png
579,5308,243-55-78-82,cache/1756174945701.png
579,4016,376-102-72-68,cache/1756174945708.png
686,4016,276-110-70-70,cache/1756174946234.png
686,2737,122-184-52-58,cache/1756174946241.png
686,1775,76-150-41-48,cache/1756174946246.png
686,2264,250-65-52-55,cache/1756174946252.png
686,4881,109-80-67-80,cache/1756174946257.png
686,1894,247-164-39-51,cache/1756174946263.png
686,3533,297-70-73-79,cache/1756174946268.png
243,4252,195-229-69-91,cache/1756174946900.png
243,6771,113-158-92-91,cache/1756174946906.png
243,3964,41-92-72-68,cache/1756174946914.png
243,2861,277-80-64-52,cache/1756174946921.png
243,1368,101-139-39-48,cache/1756174946928.png
243,2107,365-158-45-53,cache/1756174946933.png
243,10267,255-129-97-118,cache/1756174946944.png
243,1610,379-130-51-47,cache/1756174946954.png
282,11485,152-135-108-125,cache/1756174947530.png
282,3243,110-79-64-63,cache/1756174947540.png
282,3936,250-96-69-70,cache/1756174947546.png
282,5313,309-127-82-80,cache/1756174947551.png
282,749,139-134-43-45,cache/1756174947557.png
580,4473,272-118-79-101,cache/1756174947975.png
580,11170,225-158-100-126,cache/1756174947981.png
580,1367,153-93-40-40,cache/1756174947990.png
378,7728,377-100-103-100,cache/1756174948485.png
378,5002,132-117-78-78,cache/1756174948493.png
378,8364,204-184-101-103,cache/1756174948500.png
378,3746,307-83-68-67,cache/1756174948507.png
378,7156,45-81-93-97,cache/1756174948513.png
378,2556,103-184-48-60,cache/1756174948521.png
378,1383,313-170-40-40,cache/1756174948526.png
254,8587,75-120-109-114,cache/1756174949192.png
254,10382,157-163-93-124,cache/1756174949201.png
254,4048,236-112-71-70,cache/1756174949209.png
254,3835,72-78-82-65,cache/1756174949215.png
254,7114,364-87-116-94,cache/1756174949221.png
79,5406,95-127-82-80,cache/1756174949703.png
79,1689,312-133-38-48,cache/1756174949709.png
105,5697,133-78-74-82,cache/1756174950214.png
105,2240,202-46-52-52,cache/1756174950223.png
105,4543,305-64-65-77,cache/1756174950231.png
105,1807,376-134-44-49,cache/1756174950239.png
105,2249,260-55-50-55,cache/1756174950245.png
105,2233,240-171-43-53,cache/1756174950255.png
739,6826,194-105-75-99,cache/1756174950780.png
739,2567,157-56-55-56,cache/1756174950791.png
739,2016,265-176-42-55,cache/1756174950801.png
739,1709,370-93-75-29,cache/1756174950808.png
739,2998,148-191-59-64,cache/1756174950816.png
739,1060,149-191-55-31,cache/1756174950823.png
203,3048,65-80-62-59,cache/1756174951219.png
203,3362,250-48-54-66,cache/1756174951237.png
203,4766,65-80-71-101,cache/1756174951250.png
203,1379,308-97-41-40,cache/1756174951268.png
203,1769,90-134-46-48,cache/1756174951277.png
203,1572,207-123-39-44,cache/1756174951284.png
124,10420,215-171-93-126,cache/1756174951811.png
124,1406,364-124-37-43,cache/1756174951834.png
124,7012,130-115-79-99,cache/1756174951849.png
95,5393,28-80-76-85,cache/1756174952376.png
95,5849,265-165-85-85,cache/1756174952387.png
95,6799,152-189-91-93,cache/1756174952405.png
95,2425,108-174-52-54,cache/1756174952430.png
95,1864,327-130-48-48,cache/1756174952446.png
95,5440,378-82-76-85,cache/1756174952459.png
389,10024,248-148-93-120,cache/1756174953013.png
389,2094,234-42-50-61,cache/1756174953040.png
389,4361,202-70-60-76,cache/1756174953048.png
389,2092,122-165-43-52,cache/1756174953058.png
389,1997,175-148-44-51,cache/1756174953068.png
389,1474,382-127-38-43,cache/1756174953074.png
389,5905,92-96-81-94,cache/1756174953081.png
596,10820,249-139-106-117,cache/1756174953552.png
596,11957,118-145-115-131,cache/1756174953563.png
596,1791,80-145-49-51,cache/1756174953575.png
596,1378,341-126-36-43,cache/1756174953581.png
127,8281,365-95-115-97,cache/1756174954128.png
127,12212,202-187-102-133,cache/1756174954139.png
127,3607,190-56-60-77,cache/1756174954151.png
127,6235,253-122-82-105,cache/1756174954159.png
127,1397,59-111-38-42,cache/1756174954170.png
127,2245,102-183-45-56,cache/1756174954183.png
127,5711,140-84-71-88,cache/1756174954194.png
647,6753,60-80-86-96,cache/1756174954592.png
647,2321,145-144-52-55,cache/1756174954600.png
647,5615,224-135-83-84,cache/1756174954607.png
647,2744,133-57-59-58,cache/1756174954615.png
647,1483,294-110-38-41,cache/1756174954623.png
647,1529,332-99-42-41,cache/1756174954628.png
153,2324,242-54-53-56,cache/1756174954951.png
153,4633,283-72-67-82,cache/1756174954956.png
153,2548,327-126-84-38,cache/1756174954962.png
758,8800,92-133-90-112,cache/1756174955330.png
758,4397,199-117-73-74,cache/1756174955340.png
758,1353,177-87-39-40,cache/1756174955347.png
758,1599,273-211-43-44,cache/1756174955353.png
758,1743,328-130-42-45,cache/1756174955358.png
791,11298,224-149-114-128,cache/1756174955802.png
791,6108,139-72-85-88,cache/1756174955812.png
884,5764,114-135-85-84,cache/1756174956274.png
12,8617,332-108-107-104,cache/1756174956653.png
12,3259,248-46-53-65,cache/1756174956663.png
12,2463,94-130-83-37,cache/1756174956669.png
437,3453,259-50-73-72,cache/1756174957081.png
437,5343,128-66-73-78,cache/1756174957088.png
437,1714,78-133-41-47,cache/1756174957094.png
437,6812,214-77-84-93,cache/1756174957099.png
818,6780,72-82-95-91,cache/1756174957557.png
818,5482,122-151-83-82,cache/1756174957566.png
818,4619,256-107-75-96,cache/1756174957574.png
818,3378,215-154-88-47,cache/1756174957581.png
818,1905,73-82-89-36,cache/1756174957587.png
70,7657,123-117-101-112,cache/1756174958019.png
70,10971,189-167-95-128,cache/1756174958029.png
70,3174,234-42-52-64,cache/1756174958038.png
70,2001,377-148-46-47,cache/1756174958044.png
357,5155,96-149-80-79,cache/1756174958540.png
357,2304,178-202-43-58,cache/1756174958550.png
357,5180,223-62-76-79,cache/1756174958556.png
357,1588,211-146-35-48,cache/1756174958562.png
357,1319,345-79-66-24,cache/1756174958568.png
357,4857,146-70-65-78,cache/1756174958573.png
357,1334,146-70-63-25,cache/1756174958579.png
357,1490,51-130-39-44,cache/1756174958584.png
990,5657,235-156-83-84,cache/1756174959105.png
990,3008,110-79-60-61,cache/1756174959112.png
990,6039,167-84-75-86,cache/1756174959118.png
990,4241,311-61-63-76,cache/1756174959125.png
990,2015,177-255-48-65,cache/1756174959131.png
990,7984,362-101-118-93,cache/1756174959138.png
990,2046,122-150-47-49,cache/1756174959146.png
743,7906,306-130-86-106,cache/1756174959549.png
743,5611,165-63-80-83,cache/1756174959556.png
743,1981,61-107-75-32,cache/1756174959563.png
743,4834,261-82-67-85,cache/1756174959568.png
743,1483,262-82-66-27,cache/1756174959575.png
584,2952,135-77-61-60,cache/1756174959971.png
584,5999,272-164-86-86,cache/1756174959977.png
584,3036,201-42-53-65,cache/1756174959986.png
584,2624,244-65-56-57,cache/1756174959991.png
584,1473,345-158-38-50,cache/1756174959997.png
584,1437,92-129-37-43,cache/1756174960002.png
895,6010,176-94-81-89,cache/1756174960557.png
895,5158,273-155-80-80,cache/1756174960565.png
895,4168,127-75-80-81,cache/1756174960572.png
895,3154,308-91-63-62,cache/1756174960584.png
895,1479,394-139-38-44,cache/1756174960590.png
895,1946,216-54-51-46,cache/1756174960596.png
895,12347,124-165-120-155,cache/1756174960601.png
968,2534,231-224-44-62,cache/1756174961053.png
968,2980,77-77-61-59,cache/1756174961059.png
968,2085,132-186-42-55,cache/1756174961064.png
968,7010,237-89-91-95,cache/1756174961069.png
968,1742,344-159-40-49,cache/1756174961076.png
854,5839,43-86-78-87,cache/1756174961447.png
854,2947,279-73-60-60,cache/1756174961454.png
854,2115,149-146-48-50,cache/1756174961459.png
854,1679,255-54-51-53,cache/1756174961464.png
854,2373,228-173-46-56,cache/1756174961469.png
854,1475,148-101-42-40,cache/1756174961474.png
954,2250,239-188-43-57,cache/1756174961924.png
954,3629,46-93-68-66,cache/1756174961930.png
954,1767,129-64-53-56,cache/1756174961936.png
954,2323,109-121-80-35,cache/1756174961941.png
954,5197,160-74-80-85,cache/1756174961946.png
954,1990,352-89-85-38,cache/1756174961952.png
954,7089,343-89-95-96,cache/1756174961958.png
954,4680,286-68-67-77,cache/1756174961965.png
213,6789,165-94-81-91,cache/1756174962312.png
213,1419,290-95-40-41,cache/1756174962319.png
213,2428,238-54-53-55,cache/1756174962323.png
950,3297,291-88-63-63,cache/1756174962685.png
950,2800,265-189-56-63,cache/1756174962690.png
950,3836,221-52-66-68,cache/1756174962696.png
950,1872,344-162-42-51,cache/1756174962702.png
950,5168,150-64-78-78,cache/1756174962706.png
950,1162,152-64-75-26,cache/1756174962712.png
683,8965,266-142-89-113,cache/1756174963140.png
683,6271,376-101-82-90,cache/1756174963148.png
683,2805,167-77-58-59,cache/1756174963154.png
683,6554,63-107-80-93,cache/1756174963159.png
56,3469,341-74-80-79,cache/1756174963600.png
56,2454,179-58-54-55,cache/1756174963606.png
56,1842,208-220-46-47,cache/1756174963611.png
56,1469,254-185-41-42,cache/1756174963616.png
56,7507,309-102-85-96,cache/1756174963620.png
192,3366,170-225-59-69,cache/1756174964067.png
192,2699,158-67-57-57,cache/1756174964073.png
192,3301,295-69-64-77,cache/1756174964078.png
192,2298,245-51-52-53,cache/1756174964084.png
192,2040,218-191-41-56,cache/1756174964090.png
192,1592,333-94-70-27,cache/1756174964095.png
192,1887,65-138-48-50,cache/1756174964101.png
531,3349,177-89-64-64,cache/1756174964420.png
531,2499,253-172-52-58,cache/1756174964426.png
531,2264,222-63-55-54,cache/1756174964431.png
685,4535,337-106-76-95,cache/1756174965034.png
685,4768,109-73-67-80,cache/1756174965042.png
685,9858,277-140-100-109,cache/1756174965049.png
34,3632,209-66-57-71,cache/1756174965463.png
34,6731,308-104-80-91,cache/1756174965471.png
34,1858,151-117-76-29,cache/1756174965480.png
532,6024,80-142-83-86,cache/1756174965952.png
532,2635,309-188-48-62,cache/1756174965960.png
532,14100,163-154-119-141,cache/1756174965967.png
532,1429,42-112-38-42,cache/1756174965991.png
532,1108,377-115-36-44,cache/1756174965998.png
532,6707,255-102-80-101,cache/1756174966006.png
843,2099,206-184-43-58,cache/1756174966293.png
843,1740,360-142-41-48,cache/1756174966298.png
874,13028,162-161-120-137,cache/1756174966864.png
874,4881,286-64-69-80,cache/1756174966877.png
874,7275,113-106-102-107,cache/1756174966883.png
874,3981,403-101-77-67,cache/1756174966891.png
874,3659,233-49-56-70,cache/1756174966897.png
874,3106,121-59-62-60,cache/1756174966903.png
8,2612,191-62-56-57,cache/1756174967284.png
8,3699,382-90-69-66,cache/1756174967290.png
8,1599,48-111-45-44,cache/1756174967296.png
8,2578,228-41-52-63,cache/1756174967301.png
8,2582,112-178-52-60,cache/1756174967306.png
8,1032,216-189-55-31,cache/1756174967312.png
927,8058,223-111-83-107,cache/1756174967660.png
927,2678,265-51-57-57,cache/1756174967667.png
927,2849,153-59-60-60,cache/1756174967673.png
927,1841,88-91-76-29,cache/1756174967678.png
927,2132,355-102-81-33,cache/1756174967683.png
379,8347,213-100-100-103,cache/1756174968139.png
379,3952,0-95-80-67,cache/1756174968150.png
379,2554,138-182-54-63,cache/1756174968159.png
379,1489,87-101-43-42,cache/1756174968169.png
379,4171,186-51-73-70,cache/1756174968175.png
379,1803,100-155-41-50,cache/1756174968182.png
379,1783,169-225-45-47,cache/1756174968189.png
379,1461,390-85-90-25,cache/1756174968196.png
559,3484,209-36-55-67,cache/1756174968621.png
559,2021,397-147-46-51,cache/1756174968629.png
559,1795,245-205-46-46,cache/1756174968636.png
559,1598,22-81-61-60,cache/1756174968644.png
559,1440,358-122-39-45,cache/1756174968651.png
559,2178,342-158-45-55,cache/1756174968660.png
725,7699,268-126-85-110,cache/1756174969087.png
725,3864,209-36-70-73,cache/1756174969098.png
725,1496,105-190-42-42,cache/1756174969105.png
725,1499,201-125-35-46,cache/1756174969112.png
725,4500,164-63-65-82,cache/1756174969118.png
725,1452,376-118-38-44,cache/1756174969126.png
936,7838,369-93-90-101,cache/1756174969737.png
936,4826,226-84-94-87,cache/1756174969746.png
936,3558,131-88-69-67,cache/1756174969754.png
936,3343,189-50-59-73,cache/1756174969759.png
936,12490,182-127-121-131,cache/1756174969765.png
936,1202,158-141-35-55,cache/1756174969775.png
936,1403,302-170-41-40,cache/1756174969780.png
595,3679,26-99-69-65,cache/1756174970211.png
595,5476,352-76-91-87,cache/1756174970217.png
595,2545,176-197-52-62,cache/1756174970224.png
595,3662,159-54-57-70,cache/1756174970230.png
595,1558,220-35-50-60,cache/1756174970236.png
595,4770,228-58-73-76,cache/1756174970242.png
595,2221,309-122-78-35,cache/1756174970248.png
595,1762,209-240-45-47,cache/1756174970254.png
208,5881,56-86-78-88,cache/1756174970588.png
208,2431,168-196-45-60,cache/1756174970595.png
465,3344,253-45-55-68,cache/1756174970982.png
465,2148,144-154-48-52,cache/1756174970987.png
465,1165,131-130-36-44,cache/1756174970992.png
623,3147,226-46-70-66,cache/1756174971488.png
623,2064,105-165-46-54,cache/1756174971497.png
623,5169,211-89-65-85,cache/1756174971504.png
623,5370,156-181-118-71,cache/1756174971511.png
623,2404,165-68-56-57,cache/1756174971519.png
623,1575,70-148-38-47,cache/1756174971525.png
623,1666,382-98-72-29,cache/1756174971532.png
623,4753,309-71-66-76,cache/1756174971538.png
623,2043,298-185-42-54,cache/1756174971546.png
196,10540,263-127-112-123,cache/1756174972023.png
196,6551,104-170-90-90,cache/1756174972034.png
196,1919,78-141-44-47,cache/1756174972042.png
196,2205,250-105-70-61,cache/1756174972049.png
196,4726,314-70-79-82,cache/1756174972055.png
196,1369,148-85-39-41,cache/1756174972062.png
304,3778,247-51-69-70,cache/1756174972347.png
304,2951,296-84-59-59,cache/1756174972354.png
391,1575,405-132-41-44,cache/1756174972746.png
391,2075,84-159-43-51,cache/1756174972751.png
391,2131,146-145-49-51,cache/1756174972757.png
391,3431,275-129-104-52,cache/1756174972762.png
391,10211,271-129-108-119,cache/1756174972769.png
476,5331,229-140-81-81,cache/1756174973116.png
476,3931,306-105-70-69,cache/1756174973123.png
476,3087,142-195-58-66,cache/1756174973129.png
826,9518,128-153-90-118,cache/1756174973590.png
826,3245,118-101-68-62,cache/1756174973600.png
826,3478,24-89-67-63,cache/1756174973607.png
826,2916,302-73-60-59,cache/1756174973614.png
826,8017,208-120-92-108,cache/1756174973620.png
826,3024,209-120-91-46,cache/1756174973628.png
826,1562,209-154-37-58,cache/1756174973635.png
734,3732,35-85-70-65,cache/1756174973966.png
734,1684,165-194-44-45,cache/1756174973972.png
734,1919,391-137-43-49,cache/1756174973977.png
972,4214,237-56-63-72,cache/1756174974245.png
972,1453,221-190-41-42,cache/1756174974250.png
383,7581,192-105-80-103,cache/1756174974675.png
383,2711,326-156-58-58,cache/1756174974683.png
383,3354,274-74-64-63,cache/1756174974689.png
383,3525,169-58-62-77,cache/1756174974694.png
383,2330,234-54-57-59,cache/1756174974701.png
383,5656,86-78-74-88,cache/1756174974707.png
906,7592,0-77-116-93,cache/1756174975074.png
906,2754,244-56-57-58,cache/1756174975083.png
906,1992,117-136-46-51,cache/1756174975090.png
402,7190,281-93-96-97,cache/1756174975539.png
402,2164,251-72-59-58,cache/1756174975548.png
402,2961,205-235-48-85,cache/1756174975554.png
402,1433,379-119-38-43,cache/1756174975561.png
402,2611,215-128-82-39,cache/1756174975566.png
402,2277,56-117-80-35,cache/1756174975573.png
735,6493,0-91-103-92,cache/1756174975940.png
735,2280,234-51-52-52,cache/1756174975948.png
735,8631,75-119-90-105,cache/1756174975953.png
244,8050,125-102-98-101,cache/1756174976506.png
244,3783,26-100-70-66,cache/1756174976516.png
244,3779,359-82-91-80,cache/1756174976524.png
244,3552,233-56-56-68,cache/1756174976533.png
244,3333,99-69-67-79,cache/1756174976539.png
244,5923,321-113-104-100,cache/1756174976546.png
244,1947,267-181-40-53,cache/1756174976554.png
244,3705,267-140-109-57,cache/1756174976560.png
577,11651,145-154-107-125,cache/1756174976955.png
577,3235,277-72-62-63,cache/1756174976964.png
577,5255,159-74-68-82,cache/1756174976970.png
577,1871,72-91-74-31,cache/1756174976976.png
547,8061,278-137-86-107,cache/1756174977341.png
547,3068,189-156-87-43,cache/1756174977350.png
547,918,241-137-42-42,cache/1756174977355.png
967,2634,119-176-52-61,cache/1756174977624.png
967,1805,337-149-41-49,cache/1756174977629.png
967,4261,201-60-61-71,cache/1756174977634.png
238,6967,78-103-82-98,cache/1756174978066.png
238,2965,264-72-60-60,cache/1756174978073.png
238,11119,224-162-97-129,cache/1756174978078.png
238,1854,342-154-41-50,cache/1756174978087.png
238,1605,418-130-41-45,cache/1756174978091.png
238,1052,202-172-30-58,cache/1756174978096.png
186,4611,227-77-65-77,cache/1756174978426.png
186,5810,144-99-75-84,cache/1756174978431.png
186,1665,120-168-38-48,cache/1756174978437.png
998,8789,254-113-103-106,cache/1756174978800.png
998,7776,102-125-84-104,cache/1756174978807.png
802,8381,380-93-100-105,cache/1756174979325.png
802,2720,243-182-53-62,cache/1756174979333.png
802,7387,150-179-94-97,cache/1756174979339.png
802,1820,111-118-46-46,cache/1756174979346.png
802,2837,281-49-60-73,cache/1756174979351.png
802,3584,255-84-66-66,cache/1756174979357.png
344,10365,238-170-93-125,cache/1756174980165.png
344,6366,81-103-95-98,cache/1756174980173.png
344,9304,143-127-105-114,cache/1756174980181.png
344,4604,329-129-77-74,cache/1756174980189.png
344,5066,196-78-86-83,cache/1756174980195.png
344,1662,248-59-53-53,cache/1756174980202.png
344,1717,92-73-60-43,cache/1756174980207.png
649,6829,162-190-92-92,cache/1756174980658.png
649,3187,344-83-63-61,cache/1756174980665.png
649,1385,147-98-40-40,cache/1756174980671.png
649,4310,90-122-74-71,cache/1756174980676.png
649,3214,171-199-74-55,cache/1756174980682.png
609,2371,320-105-68-67,cache/1756174981261.png
609,7793,274-128-87-109,cache/1756174981268.png
609,1594,175-114-42-44,cache/1756174981275.png
609,15292,171-179-137-141,cache/1756174981281.png
609,3536,219-42-58-65,cache/1756174981293.png
609,5923,173-179-133-79,cache/1756174981299.png
643,4830,59-126-79-76,cache/1756174981722.png
643,2677,237-39-53-66,cache/1756174981728.png
643,1622,333-116-43-45,cache/1756174981735.png
643,1576,200-142-36-47,cache/1756174981740.png
643,4767,268-69-64-81,cache/1756174981745.png
643,2564,154-206-46-62,cache/1756174981753.png
660,6014,259-76-80-89,cache/1756174982139.png
660,2318,223-47-53-54,cache/1756174982154.png
660,8457,331-115-93-100,cache/1756174982161.png
605,6222,44-96-80-90,cache/1756174982559.png
605,2712,310-175-58-59,cache/1756174982569.png
605,5326,172-65-80-78,cache/1756174982575.png
605,3462,248-55-56-66,cache/1756174982582.png
53,3367,219-228-57-69,cache/1756174982989.png
53,2495,248-49-54-55,cache/1756174982995.png
53,6742,84-99-80-97,cache/1756174983000.png
53,2829,151-205-49-60,cache/1756174983007.png
53,2270,195-160-48-55,cache/1756174983012.png
53,2058,257-172-41-55,cache/1756174983017.png
53,2297,317-186-45-58,cache/1756174983022.png
607,7776,282-124-84-105,cache/1756174983420.png
607,2848,125-86-67-82,cache/1756174983428.png
607,2927,186-58-57-57,cache/1756174983435.png
607,8001,143-114-88-99,cache/1756174983441.png
607,1651,74-144-40-46,cache/1756174983449.png
766,2788,275-55-59-58,cache/1756174983921.png
766,1913,65-151-43-51,cache/1756174983927.png
766,6437,105-81-78-93,cache/1756174983933.png
766,2990,174-66-60-61,cache/1756174983948.png
766,5947,327-72-78-90,cache/1756174983964.png
766,4211,326-97-76-65,cache/1756174983976.png
766,1684,333-72-72-29,cache/1756174983985.png
766,2473,272-199-45-60,cache/1756174983991.png
766,1912,105-81-73-33,cache/1756174983997.png
206,7564,246-101-92-97,cache/1756174984379.png
206,8012,97-131-86-106,cache/1756174984388.png
180,6395,23-91-83-91,cache/1756174984856.png
180,3360,115-82-64-64,cache/1756174984864.png
180,1458,234-151-41-55,cache/1756174984870.png
180,1469,330-100-42-40,cache/1756174984875.png
180,2106,151-57-56-56,cache/1756174984881.png
180,11940,261-138-118-130,cache/1756174984886.png
180,4073,264-138-114-59,cache/1756174984896.png
417,5131,37-88-73-82,cache/1756174985302.png
417,2375,263-178-52-58,cache/1756174985310.png
417,3474,209-56-54-68,cache/1756174985316.png
417,1655,397-132-45-46,cache/1756174985322.png
417,7683,289-109-99-100,cache/1756174985327.png
417,949,155-194-52-30,cache/1756174985335.png
420,7610,362-93-94-90,cache/1756174985707.png
420,3934,149-54-59-71,cache/1756174985714.png
420,3282,224-39-54-62,cache/1756174985719.png
420,2413,182-163-50-55,cache/1756174985724.png
197,1448,342-109-37-43,cache/1756174986009.png
414,3759,362-105-69-66,cache/1756174986488.png
414,4409,160-64-64-75,cache/1756174986494.png
414,2443,215-206-43-57,cache/1756174986500.png
414,2454,273-88-62-62,cache/1756174986504.png
414,1711,310-142-41-44,cache/1756174986510.png
414,2004,226-115-74-33,cache/1756174986515.png
414,6558,225-116-75-97,cache/1756174986519.png
414,7800,98-132-84-105,cache/1756174986526.png
928,12180,277-128-122-130,cache/1756174987053.png
928,7663,156-174-97-98,cache/1756174987066.png
928,6518,392-86-88-93,cache/1756174987075.png
928,10281,31-105-117-114,cache/1756174987090.png
928,2833,311-96-79-49,cache/1756174987102.png
928,2944,202-62-60-59,cache/1756174987108.png
928,1551,157-97-42-43,cache/1756174987115.png
928,1701,43-81-69-40,cache/1756174987121.png
958,4182,253-65-60-75,cache/1756174987389.png
958,1997,242-148-46-51,cache/1756174987396.png
102,3087,123-64-61-61,cache/1756174987800.png
102,1621,283-99-43-43,cache/1756174987806.png
102,2818,203-55-59-59,cache/1756174987811.png
102,2221,367-160-47-54,cache/1756174987817.png
102,1882,61-123-47-44,cache/1756174987822.png
102,1833,393-130-50-53,cache/1756174987828.png
269,4689,146-69-66-74,cache/1756174988212.png
269,1759,188-226-45-46,cache/1756174988223.png
269,8267,345-109-101-94,cache/1756174988228.png
955,15232,111-155-135-165,cache/1756174988777.png
955,6895,62-112-88-107,cache/1756174988801.png
955,3698,149-82-67-67,cache/1756174988814.png
955,4754,23-78-100-92,cache/1756174988860.png
955,2953,224-30-65-65,cache/1756174988872.png
955,2576,198-56-59-58,cache/1756174988908.png
955,1499,274-144-39-51,cache/1756174988917.png
657,2022,252-59-52-54,cache/1756174989359.png
657,2451,132-70-58-52,cache/1756174989365.png
657,5957,33-95-78-88,cache/1756174989375.png
657,7723,108-121-84-103,cache/1756174989384.png
657,2809,285-79-57-60,cache/1756174989392.png
657,1851,205-228-47-48,cache/1756174989398.png
657,2140,108-120-81-32,cache/1756174989404.png
657,1389,341-90-70-24,cache/1756174989410.png
590,4945,270-148-79-78,cache/1756174989902.png
590,4356,367-124-75-71,cache/1756174989909.png
590,4129,291-62-61-76,cache/1756174989916.png
590,2372,251-214-43-60,cache/1756174989923.png
590,1725,171-162-37-50,cache/1756174989929.png
590,1541,63-137-39-45,cache/1756174989934.png
590,5276,126-92-71-87,cache/1756174989941.png
487,4463,400-103-80-71,cache/1756174990398.png
487,2369,112-66-59-61,cache/1756174990406.png
487,2740,222-42-56-71,cache/1756174990412.png
487,7328,148-79-93-97,cache/1756174990419.png
487,1471,320-186-42-41,cache/1756174990427.png
487,1320,361-168-40-39,cache/1756174990433.png
487,5141,258-70-67-83,cache/1756174990438.png
650,8402,182-202-102-118,cache/1756174990802.png
650,2276,152-186-57-64,cache/1756174990810.png
870,6552,179-182-90-90,cache/1756174991293.png
870,4733,312-77-67-80,cache/1756174991302.png
870,4317,213-69-60-77,cache/1756174991309.png
870,1321,246-56-49-52,cache/1756174991315.png
870,1837,370-143-46-49,cache/1756174991320.png
870,5334,126-87-69-85,cache/1756174991325.png
762,4927,321-68-79-89,cache/1756174991692.png
762,7772,84-103-89-95,cache/1756174991699.png
762,1823,173-122-45-49,cache/1756174991706.png
762,3152,220-70-62-62,cache/1756174991712.png
762,3741,275-127-105-54,cache/1756174991718.png
90,1857,193-172-38-52,cache/1756174992026.png
90,1635,246-150-36-48,cache/1756174992031.png
156,8352,0-87-110-98,cache/1756174992531.png
156,3434,326-78-65-64,cache/1756174992540.png
156,4331,245-44-73-66,cache/1756174992547.png
156,1727,391-133-42-47,cache/1756174992554.png
156,7325,226-107-80-102,cache/1756174992560.png
156,6329,97-146-89-88,cache/1756174992569.png
156,3108,197-191-56-65,cache/1756174992577.png
156,2168,347-162-45-54,cache/1756174992584.png
156,2079,226-106-79-32,cache/1756174992590.png
823,7507,179-105-83-98,cache/1756174993059.png
823,4059,384-101-72-69,cache/1756174993070.png
823,2218,227-37-51-52,cache/1756174993078.png
823,1594,354-152-44-55,cache/1756174993117.png
823,1731,174-77-61-52,cache/1756174993128.png
823,1323,136-186-40-40,cache/1756174993136.png
823,1364,84-115-37-42,cache/1756174993141.png
823,12383,266-150-131-117,cache/1756174993150.png
837,3743,311-70-71-81,cache/1756174993623.png
837,4329,25-98-75-71,cache/1756174993631.png
837,13116,257-142-127-138,cache/1756174993638.png
837,2032,193-240-49-50,cache/1756174993652.png
837,1461,126-114-36-44,cache/1756174993661.png
837,7946,343-97-109-108,cache/1756174993672.png
572,5033,266-139-79-78,cache/1756174993972.png
572,1446,112-107-38-43,cache/1756174993984.png
662,8922,178-123-94-108,cache/1756174994307.png
662,5570,273-88-70-88,cache/1756174994315.png
892,5544,273-89-70-83,cache/1756174994713.png
892,1515,367-136-38-44,cache/1756174994721.png
892,1365,227-192-40-40,cache/1756174994728.png
421,2342,189-61-53-53,cache/1756174995085.png
421,3169,212-159-86-46,cache/1756174995093.png
421,2025,320-166-44-49,cache/1756174995101.png
363,6397,221-167-88-90,cache/1756174995460.png
363,2057,155-151-47-51,cache/1756174995469.png
363,1496,401-133-39-44,cache/1756174995476.png
363,1881,105-165-41-51,cache/1756174995482.png
363,1548,308-121-42-41,cache/1756174995487.png
363,1586,47-103-75-26,cache/1756174995493.png
737,3646,40-100-68-66,cache/1756174996020.png
737,2972,295-104-73-89,cache/1756174996032.png
737,2525,325-82-64-78,cache/1756174996043.png
737,2711,152-80-57-57,cache/1756174996051.png
737,2308,268-134-84-34,cache/1756174996057.png
737,1820,109-160-41-49,cache/1756174996065.png
737,2730,183-58-62-65,cache/1756174996072.png
448,4668,27-79-77-91,cache/1756174996596.png
448,3009,259-72-60-60,cache/1756174996607.png
448,6588,73-102-104-106,cache/1756174996613.png
448,3876,131-135-112-60,cache/1756174996620.png
448,3108,198-234-49-86,cache/1756174996627.png
448,2483,74-102-100-44,cache/1756174996634.png
448,1335,315-173-41-39,cache/1756174996644.png
448,1526,358-127-38-45,cache/1756174996651.png
969,3032,220-209-57-66,cache/1756174997003.png
969,2434,165-178-51-58,cache/1756174997009.png
969,3375,283-97-64-64,cache/1756174997014.png
969,1924,344-157-42-49,cache/1756174997020.png
935,5560,154-88-69-87,cache/1756174997481.png
935,7891,324-111-93-96,cache/1756174997489.png
935,3148,207-38-52-65,cache/1756174997497.png
935,1912,114-165-42-51,cache/1756174997503.png
935,2107,197-176-41-53,cache/1756174997510.png
935,10412,239-156-94-119,cache/1756174997516.png
141,2901,119-82-60-58,cache/1756174997836.png
141,1881,69-136-48-46,cache/1756174997842.png
141,2343,151-185-46-57,cache/1756174997848.png
141,1866,315-169-40-51,cache/1756174997853.png
128,4539,193-57-70-73,cache/1756174998164.png
128,1796,398-135-46-48,cache/1756174998176.png
574,3917,211-31-68-68,cache/1756174998589.png
574,1496,118-200-42-41,cache/1756174998596.png
574,1364,60-111-37-42,cache/1756174998603.png
574,5268,257-140-82-80,cache/1756174998610.png
574,1796,161-155-39-50,cache/1756174998621.png
574,1475,324-100-43-44,cache/1756174998626.png
574,1607,357-120-38-45,cache/1756174998633.png
574,2751,256-223-47-65,cache/1756174998640.png
395,4568,278-70-64-78,cache/1756174999056.png
395,4175,158-62-60-74,cache/1756174999063.png
395,5862,88-94-76-90,cache/1756174999069.png
395,1854,244-51-51-52,cache/1756174999076.png
395,2105,125-176-43-55,cache/1756174999081.png
553,9582,28-111-113-109,cache/1756174999545.png
553,10632,164-164-94-126,cache/1756174999555.png
553,7300,317-94-90-91,cache/1756174999565.png
553,3955,241-48-58-73,cache/1756174999572.png
553,2332,309-192-45-58,cache/1756174999579.png
553,1425,143-119-35-44,cache/1756174999586.png
672,6298,335-95-94-102,cache/1756174999998.png
672,3330,286-148-90-46,cache/1756175000033.png
672,3666,303-62-65-77,cache/1756175000042.png
672,2473,63-121-82-37,cache/1756175000050.png
672,2068,180-175-41-55,cache/1756175000056.png
83,1991,213-183-40-54,cache/1756175000411.png
83,2417,126-104-95-45,cache/1756175000418.png
83,8063,125-104-98-104,cache/1756175000424.png
872,8906,239-132-87-113,cache/1756175000853.png
872,5801,80-75-79-87,cache/1756175000861.png
872,3722,275-67-80-74,cache/1756175000868.png
872,6019,323-92-74-91,cache/1756175000874.png
65,3697,136-115-76-56,cache/1756175001286.png
65,14310,126-170-110-150,cache/1756175001299.png
503,2802,303-81-64-66,cache/1756175001826.png
503,2422,323-183-47-59,cache/1756175001836.png
503,4973,163-153-128-71,cache/1756175001843.png
503,2048,345-104-80-32,cache/1756175001851.png
503,7123,339-104-88-102,cache/1756175001856.png
503,14350,162-153-130-145,cache/1756175001863.png
687,3981,237-79-76-79,cache/1756175002233.png
687,1356,228-54-49-43,cache/1756175002241.png
687,1742,277-111-75-29,cache/1756175002247.png
496,2578,260-176-52-60,cache/1756175002573.png
496,2675,216-206-46-62,cache/1756175002578.png
118,1453,78-117-39-43,cache/1756175002843.png
118,1809,147-156-38-50,cache/1756175002848.png
477,6542,196-184-90-90,cache/1756175003312.png
477,5966,130-109-73-92,cache/1756175003319.png
477,4952,277-75-72-75,cache/1756175003326.png
477,1800,340-165-41-49,cache/1756175003332.png
477,3133,172-60-55-67,cache/1756175003339.png
477,912,190-176-38-48,cache/1756175003345.png
21,2520,302-129-87-36,cache/1756175003767.png
21,6270,147-74-86-87,cache/1756175003772.png
21,1635,46-115-44-45,cache/1756175003778.png
245,3848,145-114-69-68,cache/1756175004257.png
245,4438,277-68-76-79,cache/1756175004264.png
245,4585,107-61-79-75,cache/1756175004271.png
245,2396,255-184-47-55,cache/1756175004277.png
245,1581,275-121-42-44,cache/1756175004283.png
245,1661,175-227-44-45,cache/1756175004288.png
245,1773,343-163-41-49,cache/1756175004293.png
245,2122,107-78-46-58,cache/1756175004299.png
754,4222,53-117-73-71,cache/1756175004700.png
754,3898,121-62-60-71,cache/1756175004707.png
754,3155,264-93-63-63,cache/1756175004714.png
754,7324,368-94-112-90,cache/1756175004720.png
754,4860,219-138-76-78,cache/1756175004728.png
912,2960,334-82-87-72,cache/1756175005051.png
912,7039,322-115-86-100,cache/1756175005058.png
72,7346,207-124-78-104,cache/1756175005626.png
72,5194,94-150-80-80,cache/1756175005635.png
72,5799,63-68-88-85,cache/1756175005642.png
72,2530,152-220-46-61,cache/1756175005649.png
72,4597,322-79-71-83,cache/1756175005655.png
72,4170,261-63-61-76,cache/1756175005663.png
72,1559,326-143-37-46,cache/1756175005669.png
673,3881,104-64-62-74,cache/1756175006018.png
673,4951,334-80-69-82,cache/1756175006024.png
673,3906,60-113-71-68,cache/1756175006035.png
673,1374,213-104-40-41,cache/1756175006043.png
620,1826,356-118-48-46,cache/1756175006326.png
620,4423,255-114-74-73,cache/1756175006331.png
759,1734,284-158-38-49,cache/1756175006729.png
759,2550,223-64-55-56,cache/1756175006735.png
759,3121,183-236-48-84,cache/1756175006740.png
205,4275,137-125-73-72,cache/1756175007120.png
205,3073,273-127-99-53,cache/1756175007126.png
900,6699,179-192-90-92,cache/1756175007480.png
900,6691,135-120-78-102,cache/1756175007487.png
747,3643,215-38-65-66,cache/1756175007926.png
747,2094,298-160-48-53,cache/1756175007932.png
747,2922,306-80-60-59,cache/1756175007937.png
747,1701,156-148-37-47,cache/1756175007942.png
768,6376,265-161-89-88,cache/1756175008352.png
768,3960,179-103-70-69,cache/1756175008359.png
768,3270,169-49-57-68,cache/1756175008365.png
768,2169,374-142-53-52,cache/1756175008371.png
768,4858,295-70-67-80,cache/1756175008376.png
768,1859,125-152-41-50,cache/1756175008382.png
46,1871,155-166-39-51,cache/1756175008701.png
46,1911,285-108-75-32,cache/1756175008706.png
828,2053,116-104-67-62,cache/1756175009043.png
828,8852,134-129-88-106,cache/1756175009049.png
593,3244,110-65-60-71,cache/1756175009534.png
593,7344,41-98-98-93,cache/1756175009540.png
593,5826,121-170-85-85,cache/1756175009548.png
593,5357,240-158-82-82,cache/1756175009554.png
899,4375,183-34-71-72,cache/1756175009950.png
899,3196,78-77-64-61,cache/1756175009955.png
136,3970,378-99-71-67,cache/1756175010562.png
136,10804,140-132-111-122,cache/1756175010568.png
136,1064,121-134-39-44,cache/1756175010577.png
949,11148,127-154-98-127,cache/1756175011054.png
949,5029,102-114-110-98,cache/1756175011063.png
949,5926,0-87-90-86,cache/1756175011070.png
949,4009,265-103-70-69,cache/1756175011077.png
949,1389,226-179-40-41,cache/1756175011083.png
949,1893,365-144-42-49,cache/1756175011087.png
492,7422,354-104-97-90,cache/1756175011631.png
492,3473,214-106-65-65,cache/1756175011639.png
492,3328,322-76-65-75,cache/1756175011645.png
492,2741,183-219-46-60,cache/1756175011651.png
492,1738,277-156-38-48,cache/1756175011656.png
492,1422,261-207-41-41,cache/1756175011661.png
492,1621,121-63-64-36,cache/1756175011666.png
492,6253,123-86-87-87,cache/1756175011671.png
740,8069,325-97-102-97,cache/1756175012084.png
740,6072,66-94-78-90,cache/1756175012092.png
740,2518,238-175-49-56,cache/1756175012098.png
740,3278,244-87-63-64,cache/1756175012103.png
287,6645,219-173-91-91,cache/1756175012740.png
287,3529,185-54-55-68,cache/1756175012753.png
287,5482,274-89-70-86,cache/1756175012766.png
287,1702,75-147-41-47,cache/1756175012860.png
287,2259,142-174-45-52,cache/1756175012945.png
287,1378,46-119-40-43,cache/1756175012994.png
287,1367,276-89-68-24,cache/1756175013023.png
287,2096,333-156-47-53,cache/1756175013034.png
328,5375,354-83-75-87,cache/1756175013683.png
328,5252,297-138-81-80,cache/1756175013693.png
328,1919,107-133-47-47,cache/1756175013704.png
328,3688,245-47-56-70,cache/1756175013716.png
328,2300,116-186-45-57,cache/1756175013737.png
328,3080,173-76-62-61,cache/1756175013754.png
125,9647,132-130-97-115,cache/1756175014372.png
125,6478,279-101-76-94,cache/1756175014386.png
125,6116,65-78-92-87,cache/1756175014397.png
125,1929,314-72-59-53,cache/1756175014404.png
125,2048,226-47-50-50,cache/1756175014416.png
125,1652,353-125-43-42,cache/1756175014424.png
772,4900,229-65-74-76,cache/1756175014934.png
772,3522,154-57-56-68,cache/1756175014948.png
772,1446,125-107-41-41,cache/1756175014963.png
360,5550,259-152-82-83,cache/1756175015286.png
49,3848,281-53-60-73,cache/1756175015668.png
49,4304,362-115-74-71,cache/1756175015676.png
49,1352,194-191-40-40,cache/1756175015682.png
49,3663,213-100-67-67,cache/1756175015688.png
49,2570,91-127-82-39,cache/1756175015694.png
644,8585,268-122-87-110,cache/1756175016251.png
644,3004,150-70-60-61,cache/1756175016261.png
644,4693,306-92-87-90,cache/1756175016268.png
644,2890,165-208-48-65,cache/1756175016275.png
644,2204,232-46-51-52,cache/1756175016281.png
644,1534,75-103-42-40,cache/1756175016297.png
644,1900,75-149-43-50,cache/1756175016302.png
644,7151,389-82-91-93,cache/1756175016308.png
644,2089,391-97-46-59,cache/1756175016316.png
644,1485,217-187-41-43,cache/1756175016322.png
811,4290,167-84-68-79,cache/1756175016954.png
811,11534,180-137-116-126,cache/1756175016961.png
811,3691,181-137-115-56,cache/1756175016971.png
798,4907,314-123-79-77,cache/1756175017321.png
798,3849,42-96-70-67,cache/1756175017329.png
798,2415,198-60-54-54,cache/1756175017335.png
798,1501,291-189-42-42,cache/1756175017341.png
798,1528,253-105-42-42,cache/1756175017346.png
241,6447,268-168-89-89,cache/1756175017844.png
241,3880,149-48-60-74,cache/1756175017853.png
241,2498,351-165-55-58,cache/1756175017860.png
241,3820,293-95-68-68,cache/1756175017867.png
241,4156,231-32-68-70,cache/1756175017874.png
241,1847,174-229-46-47,cache/1756175017881.png
241,1483,216-102-40-43,cache/1756175017887.png
241,1847,88-94-75-30,cache/1756175017892.png
918,6823,166-184-91-92,cache/1756175018285.png
918,1496,267-117-42-42,cache/1756175018309.png
996,9506,260-146-92-117,cache/1756175019195.png
996,6013,210-72-84-87,cache/1756175019221.png
996,3639,72-96-67-66,cache/1756175019240.png
996,1970,177-53-53-54,cache/1756175019258.png
996,6694,139-105-76-97,cache/1756175019283.png
567,3917,94-98-70-68,cache/1756175019645.png
621,6096,184-89-71-91,cache/1756175020095.png
621,1353,348-168-41-39,cache/1756175020120.png
11,7047,94-116-81-99,cache/1756175020633.png
11,11599,227-163-103-123,cache/1756175020648.png
11,1818,386-146-43-49,cache/1756175020674.png
89,3285,197-48-52-66,cache/1756175021145.png
89,7888,340-105-103-98,cache/1756175021164.png
89,1649,276-160-37-48,cache/1756175021175.png
460,7311,380-97-100-98,cache/1756175022064.png
460,4901,150-42-75-75,cache/1756175022073.png
460,4090,41-92-73-69,cache/1756175022080.png
460,2511,299-153-55-58,cache/1756175022088.png
460,1530,259-95-42-42,cache/1756175022094.png
864,4469,27-109-76-72,cache/1756175022461.png
864,1439,207-186-42-41,cache/1756175022469.png
864,2049,355-164-44-52,cache/1756175022474.png
712,3156,248-202-59-67,cache/1756175023111.png
712,4053,38-105-72-69,cache/1756175023118.png
712,5136,106-137-80-79,cache/1756175023125.png
712,1862,358-143-45-49,cache/1756175023132.png
712,1827,197-229-46-47,cache/1756175023137.png
712,2193,223-45-52-64,cache/1756175023142.png
712,4617,249-62-69-75,cache/1756175023148.png
32,4209,50-98-74-71,cache/1756175023879.png
32,4110,174-49-59-73,cache/1756175023885.png
32,2099,95-156-44-53,cache/1756175023891.png
32,3179,190-199-54-65,cache/1756175023897.png
32,1442,368-114-38-43,cache/1756175023902.png
32,1908,336-147-41-51,cache/1756175023907.png
32,2434,256-180-45-59,cache/1756175023912.png
917,1448,267-128-35-44,cache/1756175024264.png
369,5898,254-170-85-85,cache/1756175024695.png
369,1684,66-127-45-42,cache/1756175024702.png
369,2215,215-57-52-52,cache/1756175024709.png
369,1463,327-163-37-50,cache/1756175024716.png
369,2406,158-134-80-37,cache/1756175024722.png
327,3539,35-103-70-68,cache/1756175025609.png
327,2145,278-181-43-55,cache/1756175025616.png
327,7979,347-102-102-100,cache/1756175025621.png
327,2040,198-49-52-63,cache/1756175025629.png
327,9719,85-123-107-109,cache/1756175025635.png
327,2613,217-71-57-56,cache/1756175025643.png
962,11032,100-136-115-121,cache/1756175026245.png
962,4212,91-83-70-79,cache/1756175026255.png
962,2708,197-70-57-58,cache/1756175026262.png
962,2054,333-165-44-53,cache/1756175026268.png
962,6794,275-92-90-91,cache/1756175026274.png
962,1607,218-216-43-44,cache/1756175026281.png
570,5546,80-131-83-82,cache/1756175026936.png
570,4375,207-58-60-76,cache/1756175026943.png
570,1991,163-139-44-49,cache/1756175026949.png
652,6408,172-73-86-88,cache/1756175027396.png
652,5344,331-135-83-79,cache/1756175027403.png
652,1939,271-132-47-49,cache/1756175027410.png
902,5367,195-149-81-83,cache/1756175027903.png
902,4758,113-76-66-79,cache/1756175027911.png
902,3600,370-95-68-65,cache/1756175027917.png
346,2764,193-213-51-63,cache/1756175028660.png
346,4151,235-133-71-71,cache/1756175028666.png
346,4521,295-85-66-81,cache/1756175028673.png
346,1386,63-133-37-42,cache/1756175028680.png
346,2543,268-62-56-70,cache/1756175028686.png
346,1358,181-110-39-40,cache/1756175028692.png
346,1560,338-149-38-46,cache/1756175028698.png
992,3710,331-94-68-67,cache/1756175029216.png
992,4425,149-60-62-74,cache/1756175029222.png
628,7772,169-95-99-106,cache/1756175029748.png
628,11230,230-164-97-130,cache/1756175029756.png
628,6015,395-88-85-92,cache/1756175029765.png
628,5488,280-65-74-80,cache/1756175029772.png
628,2168,369-151-50-55,cache/1756175029778.png
965,2480,194-47-54-55,cache/1756175030142.png
965,2278,267-57-57-58,cache/1756175030148.png
965,2790,86-104-105-46,cache/1756175030153.png
965,1594,303-82-72-27,cache/1756175030159.png
24,3317,180-229-52-67,cache/1756175030620.png
24,3100,308-92-66-65,cache/1756175030626.png
24,3657,216-53-56-69,cache/1756175030633.png
24,8194,0-96-122-96,cache/1756175030639.png
24,2130,0-96-114-36,cache/1756175030647.png
24,3077,232-120-105-50,cache/1756175030653.png
875,11590,127-146-111-130,cache/1756175031172.png
875,3942,20-96-71-67,cache/1756175031181.png
875,1783,277-151-43-53,cache/1756175031187.png
875,2020,248-176-40-54,cache/1756175031192.png
113,7300,241-118-79-102,cache/1756175031593.png
113,5184,187-67-81-81,cache/1756175031600.png
204,3180,143-89-62-63,cache/1756175032089.png
204,3599,330-102-66-66,cache/1756175032095.png
204,1492,80-140-38-44,cache/1756175032101.png
204,3076,262-152-85-45,cache/1756175032106.png
250,4667,107-128-77-75,cache/1756175032596.png
250,1705,359-122-46-47,cache/1756175032602.png
250,2104,318-148-50-53,cache/1756175032608.png
250,4352,246-64-61-77,cache/1756175032613.png
755,10660,284-133-114-121,cache/1756175033161.png
755,6949,366-104-114-94,cache/1756175033171.png
755,4006,31-106-72-67,cache/1756175033180.png
755,3301,251-95-66-65,cache/1756175033186.png
755,3580,299-64-61-75,cache/1756175033192.png
755,1574,158-210-43-43,cache/1756175033198.png
755,2034,221-44-50-51,cache/1756175033204.png
755,1506,152-105-42-42,cache/1756175033209.png
941,7774,342-111-88-103,cache/1756175033729.png
941,6882,256-164-92-93,cache/1756175033737.png
941,3275,225-82-63-63,cache/1756175033745.png
941,2484,277-64-56-58,cache/1756175033751.png
941,8314,80-95-101-99,cache/1756175033756.png
731,10169,214-158-92-122,cache/1756175034395.png
731,4648,76-72-68-77,cache/1756175034403.png
731,2036,111-172-43-53,cache/1756175034410.png
731,4606,188-115-76-98,cache/1756175034416.png
731,6291,295-95-77-93,cache/1756175034422.png
731,2056,188-115-76-32,cache/1756175034429.png
731,2888,144-91-64-66,cache/1756175034434.png
361,6418,174-108-73-95,cache/1756175034908.png
361,3334,56-89-65-63,cache/1756175034915.png
361,2404,263-176-51-56,cache/1756175034921.png
361,1852,117-137-47-47,cache/1756175034925.png
177,5881,120-149-86-84,cache/1756175035323.png
177,5404,107-62-75-78,cache/1756175035332.png
177,2697,256-207-47-63,cache/1756175035338.png
550,5615,134-71-82-84,cache/1756175036161.png
550,9540,267-150-91-119,cache/1756175036170.png
550,4820,183-134-77-77,cache/1756175036180.png
550,1606,56-119-44-45,cache/1756175036188.png
550,1476,355-141-37-45,cache/1756175036194.png
550,1858,391-131-49-45,cache/1756175036201.png
550,1111,177-56-50-48,cache/1756175036207.png
191,2893,321-80-60-59,cache/1756175036627.png
191,3290,188-159-93-43,cache/1756175036634.png
191,2031,234-58-51-50,cache/1756175036640.png
191,1283,162-169-31-57,cache/1756175036645.png
191,1625,406-128-44-41,cache/1756175036650.png
191,2034,332-160-46-52,cache/1756175036655.png
790,5887,195-178-85-86,cache/1756175037029.png
790,3930,125-63-60-72,cache/1756175037036.png
306,2164,206-178-42-56,cache/1756175037466.png
629,4016,398-98-82-68,cache/1756175038027.png
629,2729,201-222-46-64,cache/1756175038033.png
629,2407,232-191-53-62,cache/1756175038038.png
629,1983,171-173-40-53,cache/1756175038043.png
882,5254,192-136-80-81,cache/1756175039042.png
882,4803,327-69-69-79,cache/1756175039050.png
882,2066,152-63-57-57,cache/1756175039057.png
882,5797,0-83-89-86,cache/1756175039071.png
882,1577,105-109-44-44,cache/1756175039084.png
882,2197,373-141-53-51,cache/1756175039094.png
882,3795,179-92-71-86,cache/1756175039101.png
882,1388,0-83-81-24,cache/1756175039116.png
882,1548,179-92-70-26,cache/1756175039122.png
271,4435,289-63-64-77,cache/1756175039572.png
271,4240,117-119-72-73,cache/1756175039579.png
271,4227,221-40-69-71,cache/1756175039585.png
271,2605,168-205-47-58,cache/1756175039591.png
857,5681,109-80-86-81,cache/1756175040169.png
857,7367,258-96-94-100,cache/1756175040179.png
857,2101,316-172-43-54,cache/1756175040187.png
857,2237,214-48-52-53,cache/1756175040194.png
857,1746,313-81-60-60,cache/1756175040200.png
857,3154,119-147-90-43,cache/1756175040207.png
732,6724,344-103-82-95,cache/1756175040969.png
732,3571,169-54-58-68,cache/1756175040977.png
732,3702,127-100-67-67,cache/1756175040983.png
732,4513,293-75-66-79,cache/1756175040988.png
732,2691,193-212-46-63,cache/1756175040994.png
185,6886,310-74-93-93,cache/1756175041465.png
185,2539,87-69-62-57,cache/1756175041475.png
185,4106,157-50-60-74,cache/1756175041481.png
185,4303,103-109-74-72,cache/1756175041487.png
185,5148,142-186-104-62,cache/1756175041493.png
185,2493,263-162-54-59,cache/1756175041500.png
769,2885,131-65-60-59,cache/1756175041998.png
769,3633,220-48-56-69,cache/1756175042005.png
769,5872,42-70-84-86,cache/1756175042010.png
769,1822,345-99-78-29,cache/1756175042016.png
979,5994,50-76-89-81,cache/1756175042648.png
979,3710,368-99-69-66,cache/1756175042656.png
979,3188,188-52-52-64,cache/1756175042662.png
979,1976,100-150-46-47,cache/1756175042668.png
979,905,327-175-28-55,cache/1756175042673.png
979,1879,146-138-45-47,cache/1756175042678.png
979,1550,222-119-43-40,cache/1756175042683.png
979,12186,226-153-113-125,cache/1756175042687.png
997,5555,152-100-74-86,cache/1756175043272.png
997,3264,322-84-64-64,cache/1756175043280.png
997,4650,239-129-77-78,cache/1756175043287.png
997,3637,125-57-77-71,cache/1756175043293.png
997,14879,135-176-125-144,cache/1756175043300.png
997,5596,136-176-122-68,cache/1756175043311.png
435,5144,51-77-72-82,cache/1756175043962.png
435,4464,318-67-65-75,cache/1756175043978.png
435,1873,112-136-50-50,cache/1756175043984.png
435,4432,143-148-125-64,cache/1756175043990.png
435,1529,287-132-36-45,cache/1756175043996.png
435,13634,142-149-127-138,cache/1756175044001.png
305,5434,251-68-81-80,cache/1756175044659.png
305,5623,228-152-84-83,cache/1756175044665.png
305,3888,376-101-71-67,cache/1756175044672.png
305,7829,43-96-102-96,cache/1756175044678.png
305,1357,205-146-36-47,cache/1756175044686.png
15,2686,122-186-56-61,cache/1756175045080.png
15,4128,93-117-72-71,cache/1756175045086.png
15,2890,174-75-59-59,cache/1756175045091.png
15,3701,248-51-57-70,cache/1756175045097.png
4,6147,92-139-87-87,cache/1756175045663.png
4,7912,350-102-89-103,cache/1756175045670.png
4,6073,0-77-96-88,cache/1756175045677.png
4,3339,298-72-64-64,cache/1756175045684.png
231,4108,202-45-72-72,cache/1756175046675.png
231,2414,356-83-71-50,cache/1756175046683.png
231,2353,262-76-64-77,cache/1756175046689.png
231,1481,177-101-41-42,cache/1756175046697.png
231,7281,335-116-85-101,cache/1756175046702.png
231,2173,341-116-79-34,cache/1756175046711.png
231,1896,242-106-74-31,cache/1756175046716.png
469,7888,172-187-98-100,cache/1756175047524.png
469,3415,265-53-55-67,cache/1756175047532.png
469,1985,258-190-43-58,cache/1756175047538.png
469,1370,108-176-41-40,cache/1756175047544.png
469,1604,353-121-42-45,cache/1756175047549.png
469,6456,49-92-84-92,cache/1756175047554.png
469,1578,188-142-36-47,cache/1756175047561.png
816,8544,274-143-88-111,cache/1756175048338.png
816,1598,152-125-41-44,cache/1756175048346.png
816,4253,352-123-74-73,cache/1756175048352.png
816,3885,282-54-58-73,cache/1756175048360.png
816,2057,237-47-47-51,cache/1756175048367.png
816,3812,167-170-92-51,cache/1756175048373.png
816,5165,88-75-72-81,cache/1756175048380.png
55,3228,213-231-52-67,cache/1756175048937.png
55,1494,198-136-35-45,cache/1756175048943.png
55,5479,72-76-74-84,cache/1756175048948.png
55,1993,130-148-47-52,cache/1756175048954.png
55,4167,245-62-59-75,cache/1756175048959.png
851,4939,104-78-68-82,cache/1756175049498.png
851,1496,372-133-39-44,cache/1756175049505.png
851,1545,244-146-36-47,cache/1756175049510.png
461,2406,201-61-53-54,cache/1756175049954.png
461,1929,71-142-50-49,cache/1756175049961.png
461,6746,290-96-88-90,cache/1756175049967.png
461,1838,172-177-39-51,cache/1756175049973.png
461,2941,219-151-83-43,cache/1756175049979.png
461,2716,72-114-50-77,cache/1756175049984.png
694,5918,188-167-85-85,cache/1756175050620.png
694,2172,146-171-51-56,cache/1756175050627.png
694,1495,60-110-43-39,cache/1756175050634.png
694,4365,284-64-63-77,cache/1756175050641.png
409,7381,251-113-80-103,cache/1756175051120.png
409,4039,142-103-71-69,cache/1756175051127.png
409,2729,229-54-57-58,cache/1756175051132.png
409,1514,156-232-61-41,cache/1756175051137.png
631,4489,85-116-75-74,cache/1756175051602.png
631,2562,196-61-55-56,cache/1756175051609.png
631,2443,318-127-84-36,cache/1756175051613.png
73,5972,154-155-85-86,cache/1756175052069.png
73,3992,40-102-72-68,cache/1756175052076.png
73,2887,108-69-60-59,cache/1756175052082.png
73,3152,204-41-52-65,cache/1756175052087.png
73,1397,138-138-39-45,cache/1756175052092.png
73,1942,282-166-40-52,cache/1756175052097.png
27,5727,205-73-75-84,cache/1756175052476.png
27,5412,290-82-70-85,cache/1756175052482.png
27,2721,280-198-48-61,cache/1756175052488.png
509,4248,345-98-73-71,cache/1756175052866.png
509,1717,125-137-39-48,cache/1756175052872.png
509,1755,61-113-46-47,cache/1756175052877.png
509,2153,172-166-42-55,cache/1756175052882.png
846,2986,138-191-57-62,cache/1756175053706.png
846,4307,360-114-75-72,cache/1756175053712.png
846,3487,61-95-67-64,cache/1756175053718.png
846,4066,317-74-64-75,cache/1756175053724.png
846,2672,225-48-50-60,cache/1756175053730.png
846,2116,331-167-43-51,cache/1756175053736.png
846,3506,145-68-59-72,cache/1756175053742.png
331,3919,0-97-76-66,cache/1756175054486.png
331,5349,319-71-74-84,cache/1756175054493.png
331,841,198-168-39-50,cache/1756175054499.png
331,2413,306-184-46-56,cache/1756175054504.png
331,1257,119-75-59-30,cache/1756175054509.png
331,3276,167-49-58-69,cache/1756175054514.png
331,4263,208-175-97-54,cache/1756175054520.png
506,3859,292-61-59-71,cache/1756175055211.png
506,2395,136-194-44-57,cache/1756175055217.png
506,2934,101-81-61-59,cache/1756175055222.png
506,5315,381-87-74-84,cache/1756175055228.png
506,1551,113-160-39-49,cache/1756175055235.png
506,3124,177-90-62-62,cache/1756175055241.png
506,1621,344-133-41-42,cache/1756175055250.png
506,2398,258-212-44-60,cache/1756175055256.png
506,1678,294-145-37-46,cache/1756175055264.png
495,5957,129-75-85-85,cache/1756175056094.png
495,6092,322-102-76-91,cache/1756175056106.png
495,4334,241-66-62-72,cache/1756175056115.png
495,1700,50-123-45-43,cache/1756175056123.png
495,1630,217-156-36-48,cache/1756175056130.png
104,3497,90-101-66-64,cache/1756175056861.png
104,6319,194-187-88-89,cache/1756175056867.png
104,2426,171-63-54-54,cache/1756175056875.png
104,2111,144-178-44-51,cache/1756175056881.png
104,4702,278-69-68-75,cache/1756175056886.png
104,1623,326-138-39-44,cache/1756175056893.png
160,7359,352-90-92-89,cache/1756175058126.png
160,4867,293-56-82-79,cache/1756175058135.png
160,4671,121-64-65-79,cache/1756175058142.png
160,2437,123-190-46-59,cache/1756175058149.png
160,1850,91-135-45-49,cache/1756175058154.png
160,2672,209-128-85-39,cache/1756175058160.png
316,5945,319-102-75-91,cache/1756175058686.png
316,5824,243-79-84-86,cache/1756175058693.png
316,2458,167-62-55-54,cache/1756175058699.png
316,1374,212-206-40-41,cache/1756175058705.png
575,8668,290-134-94-114,cache/1756175059279.png
575,2200,88-155-53-53,cache/1756175059287.png
575,2177,196-189-41-54,cache/1756175059292.png
575,1583,148-146-37-47,cache/1756175059298.png
575,2275,221-66-57-57,cache/1756175059303.png
575,3950,332-83-70-81,cache/1756175059308.png
575,1673,257-94-69-29,cache/1756175059314.png
575,4537,256-94-70-90,cache/1756175059319.png
575,2906,238-207-58-66,cache/1756175059326.png
502,4990,232-134-78-79,cache/1756175059732.png
502,4923,268-75-70-86,cache/1756175059738.png
502,2396,187-44-53-54,cache/1756175059744.png
502,1404,149-93-40-41,cache/1756175059749.png
502,3042,292-52-77-75,cache/1756175059753.png
502,1916,113-144-42-48,cache/1756175059759.png
342,3888,227-119-68-69,cache/1756175060122.png
342,1668,374-127-46-42,cache/1756175060128.png
342,4417,80-126-74-73,cache/1756175060133.png
916,4580,226-43-76-76,cache/1756175060584.png
916,6850,126-111-83-106,cache/1756175060591.png
916,7425,169-174-95-97,cache/1756175060598.png
916,1561,317-190-43-43,cache/1756175060605.png
916,4206,162-78-78-89,cache/1756175060610.png
455,5366,114-52-81-80,cache/1756175061172.png
455,9473,106-132-100-108,cache/1756175061179.png
455,4909,277-72-80-85,cache/1756175061188.png
455,7079,324-111-83-99,cache/1756175061194.png
455,3826,198-109-68-70,cache/1756175061202.png
455,3335,244-42-68-71,cache/1756175061208.png
455,1467,28-122-40-43,cache/1756175061214.png
455,2259,242-197-42-59,cache/1756175061219.png
521,11014,221-140-114-123,cache/1756175061625.png
521,3321,44-89-65-62,cache/1756175061635.png
521,4498,150-134-73-77,cache/1756175061642.png
521,1437,108-134-36-43,cache/1756175061649.png
619,6590,123-167-90-90,cache/1756175062114.png
619,2516,277-89-68-81,cache/1756175062122.png
619,5004,355-81-71-80,cache/1756175062128.png
619,8269,244-118-89-105,cache/1756175062134.png
619,1629,108-146-50-47,cache/1756175062142.png
51,8284,177-128-83-109,cache/1756175062538.png
51,2713,224-37-50-63,cache/1756175062549.png
51,1432,155-107-32-80,cache/1756175062554.png
761,1740,323-136-42-49,cache/1756175062986.png
761,9208,123-124-102-115,cache/1756175062991.png
761,1101,210-206-56-34,cache/1756175062999.png
976,4729,192-56-74-74,cache/1756175063284.png
976,2336,111-178-48-56,cache/1756175063291.png
810,7550,296-106-89-94,cache/1756175063729.png
810,3198,113-85-63-62,cache/1756175063736.png
810,3527,178-46-54-68,cache/1756175063742.png
810,6173,376-90-81-88,cache/1756175063747.png
66,7726,76-95-99-96,cache/1756175064178.png
66,1522,223-203-42-43,cache/1756175064186.png
66,2046,175-175-41-54,cache/1756175064192.png
66,1437,271-62-52-53,cache/1756175064197.png
66,6119,390-90-90-92,cache/1756175064202.png
66,2022,315-116-79-31,cache/1756175064209.png
66,4955,238-80-65-82,cache/1756175064214.png
513,2955,115-184-58-64,cache/1756175064519.png
498,4302,201-62-63-72,cache/1756175064838.png
498,1973,262-146-47-51,cache/1756175064843.png
498,1701,320-124-46-45,cache/1756175064848.png
422,4058,182-67-58-74,cache/1756175065228.png
422,4992,118-154-79-77,cache/1756175065234.png
422,4011,62-126-73-71,cache/1756175065240.png
422,1162,209-50-48-49,cache/1756175065246.png
19,8378,159-136-83-110,cache/1756175065637.png
19,4111,198-42-68-69,cache/1756175065645.png
19,6281,57-81-86-82,cache/1756175065651.png
473,4906,81-70-69-80,cache/1756175066090.png
473,2369,143-189-44-58,cache/1756175066096.png
473,3218,328-77-71-50,cache/1756175066100.png
473,9262,319-125-94-107,cache/1756175066106.png
775,7875,378-91-102-101,cache/1756175066578.png
775,5151,108-110-78-100,cache/1756175066585.png
775,3462,271-88-64-65,cache/1756175066592.png
775,4503,67-74-74-85,cache/1756175066597.png
775,1309,264-179-39-40,cache/1756175066603.png
775,3325,150-148-88-46,cache/1756175066608.png
349,5030,222-77-68-79,cache/1756175067001.png
349,2205,255-48-53-65,cache/1756175067007.png
349,2330,157-187-48-58,cache/1756175067012.png
349,2365,297-175-53-56,cache/1756175067018.png
349,1391,120-136-36-43,cache/1756175067023.png
349,1362,317-152-47-45,cache/1756175067027.png
349,1672,180-239-44-46,cache/1756175067032.png
260,4379,372-109-75-71,cache/1756175067360.png
260,1933,91-157-43-51,cache/1756175067366.png
260,1713,59-114-47-44,cache/1756175067371.png
260,2111,205-171-41-55,cache/1756175067376.png
260,1743,135-123-43-44,cache/1756175067381.png
388,5387,322-75-74-88,cache/1756175068072.png
388,5454,222-48-81-79,cache/1756175068078.png
388,7659,118-105-83-104,cache/1756175068084.png
388,9147,252-122-89-115,cache/1756175068091.png
388,2597,185-189-45-62,cache/1756175068098.png
388,2726,254-122-87-38,cache/1756175068103.png
522,8390,262-126-93-103,cache/1756175068968.png
522,11037,179-179-95-141,cache/1756175068978.png
522,4833,180-73-73-80,cache/1756175068990.png
522,7970,351-117-92-96,cache/1756175068996.png
522,2612,284-64-56-56,cache/1756175069005.png
522,3427,33-91-66-64,cache/1756175069010.png
522,2656,232-38-50-62,cache/1756175069017.png
522,1774,169-130-45-48,cache/1756175069023.png
522,1960,91-141-49-50,cache/1756175069028.png
904,4927,313-101-96-93,cache/1756175069466.png
904,4667,106-66-75-76,cache/1756175069473.png
904,1828,133-123-46-48,cache/1756175069478.png
904,9884,266-129-105-119,cache/1756175069483.png
69,5305,137-69-72-78,cache/1756175069800.png
457,5702,31-104-89-96,cache/1756175070296.png
457,7365,207-197-95-96,cache/1756175070304.png
457,3741,293-54-60-73,cache/1756175070314.png
457,2807,81-136-85-40,cache/1756175070321.png
457,1558,201-122-40-47,cache/1756175070326.png
457,2325,241-120-78-36,cache/1756175070332.png
457,6385,240-120-80-101,cache/1756175070337.png
329,3140,232-211-60-68,cache/1756175070782.png
329,5191,161-148-80-81,cache/1756175070789.png
329,4600,209-49-73-74,cache/1756175070795.png
329,3785,324-105-69-67,cache/1756175070802.png
329,3103,61-83-63-60,cache/1756175070808.png
329,4853,129-83-68-83,cache/1756175070814.png
329,3679,289-69-64-77,cache/1756175070820.png
329,1866,70-140-47-50,cache/1756175070826.png
9,8493,133-112-100-106,cache/1756175071175.png
9,3456,109-73-63-75,cache/1756175071183.png
9,1636,64-133-41-43,cache/1756175071189.png
352,5856,389-89-91-89,cache/1756175071993.png
352,6872,329-106-88-104,cache/1756175072001.png
352,7040,0-85-107-95,cache/1756175072009.png
352,3949,261-54-58-73,cache/1756175072016.png
352,9411,250-136-93-116,cache/1756175072022.png
352,4393,94-65-66-77,cache/1756175072030.png
352,1750,220-232-45-47,cache/1756175072035.png
352,8681,148-128-86-105,cache/1756175072041.png
923,5670,340-82-74-83,cache/1756175072312.png
294,4801,336-70-69-79,cache/1756175072704.png
294,5392,128-82-74-88,cache/1756175072710.png
294,1930,171-229-48-49,cache/1756175072716.png
294,1781,409-133-41-48,cache/1756175072721.png
294,1395,320-180-41-41,cache/1756175072727.png
294,2688,270-192-48-61,cache/1756175072732.png
294,2317,153-150-52-54,cache/1756175072737.png
806,1625,36-114-47-43,cache/1756175073020.png
806,1802,231-179-38-52,cache/1756175073026.png
806,1333,151-107-38-41,cache/1756175073031.png
806,2369,199-216-43-60,cache/1756175073036.png
632,8188,155-142-83-109,cache/1756175073439.png
632,4881,245-64-71-77,cache/1756175073447.png
632,3125,336-85-63-60,cache/1756175073453.png
632,2919,123-110-68-68,cache/1756175073459.png
632,2496,240-209-46-58,cache/1756175073464.png
632,1772,316-166-39-50,cache/1756175073469.png
23,4600,247-131-75-76,cache/1756175074002.png
23,5726,351-78-75-84,cache/1756175074009.png
23,1493,225-213-41-42,cache/1756175074015.png
23,1324,118-187-40-39,cache/1756175074020.png
23,1568,86-79-62-36,cache/1756175074025.png
23,6142,78-108-81-96,cache/1756175074033.png
23,1993,79-107-75-33,cache/1756175074045.png
540,10093,216-164-92-123,cache/1756175074506.png
540,5851,157-97-71-91,cache/1756175074516.png
540,4450,372-118-75-73,cache/1756175074523.png
540,1607,49-115-45-44,cache/1756175074529.png
540,1468,110-104-42-42,cache/1756175074534.png
540,2425,324-176-51-54,cache/1756175074540.png
540,1820,121-162-41-50,cache/1756175074545.png
540,2339,264-55-54-54,cache/1756175074550.png
491,8819,239-118-89-105,cache/1756175074965.png
491,2247,213-93-67-66,cache/1756175074972.png
491,2270,198-189-42-58,cache/1756175074977.png
332,1509,289-187-43-42,cache/1756175075271.png
332,6305,20-76-82-91,cache/1756175075276.png
110,5452,230-164-82-82,cache/1756175075729.png
110,4940,333-79-81-82,cache/1756175075736.png
110,5429,283-96-70-89,cache/1756175075742.png
110,3090,210-40-51-64,cache/1756175075748.png
110,3321,27-95-66-63,cache/1756175075754.png
110,1549,70-145-40-45,cache/1756175075759.png
787,3510,158-93-66-65,cache/1756175076015.png
787,2350,242-54-55-55,cache/1756175076021.png
746,10459,21-110-119-113,cache/1756175076371.png
746,3413,122-80-66-66,cache/1756175076380.png
746,2685,282-183-50-57,cache/1756175076385.png
885,4076,28-105-73-68,cache/1756175076789.png
885,1609,100-108-45-45,cache/1756175076796.png
885,7838,322-121-87-105,cache/1756175076801.png
885,5792,201-158-84-85,cache/1756175076809.png
885,939,391-120-36-44,cache/1756175076815.png
184,4936,149-78-68-86,cache/1756175077102.png
184,1505,401-120-40-44,cache/1756175077109.png
184,3557,188-128-109-54,cache/1756175077113.png
819,1549,320-110-42-41,cache/1756175077372.png
139,6178,99-144-88-87,cache/1756175078010.png
139,3643,38-87-70-64,cache/1756175078016.png
139,1446,216-94-40-41,cache/1756175078022.png
139,1814,61-145-41-50,cache/1756175078027.png
139,1571,323-126-38-46,cache/1756175078031.png
518,2734,184-59-57-58,cache/1756175078359.png
518,2185,120-138-50-51,cache/1756175078365.png
518,1516,346-105-42-43,cache/1756175078373.png
518,2893,191-132-87-41,cache/1756175078377.png
549,5705,117-133-85-84,cache/1756175078785.png
549,3261,202-38-53-66,cache/1756175078792.png
549,1658,236-135-37-48,cache/1756175078798.png
549,1462,32-114-40-43,cache/1756175078803.png
549,1471,184-94-41-41,cache/1756175078808.png
413,4815,67-64-70-80,cache/1756175079258.png
413,5215,126-166-125-76,cache/1756175079266.png
413,1381,253-198-38-42,cache/1756175079274.png
413,4425,165-47-68-76,cache/1756175079280.png
413,2540,346-122-82-39,cache/1756175079287.png
413,8523,339-122-105-106,cache/1756175079292.png
601,11510,168-171-98-149,cache/1756175079691.png
601,2389,299-187-45-55,cache/1756175079700.png
601,2973,107-76-61-60,cache/1756175079705.png
601,1804,142-127-45-46,cache/1756175079711.png
601,2833,231-71-59-59,cache/1756175079716.png
601,2042,104-159-42-52,cache/1756175079721.png
601,1310,178-113-38-42,cache/1756175079726.png
888,4909,171-73-64-81,cache/1756175080093.png
888,2582,294-185-49-56,cache/1756175080098.png
888,1785,53-119-48-44,cache/1756175080102.png
164,3801,365-93-69-67,cache/1756175080412.png
164,1176,223-106-38-42,cache/1756175080418.png
164,2346,247-117-79-36,cache/1756175080424.png
164,2497,175-205-45-60,cache/1756175080431.png
943,15561,155-187-143-133,cache/1756175081132.png
943,6150,68-84-94-101,cache/1756175081143.png
943,4984,330-62-69-82,cache/1756175081151.png
943,2801,164-107-72-71,cache/1756175081157.png
943,2915,129-58-64-73,cache/1756175081164.png
943,1998,351-160-43-52,cache/1756175081170.png
943,3150,118-137-89-44,cache/1756175081176.png
943,7156,118-137-90-117,cache/1756175081182.png
157,3228,231-201-60-68,cache/1756175081617.png
157,4926,361-80-74-85,cache/1756175081624.png
157,6061,0-85-94-87,cache/1756175081630.png
157,2713,245-64-57-58,cache/1756175081637.png
157,1790,197-154-38-50,cache/1756175081643.png
157,1541,119-130-38-45,cache/1756175081648.png
157,2571,301-128-84-38,cache/1756175081654.png
157,8485,296-129-89-110,cache/1756175081659.png
129,5207,291-75-69-84,cache/1756175082113.png
129,2495,236-44-66-71,cache/1756175082120.png
129,2131,130-61-58-47,cache/1756175082126.png
129,8172,130-98-96-104,cache/1756175082131.png
426,9073,287-111-105-110,cache/1756175082568.png
426,2637,237-174-55-60,cache/1756175082578.png
426,2391,248-58-54-54,cache/1756175082584.png
426,3937,148-61-59-71,cache/1756175082590.png
555,5341,138-66-73-79,cache/1756175082905.png
555,6035,239-96-71-92,cache/1756175082912.png
555,2122,181-146-48-52,cache/1756175082918.png
546,5105,337-77-72-83,cache/1756175083314.png
546,1842,122-133-44-48,cache/1756175083324.png
546,2046,346-161-43-53,cache/1756175083330.png
546,2115,390-136-52-48,cache/1756175083336.png
546,3839,272-58-61-71,cache/1756175083341.png
546,4144,158-168-101-50,cache/1756175083347.png
463,5564,102-59-81-81,cache/1756175083757.png
463,6063,250-141-87-88,cache/1756175083765.png
463,4110,266-54-60-73,cache/1756175083774.png
463,1730,166-135-38-47,cache/1756175083780.png
220,5287,296-90-69-85,cache/1756175084250.png
220,2230,283-172-49-57,cache/1756175084258.png
220,4072,197-64-58-74,cache/1756175084263.png
220,1667,166-158-38-48,cache/1756175084269.png
154,9043,175-149-86-115,cache/1756175084772.png
154,5720,93-97-74-88,cache/1756175084780.png
394,4095,25-107-73-69,cache/1756175085718.png
394,2895,99-69-60-60,cache/1756175085724.png
394,7635,281-116-90-107,cache/1756175085730.png
394,2307,250-45-53-52,cache/1756175085738.png
394,2619,264-197-50-62,cache/1756175085743.png
394,3096,185-78-61-61,cache/1756175085749.png
394,1652,235-145-36-47,cache/1756175085755.png
449,2877,276-67-59-59,cache/1756175086336.png
449,1860,88-121-48-45,cache/1756175086341.png
675,9610,144-110-108-112,cache/1756175087145.png
675,5838,31-83-78-88,cache/1756175087153.png
675,2074,99-139-48-51,cache/1756175087159.png
675,3949,268-54-60-72,cache/1756175087164.png
675,1665,205-203-44-45,cache/1756175087169.png
736,5570,120-156-84-83,cache/1756175088850.png
736,5827,46-92-78-88,cache/1756175088858.png
736,7380,336-93-100-97,cache/1756175088864.png
736,4503,114-62-65-76,cache/1756175088872.png
736,2680,195-222-46-63,cache/1756175088878.png
736,2888,206-75-59-60,cache/1756175088883.png
736,6893,256-114-78-99,cache/1756175088889.png
736,2079,257-114-76-33,cache/1756175088896.png
847,2709,172-63-57-57,cache/1756175089641.png
847,4489,327-69-66-79,cache/1756175089647.png
847,2176,324-153-52-54,cache/1756175089653.png
847,6660,192-191-90-92,cache/1756175089658.png
847,1471,71-129-39-44,cache/1756175089666.png
847,1056,196-168-38-42,cache/1756175089671.png
847,1615,294-117-43-45,cache/1756175089676.png
847,1870,253-139-45-50,cache/1756175089681.png
847,2756,119-193-56-60,cache/1756175089687.png
578,8027,272-94-97-97,cache/1756175090336.png
578,5609,86-83-74-85,cache/1756175090344.png
585,2270,226-53-51-52,cache/1756175090920.png
585,1720,144-128-44-46,cache/1756175090925.png
411,4163,216-47-70-70,cache/1756175091658.png
411,3985,156-62-59-72,cache/1756175091665.png
411,9519,141-154-90-118,cache/1756175091670.png
411,3508,46-97-67-64,cache/1756175091679.png
411,7029,259-95-91-95,cache/1756175091687.png
411,1726,90-155-40-48,cache/1756175091694.png
610,5614,317-86-74-86,cache/1756175092400.png
610,6446,67-100-79-94,cache/1756175092407.png
610,5161,151-68-72-81,cache/1756175092413.png
497,4313,229-55-70-69,cache/1756175092979.png
497,2950,144-104-69-65,cache/1756175092986.png
497,2894,326-78-66-76,cache/1756175092993.png
497,10771,164-143-102-118,cache/1756175092998.png
497,7746,290-115-85-99,cache/1756175093007.png
745,5432,215-158-81-83,cache/1756175093430.png
745,2191,142-119-77-35,cache/1756175093440.png
745,1324,350-80-66-25,cache/1756175093457.png
774,3127,131-80-62-61,cache/1756175093779.png
774,1788,67-134-41-46,cache/1756175093787.png
774,2740,193-214-47-64,cache/1756175093792.png
729,2871,143-77-59-59,cache/1756175094156.png
729,2628,292-67-56-56,cache/1756175094162.png
729,3211,208-40-60-64,cache/1756175094167.png
729,2549,198-192-48-58,cache/1756175094173.png
856,9394,112-146-91-116,cache/1756175094585.png
856,5694,201-73-80-83,cache/1756175094593.png
856,1772,263-162-38-50,cache/1756175094599.png
856,1986,271-66-50-55,cache/1756175094604.png
856,1558,354-133-38-43,cache/1756175094609.png
793,4918,301-61-67-78,cache/1756175094931.png
793,1467,251-192-42-42,cache/1756175094937.png
793,1599,404-126-41-46,cache/1756175094942.png
13,2767,143-194-57-62,cache/1756175095318.png
13,3070,186-90-61-61,cache/1756175095324.png
13,5073,112-68-79-78,cache/1756175095329.png
13,5049,281-89-68-83,cache/1756175095335.png
13,1617,69-137-41-42,cache/1756175095341.png
13,1326,283-89-66-24,cache/1756175095346.png
13,1747,274-167-38-50,cache/1756175095351.png
68,4603,252-49-75-73,cache/1756175095746.png
68,3347,180-46-54-67,cache/1756175095752.png
68,5231,342-76-72-82,cache/1756175095758.png
68,3315,204-232-50-88,cache/1756175095764.png
68,2072,256-144-47-51,cache/1756175095769.png
68,1374,224-93-39-40,cache/1756175095775.png
558,7485,149-135-82-107,cache/1756175096253.png
558,2739,317-78-65-50,cache/1756175096260.png
558,11571,223-153-115-126,cache/1756175096266.png
558,5724,306-121-79-99,cache/1756175096275.png
558,1387,222-171-32-63,cache/1756175096282.png
813,5596,107-161-83-84,cache/1756175096648.png
813,7067,262-100-88-97,cache/1756175096654.png
201,2800,205-181-56-62,cache/1756175097022.png
201,3138,304-80-62-61,cache/1756175097028.png
201,8361,0-99-123-103,cache/1756175097033.png
201,1850,158-158-39-51,cache/1756175097041.png
286,2590,237-61-56-56,cache/1756175097453.png
286,6259,62-85-79-90,cache/1756175097458.png
286,1522,239-204-42-43,cache/1756175097464.png
655,6513,20-76-92-82,cache/1756175097829.png
655,4016,252-60-59-73,cache/1756175097836.png
655,2360,305-185-45-58,cache/1756175097841.png
655,5699,331-86-74-87,cache/1756175097846.png
268,3735,124-62-61-72,cache/1756175098155.png
268,4267,299-65-63-75,cache/1756175098161.png
268,3489,240-47-55-64,cache/1756175098166.png
268,2043,159-115-79-31,cache/1756175098172.png
948,5333,299-136-81-81,cache/1756175098507.png
948,4322,170-66-61-74,cache/1756175098515.png
948,2207,114-147-51-52,cache/1756175098520.png
948,3731,69-99-70-69,cache/1756175098525.png
17,2614,270-59-56-56,cache/1756175098901.png
17,3500,139-89-66-65,cache/1756175098907.png
17,2109,244-179-41-55,cache/1756175098913.png
17,6393,398-93-82-91,cache/1756175098918.png
17,7149,47-98-84-97,cache/1756175098925.png
17,2709,148-210-48-63,cache/1756175098932.png
514,6004,56-69-88-84,cache/1756175099450.png
514,7795,371-92-109-91,cache/1756175099457.png
514,6923,141-172-92-93,cache/1756175099465.png
514,3692,273-81-68-81,cache/1756175099472.png
514,9539,225-127-98-115,cache/1756175099478.png
514,4289,190-65-61-75,cache/1756175099486.png
908,4783,206-97-74-95,cache/1756175100132.png
908,2979,304-69-60-61,cache/1756175100139.png
908,10973,138-133-110-126,cache/1756175100145.png
908,1903,86-154-42-50,cache/1756175100154.png
908,1658,364-123-42-47,cache/1756175100159.png
961,4567,65-120-76-73,cache/1756175100589.png
961,1541,143-200-43-42,cache/1756175100597.png
961,1521,269-136-36-46,cache/1756175100606.png
222,4671,118-66-65-77,cache/1756175101913.png
222,2144,225-45-51-51,cache/1756175101956.png
222,5749,193-146-84-86,cache/1756175101977.png
222,1914,141-143-41-48,cache/1756175101989.png
222,3060,183-225-50-67,cache/1756175101995.png
222,1507,245-90-70-26,cache/1756175102003.png
222,5233,244-90-71-91,cache/1756175102011.png
815,10065,215-173-91-123,cache/1756175103556.png
815,3139,152-95-62-62,cache/1756175103564.png
815,2112,296-126-77-34,cache/1756175103570.png
930,5010,282-82-71-89,cache/1756175104286.png
930,8453,153-197-101-123,cache/1756175104293.png
930,5137,105-69-70-82,cache/1756175104301.png
930,7476,220-110-79-103,cache/1756175104308.png
143,5785,138-168-85-84,cache/1756175105472.png
143,1934,348-111-75-32,cache/1756175105479.png
750,3466,297-89-66-64,cache/1756175107260.png
750,3923,384-96-71-68,cache/1756175107267.png
750,2085,345-138-50-48,cache/1756175107274.png
750,7912,213-188-99-101,cache/1756175107280.png
750,4126,246-63-61-76,cache/1756175107288.png
750,2236,114-91-57-53,cache/1756175107295.png
386,8275,248-129-84-110,cache/1756175108446.png
386,3735,195-43-56-70,cache/1756175108454.png
386,5020,63-129-79-78,cache/1756175108460.png
386,1808,398-93-82-30,cache/1756175108466.png
386,6518,389-93-91-93,cache/1756175108472.png
91,6145,257-67-85-86,cache/1756175109087.png
91,2878,178-134-84-41,cache/1756175109093.png
91,1938,92-98-74-32,cache/1756175109098.png
914,4428,309-115-75-73,cache/1756175109764.png
914,3849,377-95-70-67,cache/1756175109771.png
914,4363,163-64-61-76,cache/1756175109777.png
914,12870,168-164-109-132,cache/1756175109782.png
914,5088,169-164-107-58,cache/1756175109792.png
641,8442,357-104-123-99,cache/1756175110530.png
641,5338,87-77-71-85,cache/1756175110539.png
641,2511,142-193-45-58,cache/1756175110546.png
641,3020,221-36-53-65,cache/1756175110551.png
641,3671,286-96-68-66,cache/1756175110557.png
641,2220,181-114-77-35,cache/1756175110563.png
641,2029,337-170-44-54,cache/1756175110568.png
202,1574,162-127-36-46,cache/1756175111056.png
430,4165,70-126-73-71,cache/1756175111823.png
430,2514,126-69-56-55,cache/1756175111830.png
430,7352,277-133-81-103,cache/1756175111835.png
430,1804,309-112-64-60,cache/1756175111842.png
430,2533,42-99-65-63,cache/1756175111847.png
276,1485,251-90-41-42,cache/1756175112283.png
276,1764,378-137-42-49,cache/1756175112289.png
276,3635,275-122-102-56,cache/1756175112294.png
944,4097,197-43-72-69,cache/1756175113022.png
944,2842,252-78-82-57,cache/1756175113037.png
944,2863,123-67-59-58,cache/1756175113050.png
944,6189,377-87-81-90,cache/1756175113056.png
944,9239,269-105-106-109,cache/1756175113087.png
944,1580,236-135-34-48,cache/1756175113096.png
944,3895,79-132-116-50,cache/1756175113172.png
944,11934,79-132-119-122,cache/1756175113182.png
944,2607,273-104-102-44,cache/1756175113202.png
933,10299,211-166-93-125,cache/1756175113753.png
933,4518,358-81-83-83,cache/1756175113765.png
933,4347,163-60-61-77,cache/1756175113774.png
933,2827,122-193-56-60,cache/1756175113780.png
933,1732,52-133-44-49,cache/1756175113788.png
933,2344,325-120-80-36,cache/1756175113796.png
30,12935,196-166-112-154,cache/1756175114252.png
30,3156,307-70-62-62,cache/1756175114263.png
30,2628,159-50-56-56,cache/1756175114269.png
30,1397,99-111-36-43,cache/1756175114275.png
30,2223,118-147-52-54,cache/1756175114280.png
824,4876,330-118-78-77,cache/1756175114750.png
824,5773,128-141-84-84,cache/1756175114756.png
824,1654,61-127-41-46,cache/1756175114763.png
824,4395,236-55-68-72,cache/1756175114768.png
702,6554,177-170-89-90,cache/1756175115233.png
702,4323,281-107-73-72,cache/1756175115241.png
702,4259,287-58-85-75,cache/1756175115247.png
702,1791,83-154-42-52,cache/1756175115254.png
702,1955,32-119-52-47,cache/1756175115260.png
702,2827,110-182-56-60,cache/1756175115265.png
966,3191,198-82-62-62,cache/1756175115696.png
966,2332,242-48-54-54,cache/1756175115704.png
966,1541,163-128-36-43,cache/1756175115709.png
966,7865,353-110-89-104,cache/1756175115715.png
966,1335,97-181-40-39,cache/1756175115724.png
126,7064,0-90-97-100,cache/1756175116194.png
126,4220,129-163-102-51,cache/1756175116205.png
126,1873,356-142-42-50,cache/1756175116215.png
126,4165,91-121-80-78,cache/1756175116220.png
126,2146,230-170-42-56,cache/1756175116226.png
126,1092,152-119-38-44,cache/1756175116232.png
311,5721,88-70-84-81,cache/1756175116728.png
311,3304,244-100-64-64,cache/1756175116735.png
311,1553,228-150-35-47,cache/1756175116742.png
311,2988,265-50-56-67,cache/1756175116747.png
311,1532,349-143-38-45,cache/1756175116753.png
311,3073,200-43-53-66,cache/1756175116760.png
311,1353,129-200-40-40,cache/1756175116774.png
410,2556,206-60-55-56,cache/1756175117146.png
410,5884,42-81-77-85,cache/1756175117151.png
410,1811,304-160-40-50,cache/1756175117158.png
297,5734,88-61-83-84,cache/1756175117692.png
297,5609,287-136-83-83,cache/1756175117699.png
297,2630,242-196-46-62,cache/1756175117705.png
297,1253,334-111-40-41,cache/1756175117711.png
297,5781,411-93-69-94,cache/1756175117716.png
297,1816,201-147-39-51,cache/1756175117722.png
86,3581,154-62-60-74,cache/1756175118166.png
86,5263,101-82-70-84,cache/1756175118172.png
86,4478,340-123-76-72,cache/1756175118178.png
86,3290,194-235-48-85,cache/1756175118185.png
86,1762,173-157-38-49,cache/1756175118190.png
86,2852,245-205-53-61,cache/1756175118195.png
270,5282,75-71-72-85,cache/1756175118577.png
270,2847,178-60-58-59,cache/1756175118589.png
270,1655,144-218-43-45,cache/1756175118596.png
270,1679,134-140-39-48,cache/1756175118604.png
270,1833,396-128-48-50,cache/1756175118610.png
270,2004,347-165-44-52,cache/1756175118616.png
132,3948,99-83-71-83,cache/1756175119204.png
132,1494,201-203-42-42,cache/1756175119210.png
132,8631,135-112-102-105,cache/1756175119219.png
403,6775,183-84-83-93,cache/1756175119628.png
403,1530,324-109-44-42,cache/1756175119636.png
403,1883,215-47-52-48,cache/1756175119641.png
403,1417,126-92-41-40,cache/1756175119646.png
403,1614,304-202-43-44,cache/1756175119651.png
403,2421,248-157-53-57,cache/1756175119657.png
690,8454,337-107-92-105,cache/1756175120103.png
690,7551,90-95-87-93,cache/1756175120112.png
690,2080,0-118-63-47,cache/1756175120120.png
690,1805,138-212-46-47,cache/1756175120125.png
720,2571,142-187-55-60,cache/1756175120500.png
720,3444,317-98-65-64,cache/1756175120506.png
720,5882,165-104-71-91,cache/1756175120512.png
720,2338,314-168-54-56,cache/1756175120518.png
616,3727,155-103-68-68,cache/1756175120939.png
616,5999,41-81-77-86,cache/1756175120945.png
338,2362,182-55-53-54,cache/1756175121263.png
338,3536,135-94-65-66,cache/1756175121269.png
338,2580,279-63-55-56,cache/1756175121277.png
952,3841,0-95-84-62,cache/1756175121765.png
952,4654,94-80-67-78,cache/1756175121772.png
952,6684,181-195-90-92,cache/1756175121779.png
952,3994,282-63-78-75,cache/1756175121786.png
952,7178,241-111-87-98,cache/1756175121793.png
542,5030,90-127-80-79,cache/1756175122244.png
542,2735,192-184-52-61,cache/1756175122251.png
542,2923,274-72-59-59,cache/1756175122259.png
542,5109,60-70-86-84,cache/1756175122268.png
542,1903,230-137-44-49,cache/1756175122275.png
542,1360,276-179-40-41,cache/1756175122281.png
814,6278,136-97-78-91,cache/1756175122791.png
814,4472,77-78-64-79,cache/1756175122799.png
814,4269,352-125-74-71,cache/1756175122805.png
814,5226,283-68-79-81,cache/1756175122812.png
814,1553,239-222-42-44,cache/1756175122819.png
779,7089,390-87-90-96,cache/1756175123310.png
779,8606,83-107-107-113,cache/1756175123318.png
779,2729,145-185-53-59,cache/1756175123328.png
779,3710,273-46-68-78,cache/1756175123333.png
779,6031,229-79-71-87,cache/1756175123341.png
370,3237,338-86-63-62,cache/1756175123776.png
370,5337,121-64-82-80,cache/1756175123783.png
370,2257,247-53-53-52,cache/1756175123790.png
370,1803,321-153-39-49,cache/1756175123796.png
370,1392,166-177-32-53,cache/1756175123801.png
370,1563,113-126-38-45,cache/1756175123806.png
370,10605,192-166-94-126,cache/1756175123811.png
300,3694,374-95-69-65,cache/1756175124189.png
300,3805,148-106-70-70,cache/1756175124195.png
300,3527,133-64-77-69,cache/1756175124201.png
300,1371,296-184-41-40,cache/1756175124207.png
300,2996,200-146-89-41,cache/1756175124211.png
20,14253,133-187-113-133,cache/1756175124757.png
20,4650,35-95-76-93,cache/1756175124769.png
20,8553,80-113-109-113,cache/1756175124777.png
20,2372,188-52-54-54,cache/1756175124786.png
20,1462,317-189-42-41,cache/1756175124792.png
20,1577,263-202-43-44,cache/1756175124797.png
20,1611,364-92-74-27,cache/1756175124803.png
227,4743,178-39-73-75,cache/1756175125249.png
227,1935,72-124-50-49,cache/1756175125256.png
227,2382,145-158-52-58,cache/1756175125261.png
227,5026,293-67-68-83,cache/1756175125266.png
227,1458,121-134-38-47,cache/1756175125273.png
227,4318,199-170-96-55,cache/1756175125278.png
910,11139,258-156-99-126,cache/1756175125772.png
910,6022,59-69-87-88,cache/1756175125783.png
910,5896,380-84-100-88,cache/1756175125790.png
910,2281,142-189-44-57,cache/1756175125797.png
645,3557,162-229-63-91,cache/1756175126111.png
645,1443,325-92-42-40,cache/1756175126117.png
645,2385,281-202-44-60,cache/1756175126122.png
645,1542,161-133-36-46,cache/1756175126127.png
236,4144,356-109-72-70,cache/1756175126521.png
236,4145,312-68-65-77,cache/1756175126528.png
236,4755,202-60-78-79,cache/1756175126535.png
236,3922,131-57-60-71,cache/1756175126541.png
236,1553,191-209-43-43,cache/1756175126547.png
236,1372,314-182-41-40,cache/1756175126552.png
371,10549,176-173-93-126,cache/1756175127018.png
371,6696,136-92-86-90,cache/1756175127026.png
371,1800,295-164-39-50,cache/1756175127033.png
334,6257,89-99-77-93,cache/1756175127526.png
334,5013,343-74-71-83,cache/1756175127533.png
334,2830,248-136-83-42,cache/1756175127540.png
334,8308,247-136-85-110,cache/1756175127545.png
334,2034,331-148-49-53,cache/1756175127553.png
334,3873,264-87-82-63,cache/1756175127558.png
18,1775,196-53-50-52,cache/1756175127996.png
18,2020,227-72-53-57,cache/1756175128004.png
18,5313,262-88-68-84,cache/1756175128012.png
18,2623,115-111-101-43,cache/1756175128027.png
18,9033,114-112-105-106,cache/1756175128041.png
416,1592,254-116-42-44,cache/1756175128292.png
713,7073,42-106-85-97,cache/1756175128720.png
713,3358,126-61-60-72,cache/1756175128731.png
713,3846,154-103-69-69,cache/1756175128738.png
165,4932,312-60-90-68,cache/1756175129377.png
165,3361,104-75-64-64,cache/1756175129384.png
165,4671,199-75-68-79,cache/1756175129390.png
165,3332,237-37-69-67,cache/1756175129397.png
165,6754,0-86-103-93,cache/1756175129403.png
165,4233,139-135-119-60,cache/1756175129411.png
165,12791,137-135-123-133,cache/1756175129420.png
165,11239,300-115-121-120,cache/1756175129431.png
165,1739,0-86-95-27,cache/1756175129442.png
106,11300,278-146-108-118,cache/1756175130012.png
106,7136,148-184-94-94,cache/1756175130023.png
106,3899,110-59-64-73,cache/1756175130030.png
106,7755,350-104-108-106,cache/1756175130036.png
106,3626,317-74-71-72,cache/1756175130044.png
106,7996,102-118-111-109,cache/1756175130051.png
106,3922,37-98-71-68,cache/1756175130059.png
107,10405,133-155-94-124,cache/1756175130441.png
107,2564,229-39-66-62,cache/1756175130449.png
107,6211,243-72-87-86,cache/1756175130455.png
508,5419,120-72-80-82,cache/1756175130840.png
508,4564,201-137-75-76,cache/1756175130846.png
508,3376,48-95-66-63,cache/1756175130852.png
508,4982,350-94-74-87,cache/1756175130858.png
508,2059,335-154-48-50,cache/1756175130864.png
3,8376,36-110-93-100,cache/1756175131226.png
3,1744,174-224-45-46,cache/1756175131234.png
3,2434,287-54-58-70,cache/1756175131240.png
3,2419,222-53-54-54,cache/1756175131245.png
3,3399,266-87-65-64,cache/1756175131251.png
3,1473,133-128-36-45,cache/1756175131266.png
61,2784,251-212-47-64,cache/1756175131531.png
61,2236,281-157-49-52,cache/1756175131536.png
61,1817,119-150-40-49,cache/1756175131541.png
137,5663,245-55-83-82,cache/1756175131979.png
137,13843,135-157-116-140,cache/1756175131986.png
137,2592,125-127-80-66,cache/1756175131997.png
137,1926,44-123-49-45,cache/1756175132003.png
137,1516,251-191-40-45,cache/1756175132009.png
845,6631,190-191-90-91,cache/1756175132432.png
845,3526,29-100-68-64,cache/1756175132440.png
845,3012,277-88-61-60,cache/1756175132446.png
845,3029,237-46-52-63,cache/1756175132451.png
845,5572,167-133-79-101,cache/1756175132456.png
845,2220,336-105-86-41,cache/1756175132463.png
845,7246,329-105-93-100,cache/1756175132468.png
845,2329,167-133-79-36,cache/1756175132475.png
355,2961,144-78-60-60,cache/1756175132915.png
355,7333,237-94-94-98,cache/1756175132922.png
355,4076,81-129-77-75,cache/1756175132929.png
355,3298,233-43-61-63,cache/1756175132935.png
355,4769,32-79-72-81,cache/1756175132941.png
355,6160,122-167-88-88,cache/1756175132947.png
355,1430,370-129-37-43,cache/1756175132954.png
355,2057,288-177-42-54,cache/1756175132959.png
169,6470,357-109-81-99,cache/1756175133534.png
169,4072,209-63-60-74,cache/1756175133543.png
169,3616,179-227-60-71,cache/1756175133549.png
169,5086,74-132-81-78,cache/1756175133555.png
169,2824,57-94-69-61,cache/1756175133562.png
169,4013,151-107-71-69,cache/1756175133568.png
169,16647,275-110-163-141,cache/1756175133574.png
169,10258,274-140-99-112,cache/1756175133587.png
482,6547,324-93-79-89,cache/1756175133881.png
482,2833,282-63-60-74,cache/1756175133888.png
482,1673,236-101-73-27,cache/1756175133894.png
715,9264,222-137-89-117,cache/1756175134256.png
715,4085,193-44-69-67,cache/1756175134265.png
715,3827,293-60-60-72,cache/1756175134271.png
715,6406,33-85-86-91,cache/1756175134277.png
651,3200,295-80-62-63,cache/1756175134575.png
651,2747,223-220-46-65,cache/1756175134581.png
651,1639,273-132-39-45,cache/1756175134586.png
390,3697,158-114-72-68,cache/1756175134984.png
390,1973,46-128-52-48,cache/1756175134990.png
390,5772,239-80-73-86,cache/1756175134995.png
390,1536,325-103-43-42,cache/1756175135002.png
390,4027,175-167-95-52,cache/1756175135006.png
239,5390,203-72-67-86,cache/1756175135416.png
239,4470,114-55-64-76,cache/1756175135424.png
239,2108,360-158-45-54,cache/1756175135429.png
239,1847,290-123-44-46,cache/1756175135434.png
239,2182,183-168-42-56,cache/1756175135439.png
239,1784,69-134-42-48,cache/1756175135444.png
312,6877,353-77-92-96,cache/1756175135882.png
312,4411,262-66-70-85,cache/1756175135890.png
312,7023,98-98-81-98,cache/1756175135897.png
312,2023,97-98-77-32,cache/1756175135905.png
312,3492,206-117-105-53,cache/1756175135910.png
210,2361,261-58-53-53,cache/1756175136179.png
210,1475,179-134-35-44,cache/1756175136184.png
781,3555,107-91-66-66,cache/1756175136473.png
781,2286,233-44-52-52,cache/1756175136480.png
920,6747,250-172-91-92,cache/1756175136904.png
920,5959,199-62-78-86,cache/1756175136912.png
920,1626,123-130-38-47,cache/1756175136920.png
920,1538,129-194-43-42,cache/1756175136925.png
920,1328,178-238-49-32,cache/1756175136931.png
920,10709,318-115-118-124,cache/1756175136936.png
920,3137,178-238-50-82,cache/1756175136946.png
789,8745,160-127-86-111,cache/1756175137265.png
789,3985,206-59-58-73,cache/1756175137275.png
789,1879,255-157-39-51,cache/1756175137280.png
265,7608,283-109-83-98,cache/1756175137546.png
265,1955,265-81-62-59,cache/1756175137554.png
84,4583,332-72-69-80,cache/1756175137923.png
84,4379,274-110-74-73,cache/1756175137932.png
84,1796,132-117-46-46,cache/1756175137938.png
84,4046,94-66-66-78,cache/1756175137943.png
84,2030,352-158-44-52,cache/1756175137950.png
84,2364,219-53-54-53,cache/1756175137955.png
84,1450,201-129-35-44,cache/1756175137960.png
681,4624,339-132-76-75,cache/1756175138290.png
681,3341,282-96-64-63,cache/1756175138296.png
681,4935,95-73-70-80,cache/1756175138302.png
681,1963,265-181-40-53,cache/1756175138308.png
123,1904,212-164-39-52,cache/1756175138598.png
123,7025,52-97-84-95,cache/1756175138604.png
123,1695,273-127-41-46,cache/1756175138611.png
123,4182,239-62-60-77,cache/1756175138616.png
93,5598,338-75-78-78,cache/1756175138889.png
93,2372,112-125-80-36,cache/1756175138895.png
145,3738,274-55-57-71,cache/1756175139155.png
175,8140,359-109-121-95,cache/1756175139577.png
175,3567,98-78-73-83,cache/1756175139586.png
175,1754,292-163-39-49,cache/1756175139592.png
175,2524,324-82-60-60,cache/1756175139596.png
175,6465,137-100-80-92,cache/1756175139601.png
548,1779,294-81-61-41,cache/1756175139914.png
548,8082,276-114-91-97,cache/1756175139919.png
548,1842,140-166-40-50,cache/1756175139925.png
841,6019,138-135-86-87,cache/1756175140388.png
841,4802,279-55-66-80,cache/1756175140394.png
841,1580,218-126-36-47,cache/1756175140400.png
841,11064,336-110-122-115,cache/1756175140405.png
841,1893,46-109-51-45,cache/1756175140413.png
841,3365,344-109-114-48,cache/1756175140418.png
604,5115,95-139-80-79,cache/1756175140793.png
604,1711,287-127-45-45,cache/1756175140799.png
604,2373,204-48-51-62,cache/1756175140804.png
604,4533,166-77-62-77,cache/1756175140808.png
604,1791,341-157-40-49,cache/1756175140814.png
246,6598,281-110-76-97,cache/1756175141148.png
246,2944,114-79-60-59,cache/1756175141155.png
246,1569,191-209-42-44,cache/1756175141161.png
246,1603,385-142-40-46,cache/1756175141165.png
116,2638,274-54-56-56,cache/1756175141464.png
116,4648,156-62-63-79,cache/1756175141470.png
116,2141,65-136-52-52,cache/1756175141476.png
925,6196,325-98-77-91,cache/1756175141921.png
925,2475,191-199-44-60,cache/1756175141928.png
925,3081,288-75-65-79,cache/1756175141933.png
925,2238,147-160-48-52,cache/1756175141939.png
925,4222,174-65-61-71,cache/1756175141944.png
925,1565,61-127-40-45,cache/1756175141950.png
925,2440,235-130-83-36,cache/1756175141955.png
925,8298,235-130-84-109,cache/1756175141959.png
831,6176,360-91-80-91,cache/1756175142292.png
831,6191,63-79-83-91,cache/1756175142299.png
831,1479,175-108-38-43,cache/1756175142306.png
831,1371,109-185-40-40,cache/1756175142310.png
820,4812,145-54-74-77,cache/1756175142666.png
820,4365,174-188-95-57,cache/1756175142672.png
820,11159,174-188-96-132,cache/1756175142678.png
869,7504,344-105-91-103,cache/1756175143080.png
869,2013,98-84-89-37,cache/1756175143099.png
869,7069,97-85-93-93,cache/1756175143106.png
869,1422,282-103-40-42,cache/1756175143128.png
809,4096,105-69-70-83,cache/1756175143805.png
809,8957,36-104-104-101,cache/1756175143818.png
809,4320,217-55-60-77,cache/1756175143833.png
809,5729,259-148-84-83,cache/1756175143845.png
809,2143,172-255-51-65,cache/1756175143853.png
809,1917,365-97-77-31,cache/1756175143859.png
809,2553,130-198-47-61,cache/1756175143865.png
776,3003,221-45-50-63,cache/1756175144194.png
776,7385,68-103-96-94,cache/1756175144204.png
98,2602,158-76-59-56,cache/1756175144591.png
98,3762,27-100-70-66,cache/1756175144605.png
98,4296,164-122-73-73,cache/1756175144615.png
98,3194,206-44-53-66,cache/1756175144627.png
98,2981,241-146-87-43,cache/1756175144641.png
656,3762,271-46-58-72,cache/1756175144954.png
656,3295,215-80-63-64,cache/1756175144968.png
656,1932,325-143-44-47,cache/1756175144980.png
656,2912,267-194-57-64,cache/1756175144987.png
439,3977,131-62-60-72,cache/1756175145274.png
439,2059,229-158-48-52,cache/1756175145285.png
257,7924,275-119-84-105,cache/1756175145875.png
257,2588,117-62-60-73,cache/1756175145883.png
257,3297,238-45-53-65,cache/1756175145890.png
257,5287,145-80-68-84,cache/1756175145895.png
195,12979,180-186-106-134,cache/1756175146347.png
195,5835,124-64-82-82,cache/1756175146357.png
195,8028,244-127-97-116,cache/1756175146366.png
195,2395,225-48-54-54,cache/1756175146374.png
195,1571,67-117-40-45,cache/1756175146380.png
195,2970,296-80-63-59,cache/1756175146385.png
423,2063,138-72-57-52,cache/1756175146855.png
423,3732,151-106-68-67,cache/1756175146861.png
423,2094,296-153-48-50,cache/1756175146868.png
423,1538,200-209-42-43,cache/1756175146874.png
423,2226,69-122-79-34,cache/1756175146879.png
423,6173,296-85-91-93,cache/1756175146884.png
423,1900,301-85-86-37,cache/1756175146891.png
977,6805,159-167-92-92,cache/1756175147361.png
977,2302,234-55-52-52,cache/1756175147370.png
977,2385,284-176-46-54,cache/1756175147375.png
977,2385,296-64-63-44,cache/1756175147381.png
977,5884,284-101-78-94,cache/1756175147386.png
977,1692,287-101-74-27,cache/1756175147393.png
5,4457,64-122-75-73,cache/1756175147885.png
5,3349,315-92-64-63,cache/1756175147892.png
5,2182,261-56-53-52,cache/1756175147898.png
5,3735,151-105-68-67,cache/1756175147904.png
5,965,177-189-54-29,cache/1756175147912.png
653,4431,306-128-74-73,cache/1756175148628.png
653,7667,79-128-85-103,cache/1756175148635.png
653,4539,31-95-72-86,cache/1756175148644.png
653,6213,156-105-75-89,cache/1756175148651.png
653,3363,97-70-63-63,cache/1756175148658.png
663,6443,67-91-80-93,cache/1756175149057.png
663,2853,106-177-58-64,cache/1756175149067.png
663,4570,172-114-75-75,cache/1756175149074.png
663,4789,241-46-75-74,cache/1756175149081.png
663,3013,315-68-61-61,cache/1756175149088.png
663,2364,164-76-62-56,cache/1756175149095.png
674,5194,193-81-66-84,cache/1756175149424.png
674,2058,367-158-46-48,cache/1756175149429.png
674,1509,102-132-38-44,cache/1756175149434.png
674,1914,313-169-41-52,cache/1756175149439.png
865,3783,33-104-70-66,cache/1756175149760.png
865,3212,113-89-63-62,cache/1756175149776.png
488,4324,198-41-71-71,cache/1756175150254.png
488,6387,117-162-89-88,cache/1756175150264.png
488,3351,328-79-65-64,cache/1756175150281.png
488,1489,186-141-37-48,cache/1756175150300.png
488,1472,57-120-39-44,cache/1756175150309.png
488,4436,265-55-65-74,cache/1756175150340.png
849,10556,237-155-95-118,cache/1756175150825.png
849,1938,207-54-55-56,cache/1756175150834.png
849,1927,327-100-74-32,cache/1756175150839.png
849,1383,126-194-40-40,cache/1756175150845.png
849,5183,165-76-67-85,cache/1756175150850.png
849,6496,47-90-92-90,cache/1756175150865.png
16,1326,178-190-39-40,cache/1756175151145.png
120,7910,335-122-89-105,cache/1756175151502.png
120,6383,149-173-89-89,cache/1756175151510.png
120,1932,243-141-44-50,cache/1756175151517.png
179,3925,266-71-59-73,cache/1756175151858.png
179,1923,159-152-46-50,cache/1756175151864.png
179,9032,225-136-100-112,cache/1756175151870.png
179,3047,227-135-97-51,cache/1756175151877.png
291,5158,99-74-73-80,cache/1756175152262.png
291,3329,318-75-64-63,cache/1756175152269.png
291,1561,374-123-39-45,cache/1756175152275.png
291,11745,97-151-105-121,cache/1756175152280.png
291,1442,326-186-42-41,cache/1756175152291.png
291,1789,295-146-39-50,cache/1756175152296.png
291,1556,200-159-32-53,cache/1756175152302.png
291,2150,38-132-54-50,cache/1756175152307.png
302,3791,342-92-69-67,cache/1756175152580.png
302,1576,177-136-36-46,cache/1756175152586.png
315,7300,358-113-87-100,cache/1756175152997.png
315,10761,191-168-94-127,cache/1756175153004.png
315,2653,204-64-56-57,cache/1756175153013.png
315,1949,299-169-41-52,cache/1756175153019.png
315,3832,71-101-71-66,cache/1756175153024.png
315,5511,258-88-70-88,cache/1756175153030.png
697,3366,295-73-64-63,cache/1756175153320.png
697,1753,360-119-45-49,cache/1756175153326.png
697,1912,253-227-48-48,cache/1756175153331.png
697,1591,288-198-43-43,cache/1756175153336.png
876,4359,94-120-74-73,cache/1756175153635.png
876,2581,64-91-64-63,cache/1756175153643.png
876,3063,240-153-89-42,cache/1756175153650.png
838,2466,144-124-79-38,cache/1756175153888.png
701,4826,315-130-77-77,cache/1756175154236.png
701,2237,202-193-42-57,cache/1756175154242.png
701,4957,144-53-74-76,cache/1756175154247.png
701,2877,223-70-59-59,cache/1756175154254.png
701,1777,273-121-45-47,cache/1756175154259.png
701,1669,115-146-39-47,cache/1756175154264.png
88,4220,329-68-84-82,cache/1756175154624.png
88,6669,277-89-90-96,cache/1756175154631.png
88,3464,222-156-90-47,cache/1756175154638.png
251,5763,181-154-84-84,cache/1756175155008.png
251,4658,101-120-76-75,cache/1756175155014.png
251,1673,290-129-39-48,cache/1756175155020.png
400,2278,218-55-52-52,cache/1756175155326.png
375,6066,377-91-81-90,cache/1756175155753.png
375,2656,168-63-56-57,cache/1756175155760.png
375,2122,223-151-49-53,cache/1756175155765.png
375,1415,142-192-41-40,cache/1756175155770.png
375,4754,86-70-68-79,cache/1756175155775.png
40,3019,81-90-61-60,cache/1756175156093.png
40,3368,345-103-66-63,cache/1756175156101.png
40,1344,288-107-40-39,cache/1756175156108.png
40,1411,179-212-40-42,cache/1756175156114.png
122,3689,116-90-67-67,cache/1756175156469.png
122,3060,207-33-53-66,cache/1756175156475.png
122,1330,237-85-39-40,cache/1756175156480.png
122,5668,340-68-78-87,cache/1756175156485.png
198,11445,208-165-98-130,cache/1756175156905.png
198,2980,241-126-77-64,cache/1756175156914.png
198,1519,93-103-43-41,cache/1756175156920.png
198,1244,201-137-35-44,cache/1756175156925.png
198,2106,128-170-43-54,cache/1756175156931.png
198,1809,0-84-87-35,cache/1756175156936.png
198,7209,0-84-95-93,cache/1756175156943.png
14,3438,193-41-54-66,cache/1756175157290.png
14,2319,97-155-49-56,cache/1756175157296.png
14,1451,368-116-37-43,cache/1756175157300.png
444,3580,156-90-66-66,cache/1756175157620.png
444,2077,67-134-51-48,cache/1756175157625.png
444,4016,272-55-60-73,cache/1756175157631.png
444,1589,263-200-43-44,cache/1756175157638.png
897,6605,157-103-75-97,cache/1756175157952.png
897,1550,372-125-39-45,cache/1756175157958.png
897,1506,55-111-40-45,cache/1756175157962.png
350,4640,95-69-66-79,cache/1756175158239.png
350,3295,189-41-53-65,cache/1756175158246.png
350,1563,237-123-39-45,cache/1756175158251.png
350,1400,220-201-40-41,cache/1756175158255.png
724,4732,230-135-76-76,cache/1756175158558.png
724,1754,154-98-71-30,cache/1756175158564.png
724,6099,154-98-72-92,cache/1756175158569.png
314,3422,206-76-64-65,cache/1756175158840.png
314,3916,351-88-70-68,cache/1756175158846.png
314,1305,279-164-39-40,cache/1756175158851.png
723,3773,246-48-63-66,cache/1756175159108.png
277,6841,150-170-92-92,cache/1756175159551.png
277,6852,324-103-81-96,cache/1756175159559.png
277,4179,20-104-73-70,cache/1756175159567.png
277,2694,283-79-61-62,cache/1756175159574.png
277,1493,279-192-42-42,cache/1756175159581.png
878,9516,66-117-110-112,cache/1756175160064.png
878,4196,382-110-74-69,cache/1756175160072.png
878,3609,202-51-55-69,cache/1756175160078.png
878,1905,307-153-44-50,cache/1756175160084.png
307,1715,166-151-37-49,cache/1756175160337.png
307,1508,73-128-38-44,cache/1756175160342.png
307,2215,246-55-52-53,cache/1756175160346.png
171,12284,185-156-117-134,cache/1756175160753.png
171,3532,175-89-65-66,cache/1756175160764.png
171,3531,235-34-55-69,cache/1756175160770.png
171,5877,265-99-74-95,cache/1756175160775.png
171,2233,137-188-44-57,cache/1756175160782.png
171,2699,337-127-84-40,cache/1756175160787.png
318,4035,296-119-71-69,cache/1756175161110.png
318,3662,63-104-67-66,cache/1756175161116.png
318,2532,194-64-56-55,cache/1756175161121.png
318,1829,128-169-40-51,cache/1756175161126.png
318,1541,221-119-40-44,cache/1756175161131.png
74,4152,89-129-72-71,cache/1756175161462.png
74,3580,323-110-67-65,cache/1756175161468.png
74,1936,214-46-48-48,cache/1756175161474.png
74,3346,224-142-105-56,cache/1756175161480.png
261,3209,323-79-63-61,cache/1756175161861.png
261,4639,174-64-64-74,cache/1756175161867.png
261,2903,218-138-88-40,cache/1756175161872.png
261,2407,93-125-84-35,cache/1756175161877.png
565,8546,283-107-101-107,cache/1756175162279.png
565,4194,248-43-71-70,cache/1756175162287.png
565,1659,44-111-46-42,cache/1756175162293.png
565,4525,140-56-69-72,cache/1756175162298.png
565,2510,201-169-53-59,cache/1756175162304.png
58,2584,272-169-54-57,cache/1756175162585.png
58,4687,102-71-66-78,cache/1756175162590.png
627,2004,113-130-49-50,cache/1756175162904.png
627,1401,346-105-43-42,cache/1756175162909.png
627,3209,198-143-93-42,cache/1756175162914.png
627,1432,320-120-38-45,cache/1756175162920.png
931,6286,128-173-89-88,cache/1756175163285.png
931,8652,238-109-100-107,cache/1756175163292.png
931,1539,333-126-40-47,cache/1756175163300.png
931,1438,110-94-42-41,cache/1756175163305.png
840,6974,208-167-93-93,cache/1756175163662.png
840,3692,345-87-68-67,cache/1756175163674.png
840,5812,192-70-79-83,cache/1756175163681.png
840,1551,286-132-36-46,cache/1756175163688.png
41,5179,137-87-73-85,cache/1756175164125.png
41,5619,98-144-84-83,cache/1756175164132.png
41,3219,99-65-62-76,cache/1756175164139.png
41,6702,188-170-91-92,cache/1756175164145.png
41,2352,216-53-53-54,cache/1756175164152.png
41,1510,364-127-38-44,cache/1756175164157.png
41,4617,265-122-76-75,cache/1756175164162.png
172,5343,321-122-81-80,cache/1756175164520.png
172,6370,86-84-77-92,cache/1756175164528.png
172,2314,261-177-44-58,cache/1756175164534.png
172,1884,33-110-50-45,cache/1756175164539.png
172,2114,220-133-49-52,cache/1756175164544.png
172,1965,160-225-49-49,cache/1756175164549.png
289,7063,21-79-94-85,cache/1756175165080.png
289,9665,231-134-91-118,cache/1756175165088.png
289,7103,382-96-98-96,cache/1756175165097.png
289,7531,156-104-87-100,cache/1756175165104.png
289,4899,280-60-69-75,cache/1756175165111.png
289,4287,211-51-70-73,cache/1756175165116.png
289,2133,98-165-44-54,cache/1756175165122.png
500,5373,199-92-66-87,cache/1756175165403.png
500,3817,67-110-70-67,cache/1756175165411.png
500,1991,166-184-40-53,cache/1756175165419.png
829,4876,186-50-75-77,cache/1756175165777.png
829,2227,228-197-48-60,cache/1756175165787.png
829,2188,287-159-49-53,cache/1756175165798.png
829,3314,368-91-67-63,cache/1756175165808.png
829,2698,197-228-47-64,cache/1756175165818.png
773,12058,212-164-102-125,cache/1756175166205.png
773,2273,165-189-44-57,cache/1756175166215.png
773,1993,101-167-42-52,cache/1756175166220.png
404,4560,144-52-72-72,cache/1756175166582.png
404,1556,265-202-42-43,cache/1756175166588.png
404,1268,172-216-60-36,cache/1756175166593.png
376,4863,253-87-64-82,cache/1756175167105.png
376,1838,235-47-49-48,cache/1756175167111.png
376,1889,112-152-44-47,cache/1756175167115.png
376,4226,316-72-62-76,cache/1756175167119.png
199,2408,219-62-53-54,cache/1756175167448.png
199,3423,70-96-66-64,cache/1756175167454.png
199,1848,287-87-61-37,cache/1756175167459.png
636,5192,97-79-69-84,cache/1756175167755.png
636,2081,161-180-41-55,cache/1756175167761.png
25,4833,73-83-69-81,cache/1756175168155.png
25,8160,168-142-83-108,cache/1756175168161.png
25,3620,264-105-65-67,cache/1756175168167.png
25,4136,171-70-59-73,cache/1756175168173.png
25,1575,132-145-39-49,cache/1756175168178.png
733,2691,127-64-58-57,cache/1756175168535.png
733,3553,43-76-70-81,cache/1756175168540.png
733,4347,69-115-75-72,cache/1756175168546.png
733,1712,193-160-39-51,cache/1756175168551.png
733,2274,160-189-43-57,cache/1756175168556.png
733,1427,338-122-36-43,cache/1756175168560.png
597,6332,234-171-88-89,cache/1756175168903.png
597,7072,107-116-80-99,cache/1756175168910.png
597,3122,96-73-65-78,cache/1756175168917.png
597,1953,107-116-77-31,cache/1756175168922.png
181,3854,70-98-69-67,cache/1756175169271.png
181,3691,117-60-62-73,cache/1756175169278.png
181,1899,337-158-42-50,cache/1756175169284.png
181,1812,382-149-42-49,cache/1756175169288.png
181,2053,192-165-41-52,cache/1756175169293.png
181,4128,232-45-69-68,cache/1756175169298.png
499,8562,230-134-85-112,cache/1756175169929.png
499,6419,61-117-103-103,cache/1756175169938.png
499,4283,189-35-70-72,cache/1756175169945.png
499,3675,109-157-92-49,cache/1756175169951.png
499,2801,136-62-59-58,cache/1756175169957.png
499,5139,0-81-84-88,cache/1756175169963.png
499,1982,348-142-47-52,cache/1756175169969.png
1,5565,45-85-76-85,cache/1756175170650.png
1,4468,385-85-74-86,cache/1756175170656.png
1,6558,264-98-78-94,cache/1756175170662.png
1,1747,112-155-40-49,cache/1756175170669.png
1,4850,343-129-78-76,cache/1756175170674.png
1,2355,264-199-44-59,cache/1756175170680.png
1,2140,151-182-42-56,cache/1756175170685.png
215,7954,103-126-85-105,cache/1756175171154.png
215,4552,53-75-68-79,cache/1756175171163.png
215,1748,282-154-39-49,cache/1756175171168.png
215,6672,211-92-88-93,cache/1756175171173.png
215,4813,291-85-72-81,cache/1756175171180.png
100,3981,88-110-70-69,cache/1756175171440.png
367,4708,148-54-74-73,cache/1756175171817.png
367,6356,24-81-94-90,cache/1756175171824.png
367,2151,232-51-50-51,cache/1756175171830.png
367,2134,306-173-43-54,cache/1756175171835.png
367,1439,407-121-38-43,cache/1756175171840.png
367,1608,133-139-37-46,cache/1756175171845.png
367,1785,81-149-40-49,cache/1756175171849.png
909,5254,188-160-80-81,cache/1756175172237.png
909,6538,284-116-77-95,cache/1756175172244.png
909,4759,349-93-69-85,cache/1756175172250.png
909,4173,131-59-64-73,cache/1756175172256.png
528,1853,196-149-43-49,cache/1756175172540.png
528,3333,250-53-53-66,cache/1756175172545.png
896,3725,39-92-69-66,cache/1756175172959.png
896,4600,189-125-75-75,cache/1756175172965.png
896,4980,146-47-77-77,cache/1756175172971.png
896,6172,348-75-86-91,cache/1756175172978.png
896,6144,259-68-86-87,cache/1756175172984.png
852,4747,149-129-77-77,cache/1756175173343.png
852,4279,123-76-68-83,cache/1756175173349.png
852,3336,149-51-78-77,cache/1756175173355.png
852,1725,409-139-43-47,cache/1756175173361.png
852,2854,182-225-48-65,cache/1756175173366.png
852,4805,237-68-64-81,cache/1756175173371.png
717,7201,245-76-93-96,cache/1756175173693.png
717,7176,95-100-82-100,cache/1756175173700.png
717,1616,352-129-39-46,cache/1756175173706.png
504,6465,123-76-85-88,cache/1756175174374.png
504,2912,224-221-48-63,cache/1756175174381.png
504,1604,51-132-40-46,cache/1756175174387.png
504,1885,169-164-40-52,cache/1756175174391.png
504,1457,86-103-39-40,cache/1756175174396.png
504,2615,370-101-110-46,cache/1756175174401.png
622,7214,21-93-99-90,cache/1756175174867.png
622,1702,380-119-47-43,cache/1756175174874.png
622,1758,101-154-40-48,cache/1756175174879.png
622,2202,221-53-51-52,cache/1756175174884.png
622,1520,297-111-42-42,cache/1756175174889.png
622,1418,282-195-41-41,cache/1756175174893.png
622,8337,147-127-84-102,cache/1756175174898.png
970,7251,393-94-87-99,cache/1756175175252.png
970,6422,216-159-89-90,cache/1756175175259.png
970,1467,355-108-40-42,cache/1756175175266.png
290,4259,101-112-73-71,cache/1756175175586.png
290,5619,263-87-70-88,cache/1756175175592.png
290,1372,236-185-40-40,cache/1756175175597.png
353,5043,113-62-68-82,cache/1756175175976.png
353,6178,288-68-83-90,cache/1756175175983.png
353,4513,226-124-78-78,cache/1756175175990.png
326,3820,97-101-69-68,cache/1756175176370.png
326,2817,154-77-60-59,cache/1756175176375.png
326,2214,287-88-63-60,cache/1756175176382.png
326,4244,255-114-72-73,cache/1756175176388.png
326,1388,227-183-40-41,cache/1756175176393.png
341,10642,256-134-114-122,cache/1756175176858.png
341,5852,323-69-87-85,cache/1756175176868.png
341,3419,142-91-65-64,cache/1756175176876.png
341,2312,134-57-59-65,cache/1756175176882.png
341,1141,68-126-41-46,cache/1756175176887.png
341,1941,81-151-44-48,cache/1756175176893.png
341,3026,68-126-56-72,cache/1756175176899.png
341,4062,153-175-95-52,cache/1756175176905.png
341,2825,237-73-60-59,cache/1756175176911.png
744,9018,252-128-99-113,cache/1756175177588.png
744,2063,351-145-51-49,cache/1756175177597.png
744,4103,291-64-63-74,cache/1756175177603.png
744,3391,106-62-75-63,cache/1756175177609.png
744,3590,200-106-66-68,cache/1756175177614.png
744,2744,171-202-52-63,cache/1756175177620.png
744,4897,67-90-71-88,cache/1756175177625.png
744,6873,122-122-80-102,cache/1756175177632.png
744,2300,122-122-77-36,cache/1756175177638.png
599,4944,160-49-80-81,cache/1756175178185.png
599,2678,409-100-71-69,cache/1756175178192.png
599,11930,150-170-100-126,cache/1756175178198.png
599,3337,223-81-64-63,cache/1756175178207.png
599,1393,325-92-40-42,cache/1756175178213.png
599,2434,361-116-81-38,cache/1756175178218.png
599,1399,108-187-40-41,cache/1756175178223.png
599,1675,66-139-41-47,cache/1756175178228.png
87,5387,104-122-82-81,cache/1756175178659.png
87,4284,0-90-89-70,cache/1756175178666.png
87,2778,269-54-58-58,cache/1756175178672.png
87,7447,393-89-87-100,cache/1756175178678.png
87,2606,217-35-54-67,cache/1756175178685.png
87,2317,327-168-46-57,cache/1756175178691.png
87,2022,254-225-49-50,cache/1756175178696.png
92,12050,154-155-118-133,cache/1756175179256.png
92,10246,260-139-114-124,cache/1756175179266.png
92,3748,380-97-69-66,cache/1756175179275.png
92,3271,233-37-53-66,cache/1756175179281.png
92,1551,40-116-43-45,cache/1756175179286.png
92,4844,84-142-79-78,cache/1756175179292.png
727,1410,302-131-37-46,cache/1756175179600.png
727,6417,249-163-89-88,cache/1756175179606.png
727,2215,42-108-81-34,cache/1756175179612.png
978,2883,127-77-59-59,cache/1756175180009.png
978,4365,226-49-71-72,cache/1756175180014.png
978,2362,164-204-44-59,cache/1756175180020.png
978,3811,286-109-69-67,cache/1756175180025.png
38,4979,118-59-73-79,cache/1756175180408.png
38,4123,227-49-62-72,cache/1756175180416.png
38,1415,358-119-37-43,cache/1756175180422.png
38,1753,160-151-38-49,cache/1756175180427.png
183,3042,152-199-58-64,cache/1756175180760.png
183,2960,154-81-60-60,cache/1756175180768.png
183,1815,323-147-43-50,cache/1756175180774.png
183,1513,351-117-43-41,cache/1756175180780.png
183,1572,119-127-40-42,cache/1756175180784.png
183,1872,273-157-41-49,cache/1756175180789.png
372,1697,228-141-43-49,cache/1756175181076.png
372,3438,148-155-90-47,cache/1756175181082.png
372,2290,81-153-53-54,cache/1756175181089.png
229,2179,71-143-50-54,cache/1756175181397.png
229,10997,149-136-97-121,cache/1756175181402.png
568,3703,97-94-68-67,cache/1756175181757.png
568,4537,289-57-67-77,cache/1756175181763.png
568,5674,197-151-84-84,cache/1756175181768.png
568,1560,165-137-36-46,cache/1756175181774.png
568,2045,345-145-49-52,cache/1756175181779.png
415,4417,223-70-63-80,cache/1756175182068.png
452,10505,205-147-99-118,cache/1756175182549.png
452,1340,140-93-41-39,cache/1756175182557.png
452,3054,72-76-62-60,cache/1756175182561.png
452,4343,292-121-73-73,cache/1756175182566.png
452,5285,342-84-80-91,cache/1756175182572.png
507,5091,169-67-77-77,cache/1756175182894.png
507,1527,265-145-35-46,cache/1756175182900.png
507,1859,332-165-41-50,cache/1756175182904.png
50,7741,171-202-97-118,cache/1756175183207.png
50,5020,327-76-70-81,cache/1756175183215.png
485,6222,133-103-74-93,cache/1756175183587.png
485,2753,136-58-62-51,cache/1756175183593.png
485,1461,60-129-38-43,cache/1756175183598.png
485,6550,284-86-88-91,cache/1756175183602.png
611,6567,193-167-90-90,cache/1756175183915.png
611,5104,70-69-74-80,cache/1756175183921.png
611,1344,143-171-40-39,cache/1756175183927.png
279,5244,127-68-69-84,cache/1756175184239.png
279,1983,368-154-44-52,cache/1756175184245.png
279,1550,185-196-43-44,cache/1756175184250.png
0,11307,141-131-113-124,cache/1756175184622.png
0,2806,252-70-59-57,cache/1756175184631.png
0,5520,79-88-74-87,cache/1756175184637.png
0,2653,308-166-57-57,cache/1756175184642.png
207,6882,76-99-82-97,cache/1756175185054.png
207,10393,221-142-94-115,cache/1756175185060.png
207,9224,313-123-93-112,cache/1756175185068.png
689,3767,247-48-58-68,cache/1756175185471.png
689,1564,171-135-36-46,cache/1756175185476.png
689,2582,270-204-46-62,cache/1756175185480.png
689,1749,327-145-40-48,cache/1756175185484.png
78,5294,86-66-80-77,cache/1756175185911.png
78,3109,221-45-52-64,cache/1756175185917.png
78,4678,269-74-66-78,cache/1756175185922.png
78,1668,213-238-44-46,cache/1756175185928.png
78,2155,157-194-42-56,cache/1756175185932.png
78,1514,341-145-37-45,cache/1756175185937.png
78,1629,264-157-37-48,cache/1756175185941.png
808,6911,25-90-85-95,cache/1756175186383.png
808,3378,336-81-65-63,cache/1756175186389.png
808,5879,215-67-83-83,cache/1756175186395.png
808,2232,184-175-42-57,cache/1756175186400.png
159,2727,143-63-58-58,cache/1756175186716.png
159,1962,298-159-41-52,cache/1756175186721.png
159,1418,313-105-40-42,cache/1756175186726.png
159,3828,135-161-97-49,cache/1756175186731.png
159,1303,211-139-36-46,cache/1756175186736.png
678,9367,108-116-104-110,cache/1756175187182.png
678,2662,188-220-46-63,cache/1756175187193.png
678,5001,150-56-81-74,cache/1756175187198.png
678,6482,21-85-87-95,cache/1756175187204.png
678,1353,323-189-40-40,cache/1756175187211.png
678,7937,318-102-99-96,cache/1756175187216.png
957,4953,129-118-87-97,cache/1756175187698.png
957,8103,271-135-84-109,cache/1756175187705.png
957,11659,152-162-109-130,cache/1756175187712.png
957,1692,90-133-42-45,cache/1756175187721.png
957,3107,246-44-54-68,cache/1756175187725.png
991,5229,157-44-78-79,cache/1756175188066.png
991,3518,235-33-55-68,cache/1756175188073.png
991,2312,62-149-51-50,cache/1756175188078.png
991,1642,143-132-37-48,cache/1756175188083.png
991,1426,286-178-42-41,cache/1756175188088.png
991,4667,155-170-102-56,cache/1756175188093.png
706,3390,240-80-66-65,cache/1756175188449.png
706,6297,59-59-91-89,cache/1756175188454.png
706,1993,105-142-46-52,cache/1756175188461.png
706,2956,184-130-84-43,cache/1756175188466.png
706,1618,399-127-41-46,cache/1756175188470.png
303,4129,119-59-62-73,cache/1756175188826.png
303,2418,244-58-56-56,cache/1756175188832.png
303,10198,270-130-100-119,cache/1756175188837.png
303,1436,230-102-40-40,cache/1756175188844.png
303,2138,365-154-48-56,cache/1756175188849.png
190,4995,192-134-78-79,cache/1756175189135.png
190,1793,174-223-45-47,cache/1756175189144.png
247,5215,253-49-79-79,cache/1756175189434.png
247,2975,258-136-85-43,cache/1756175189441.png
247,1893,340-149-43-52,cache/1756175189446.png
247,2685,75-127-84-40,cache/1756175189451.png
42,6301,192-107-73-94,cache/1756175189773.png
42,3074,126-86-61-61,cache/1756175189779.png
42,1864,277-155-41-47,cache/1756175189784.png
858,1657,189-108-42-44,cache/1756175190065.png
858,1422,351-116-37-44,cache/1756175190071.png
858,1734,320-137-39-48,cache/1756175190076.png
587,7925,252-109-90-99,cache/1756175190560.png
587,3857,79-102-70-68,cache/1756175190568.png
587,4757,187-76-63-80,cache/1756175190573.png
587,2568,256-213-45-62,cache/1756175190579.png
867,2146,232-39-50-51,cache/1756175190954.png
867,6631,77-104-80-95,cache/1756175190960.png
867,1562,291-89-69-28,cache/1756175190966.png
867,1943,77-103-75-32,cache/1756175190971.png
150,3346,153-89-64-63,cache/1756175191371.png
150,3728,274-61-78-75,cache/1756175191377.png
150,8565,346-101-107-101,cache/1756175191383.png
529,3910,287-98-69-69,cache/1756175191732.png
529,4366,219-45-74-74,cache/1756175191738.png
529,3595,180-91-66-67,cache/1756175191745.png
529,1124,273-202-58-34,cache/1756175191750.png
666,7594,283-128-83-104,cache/1756175192115.png
666,4311,118-64-63-76,cache/1756175192124.png
75,14641,155-173-114-147,cache/1756175192542.png
75,3111,275-193-58-67,cache/1756175192554.png
75,2722,87-168-58-61,cache/1756175192560.png
75,2837,216-45-55-70,cache/1756175192566.png
75,1506,332-130-37-45,cache/1756175192572.png
75,1744,74-110-47-45,cache/1756175192578.png
317,1492,226-195-42-42,cache/1756175192880.png
545,5540,284-150-83-82,cache/1756175193164.png
626,7888,244-126-82-106,cache/1756175193533.png
626,5229,193-96-90-92,cache/1756175193540.png
626,3550,353-96-66-64,cache/1756175193547.png
626,1558,55-117-44-40,cache/1756175193554.png
859,2085,222-196-40-55,cache/1756175193890.png
859,1549,296-128-40-45,cache/1756175193895.png
859,1713,122-87-60-52,cache/1756175193901.png
859,6377,134-113-75-95,cache/1756175193907.png
366,6678,385-91-95-93,cache/1756175194464.png
366,2452,95-155-54-57,cache/1756175194472.png
366,3422,326-80-65-64,cache/1756175194479.png
366,3816,241-64-65-76,cache/1756175194488.png
366,5633,130-77-91-92,cache/1756175194494.png
366,1927,192-103-78-30,cache/1756175194502.png
366,1705,182-50-55-50,cache/1756175194507.png
692,4958,260-85-66-84,cache/1756175194985.png
692,3713,215-52-71-72,cache/1756175194991.png
692,2248,347-152-54-52,cache/1756175194997.png
692,2644,187-137-84-38,cache/1756175195002.png
267,5340,337-68-73-84,cache/1756175195469.png
267,1383,268-87-40-39,cache/1756175195482.png
267,7706,160-86-92-99,cache/1756175195491.png
267,2178,90-147-45-51,cache/1756175195501.png
354,6397,227-176-89-90,cache/1756175195891.png
354,1767,39-113-48-45,cache/1756175195899.png
354,2861,196-72-59-59,cache/1756175195908.png
354,2133,182-44-55-66,cache/1756175195921.png
354,3071,109-143-87-44,cache/1756175195928.png
233,1818,33-125-48-47,cache/1756175196264.png
396,11095,256-138-115-127,cache/1756175196838.png
396,5686,299-68-80-80,cache/1756175196849.png
396,4227,99-62-67-80,cache/1756175196856.png
396,6974,182-80-90-95,cache/1756175196862.png
396,2054,44-105-77-33,cache/1756175196870.png
262,5419,203-142-82-82,cache/1756175197287.png
262,3175,228-90-65-62,cache/1756175197295.png
262,1858,182-229-46-48,cache/1756175197301.png
262,1984,240-48-52-47,cache/1756175197306.png
262,1542,393-90-87-26,cache/1756175197312.png
573,4577,322-124-76-74,cache/1756175197716.png
573,4595,323-72-88-72,cache/1756175197723.png
573,2390,170-55-55-67,cache/1756175197730.png
573,3548,247-48-61-67,cache/1756175197736.png
557,4868,52-95-103-100,cache/1756175198321.png
557,9062,88-130-92-114,cache/1756175198338.png
557,6923,221-77-89-92,cache/1756175198353.png
557,1712,276-60-54-56,cache/1756175198373.png
557,1405,175-91-40-40,cache/1756175198380.png
945,7751,184-97-87-98,cache/1756175198819.png
945,1437,277-183-41-41,cache/1756175198828.png
945,1640,88-107-45-42,cache/1756175198833.png
151,1890,331-147-45-46,cache/1756175199174.png
151,2471,265-195-47-55,cache/1756175199179.png
151,1543,51-125-38-44,cache/1756175199188.png
442,6102,379-100-101-90,cache/1756175199877.png
442,7387,194-107-87-97,cache/1756175199886.png
442,2779,178-75-80-61,cache/1756175199893.png
442,924,174-58-51-37,cache/1756175199899.png
442,2264,115-126-79-35,cache/1756175199904.png
442,1726,333-157-39-49,cache/1756175199909.png
767,6184,111-66-87-87,cache/1756175200428.png
767,5190,343-137-81-78,cache/1756175200435.png
767,5560,130-155-83-83,cache/1756175200441.png
767,3221,234-38-54-68,cache/1756175200453.png
36,3588,164-216-62-72,cache/1756175200860.png
36,5178,97-128-82-79,cache/1756175200867.png
602,5528,182-86-68-87,cache/1756175201450.png
602,4635,114-61-67-73,cache/1756175201456.png
602,3581,210-44-72-69,cache/1756175201461.png
602,1332,316-186-40-40,cache/1756175201469.png
602,2162,265-155-49-54,cache/1756175201474.png
510,3137,109-72-63-61,cache/1756175201858.png
510,1644,372-132-40-47,cache/1756175201865.png
510,1122,139-181-40-39,cache/1756175201870.png
510,1710,51-110-48-44,cache/1756175201875.png
523,3918,281-83-100-85,cache/1756175202438.png
523,8961,276-120-90-113,cache/1756175202444.png
523,2103,63-138-46-49,cache/1756175202451.png
924,15792,164-180-140-140,cache/1756175203161.png
924,5035,246-55-80-80,cache/1756175203174.png
924,5662,86-84-76-92,cache/1756175203180.png
924,3849,182-41-57-71,cache/1756175203187.png
924,2143,130-153-45-54,cache/1756175203193.png
924,1739,288-112-45-47,cache/1756175203198.png
76,12137,137-158-119-134,cache/1756175203782.png
76,2835,114-70-59-58,cache/1756175203792.png
76,3814,42-102-70-67,cache/1756175203797.png
76,2928,291-55-75-73,cache/1756175203803.png
76,4684,196-47-73-76,cache/1756175203809.png
76,878,125-163-38-49,cache/1756175203816.png
76,1518,276-83-66-27,cache/1756175203821.png
76,1532,243-142-35-47,cache/1756175203826.png
556,2333,226-188-43-58,cache/1756175204424.png
556,2476,246-61-66-73,cache/1756175204429.png
556,1897,174-134-44-49,cache/1756175204434.png
556,6713,259-87-84-93,cache/1756175204438.png
556,4317,153-65-62-75,cache/1756175204444.png
556,6116,153-65-65-118,cache/1756175204449.png
710,2969,273-69-61-61,cache/1756175205081.png
710,4237,60-69-72-80,cache/1756175205087.png
710,2068,184-141-46-52,cache/1756175205093.png
710,2296,363-161-47-53,cache/1756175205098.png
710,1570,397-129-41-46,cache/1756175205103.png
710,9928,81-123-106-118,cache/1756175205108.png
710,1052,226-191-56-33,cache/1756175205117.png
406,5225,151-62-79-77,cache/1756175205558.png
406,5728,0-86-92-85,cache/1756175205564.png
406,6666,199-169-90-91,cache/1756175205571.png
406,1404,185-152-50-48,cache/1756175205577.png
406,4167,394-104-86-70,cache/1756175205583.png
406,1342,313-177-40-40,cache/1756175205589.png
322,9449,113-155-91-116,cache/1756175206027.png
322,6028,72-85-85-82,cache/1756175206035.png
583,1624,128-116-43-42,cache/1756175206392.png
583,5204,334-78-71-82,cache/1756175206397.png
64,3175,153-78-62-62,cache/1756175206944.png
64,5326,305-137-81-81,cache/1756175206950.png
64,5192,296-60-82-80,cache/1756175206956.png
64,2609,232-62-57-56,cache/1756175206961.png
64,1460,284-116-40-43,cache/1756175206967.png
64,1426,218-188-41-41,cache/1756175206971.png
7,6339,0-91-101-83,cache/1756175207299.png
709,6248,217-95-73-94,cache/1756175207776.png
709,2327,244-41-52-53,cache/1756175207783.png
709,9164,76-126-93-111,cache/1756175207788.png
709,1696,352-86-73-29,cache/1756175207796.png
709,1898,344-158-43-51,cache/1756175207800.png
433,8077,89-128-87-108,cache/1756175208340.png
433,3997,116-59-61-72,cache/1756175208347.png
433,1712,382-98-74-29,cache/1756175208352.png
665,1592,87-101-44-45,cache/1756175208718.png
665,1484,278-148-38-46,cache/1756175208723.png
665,6865,236-185-91-93,cache/1756175208728.png
756,4720,182-133-75-77,cache/1756175209126.png
756,3080,266-142-86-45,cache/1756175209133.png
756,1495,379-126-39-44,cache/1756175209138.png
756,1342,181-101-41-40,cache/1756175209142.png
598,2681,294-60-57-57,cache/1756175209642.png
598,3600,372-88-67-65,cache/1756175209649.png
598,2437,272-204-45-60,cache/1756175209654.png
598,3268,75-78-64-64,cache/1756175209659.png
598,1383,148-188-40-40,cache/1756175209665.png
730,7156,87-104-81-99,cache/1756175210167.png
730,2703,215-209-46-63,cache/1756175210174.png
730,4500,242-44-74-71,cache/1756175210179.png
730,1478,338-125-37-44,cache/1756175210184.png
730,1335,186-174-40-39,cache/1756175210189.png
80,5648,287-66-79-85,cache/1756175210746.png
80,10006,98-148-94-121,cache/1756175210754.png
80,5455,193-167-126-74,cache/1756175210765.png
80,5430,20-77-77-83,cache/1756175210779.png
80,1479,368-124-38-44,cache/1756175210789.png
80,1342,20-76-69-24,cache/1756175210802.png
138,10233,89-132-104-120,cache/1756175211233.png
138,4743,50-90-75-89,cache/1756175211247.png
138,2996,286-76-61-60,cache/1756175211253.png
453,2623,272-179-55-60,cache/1756175211688.png
453,4433,346-119-75-72,cache/1756175211695.png
453,4759,89-71-67-80,cache/1756175211702.png
453,3247,228-41-52-66,cache/1756175211708.png
453,3975,151-55-59-72,cache/1756175211714.png
453,1770,222-161-38-50,cache/1756175211720.png
453,5088,289-82-69-84,cache/1756175211727.png
453,1622,66-141-40-46,cache/1756175211734.png
112,7246,144-97-98-103,cache/1756175212090.png
112,3005,71-77-65-59,cache/1756175212098.png
112,4691,273-53-71-76,cache/1756175212104.png
112,2627,80-128-85-38,cache/1756175212110.png
112,1714,370-115-47-43,cache/1756175212116.png
167,6383,397-93-83-90,cache/1756175212479.png
167,4748,336-72-69-78,cache/1756175212486.png
167,1731,58-116-47-43,cache/1756175212492.png
167,3935,186-61-59-73,cache/1756175212497.png
167,1562,136-137-37-46,cache/1756175212502.png
167,2237,219-121-81-34,cache/1756175212506.png
890,4531,73-132-75-74,cache/1756175213010.png
890,2058,358-147-50-49,cache/1756175213015.png
890,2287,142-203-44-57,cache/1756175213020.png
890,1362,186-59-53-44,cache/1756175213025.png
890,6216,194-81-83-89,cache/1756175213030.png
163,3025,216-81-60-61,cache/1756175213366.png
163,2846,185-210-51-64,cache/1756175213371.png
163,1246,372-124-47-41,cache/1756175213377.png
163,1400,134-192-41-41,cache/1756175213382.png
163,1712,366-149-40-48,cache/1756175213386.png
163,2157,84-152-52-52,cache/1756175213391.png
938,3590,104-94-67-66,cache/1756175213789.png
938,4612,313-70-67-79,cache/1756175213797.png
938,4546,367-116-75-74,cache/1756175213803.png
938,3488,210-46-54-68,cache/1756175213809.png
938,2852,156-222-48-66,cache/1756175213814.png
938,1316,225-181-39-40,cache/1756175213819.png
938,2227,119-193-45-59,cache/1756175213824.png
511,2690,212-188-54-61,cache/1756175214184.png
511,4174,234-120-71-72,cache/1756175214191.png
511,2623,182-72-56-56,cache/1756175214197.png
511,1427,311-108-42-41,cache/1756175214203.png
511,1307,117-184-40-39,cache/1756175214208.png
511,3514,256-51-57-64,cache/1756175214213.png
114,4578,150-79-68-84,cache/1756175214580.png
114,4467,101-115-74-74,cache/1756175214588.png
114,2003,341-130-50-49,cache/1756175214595.png
114,2685,236-195-47-59,cache/1756175214600.png
114,2039,280-172-41-54,cache/1756175214604.png
505,2734,231-42-65-67,cache/1756175215067.png
505,5444,83-134-83-81,cache/1756175215074.png
505,4271,72-77-73-81,cache/1756175215082.png
505,7007,174-170-93-94,cache/1756175215088.png
505,2969,297-190-55-61,cache/1756175215095.png
988,1932,166-165-40-53,cache/1756175215361.png
988,1588,187-209-43-44,cache/1756175215366.png
560,2820,100-63-62-59,cache/1756175215729.png
560,1151,123-110-46-42,cache/1756175215735.png
560,5263,326-65-71-82,cache/1756175215740.png
560,2162,135-129-50-51,cache/1756175215747.png
560,1327,333-155-40-39,cache/1756175215752.png
560,4030,241-38-62-68,cache/1756175215757.png
560,2281,230-169-43-57,cache/1756175215762.png
560,3098,142-208-51-67,cache/1756175215767.png
551,1466,352-113-41-40,cache/1756175216022.png
109,3286,63-86-64-62,cache/1756175216390.png
109,4375,140-53-66-71,cache/1756175216396.png
109,3276,178-225-61-71,cache/1756175216401.png
109,2209,236-44-51-52,cache/1756175216407.png
109,2236,212-182-46-56,cache/1756175216411.png
812,3656,146-109-67-67,cache/1756175216809.png
812,2234,142-64-54-51,cache/1756175216815.png
812,5360,319-73-79-83,cache/1756175216820.png
812,3181,212-47-52-64,cache/1756175216827.png
812,4991,68-84-71-82,cache/1756175216832.png
812,10240,239-147-103-116,cache/1756175216838.png
459,4465,191-69-61-77,cache/1756175217139.png
459,1979,141-155-42-51,cache/1756175217145.png
459,5295,87-83-72-84,cache/1756175217150.png
842,6948,383-104-97-96,cache/1756175217549.png
842,1954,266-161-41-57,cache/1756175217558.png
842,3789,297-100-69-68,cache/1756175217563.png
842,10811,172-155-96-117,cache/1756175217569.png
842,3176,307-64-73-76,cache/1756175217581.png
842,1648,51-108-47-44,cache/1756175217586.png
471,9715,285-132-109-117,cache/1756175218007.png
471,4328,355-110-76-94,cache/1756175218016.png
471,1470,193-138-45-45,cache/1756175218023.png
471,1455,80-115-41-40,cache/1756175218028.png
471,3364,131-163-89-46,cache/1756175218034.png
471,1581,117-121-44-44,cache/1756175218040.png
603,9186,242-122-103-112,cache/1756175218437.png
603,7000,108-115-80-99,cache/1756175218448.png
603,1634,381-141-40-46,cache/1756175218456.png
603,3597,220-89-67-85,cache/1756175218461.png
603,1454,221-89-67-26,cache/1756175218467.png
278,3270,85-71-64-62,cache/1756175218871.png
278,3232,267-49-70-77,cache/1756175218878.png
278,6965,215-73-91-93,cache/1756175218885.png
278,1862,41-128-47-50,cache/1756175218892.png
278,2271,115-140-53-54,cache/1756175218897.png
278,1144,191-192-55-32,cache/1756175218903.png
989,1603,374-144-40-45,cache/1756175219137.png
679,2351,310-178-45-57,cache/1756175219526.png
679,14253,157-173-131-147,cache/1756175219532.png
486,6513,89-77-91-91,cache/1756175219915.png
486,6601,267-91-81-89,cache/1756175219923.png
486,3850,187-107-68-68,cache/1756175219929.png
486,3951,218-33-68-67,cache/1756175219935.png
486,2441,125-193-45-56,cache/1756175219941.png
483,7598,180-136-79-105,cache/1756175220283.png
483,3141,351-89-63-60,cache/1756175220290.png
483,1521,294-135-38-42,cache/1756175220295.png
848,9340,68-113-107-111,cache/1756175220679.png
848,3613,256-56-56-68,cache/1756175220689.png
848,1345,245-180-40-40,cache/1756175220695.png
848,4011,181-64-58-72,cache/1756175220700.png
642,7528,110-119-83-103,cache/1756175221059.png
642,5260,272-144-81-80,cache/1756175221069.png
642,4349,174-73-63-79,cache/1756175221076.png
642,4638,286-92-81-85,cache/1756175221083.png
387,6957,119-113-78-97,cache/1756175221430.png
387,3503,345-95-67-65,cache/1756175221437.png
387,3690,223-103-67-67,cache/1756175221443.png
387,1375,213-185-40-40,cache/1756175221452.png
387,1568,304-143-37-46,cache/1756175221457.png
67,7702,204-89-94-101,cache/1756175221819.png
67,3108,137-212-59-69,cache/1756175221828.png
67,4901,301-131-79-77,cache/1756175221834.png
67,5839,69-144-89-81,cache/1756175221841.png
6,8457,46-92-102-106,cache/1756175222389.png
6,7802,292-79-98-100,cache/1756175222398.png
6,1724,203-199-45-46,cache/1756175222405.png
308,5444,324-75-75-88,cache/1756175222789.png
308,2315,76-134-54-53,cache/1756175222796.png
308,4187,200-33-67-69,cache/1756175222801.png
308,2060,413-125-67-46,cache/1756175222807.png
308,1380,134-163-40-40,cache/1756175222812.png
308,3539,268-142-97-45,cache/1756175222817.png
534,7743,149-124-83-108,cache/1756175223287.png
534,6931,218-182-92-94,cache/1756175223296.png
534,3912,262-46-63-70,cache/1756175223304.png
534,5148,101-77-75-84,cache/1756175223311.png
534,2080,158-62-54-58,cache/1756175223318.png
534,1699,401-136-42-47,cache/1756175223324.png
964,7179,340-121-85-100,cache/1756175223654.png
964,1649,240-128-42-45,cache/1756175223662.png
964,4141,161-62-60-74,cache/1756175223667.png
301,9475,239-122-107-112,cache/1756175224049.png
301,1690,151-124-44-46,cache/1756175224059.png
301,6400,157-171-89-90,cache/1756175224065.png
301,2747,201-108-65-69,cache/1756175224072.png
479,3374,36-85-65-64,cache/1756175224486.png
479,4144,90-112-72-71,cache/1756175224492.png
479,7934,307-115-87-104,cache/1756175224498.png
479,3877,219-41-63-68,cache/1756175224505.png
479,1923,181-245-47-49,cache/1756175224510.png
479,1519,256-124-37-44,cache/1756175224515.png
447,8595,81-136-90-110,cache/1756175224873.png
447,3638,151-112-69-72,cache/1756175224881.png
447,3103,323-78-62-61,cache/1756175224886.png
887,7453,345-101-93-90,cache/1756175225259.png
887,7141,256-119-79-101,cache/1756175225267.png
887,2025,89-152-49-52,cache/1756175225273.png
887,5248,135-153-81-80,cache/1756175225278.png
887,2742,222-70-57-59,cache/1756175225284.png
393,2582,214-61-56-56,cache/1756175225625.png
393,2285,191-191-43-57,cache/1756175225632.png
393,1733,155-130-42-47,cache/1756175225645.png
393,1640,263-119-42-45,cache/1756175225651.png
393,1997,375-135-50-50,cache/1756175225657.png
393,2078,328-149-48-49,cache/1756175225663.png
582,3694,105-82-69-64,cache/1756175226032.png
582,2544,237-44-55-56,cache/1756175226038.png
582,1097,308-75-62-37,cache/1756175226044.png
582,8845,270-90-101-103,cache/1756175226049.png
582,3737,95-144-100-46,cache/1756175226056.png
408,5496,33-73-76-85,cache/1756175226420.png
408,3848,185-46-57-71,cache/1756175226427.png
408,5832,406-89-74-91,cache/1756175226432.png
408,1733,146-117-44-45,cache/1756175226438.png
408,2602,330-125-86-37,cache/1756175226443.png
493,6390,229-184-89-89,cache/1756175226822.png
493,2803,136-72-58-58,cache/1756175226829.png
493,3076,333-81-63-60,cache/1756175226834.png
493,3890,190-43-63-68,cache/1756175226839.png
493,3331,274-52-62-64,cache/1756175226845.png
493,1898,262-107-72-32,cache/1756175226850.png
778,5587,296-73-83-81,cache/1756175227242.png
778,1402,176-123-37-42,cache/1756175227249.png
778,10604,74-123-139-111,cache/1756175227253.png
608,6306,408-92-72-96,cache/1756175227664.png
608,6529,204-104-78-100,cache/1756175227670.png
608,1555,259-195-43-43,cache/1756175227677.png
608,4256,130-164-99-53,cache/1756175227682.png
608,2051,204-104-77-32,cache/1756175227687.png
608,920,342-169-55-28,cache/1756175227692.png
571,2630,113-85-63-51,cache/1756175228125.png
571,5210,329-84-71-84,cache/1756175228139.png
571,3513,233-55-56-67,cache/1756175228147.png
571,10596,96-131-108-113,cache/1756175228152.png
571,1543,238-198-42-44,cache/1756175228160.png
932,13940,160-172-125-148,cache/1756175228698.png
932,2614,298-182-53-57,cache/1756175228709.png
932,4078,330-112-71-70,cache/1756175228715.png
932,3648,150-53-56-69,cache/1756175228721.png
932,4087,290-76-66-80,cache/1756175228727.png
932,4182,90-67-64-75,cache/1756175228733.png
932,1751,64-122-47-44,cache/1756175228738.png
932,1299,108-179-40-39,cache/1756175228744.png
862,8083,291-124-85-107,cache/1756175229314.png
862,7752,203-191-98-99,cache/1756175229322.png
862,5444,220-67-79-80,cache/1756175229330.png
862,3321,374-89-62-63,cache/1756175229336.png
862,4632,54-118-77-76,cache/1756175229342.png
862,2382,141-192-45-58,cache/1756175229348.png
862,2369,302-93-74-44,cache/1756175229354.png
216,7904,174-133-82-107,cache/1756175229707.png
216,4137,114-60-63-73,cache/1756175229715.png
216,1650,350-148-39-47,cache/1756175229720.png
527,4229,154-114-72-72,cache/1756175230071.png
527,6707,239-80-89-92,cache/1756175230078.png
527,2479,98-163-55-57,cache/1756175230085.png
527,1850,240-80-87-35,cache/1756175230090.png
527,1538,359-130-38-45,cache/1756175230095.png
711,6507,41-98-82-94,cache/1756175230510.png
711,5768,222-160-84-85,cache/1756175230518.png
711,4653,303-68-67-81,cache/1756175230525.png
711,3704,251-41-56-71,cache/1756175230531.png
711,2483,352-120-82-38,cache/1756175230536.png
711,1424,151-110-36-43,cache/1756175230541.png
624,6184,85-146-88-87,cache/1756175231016.png
624,5940,159-66-83-83,cache/1756175231022.png
624,1594,307-109-43-42,cache/1756175231028.png
223,3532,63-104-67-64,cache/1756175231344.png
223,1757,358-148-43-44,cache/1756175231349.png
140,4974,343-86-70-81,cache/1756175231734.png
140,5257,245-119-92-94,cache/1756175231741.png
140,8019,115-143-84-107,cache/1756175231748.png
140,5049,94-79-81-74,cache/1756175231755.png
140,1544,75-146-39-45,cache/1756175231761.png
566,2628,199-178-54-62,cache/1756175232029.png
566,1868,371-123-49-49,cache/1756175232034.png
566,1934,64-134-48-51,cache/1756175232039.png
698,2809,103-79-59-58,cache/1756175232343.png
698,3997,342-116-71-68,cache/1756175232348.png
698,1632,80-126-44-45,cache/1756175232354.png
292,8625,255-129-86-112,cache/1756175232795.png
292,7103,0-80-110-99,cache/1756175232804.png
292,2634,102-186-48-58,cache/1756175232812.png
292,1156,308-110-45-42,cache/1756175232818.png
292,1447,164-100-37-43,cache/1756175232823.png
292,1863,420-129-60-51,cache/1756175232829.png
292,1461,118-87-41-41,cache/1756175232834.png
292,1337,161-212-60-39,cache/1756175232840.png
797,11117,208-147-113-125,cache/1756175233273.png
797,3980,197-48-69-74,cache/1756175233283.png
797,3214,257-88-63-63,cache/1756175233288.png
797,4141,119-62-62-76,cache/1756175233294.png
797,3500,171-101-66-66,cache/1756175233299.png
797,1517,341-137-37-45,cache/1756175233304.png
54,3143,219-38-51-64,cache/1756175233593.png
54,2777,92-140-83-41,cache/1756175233599.png
54,1794,315-103-73-30,cache/1756175233605.png
512,2941,297-73-60-59,cache/1756175234044.png
512,5415,298-135-82-82,cache/1756175234050.png
512,4226,142-109-72-72,cache/1756175234056.png
512,6299,63-87-79-89,cache/1756175234062.png
921,7009,0-80-106-92,cache/1756175234462.png
921,3815,108-102-69-68,cache/1756175234469.png
921,5728,196-158-83-84,cache/1756175234475.png
921,2605,252-60-56-57,cache/1756175234481.png
921,1618,165-154-37-49,cache/1756175234486.png
664,5356,205-63-79-81,cache/1756175234947.png
664,5510,285-90-70-87,cache/1756175234955.png
664,1379,402-134-36-44,cache/1756175234963.png
664,2797,169-50-59-67,cache/1756175234968.png
664,1610,263-171-39-52,cache/1756175234974.png
664,837,133-195-30-55,cache/1756175234980.png
664,1785,364-145-43-49,cache/1756175234985.png
664,5289,149-173-126-75,cache/1756175234990.png
380,2310,193-207-43-58,cache/1756175235276.png
189,8430,72-121-90-109,cache/1756175235683.png
189,7182,322-101-84-99,cache/1756175235690.png
189,2462,290-82-62-64,cache/1756175235697.png
147,11110,152-160-97-129,cache/1756175236079.png
147,5245,94-59-76-82,cache/1756175236088.png
147,1650,243-151-38-50,cache/1756175236094.png
844,4385,108-124-74-74,cache/1756175236454.png
844,4049,76-77-67-81,cache/1756175236460.png
844,3672,366-99-68-65,cache/1756175236466.png
844,4827,301-62-74-78,cache/1756175236471.png
844,2547,195-219-45-62,cache/1756175236477.png
539,6234,357-78-88-84,cache/1756175236857.png
539,4505,156-60-62-74,cache/1756175236863.png
539,4059,298-106-71-70,cache/1756175236869.png
539,1510,236-201-42-43,cache/1756175236874.png
539,2079,185-173-41-54,cache/1756175236879.png
539,1787,105-120-46-45,cache/1756175236883.png
94,2058,258-76-91-39,cache/1756175237479.png
94,7268,256-77-94-96,cache/1756175237485.png
45,2372,181-57-53-54,cache/1756175237742.png
45,1437,351-128-37-43,cache/1756175237747.png
115,8288,280-144-86-110,cache/1756175238037.png
115,4134,97-73-64-77,cache/1756175238044.png
115,1673,237-157-37-49,cache/1756175238049.png
434,7811,307-111-86-98,cache/1756175238455.png
434,3712,119-77-67-79,cache/1756175238508.png
434,4195,82-110-73-71,cache/1756175238555.png
434,2072,163-171-42-53,cache/1756175238563.png
434,1483,40-129-39-43,cache/1756175238570.png
618,9528,262-148-91-119,cache/1756175239022.png
618,3074,182-76-62-61,cache/1756175239033.png
618,2224,170-45-56-67,cache/1756175239072.png
618,1548,321-119-46-44,cache/1756175239097.png
618,1879,216-145-42-49,cache/1756175239125.png
618,1410,126-90-41-40,cache/1756175239136.png
929,5360,70-135-82-80,cache/1756175239589.png
929,3612,228-217-62-73,cache/1756175239596.png
929,4032,72-80-74-70,cache/1756175239602.png
929,4554,143-64-63-77,cache/1756175239609.png
929,1591,206-137-36-46,cache/1756175239617.png
929,1816,369-148-42-49,cache/1756175239622.png
929,3823,232-50-60-69,cache/1756175239627.png
929,5368,286-72-72-79,cache/1756175239633.png
751,7759,359-109-90-102,cache/1756175239959.png
751,2804,275-63-58-58,cache/1756175239967.png
751,1669,257-205-44-45,cache/1756175239972.png
751,6437,130-69-88-88,cache/1756175239976.png
319,5434,193-81-67-87,cache/1756175240273.png
319,5771,134-152-84-85,cache/1756175240279.png
319,2422,227-202-43-60,cache/1756175240286.png
340,5721,0-80-83-85,cache/1756175240563.png
340,2645,220-183-49-59,cache/1756175240569.png
258,8884,348-118-95-104,cache/1756175240942.png
258,4630,138-106-73-81,cache/1756175240951.png
258,3713,290-99-65-69,cache/1756175240962.png
258,1485,252-199-41-43,cache/1756175240968.png
544,5418,123-70-74-78,cache/1756175241483.png
544,1134,55-114-37-42,cache/1756175241497.png
544,4112,192-48-66-69,cache/1756175241506.png
544,7039,340-99-84-97,cache/1756175241514.png
544,1781,345-99-79-28,cache/1756175241527.png
544,1867,74-136-44-49,cache/1756175241534.png
544,2130,173-168-42-54,cache/1756175241541.png
544,3134,299-186-61-64,cache/1756175241548.png
221,4942,62-118-80-74,cache/1756175242008.png
221,3234,166-152-93-42,cache/1756175242016.png
221,2580,244-66-56-56,cache/1756175242023.png
221,1967,314-115-80-30,cache/1756175242030.png
221,7964,309-115-98-102,cache/1756175242036.png
680,7522,55-109-86-101,cache/1756175242480.png
680,5840,223-77-77-83,cache/1756175242490.png
680,1886,191-60-53-56,cache/1756175242496.png
680,1957,391-142-44-51,cache/1756175242501.png
680,13374,178-158-115-136,cache/1756175242506.png
680,1450,152-165-36-54,cache/1756175242517.png
953,6185,56-74-85-82,cache/1756175242879.png
953,1493,282-209-42-42,cache/1756175242885.png
953,3691,356-99-70-67,cache/1756175242890.png
953,5499,352-99-74-108,cache/1756175242896.png
22,6950,24-95-90-86,cache/1756175243304.png
22,4818,212-140-77-77,cache/1756175243312.png
22,2599,199-66-56-56,cache/1756175243319.png
22,4012,259-49-63-69,cache/1756175243324.png
273,6384,170-182-88-89,cache/1756175243692.png
273,4340,160-47-74-74,cache/1756175243700.png
273,1515,260-126-38-44,cache/1756175243706.png
273,1479,344-109-42-43,cache/1756175243712.png
273,1995,230-40-48-50,cache/1756175243717.png
273,1563,61-111-45-44,cache/1756175243723.png
273,1393,117-189-41-40,cache/1756175243729.png
63,6746,0-88-102-85,cache/1756175244067.png
63,3200,245-37-52-65,cache/1756175244074.png
63,1630,389-142-41-46,cache/1756175244080.png
63,4025,187-173-93-53,cache/1756175244085.png
193,10429,130-151-101-122,cache/1756175244519.png
193,5383,106-97-93-89,cache/1756175244528.png
193,8089,271-117-92-106,cache/1756175244535.png
193,3493,292-71-78-58,cache/1756175244543.png
193,1835,228-175-38-53,cache/1756175244549.png
606,5647,137-135-84-83,cache/1756175244885.png
606,4234,330-98-73-70,cache/1756175244894.png
963,2797,267-130-89-39,cache/1756175245380.png
963,1726,55-90-63-61,cache/1756175245390.png
963,3170,170-201-54-67,cache/1756175245397.png
963,9191,71-105-105-104,cache/1756175245403.png
963,9361,265-130-90-116,cache/1756175245411.png
351,6535,139-85-87-91,cache/1756175245695.png
351,1823,330-149-43-46,cache/1756175245702.png
162,8358,178-98-98-106,cache/1756175246098.png
162,6156,69-87-78-92,cache/1756175246110.png
162,2140,339-175-45-55,cache/1756175246118.png
162,7206,363-77-117-90,cache/1756175246123.png
162,3759,245-60-62-80,cache/1756175246131.png
658,9901,258-155-93-120,cache/1756175246480.png
658,4465,381-115-76-72,cache/1756175246489.png
658,3032,232-78-60-61,cache/1756175246496.png
658,4231,128-62-62-74,cache/1756175246501.png
786,5034,48-81-72-81,cache/1756175247012.png
786,4599,112-62-79-76,cache/1756175247020.png
786,3611,177-52-71-69,cache/1756175247027.png
786,4052,313-71-66-74,cache/1756175247034.png
786,1862,260-166-39-51,cache/1756175247040.png
786,1567,200-210-43-43,cache/1756175247045.png
786,1592,300-148-37-46,cache/1756175247051.png
786,1586,365-99-73-27,cache/1756175247056.png
298,5821,115-145-85-85,cache/1756175247445.png
298,2687,238-198-47-59,cache/1756175247452.png
298,8293,33-103-109-100,cache/1756175247459.png
298,1581,187-127-39-44,cache/1756175247467.png
796,2182,167-157-49-53,cache/1756175247842.png
796,4043,289-112-70-71,cache/1756175247848.png
796,3556,100-96-67-66,cache/1756175247854.png
796,5070,219-142-79-79,cache/1756175247859.png
877,4476,108-57-65-76,cache/1756175248232.png
877,4358,222-109-73-73,cache/1756175248238.png
877,2495,264-49-54-55,cache/1756175248244.png
648,12890,186-165-117-134,cache/1756175248652.png
648,3808,349-87-67-82,cache/1756175248664.png
648,2240,174-60-52-52,cache/1756175248670.png
648,1556,193-135-44-40,cache/1756175248675.png
648,6405,297-111-77-94,cache/1756175248681.png
275,1754,120-151-40-48,cache/1756175249039.png
424,5262,324-121-81-80,cache/1756175249371.png
424,3888,160-88-69-69,cache/1756175249378.png
263,4190,48-106-74-70,cache/1756175249802.png
263,4399,221-60-80-81,cache/1756175249808.png
263,7954,181-108-86-101,cache/1756175249814.png
263,2566,332-164-57-57,cache/1756175249821.png
263,3258,121-80-63-64,cache/1756175249827.png
263,1769,346-120-47-47,cache/1756175249832.png
263,1538,300-129-36-46,cache/1756175249837.png
805,3913,217-111-69-69,cache/1756175250173.png
805,3963,398-104-82-68,cache/1756175250180.png
805,3443,286-97-65-64,cache/1756175250186.png
805,2142,207-57-51-51,cache/1756175250191.png
458,4014,227-103-70-70,cache/1756175250621.png
458,5604,356-79-76-85,cache/1756175250628.png
458,7310,101-84-94-95,cache/1756175250634.png
537,9404,71-131-95-113,cache/1756175250974.png
537,7952,213-111-86-100,cache/1756175250983.png
148,3937,30-96-71-68,cache/1756175251298.png
148,6354,219-160-88-89,cache/1756175251304.png
148,4768,155-128-77-77,cache/1756175251311.png
148,1391,253-82-68-25,cache/1756175251317.png
321,4898,192-150-78-78,cache/1756175251717.png
321,4334,159-53-69-72,cache/1756175251724.png
321,3610,85-106-67-66,cache/1756175251730.png
321,6990,292-110-85-98,cache/1756175251737.png
321,2960,236-41-50-62,cache/1756175251744.png
35,9467,232-145-89-118,cache/1756175252064.png
35,4199,103-112-73-71,cache/1756175252072.png
999,11205,163-166-97-130,cache/1756175252561.png
999,4509,107-132-78-78,cache/1756175252576.png
999,2974,87-88-66-62,cache/1756175252592.png
999,1682,374-139-41-47,cache/1756175252604.png
999,1836,39-133-48-49,cache/1756175252613.png
999,1356,304-182-40-40,cache/1756175252632.png
407,1474,76-116-42-43,cache/1756175252935.png
407,1458,364-94-69-26,cache/1756175252942.png
283,10934,213-139-112-124,cache/1756175253546.png
283,4401,247-54-71-72,cache/1756175253558.png
283,4087,314-76-68-77,cache/1756175253565.png
283,6183,357-101-80-91,cache/1756175253574.png
283,1578,365-101-72-27,cache/1756175253581.png
612,6540,266-163-90-90,cache/1756175254021.png
612,1602,402-131-41-45,cache/1756175254030.png
612,4194,186-39-70-69,cache/1756175254035.png
612,2106,153-172-42-54,cache/1756175254041.png
374,1860,266-169-45-53,cache/1756175254372.png
374,1404,373-124-43-44,cache/1756175254378.png
374,1895,338-145-49-49,cache/1756175254384.png
374,1561,210-230-43-43,cache/1756175254389.png
374,1868,237-194-40-54,cache/1756175254394.png
564,7078,314-87-95-90,cache/1756175254822.png
564,5094,204-71-70-78,cache/1756175254829.png
564,2004,97-143-48-51,cache/1756175254836.png
564,1984,262-153-43-49,cache/1756175254841.png
564,3024,144-146-90-41,cache/1756175254846.png
237,10974,69-131-117-120,cache/1756175255284.png
237,4363,165-62-61-76,cache/1756175255293.png
237,4679,259-126-76-76,cache/1756175255299.png
237,2403,189-199-44-59,cache/1756175255305.png
634,7294,201-185-94-96,cache/1756175255749.png
634,6996,65-76-92-97,cache/1756175255756.png
634,2013,316-131-48-52,cache/1756175255764.png
634,3998,200-41-58-73,cache/1756175255769.png
634,1917,284-185-42-58,cache/1756175255774.png
634,1846,177-145-38-49,cache/1756175255780.png
428,1871,235-126-46-48,cache/1756175256203.png
428,2211,240-43-52-53,cache/1756175256209.png
428,2213,336-165-46-56,cache/1756175256215.png
428,4833,80-62-80-76,cache/1756175256220.png
428,4034,165-163-96-52,cache/1756175256226.png
428,7283,322-95-103-93,cache/1756175256232.png
428,1678,112-117-43-47,cache/1756175256239.png
252,6213,172-164-87-88,cache/1756175256709.png
252,2933,225-40-54-64,cache/1756175256717.png
252,3611,329-66-69-78,cache/1756175256724.png
252,2521,88-170-54-54,cache/1756175256730.png
252,2552,150-56-57-56,cache/1756175256736.png
252,6989,224-92-87-97,cache/1756175256741.png
252,1505,177-106-40-43,cache/1756175256748.png
252,9155,350-104-130-107,cache/1756175256754.png
209,4434,219-64-61-74,cache/1756175257398.png
209,1452,75-127-37-44,cache/1756175257404.png
209,2102,289-115-76-34,cache/1756175257408.png
209,6410,286-116-79-98,cache/1756175257413.png
209,1921,214-176-39-53,cache/1756175257419.png
348,3907,283-61-63-77,cache/1756175258195.png
348,3214,95-79-64-61,cache/1756175258202.png
348,1718,344-128-43-48,cache/1756175258207.png
348,1666,272-116-43-46,cache/1756175258213.png
348,5353,151-146-81-82,cache/1756175258223.png
348,1637,256-216-44-45,cache/1756175258234.png
993,7609,93-113-84-102,cache/1756175258603.png
993,3106,263-78-61-62,cache/1756175258613.png
384,11278,158-178-97-142,cache/1756175259135.png
384,1696,153-136-41-45,cache/1756175259155.png
384,2243,261-122-78-35,cache/1756175259160.png
99,4096,276-107-71-70,cache/1756175259480.png
99,3445,340-89-66-65,cache/1756175259486.png
99,1749,84-127-44-43,cache/1756175259491.png
99,1419,191-185-41-41,cache/1756175259495.png
670,2312,168-121-80-35,cache/1756175259747.png
219,6174,246-153-87-88,cache/1756175260117.png
219,3252,282-68-63-63,cache/1756175260124.png
219,2821,179-54-58-59,cache/1756175260130.png
219,8417,363-100-117-110,cache/1756175260135.png
219,1848,90-130-44-46,cache/1756175260143.png
484,7469,362-105-87-100,cache/1756175260483.png
484,5541,148-88-69-87,cache/1756175260489.png
484,3357,49-86-65-63,cache/1756175260495.png
464,5163,214-142-80-79,cache/1756175260831.png
464,2056,366-135-52-51,cache/1756175260838.png
464,5307,246-84-77-86,cache/1756175260845.png
994,3461,242-88-65-65,cache/1756175261125.png
994,1359,140-97-38-41,cache/1756175261130.png
889,5303,109-55-81-79,cache/1756175261448.png
889,2991,228-74-60-61,cache/1756175261453.png
889,2779,233-45-73-65,cache/1756175261458.png
889,1488,198-118-37-42,cache/1756175261463.png
833,4836,190-69-71-76,cache/1756175261754.png
788,2232,297-172-48-51,cache/1756175262072.png
788,2119,121-158-49-53,cache/1756175262077.png
788,1368,160-103-39-41,cache/1756175262082.png
788,1398,339-117-38-43,cache/1756175262087.png
788,1512,167-215-42-43,cache/1756175262091.png
142,5619,102-138-84-82,cache/1756175262448.png
142,4658,374-110-78-74,cache/1756175262455.png
142,2177,247-157-45-52,cache/1756175262461.png
142,4023,253-54-59-74,cache/1756175262466.png
142,1588,305-103-44-43,cache/1756175262472.png
822,5383,117-74-71-79,cache/1756175262781.png
822,5936,204-161-85-87,cache/1756175262788.png
822,1750,348-122-46-44,cache/1756175262794.png
264,9337,93-117-103-112,cache/1756175263124.png
777,7704,244-134-81-105,cache/1756175263428.png
777,1995,105-160-45-52,cache/1756175263434.png
71,8356,22-88-107-100,cache/1756175263841.png
71,7573,376-102-104-100,cache/1756175263849.png
71,4256,230-33-71-70,cache/1756175263856.png
71,1669,139-207-44-44,cache/1756175263862.png
71,1345,209-172-40-40,cache/1756175263866.png
71,1614,327-109-43-45,cache/1756175263871.png
313,6500,231-161-89-90,cache/1756175264190.png
313,2442,136-165-50-58,cache/1756175264198.png
313,1363,320-180-39-40,cache/1756175264202.png
313,1531,406-125-41-43,cache/1756175264207.png
313,1607,366-135-39-46,cache/1756175264212.png
272,2928,127-76-60-59,cache/1756175264450.png
696,6472,257-82-75-91,cache/1756175264718.png
696,1958,403-131-46-47,cache/1756175264723.png
373,3430,76-98-66-64,cache/1756175265074.png
373,4292,220-50-71-72,cache/1756175265080.png
853,12766,133-175-104-145,cache/1756175265454.png
853,2984,159-72-60-60,cache/1756175265463.png
853,3737,378-94-69-65,cache/1756175265468.png
946,5956,287-152-86-86,cache/1756175265849.png
946,12028,167-151-110-130,cache/1756175265856.png
946,1661,110-126-39-47,cache/1756175265865.png
617,2521,162-199-45-61,cache/1756175266123.png
795,6807,358-103-83-95,cache/1756175266642.png
795,5833,145-149-84-85,cache/1756175266649.png
795,7058,239-173-93-94,cache/1756175266655.png
795,5297,280-84-69-84,cache/1756175266662.png
741,8423,292-132-88-110,cache/1756175267345.png
741,1561,258-140-36-46,cache/1756175267353.png
741,4597,85-64-67-78,cache/1756175267358.png
741,11354,150-156-104-122,cache/1756175267364.png
588,8861,222-132-86-114,cache/1756175268213.png
588,6116,167-67-86-88,cache/1756175268221.png
588,2202,128-60-54-59,cache/1756175268228.png
588,2181,363-109-81-34,cache/1756175268233.png
588,7642,355-110-89-101,cache/1756175268238.png
214,1674,184-154-37-48,cache/1756175268964.png
214,5525,75-87-74-87,cache/1756175268968.png
214,1643,347-145-39-47,cache/1756175268973.png
214,1536,75-87-68-27,cache/1756175268977.png
695,14232,177-180-111-140,cache/1756175269855.png
695,4361,310-96-74-73,cache/1756175269865.png
695,4378,229-37-69-71,cache/1756175269871.png
695,2971,159-60-61-61,cache/1756175269877.png
695,2642,358-160-57-60,cache/1756175269882.png
695,1596,293-184-44-44,cache/1756175269888.png
695,2704,41-96-105-44,cache/1756175269893.png
901,5342,56-78-74-84,cache/1756175270622.png
901,2376,88-158-52-53,cache/1756175270628.png
901,2506,210-57-55-55,cache/1756175270633.png
901,7471,351-86-99-91,cache/1756175270638.png
901,2081,357-86-93-33,cache/1756175270644.png
398,4098,250-113-71-71,cache/1756175271293.png
398,3540,175-93-67-65,cache/1756175271298.png
398,2229,327-175-44-55,cache/1756175271304.png
429,6078,321-72-88-84,cache/1756175272099.png
429,5766,115-146-85-84,cache/1756175272106.png
429,6177,251-97-73-93,cache/1756175272112.png
429,4057,183-61-59-72,cache/1756175272119.png
429,1659,219-209-44-45,cache/1756175272124.png
336,6524,75-103-80-95,cache/1756175272737.png
336,4424,174-55-64-74,cache/1756175272744.png
336,2818,267-69-58-59,cache/1756175272750.png
336,2131,270-173-44-55,cache/1756175272755.png
336,1499,141-206-42-42,cache/1756175272760.png
336,1449,387-126-39-43,cache/1756175272765.png
336,1873,194-251-47-48,cache/1756175272770.png
986,5784,68-63-80-79,cache/1756175273350.png
986,7818,306-91-95-94,cache/1756175273356.png
986,1433,112-180-42-40,cache/1756175273362.png
299,7569,86-109-94-96,cache/1756175274172.png
299,5469,164-149-82-83,cache/1756175274179.png
299,4131,296-70-61-73,cache/1756175274186.png
926,2348,207-157-52-56,cache/1756175274762.png
926,4242,181-52-67-70,cache/1756175274768.png
926,1572,133-139-37-45,cache/1756175274774.png
926,4780,268-61-72-76,cache/1756175274779.png
926,4500,81-68-73-74,cache/1756175274785.png
639,8122,282-98-92-96,cache/1756175275461.png
639,5781,145-61-80-82,cache/1756175275469.png
639,2424,221-155-49-56,cache/1756175275475.png
980,4676,195-39-72-73,cache/1756175275990.png
980,4133,274-46-61-73,cache/1756175275997.png
980,9086,146-120-88-114,cache/1756175276003.png
325,1411,376-118-38-43,cache/1756175276400.png
325,2042,168-107-74-33,cache/1756175276405.png
325,4905,298-70-67-82,cache/1756175276409.png
325,1336,301-70-65-25,cache/1756175276415.png
242,4598,229-125-75-75,cache/1756175276823.png
242,6247,347-79-87-82,cache/1756175276830.png
242,3808,113-102-69-68,cache/1756175276836.png
242,2712,267-71-58-57,cache/1756175276841.png
894,4900,64-132-79-76,cache/1756175277263.png
894,4432,326-117-74-73,cache/1756175277269.png
894,1499,245-136-35-46,cache/1756175277274.png
405,4441,135-114-74-74,cache/1756175277970.png
405,4208,392-103-88-70,cache/1756175277976.png
405,2457,139-66-57-52,cache/1756175277984.png
405,2097,338-167-44-53,cache/1756175277992.png
405,1520,205-193-42-43,cache/1756175277999.png
614,2202,307-146-50-50,cache/1756175278426.png
614,7841,189-91-95-99,cache/1756175278432.png
614,2838,270-189-52-63,cache/1756175278442.png
748,3857,215-29-65-67,cache/1756175278929.png
748,1986,183-157-41-50,cache/1756175278937.png
748,5435,333-73-73-85,cache/1756175278944.png
748,1409,276-196-40-41,cache/1756175278950.png
748,4616,117-67-65-80,cache/1756175278955.png
905,5775,166-79-82-88,cache/1756175279286.png
905,1449,227-136-35-46,cache/1756175279292.png
85,4501,218-62-64-75,cache/1756175279573.png
85,1724,332-139-40-48,cache/1756175279579.png
589,6856,184-126-75-99,cache/1756175279977.png
589,3317,236-44-68-68,cache/1756175279986.png
589,1502,306-150-36-46,cache/1756175279992.png
589,2112,33-102-92-41,cache/1756175279997.png
589,4278,166-72-79-71,cache/1756175280003.png
784,7675,196-99-99-102,cache/1756175280552.png
784,4529,88-75-70-80,cache/1756175280561.png
784,7802,291-116-84-104,cache/1756175280569.png
784,2256,174-68-58-55,cache/1756175280576.png
784,2006,330-95-65-63,cache/1756175280582.png
784,11619,96-137-116-122,cache/1756175280590.png
784,3771,98-137-111-51,cache/1756175280601.png
466,12459,175-191-106-129,cache/1756175281058.png
466,5010,105-128-79-78,cache/1756175281070.png
466,1380,76-123-36-45,cache/1756175281076.png
466,1390,321-185-41-40,cache/1756175281081.png
466,1964,265-99-75-31,cache/1756175281086.png
466,6756,263-99-77-98,cache/1756175281091.png
526,1822,58-112-49-45,cache/1756175281352.png
60,2349,106-73-61-54,cache/1756175281690.png
60,1624,317-127-40-46,cache/1756175281695.png
60,2086,119-113-79-32,cache/1756175281700.png
133,5419,307-147-83-81,cache/1756175282021.png
133,3355,348-81-66-63,cache/1756175282028.png
133,2837,180-66-59-58,cache/1756175282034.png
635,5970,125-143-86-86,cache/1756175282509.png
635,2949,140-68-60-60,cache/1756175282517.png
635,4600,63-111-76-75,cache/1756175282523.png
635,7293,223-83-91-97,cache/1756175282529.png
635,5275,357-124-81-79,cache/1756175282536.png
635,1672,287-202-45-45,cache/1756175282543.png
971,8364,371-99-109-106,cache/1756175283023.png
971,5445,105-60-85-74,cache/1756175283033.png
971,2266,203-40-51-53,cache/1756175283040.png
971,10558,88-130-110-115,cache/1756175283045.png
971,3860,252-56-61-77,cache/1756175283054.png
971,1572,51-124-41-45,cache/1756175283060.png
971,2473,341-159-57-57,cache/1756175283065.png
472,8400,90-137-88-110,cache/1756175283408.png
472,4547,229-71-62-78,cache/1756175283417.png
472,1721,289-154-38-49,cache/1756175283422.png
451,3973,164-63-63-79,cache/1756175283810.png
451,8732,87-99-104-104,cache/1756175283816.png
451,1297,309-168-39-40,cache/1756175283830.png
451,1543,310-103-43-42,cache/1756175283836.png
501,2993,170-199-58-65,cache/1756175284159.png
501,2353,290-162-53-55,cache/1756175284165.png
501,3683,207-58-55-70,cache/1756175284170.png
501,7025,77-101-86-97,cache/1756175284176.png
501,1765,163-153-38-47,cache/1756175284184.png
335,7240,144-197-94-96,cache/1756175284508.png
335,5838,43-91-77-89,cache/1756175284517.png
228,1777,179-125-45-47,cache/1756175284956.png
228,9363,42-109-110-106,cache/1756175284961.png
228,2577,45-76-69-52,cache/1756175284969.png
228,3340,228-48-53-66,cache/1756175284975.png
228,2034,255-170-40-54,cache/1756175284980.png
392,6573,128-100-77-96,cache/1756175285294.png
392,2524,185-54-55-55,cache/1756175285302.png
392,2357,257-117-80-36,cache/1756175285307.png
880,3349,201-214-61-71,cache/1756175285735.png
880,4055,238-105-71-71,cache/1756175285742.png
880,4457,57-76-80-86,cache/1756175285748.png
880,2236,355-142-54-51,cache/1756175285755.png
880,2588,283-177-52-57,cache/1756175285760.png
880,2659,147-52-57-57,cache/1756175285766.png
880,3641,217-30-56-67,cache/1756175285772.png
880,1703,184-118-42-46,cache/1756175285778.png
880,2579,86-118-82-39,cache/1756175285784.png
947,9080,179-129-87-114,cache/1756175286276.png
947,5487,96-81-73-87,cache/1756175286292.png
947,4269,343-102-74-71,cache/1756175286309.png
947,1356,292-171-40-40,cache/1756175286324.png
947,1156,317-105-38-43,cache/1756175286335.png
947,2818,134-204-49-63,cache/1756175286346.png
637,4434,238-56-72-71,cache/1756175286706.png
637,3793,162-62-57-70,cache/1756175286716.png
637,1563,45-123-47-44,cache/1756175286733.png
637,2747,188-211-46-64,cache/1756175286743.png
364,3921,278-106-69-69,cache/1756175287282.png
364,3916,21-100-72-67,cache/1756175287290.png
364,2195,133-189-44-56,cache/1756175287299.png
364,2645,232-61-56-58,cache/1756175287307.png
364,1553,210-40-50-50,cache/1756175287315.png
364,13229,168-195-120-125,cache/1756175287322.png
364,6599,170-195-117-75,cache/1756175287336.png
561,7076,275-89-85-96,cache/1756175287713.png
561,5242,200-56-79-78,cache/1756175287721.png
881,3287,225-79-63-64,cache/1756175288165.png
881,5936,327-86-76-88,cache/1756175288171.png
881,2052,415-131-65-50,cache/1756175288177.png
881,3606,25-83-68-65,cache/1756175288183.png
881,7369,111-107-86-103,cache/1756175288189.png
881,1845,201-56-55-55,cache/1756175288196.png
881,2750,263-206-47-64,cache/1756175288201.png
881,2452,148-189-46-59,cache/1756175288207.png
519,5393,49-64-91-86,cache/1756175288563.png
519,2707,161-57-57-57,cache/1756175288570.png
519,3749,345-85-69-67,cache/1756175288574.png
519,3062,282-67-61-61,cache/1756175288580.png
519,2359,97-113-84-34,cache/1756175288585.png
524,5879,151-60-83-84,cache/1756175288981.png
524,5071,256-71-66-83,cache/1756175288987.png
524,1559,60-125-41-48,cache/1756175288993.png
524,1841,93-145-41-50,cache/1756175288998.png
266,3581,247-95-68-69,cache/1756175289401.png
266,8815,297-125-91-112,cache/1756175289407.png
266,1805,77-115-47-47,cache/1756175289415.png
266,3184,225-51-57-70,cache/1756175289420.png
266,1961,135-157-42-52,cache/1756175289425.png
266,3161,169-196-58-67,cache/1756175289431.png
995,14400,206-181-121-139,cache/1756175290031.png
995,5301,245-119-81-94,cache/1756175290044.png
995,7719,143-137-87-115,cache/1756175290052.png
995,5253,186-70-86-88,cache/1756175290061.png
995,3548,261-40-57-71,cache/1756175290068.png
995,4017,30-92-72-72,cache/1756175290074.png
995,2041,370-147-44-50,cache/1756175290080.png
940,1705,69-138-41-47,cache/1756175290431.png
940,2152,224-181-41-56,cache/1756175290438.png
940,9292,260-106-106-112,cache/1756175290445.png
940,6237,162-87-72-94,cache/1756175290454.png
940,1844,162-87-71-31,cache/1756175290461.png
10,5575,269-62-81-82,cache/1756175290907.png
10,1844,260-150-39-50,cache/1756175290913.png
10,7413,27-93-92-100,cache/1756175290918.png
10,7738,378-84-102-94,cache/1756175290925.png
10,1451,200-103-40-41,cache/1756175290932.png
295,7807,183-188-98-99,cache/1756175291337.png
295,4049,246-46-66-68,cache/1756175291345.png
295,1625,159-141-37-47,cache/1756175291351.png
834,4617,394-112-86-73,cache/1756175291661.png
834,1537,117-197-42-42,cache/1756175291667.png
2,10542,195-173-93-126,cache/1756175292181.png
2,6853,136-132-88-109,cache/1756175292189.png
2,2365,196-59-54-53,cache/1756175292197.png
2,1602,45-125-42-41,cache/1756175292202.png
2,4501,316-74-69-78,cache/1756175292207.png
2,1838,372-109-74-31,cache/1756175292213.png
794,9030,110-122-99-104,cache/1756175292656.png
794,3238,65-93-65-63,cache/1756175292664.png
794,3668,175-64-58-70,cache/1756175292669.png
794,10995,250-144-108-124,cache/1756175292674.png
552,8895,158-123-91-107,cache/1756175293002.png
552,2712,197-76-62-53,cache/1756175293009.png
552,1662,258-141-37-48,cache/1756175293013.png
419,2966,67-71-87-75,cache/1756175293422.png
419,2481,245-160-53-57,cache/1756175293429.png
419,3920,285-62-60-72,cache/1756175293434.png
419,6605,178-86-84-88,cache/1756175293440.png
419,2397,220-45-54-60,cache/1756175293446.png
419,1279,176-62-54-39,cache/1756175293451.png
419,6502,86-99-79-94,cache/1756175293456.png
525,5762,234-149-84-84,cache/1756175293889.png
525,2870,188-43-66-56,cache/1756175293896.png
525,5250,211-97-84-96,cache/1756175293902.png
525,2359,128-159-51-56,cache/1756175293909.png
525,2229,261-60-55-55,cache/1756175293914.png
525,2663,164-77-60-61,cache/1756175293919.png
525,1476,81-122-37-44,cache/1756175293924.png
131,13214,107-156-120-131,cache/1756175294348.png
131,1854,36-119-49-45,cache/1756175294357.png
131,5020,258-131-79-78,cache/1756175294362.png
131,1668,102-111-45-44,cache/1756175294368.png
541,5096,277-132-80-80,cache/1756175294673.png
541,1596,227-204-43-44,cache/1756175294680.png
541,1416,117-124-36-43,cache/1756175294685.png
33,1917,228-127-46-49,cache/1756175294994.png
33,2442,286-192-46-59,cache/1756175295000.png
33,1473,122-188-41-42,cache/1756175295006.png
33,1514,313-98-42-42,cache/1756175295010.png
226,5632,41-81-77-86,cache/1756175295420.png
226,6425,226-100-73-95,cache/1756175295426.png
792,5316,68-85-72-82,cache/1756175295835.png
792,8645,173-134-90-109,cache/1756175295842.png
792,3533,301-105-66-65,cache/1756175295850.png
440,7936,245-112-84-99,cache/1756175296244.png
440,6278,53-84-79-90,cache/1756175296254.png
440,4572,157-51-75-73,cache/1756175296262.png
440,1867,239-228-46-48,cache/1756175296268.png
440,1862,185-129-45-48,cache/1756175296273.png
440,1388,133-98-40-40,cache/1756175296279.png
440,2315,116-183-45-57,cache/1756175296284.png
440,5106,343-75-71-81,cache/1756175296289.png
43,6533,85-100-78-94,cache/1756175296622.png
43,4820,316-124-77-77,cache/1756175296629.png
43,5090,261-79-68-84,cache/1756175296635.png
43,1827,202-148-40-48,cache/1756175296640.png
43,2342,218-65-54-58,cache/1756175296645.png
446,8047,149-195-99-101,cache/1756175297039.png
446,3692,46-84-68-66,cache/1756175297047.png
446,2678,251-57-57-57,cache/1756175297053.png
871,3475,349-89-77-91,cache/1756175297500.png
871,5229,62-77-72-83,cache/1756175297507.png
871,7979,319-121-88-106,cache/1756175297513.png
871,3384,139-92-66-66,cache/1756175297521.png
871,5459,158-145-83-83,cache/1756175297526.png
871,1039,218-147-38-47,cache/1756175297533.png
381,9734,74-123-104-116,cache/1756175298097.png
381,3990,172-54-58-72,cache/1756175298105.png
381,1629,342-109-45-43,cache/1756175298110.png
194,8638,55-112-102-108,cache/1756175299647.png
194,4634,155-74-63-79,cache/1756175299655.png
911,9319,250-142-89-117,cache/1756175301013.png
911,6274,340-93-78-93,cache/1756175301022.png
911,8543,116-101-101-104,cache/1756175301029.png
911,3135,206-37-53-65,cache/1756175301036.png
911,1701,136-71-60-39,cache/1756175301041.png
719,6125,137-90-75-89,cache/1756175302689.png
719,5348,29-79-75-83,cache/1756175302697.png
719,3756,97-60-79-80,cache/1756175302704.png
719,1602,364-140-40-46,cache/1756175302710.png
719,1740,162-224-46-46,cache/1756175302715.png
719,3048,250-57-58-60,cache/1756175302720.png
719,2608,267-108-101-44,cache/1756175302726.png
368,6791,128-181-92-92,cache/1756175304087.png
368,2778,177-60-62-76,cache/1756175304109.png
368,3837,363-94-70-67,cache/1756175304129.png
368,6592,266-75-87-89,cache/1756175304149.png
368,1813,111-146-39-50,cache/1756175304177.png
368,1961,281-49-72-43,cache/1756175304198.png
368,1546,245-205-43-44,cache/1756175304217.png
368,6267,194-95-72-94,cache/1756175304253.png
368,2007,349-162-43-53,cache/1756175304265.png
368,1850,194-95-72-31,cache/1756175304288.png
454,11975,197-142-114-128,cache/1756175305875.png
454,6513,25-74-91-91,cache/1756175305890.png
454,4160,184-102-79-97,cache/1756175305900.png
454,2496,149-65-60-61,cache/1756175305908.png
454,2533,106-159-55-57,cache/1756175305915.png
82,1773,93-134-46-47,cache/1756175306357.png
82,3072,211-217-58-68,cache/1756175306363.png
538,8846,331-109-106-103,cache/1756175307222.png
538,8791,188-142-86-113,cache/1756175307231.png
538,2402,280-170-51-58,cache/1756175307239.png
538,2129,96-143-51-52,cache/1756175307244.png
538,3167,156-104-69-69,cache/1756175307250.png
538,3851,128-54-67-76,cache/1756175307257.png
538,3360,50-84-65-62,cache/1756175307263.png
538,5106,211-64-76-79,cache/1756175307269.png
835,9297,264-139-91-115,cache/1756175307761.png
835,3224,94-84-63-62,cache/1756175307770.png
835,5344,305-84-89-83,cache/1756175307776.png
835,5731,193-69-81-83,cache/1756175307783.png
835,1985,369-147-46-52,cache/1756175307789.png
835,778,227-56-50-35,cache/1756175307794.png
835,1363,229-87-43-39,cache/1756175307799.png
385,3133,261-195-60-65,cache/1756175308199.png
385,4768,288-123-77-76,cache/1756175308205.png
385,4785,168-50-75-74,cache/1756175308211.png
385,1530,353-109-44-43,cache/1756175308217.png
385,4077,294-60-65-71,cache/1756175308222.png
883,2769,181-186-55-62,cache/1756175308639.png
883,3462,70-81-66-64,cache/1756175308644.png
883,1902,233-132-45-50,cache/1756175308652.png
883,3641,159-93-66-66,cache/1756175308657.png
230,10923,269-143-99-126,cache/1756175309140.png
230,3450,69-75-66-64,cache/1756175309150.png
230,2900,283-83-62-60,cache/1756175309156.png
230,1487,173-122-36-44,cache/1756175309161.png
230,1322,200-164-40-40,cache/1756175309166.png
230,1482,232-94-41-42,cache/1756175309171.png
230,6263,330-100-87-105,cache/1756175309176.png
984,4546,133-69-80-78,cache/1756175309737.png
984,7285,82-113-95-104,cache/1756175309744.png
984,7556,293-130-83-104,cache/1756175309752.png
984,5587,153-162-83-83,cache/1756175309760.png
984,5196,357-91-74-87,cache/1756175309767.png
345,2280,233-52-53-54,cache/1756175310225.png
345,4736,299-122-77-76,cache/1756175310248.png
345,2044,165-60-56-53,cache/1756175310255.png
345,1210,351-109-43-41,cache/1756175310261.png
345,5902,186-95-72-92,cache/1756175310267.png
345,1185,276-119-41-46,cache/1756175310274.png
232,4515,250-120-74-75,cache/1756175310638.png
232,3952,211-44-68-66,cache/1756175310645.png
232,2819,310-73-59-59,cache/1756175310651.png
232,3289,197-224-51-67,cache/1756175310657.png
232,1398,85-111-43-40,cache/1756175310662.png
760,5903,358-83-82-81,cache/1756175311205.png
760,3638,155-54-56-68,cache/1756175311212.png
760,3443,57-99-69-65,cache/1756175311218.png
760,4023,272-63-60-73,cache/1756175311227.png
760,1367,231-101-39-40,cache/1756175311235.png
760,1722,85-153-39-49,cache/1756175311242.png
760,11214,124-141-114-124,cache/1756175311248.png
760,1963,260-175-41-53,cache/1756175311265.png
760,3713,125-141-112-56,cache/1756175311271.png
855,6918,199-168-92-93,cache/1756175311637.png
855,2667,278-66-57-57,cache/1756175311654.png
855,1577,159-113-42-43,cache/1756175311659.png
699,1829,175-241-46-47,cache/1756175311989.png
699,4716,284-70-65-80,cache/1756175311994.png
699,1518,252-125-37-44,cache/1756175311999.png
771,3797,230-54-61-67,cache/1756175312504.png
771,3956,141-144-65-86,cache/1756175312514.png
771,1466,141-144-46-43,cache/1756175312523.png
771,2489,152-174-54-57,cache/1756175312528.png
771,5275,344-89-72-83,cache/1756175312534.png
982,3610,374-91-68-64,cache/1756175313213.png
982,1548,220-201-42-44,cache/1756175313224.png
982,9846,128-120-106-113,cache/1756175313237.png
982,2550,325-175-53-55,cache/1756175313260.png
982,4778,263-69-69-80,cache/1756175313287.png
982,1606,80-138-40-46,cache/1756175313296.png
982,1329,350-150-40-51,cache/1756175313306.png
982,3020,129-120-104-47,cache/1756175313316.png
533,6112,184-77-85-88,cache/1756175313679.png
533,7771,297-116-85-103,cache/1756175313688.png
533,1344,239-176-39-40,cache/1756175313696.png
533,1839,31-124-48-43,cache/1756175313702.png
533,1727,180-146-38-48,cache/1756175313708.png
633,10121,93-137-97-120,cache/1756175314277.png
633,3367,264-199-61-68,cache/1756175314288.png
633,5320,61-83-80-91,cache/1756175314295.png
633,3949,116-55-70-73,cache/1756175314303.png
633,5022,273-121-79-78,cache/1756175314309.png
633,4524,391-103-89-72,cache/1756175314317.png
633,5008,210-67-65-82,cache/1756175314326.png
633,4141,300-59-65-76,cache/1756175314333.png
633,1656,185-48-51-56,cache/1756175314339.png
615,6106,0-90-87-89,cache/1756175314753.png
615,4043,243-58-59-74,cache/1756175314772.png
615,4618,318-127-75-75,cache/1756175314783.png
615,1956,219-174-39-53,cache/1756175314798.png
480,1830,105-117-47-46,cache/1756175315119.png
480,2314,132-152-52-55,cache/1756175315125.png
922,2229,273-154-50-53,cache/1756175315398.png
922,1622,53-116-45-44,cache/1756175315405.png
152,2479,99-168-52-58,cache/1756175315787.png
152,4785,159-127-78-78,cache/1756175315793.png
152,2367,209-190-43-59,cache/1756175315799.png
152,3473,247-89-65-65,cache/1756175315805.png
152,1709,299-145-39-48,cache/1756175315811.png
152,6065,356-88-79-90,cache/1756175315816.png
861,5186,175-156-80-80,cache/1756175316212.png
861,2592,263-67-56-56,cache/1756175316219.png
861,4538,100-71-66-78,cache/1756175316224.png
861,1588,148-145-46-49,cache/1756175316231.png
861,1581,383-129-41-42,cache/1756175316237.png
638,5594,254-156-83-83,cache/1756175316608.png
638,8588,140-114-100-106,cache/1756175316615.png
638,1334,108-122-43-45,cache/1756175316623.png
668,4521,166-78-62-77,cache/1756175317247.png
668,4715,279-64-75-73,cache/1756175317254.png
668,8522,282-138-86-110,cache/1756175317260.png
668,5526,35-92-76-83,cache/1756175317268.png
668,4470,157-160-124-64,cache/1756175317274.png
668,13550,156-161-126-159,cache/1756175317281.png
668,2469,283-137-85-36,cache/1756175317293.png
722,1848,115-160-41-50,cache/1756175317547.png
722,1824,182-237-46-47,cache/1756175317551.png
432,4409,214-109-73-94,cache/1756175317941.png
432,3433,257-63-59-75,cache/1756175317947.png
432,2155,181-188-42-55,cache/1756175317954.png
432,1534,325-173-33-52,cache/1756175317959.png
432,3235,239-155-88-45,cache/1756175317964.png
441,10420,136-159-94-125,cache/1756175318320.png
441,1220,121-143-38-47,cache/1756175318330.png
441,5352,218-50-79-81,cache/1756175318335.png
441,1347,219-50-77-29,cache/1756175318342.png
765,3541,151-57-73-66,cache/1756175318748.png
765,2249,224-59-52-52,cache/1756175318754.png
765,1626,172-104-72-27,cache/1756175318759.png
765,6224,172-104-72-93,cache/1756175318765.png
765,1961,302-162-41-51,cache/1756175318771.png
765,5705,390-92-90-85,cache/1756175318776.png
765,1332,398-91-82-23,cache/1756175318783.png
235,2757,117-71-58-57,cache/1756175319097.png
235,7327,369-98-111-99,cache/1756175319103.png
62,3045,140-67-61-61,cache/1756175319366.png
178,12727,179-169-103-151,cache/1756175319894.png
178,3875,64-90-70-67,cache/1756175319904.png
178,3233,176-74-62-63,cache/1756175319910.png
178,8938,264-119-100-116,cache/1756175319915.png
178,1334,377-134-40-47,cache/1756175319923.png
178,1302,360-161-40-39,cache/1756175319929.png
178,3323,265-119-98-49,cache/1756175319933.png
470,7235,225-190-94-95,cache/1756175320279.png
470,3036,115-70-61-60,cache/1756175320291.png
470,1844,267-97-73-31,cache/1756175320303.png
983,10947,280-135-101-115,cache/1756175320705.png
983,4745,99-112-77-75,cache/1756175320722.png
983,1347,299-85-40-39,cache/1756175320750.png
983,4074,242-43-64-70,cache/1756175320769.png
959,3811,204-38-57-71,cache/1756175321183.png
959,12920,281-139-127-132,cache/1756175321189.png
959,2519,49-114-85-37,cache/1756175321202.png
960,1531,90-140-38-44,cache/1756175321529.png
960,1802,139-163-39-50,cache/1756175321542.png
960,3523,186-60-55-67,cache/1756175321549.png
320,5016,72-131-80-78,cache/1756175321932.png
320,2871,164-74-61-57,cache/1756175321940.png
320,3074,227-222-49-65,cache/1756175321945.png
320,2580,168-127-82-38,cache/1756175321951.png
320,1793,227-249-48-38,cache/1756175321957.png
320,1996,327-102-76-32,cache/1756175321963.png
77,7769,61-106-93-94,cache/1756175322503.png
77,3006,205-80-60-60,cache/1756175322533.png
77,2448,268-180-51-60,cache/1756175322545.png
77,3641,280-99-66-67,cache/1756175322557.png
77,7766,369-94-111-99,cache/1756175322563.png
77,2305,154-198-44-57,cache/1756175322572.png
77,3324,129-55-60-70,cache/1756175322578.png
898,13866,112-167-123-153,cache/1756175323365.png
898,6226,41-87-80-97,cache/1756175323378.png
898,6646,244-172-91-91,cache/1756175323386.png
898,3067,101-135-80-66,cache/1756175323396.png
898,5653,220-112-78-101,cache/1756175323406.png
898,1293,395-115-35-46,cache/1756175323413.png
478,4996,327-81-69-84,cache/1756175323801.png
478,1734,290-129-44-48,cache/1756175323808.png
478,2706,88-138-84-40,cache/1756175323814.png
478,1404,109-100-42-38,cache/1756175323819.png
478,3413,202-159-88-48,cache/1756175323824.png
594,3136,221-89-61-62,cache/1756175324174.png
594,1695,171-142-45-49,cache/1756175324179.png
594,1448,301-95-69-25,cache/1756175324189.png
594,2108,205-159-47-53,cache/1756175324195.png
671,5378,0-87-86-83,cache/1756175324544.png
671,1736,99-162-40-48,cache/1756175324551.png
671,2789,214-214-52-62,cache/1756175324557.png
671,4349,297-62-62-73,cache/1756175324563.png
770,1589,331-131-38-46,cache/1756175324797.png
669,7365,46-80-99-93,cache/1756175325335.png
669,5188,204-87-70-90,cache/1756175325344.png
669,7481,367-100-113-106,cache/1756175325350.png
669,3070,186-44-65-70,cache/1756175325358.png
669,5373,322-138-80-84,cache/1756175325364.png
669,3576,233-152-96-46,cache/1756175325372.png
704,10637,261-148-97-124,cache/1756175325866.png
704,3046,218-85-65-65,cache/1756175325875.png
704,2197,71-136-53-50,cache/1756175325882.png
704,3192,128-94-69-69,cache/1756175325887.png
704,8646,338-109-107-114,cache/1756175325893.png
704,2731,167-126-86-39,cache/1756175325901.png
253,3659,221-87-67-79,cache/1756175326262.png
253,9938,171-131-104-116,cache/1756175326269.png
253,3202,120-86-62-62,cache/1756175326277.png
253,1564,349-141-38-45,cache/1756175326283.png
211,1612,270-142-36-47,cache/1756175326536.png
691,3157,330-74-62-61,cache/1756175326845.png
691,2158,215-39-51-51,cache/1756175326851.png
691,1804,64-139-44-50,cache/1756175326857.png
691,1393,107-186-41-40,cache/1756175326863.png
450,11117,75-132-113-125,cache/1756175327271.png
450,3192,213-78-62-62,cache/1756175327281.png
450,6443,363-91-82-92,cache/1756175327286.png
450,3090,193-226-50-67,cache/1756175327293.png
490,12504,191-181-103-139,cache/1756175327737.png
490,3690,326-73-68-77,cache/1756175327747.png
490,2396,190-50-53-54,cache/1756175327753.png
490,4061,65-115-73-70,cache/1756175327761.png
490,3513,229-96-65-66,cache/1756175327774.png
490,4460,305-125-75-73,cache/1756175327802.png
358,7742,231-91-95-99,cache/1756175328103.png
974,7894,0-95-120-98,cache/1756175328457.png
974,2840,216-38-68-69,cache/1756175328465.png
974,4845,188-66-66-77,cache/1756175328471.png
591,4205,330-80-66-80,cache/1756175328907.png
591,6088,261-108-84-99,cache/1756175328915.png
591,10610,197-155-95-117,cache/1756175328922.png
708,10313,100-152-96-118,cache/1756175329286.png
708,1398,200-103-38-41,cache/1756175329294.png
708,2549,215-220-45-62,cache/1756175329299.png
708,2851,275-73-59-59,cache/1756175329305.png
708,1601,363-113-45-42,cache/1756175329312.png
937,4397,151-57-63-75,cache/1756175329616.png
937,2055,377-149-49-47,cache/1756175329622.png
937,2093,159-184-42-55,cache/1756175329627.png
801,9595,264-135-92-113,cache/1756175329901.png
259,2875,258-66-59-59,cache/1756175330163.png
259,1254,185-136-35-45,cache/1756175330168.png
259,2189,200-166-43-53,cache/1756175330172.png
176,3754,224-48-57-70,cache/1756175330447.png
176,1571,136-190-42-44,cache/1756175330453.png
677,2039,230-168-40-54,cache/1756175330693.png
677,1937,107-129-48-49,cache/1756175330699.png
431,11678,130-155-100-126,cache/1756175331193.png
431,3676,55-93-69-65,cache/1756175331205.png
431,7115,353-94-94-89,cache/1756175331212.png
431,3973,272-56-59-72,cache/1756175331220.png
431,3437,197-48-61-68,cache/1756175331228.png
981,13748,143-151-121-139,cache/1756175331812.png
981,6281,239-108-79-102,cache/1756175331823.png
981,3482,109-127-78-80,cache/1756175331831.png
981,1716,365-136-41-48,cache/1756175331840.png
981,2306,224-48-53-53,cache/1756175331845.png
981,2864,295-82-65-66,cache/1756175331851.png
981,1383,68-114-37-42,cache/1756175331857.png
981,3162,281-188-60-65,cache/1756175331862.png
987,5479,164-78-73-81,cache/1756175332200.png
987,5098,251-148-80-79,cache/1756175332206.png
987,948,307-142-36-45,cache/1756175332212.png
707,7630,30-85-95-102,cache/1756175332522.png
707,1647,242-100-43-44,cache/1756175332529.png
377,9758,121-136-98-109,cache/1756175333149.png
377,3707,107-89-69-80,cache/1756175333157.png
377,5110,38-80-73-81,cache/1756175333164.png
377,9160,299-115-108-107,cache/1756175333170.png
377,4214,187-49-70-70,cache/1756175333178.png
377,2271,272-57-56-65,cache/1756175333185.png
377,4816,247-95-73-88,cache/1756175333192.png
377,1885,238-169-39-52,cache/1756175333199.png
427,6582,0-84-109-86,cache/1756175334209.png
427,5074,111-68-78-75,cache/1756175334218.png
427,3481,273-59-62-66,cache/1756175334225.png
427,14152,153-163-129-157,cache/1756175334231.png
427,2542,282-185-50-60,cache/1756175334243.png
427,3605,118-144-78-80,cache/1756175334250.png
427,5170,222-92-67-84,cache/1756175334258.png
427,1671,111-84-45-44,cache/1756175334266.png
97,9901,116-150-93-120,cache/1756175335314.png
97,7752,236-120-81-106,cache/1756175335333.png
97,2783,286-64-58-58,cache/1756175335347.png
97,4569,174-67-62-78,cache/1756175335360.png
97,6056,0-87-97-89,cache/1756175335371.png
475,3028,88-72-61-60,cache/1756175335713.png
475,4234,155-54-75-79,cache/1756175335721.png
475,2564,177-195-47-60,cache/1756175335730.png
475,1461,330-127-36-44,cache/1756175335740.png
475,1442,206-80-66-26,cache/1756175335748.png
535,2232,307-169-49-51,cache/1756175336468.png
535,5490,61-89-85-84,cache/1756175336487.png
535,3814,177-60-64-68,cache/1756175336504.png
535,7253,369-100-111-95,cache/1756175336524.png
535,2022,378-99-102-38,cache/1756175336573.png
535,7143,128-116-80-96,cache/1756175336584.png
817,7163,248-110-80-103,cache/1756175337482.png
817,8309,197-195-101-103,cache/1756175337501.png
817,4631,264-47-78-68,cache/1756175337512.png
817,7715,380-84-100-92,cache/1756175337521.png
817,4901,157-69-65-80,cache/1756175337534.png
817,10156,66-128-99-112,cache/1756175337541.png
135,9386,69-103-110-108,cache/1756175337944.png
135,2662,71-102-102-44,cache/1756175337957.png
515,3969,278-61-63-71,cache/1756175338428.png
515,12428,182-179-104-141,cache/1756175338435.png
515,1743,345-146-42-48,cache/1756175338445.png
515,1886,147-192-37-55,cache/1756175338451.png
515,5833,34-99-78-87,cache/1756175338457.png
39,4532,79-116-76-74,cache/1756175338807.png
39,5021,295-64-79-79,cache/1756175338813.png
39,2222,282-180-43-56,cache/1756175338820.png
158,9577,148-164-89-120,cache/1756175339241.png
158,4511,287-135-75-74,cache/1756175339249.png
158,7249,358-110-87-97,cache/1756175339256.png
158,2404,148-60-55-53,cache/1756175339263.png
158,1381,101-130-36-43,cache/1756175339269.png
218,8235,70-101-102-100,cache/1756175339741.png
218,10109,171-153-92-121,cache/1756175339752.png
218,2873,223-51-62-67,cache/1756175339762.png
218,2963,250-82-60-60,cache/1756175339769.png
467,3724,245-73-65-80,cache/1756175340122.png
467,1816,110-117-47-46,cache/1756175340127.png
467,2585,141-194-47-60,cache/1756175340132.png
467,2310,204-121-83-34,cache/1756175340136.png
225,8030,25-93-99-93,cache/1756175340604.png
225,5416,236-84-87-94,cache/1756175340613.png
225,2041,389-143-49-52,cache/1756175340620.png
225,1839,215-59-57-55,cache/1756175340626.png
225,1483,344-100-43-42,cache/1756175340632.png
225,9219,132-117-97-107,cache/1756175340637.png
225,2767,278-130-87-39,cache/1756175340646.png
763,6337,34-72-89-81,cache/1756175341014.png
763,4055,323-100-71-69,cache/1756175341021.png
763,4261,221-108-72-72,cache/1756175341026.png
166,10684,102-146-98-124,cache/1756175341460.png
166,4768,304-70-67-79,cache/1756175341470.png
166,4182,118-92-77-65,cache/1756175341476.png
166,2211,108-61-62-69,cache/1756175341483.png
166,2046,236-166-41-54,cache/1756175341489.png
166,1834,361-149-42-49,cache/1756175341494.png
836,3518,38-96-67-64,cache/1756175341863.png
836,3217,240-52-53-65,cache/1756175341869.png
836,3848,290-63-59-70,cache/1756175341874.png
836,1829,341-146-43-45,cache/1756175341880.png
836,2982,341-109-43-82,cache/1756175341885.png
836,2003,210-153-46-51,cache/1756175341890.png
836,2180,143-177-42-53,cache/1756175341895.png
738,6280,402-91-78-92,cache/1756175342178.png
738,1636,412-91-68-29,cache/1756175342187.png
803,2841,272-190-57-62,cache/1756175342547.png
803,6158,335-94-78-91,cache/1756175342553.png
803,1697,41-116-47-46,cache/1756175342559.png
803,3022,196-77-61-61,cache/1756175342565.png
803,2264,94-162-49-56,cache/1756175342571.png
330,2411,126-89-61-66,cache/1756175343032.png
330,3520,251-37-56-70,cache/1756175343037.png
330,7730,53-108-106-113,cache/1756175343043.png
330,5654,180-100-75-97,cache/1756175343050.png
330,3739,123-156-92-50,cache/1756175343057.png
330,2043,180-100-75-33,cache/1756175343062.png
134,4133,163-46-72-72,cache/1756175343475.png
134,2191,240-50-51-51,cache/1756175343482.png
134,3362,55-92-65-63,cache/1756175343487.png
134,2240,208-201-42-57,cache/1756175343493.png
134,3994,113-61-61-73,cache/1756175343498.png
134,3058,323-84-62-60,cache/1756175343503.png
134,1796,288-138-43-46,cache/1756175343508.png
362,2500,255-184-54-58,cache/1756175343865.png
362,5855,132-171-85-85,cache/1756175343871.png
362,4662,297-81-65-79,cache/1756175343877.png
362,1464,192-134-37-42,cache/1756175343883.png
362,4388,219-67-65-73,cache/1756175343889.png
718,2974,162-66-75-73,cache/1756175344240.png
718,1978,237-194-40-54,cache/1756175344246.png
718,6417,186-94-85-90,cache/1756175344251.png
718,2109,292-176-47-54,cache/1756175344259.png
212,8352,122-109-100-104,cache/1756175344691.png
212,4831,66-87-70-85,cache/1756175344700.png
212,4670,330-74-67-78,cache/1756175344710.png
212,8522,219-125-88-104,cache/1756175344717.png
212,1319,191-224-61-38,cache/1756175344725.png
117,5670,222-134-83-84,cache/1756175345076.png
117,1717,152-129-38-46,cache/1756175345083.png
117,2012,382-122-52-48,cache/1756175345088.png
592,6039,152-86-82-95,cache/1756175345474.png
592,4971,265-47-77-75,cache/1756175345482.png
592,6290,185-148-88-89,cache/1756175345488.png
280,2466,169-50-55-54,cache/1756175345805.png
280,6128,268-81-77-91,cache/1756175345810.png
280,1982,379-102-77-32,cache/1756175345816.png
752,3878,310-70-63-73,cache/1756175346182.png
752,1873,308-179-41-57,cache/1756175346188.png
752,1575,316-136-39-46,cache/1756175346194.png
752,3518,222-170-89-49,cache/1756175346200.png
752,1924,88-114-73-32,cache/1756175346206.png
942,3110,329-80-62-61,cache/1756175346529.png
942,1308,51-123-43-41,cache/1756175346535.png
942,1971,72-143-49-51,cache/1756175346540.png
942,4921,219-79-64-81,cache/1756175346545.png
942,2095,208-182-41-55,cache/1756175346551.png
942,1494,399-91-81-26,cache/1756175346556.png
281,5394,110-69-82-79,cache/1756175346841.png
281,1930,162-159-42-49,cache/1756175346847.png
281,1528,59-122-41-44,cache/1756175346852.png
28,5744,127-152-84-84,cache/1756175347265.png
28,6100,281-91-84-92,cache/1756175347272.png
28,3488,28-92-67-63,cache/1756175347280.png
28,2597,131-69-56-56,cache/1756175347286.png
28,7529,357-97-100-96,cache/1756175347291.png
28,948,219-196-55-29,cache/1756175347300.png
800,2810,236-67-58-59,cache/1756175347600.png
800,7119,126-166-95-94,cache/1756175347606.png
800,893,133-150-47-34,cache/1756175347612.png
646,6884,368-106-84-98,cache/1756175348092.png
646,3879,207-50-57-72,cache/1756175348100.png
646,4563,295-85-71-77,cache/1756175348107.png
646,2111,103-156-46-49,cache/1756175348113.png
646,9915,149-129-101-115,cache/1756175348119.png
646,3550,150-129-99-50,cache/1756175348128.png
646,4324,259-147-115-64,cache/1756175348135.png
866,4259,372-116-74-70,cache/1756175348544.png
866,8437,118-139-87-111,cache/1756175348550.png
866,2175,205-42-51-51,cache/1756175348558.png
866,4349,137-68-64-75,cache/1756175348563.png
866,1354,82-120-41-46,cache/1756175348569.png
866,2237,251-199-43-57,cache/1756175348575.png
296,4302,159-48-67-72,cache/1756175348974.png
296,3531,272-54-59-69,cache/1756175348980.png
296,8167,242-113-96-104,cache/1756175348986.png
296,1352,227-191-40-41,cache/1756175348993.png
481,5751,282-78-72-88,cache/1756175349457.png
481,7927,197-189-99-100,cache/1756175349464.png
481,6041,116-148-87-86,cache/1756175349472.png
481,2608,197-52-56-56,cache/1756175349478.png
481,1635,36-127-41-46,cache/1756175349484.png
481,1342,71-164-40-39,cache/1756175349490.png
481,1888,368-147-44-50,cache/1756175349495.png
821,6543,165-94-87-92,cache/1756175350033.png
821,2954,198-221-56-66,cache/1756175350040.png
821,2799,154-62-76-64,cache/1756175350046.png
821,5929,0-84-108-87,cache/1756175350052.png
821,7675,328-110-100-101,cache/1756175350059.png
821,2366,278-190-48-54,cache/1756175350067.png
821,2145,232-173-50-55,cache/1756175350072.png
821,3316,306-74-62-73,cache/1756175350077.png
821,1834,272-60-48-53,cache/1756175350083.png
821,2324,335-111-92-43,cache/1756175350088.png
799,6432,244-163-89-89,cache/1756175350465.png
799,9295,59-124-98-103,cache/1756175350472.png
799,3574,211-52-55-68,cache/1756175350481.png
799,1548,160-136-36-46,cache/1756175350487.png
630,3911,373-98-70-67,cache/1756175350788.png
630,3936,250-55-58-72,cache/1756175350793.png
630,1921,337-163-42-51,cache/1756175350798.png
474,1788,165-155-38-50,cache/1756175351056.png
474,2838,272-135-83-42,cache/1756175351061.png
309,5307,280-60-81-79,cache/1756175351323.png
468,8609,340-109-105-101,cache/1756175351711.png
468,3301,210-244-54-76,cache/1756175351726.png
468,5104,277-80-67-84,cache/1756175351737.png
468,1595,120-145-38-47,cache/1756175351756.png
468,1691,155-124-44-46,cache/1756175351767.png
891,6478,33-82-89-94,cache/1756175352178.png
891,3949,252-105-70-69,cache/1756175352189.png
891,4883,189-75-65-83,cache/1756175352195.png
891,1679,239-224-44-45,cache/1756175352202.png
891,2560,116-125-82-38,cache/1756175352209.png
891,2011,366-108-79-32,cache/1756175352215.png
827,3763,337-99-68-66,cache/1756175352580.png
827,3227,152-109-76-65,cache/1756175352588.png
827,3495,226-41-59-66,cache/1756175352596.png
827,3267,157-150-89-45,cache/1756175352605.png
827,2777,146-66-62-66,cache/1756175352614.png
667,3506,46-96-67-64,cache/1756175352939.png
667,1500,358-138-38-44,cache/1756175352945.png
667,2048,163-160-46-52,cache/1756175352950.png
667,2777,190-208-51-62,cache/1756175352956.png
667,2153,288-178-42-53,cache/1756175352961.png
248,2541,268-69-55-55,cache/1756175353263.png
248,4490,116-146-82-81,cache/1756175353268.png
29,2852,213-71-59-58,cache/1756175353598.png
29,7344,24-84-100-91,cache/1756175353603.png
29,1723,329-126-44-46,cache/1756175353610.png
182,7915,155-101-92-104,cache/1756175353994.png
182,6603,304-77-88-87,cache/1756175354001.png
182,5503,77-148-83-82,cache/1756175354008.png
714,3235,172-57-57-71,cache/1756175354334.png
714,2361,203-200-43-59,cache/1756175354339.png
714,5022,124-82-67-82,cache/1756175354343.png
714,1664,409-132-41-44,cache/1756175354349.png
48,6404,124-175-89-90,cache/1756175354607.png
939,4847,262-78-65-81,cache/1756175354982.png
939,4827,119-61-74-73,cache/1756175354988.png
939,1453,81-127-37-44,cache/1756175354994.png
939,2930,254-196-58-64,cache/1756175354999.png
939,1666,376-146-41-47,cache/1756175355004.png
939,1027,257-196-54-31,cache/1756175355009.png
26,4389,175-70-61-76,cache/1756175355338.png
26,1915,357-129-50-47,cache/1756175355344.png
26,1603,144-142-37-47,cache/1756175355349.png
26,2895,186-143-88-40,cache/1756175355355.png
26,1343,109-181-40-39,cache/1756175355360.png
886,12119,201-153-120-133,cache/1756175355771.png
886,3246,336-85-63-62,cache/1756175355781.png
886,2121,345-161-48-55,cache/1756175355786.png
886,3961,172-47-67-70,cache/1756175355792.png
825,2669,179-135-86-38,cache/1756175356036.png
688,4027,376-100-72-68,cache/1756175356465.png
688,6226,96-66-87-86,cache/1756175356471.png
688,1910,26-121-51-47,cache/1756175356477.png
688,2274,153-157-51-56,cache/1756175356483.png
688,5694,205-157-84-84,cache/1756175356488.png
688,4042,244-52-59-73,cache/1756175356495.png
688,2584,180-54-55-56,cache/1756175356501.png
516,7785,340-93-91-95,cache/1756175356845.png
516,5482,190-50-80-81,cache/1756175356852.png
516,1457,280-90-41-42,cache/1756175356857.png
516,1305,191-50-78-28,cache/1756175356862.png
919,3231,126-80-63-63,cache/1756175357215.png
919,4743,204-67-63-76,cache/1756175357220.png
919,2185,159-159-46-54,cache/1756175357227.png
919,3780,267-51-57-71,cache/1756175357231.png
919,1770,336-134-42-48,cache/1756175357236.png
703,6914,369-93-111-96,cache/1756175357621.png
703,4611,208-124-75-76,cache/1756175357629.png
703,5190,285-62-78-79,cache/1756175357634.png
517,7836,243-183-98-99,cache/1756175358096.png
517,6270,115-150-88-88,cache/1756175358105.png
517,5714,46-70-77-86,cache/1756175358112.png
517,4395,355-102-75-74,cache/1756175358119.png
517,5446,191-77-70-90,cache/1756175358126.png
517,4642,274-44-67-73,cache/1756175358132.png
517,1826,231-146-39-51,cache/1756175358139.png
563,2896,202-173-57-64,cache/1756175358522.png
563,4470,394-96-86-71,cache/1756175358531.png
563,4780,314-59-70-81,cache/1756175358537.png
563,3165,245-219-50-69,cache/1756175358543.png
563,1815,52-136-43-48,cache/1756175358548.png
563,1538,175-102-41-43,cache/1756175358553.png
742,8192,49-106-95-107,cache/1756175358869.png
742,1690,240-141-37-48,cache/1756175358876.png
742,1874,175-225-47-47,cache/1756175358881.png
554,14252,164-157-121-141,cache/1756175359323.png
554,1752,259-151-47-51,cache/1756175359334.png
554,4451,161-58-62-76,cache/1756175359339.png
554,2288,108-140-52-53,cache/1756175359346.png
554,1604,357-107-43-41,cache/1756175359351.png
554,1527,341-180-42-43,cache/1756175359356.png
310,2161,202-56-51-51,cache/1756175359761.png
310,1472,79-107-43-40,cache/1756175359770.png
310,3245,165-113-67-66,cache/1756175359776.png
310,1207,349-124-43-40,cache/1756175359782.png
310,1960,329-149-50-50,cache/1756175359787.png
310,2932,224-129-88-45,cache/1756175359795.png
310,8169,222-129-90-106,cache/1756175359800.png
716,3514,87-85-66-65,cache/1756175360561.png
716,3118,165-74-61-61,cache/1756175360567.png
716,5344,120-146-81-81,cache/1756175360573.png
716,1628,211-223-43-45,cache/1756175360580.png
716,2712,228-56-58-58,cache/1756175360586.png
716,2205,298-188-43-57,cache/1756175360591.png
716,1741,310-157-50-50,cache/1756175360598.png
716,1374,334-130-41-49,cache/1756175360603.png
255,4858,174-52-81-83,cache/1756175361057.png
255,4937,333-127-79-77,cache/1756175361065.png
255,4910,269-71-81-86,cache/1756175361072.png
255,1575,160-209-43-43,cache/1756175361079.png
255,2265,104-169-47-57,cache/1756175361087.png
255,2681,242-32-69-59,cache/1756175361093.png
255,6530,222-98-74-97,cache/1756175361100.png
255,2043,222-98-74-33,cache/1756175361107.png
893,2208,198-179-45-54,cache/1756175361365.png
893,1788,73-139-46-48,cache/1756175361370.png
893,1573,387-128-43-45,cache/1756175361375.png
130,6350,38-94-81-92,cache/1756175361763.png
130,6635,276-102-77-96,cache/1756175361770.png
130,5360,172-59-77-80,cache/1756175361777.png
130,3817,325-78-68-85,cache/1756175361786.png
130,2026,151-153-49-53,cache/1756175361793.png
130,990,117-187-55-29,cache/1756175361799.png
879,3889,91-106-70-68,cache/1756175362075.png
879,1677,391-118-46-44,cache/1756175362081.png
721,6899,0-88-87-93,cache/1756175362580.png
721,3562,369-119-71-78,cache/1756175362589.png
721,10978,290-134-105-114,cache/1756175362595.png
721,4650,129-73-67-81,cache/1756175362604.png
721,5515,153-137-83-83,cache/1756175362611.png
721,1731,245-206-45-46,cache/1756175362618.png
721,5039,251-99-85-94,cache/1756175362624.png
347,9970,146-139-92-119,cache/1756175363005.png
347,6745,247-100-76-97,cache/1756175363013.png
339,3906,218-46-57-72,cache/1756175363360.png
339,1995,77-162-44-52,cache/1756175363366.png
339,1822,64-122-50-44,cache/1756175363371.png
339,1789,332-149-41-49,cache/1756175363376.png
339,3733,369-87-69-66,cache/1756175363381.png
339,1611,152-135-37-47,cache/1756175363387.png
543,11615,127-167-111-132,cache/1756175363791.png
543,1824,384-142-48-50,cache/1756175363802.png
543,1321,311-96-40-39,cache/1756175363808.png
543,6016,37-91-84-91,cache/1756175363820.png
726,4258,182-41-67-70,cache/1756175364141.png
726,2993,94-70-61-59,cache/1756175364149.png
726,1442,156-195-41-41,cache/1756175364155.png
726,1922,119-165-42-52,cache/1756175364159.png
726,1966,350-148-44-48,cache/1756175364164.png
804,4392,167-55-72-70,cache/1756175364459.png
804,3718,92-108-69-66,cache/1756175364466.png
489,9857,64-128-98-117,cache/1756175364953.png
489,3589,256-200-63-71,cache/1756175364962.png
489,4295,266-54-62-75,cache/1756175364968.png
489,2951,338-65-82-50,cache/1756175364974.png
489,1255,427-136-53-36,cache/1756175364979.png
489,9898,319-101-114-110,cache/1756175364984.png
576,9453,168-159-89-119,cache/1756175365367.png
576,6556,266-102-81-89,cache/1756175365375.png
576,1898,211-52-51-51,cache/1756175365382.png
576,1661,134-163-39-53,cache/1756175365387.png
576,1535,101-151-36-47,cache/1756175365392.png
576,1922,238-81-57-59,cache/1756175365397.png
234,8904,222-106-102-109,cache/1756175365871.png
234,11173,78-144-108-116,cache/1756175365880.png
234,4149,92-87-76-65,cache/1756175365888.png
234,2816,166-62-59-59,cache/1756175365894.png
234,2727,258-70-66-57,cache/1756175365900.png
234,6638,339-83-83-87,cache/1756175365906.png
234,2637,272-47-77-75,cache/1756175365913.png
234,1673,186-220-44-45,cache/1756175365919.png
108,3657,368-94-68-65,cache/1756175366159.png
293,5448,71-72-74-86,cache/1756175366526.png
293,5241,208-58-72-80,cache/1756175366535.png
293,1690,237-36-55-65,cache/1756175366547.png
293,1681,44-137-41-47,cache/1756175366556.png
293,2285,81-159-51-57,cache/1756175366564.png
293,1566,408-123-41-45,cache/1756175366569.png
293,1490,301-189-43-42,cache/1756175366579.png
412,4385,146-115-75-73,cache/1756175366965.png
412,3340,295-75-63-64,cache/1756175366973.png
412,3625,207-153-93-48,cache/1756175366980.png
951,2056,381-147-52-50,cache/1756175367365.png
951,6068,248-77-86-89,cache/1756175367371.png
951,1855,225-46-50-50,cache/1756175367379.png
951,981,166-70-55-29,cache/1756175367385.png
951,2068,348-163-44-53,cache/1756175367390.png
951,7372,166-87-92-95,cache/1756175367396.png
860,9093,308-109-108-108,cache/1756175367893.png
860,3087,142-198-57-66,cache/1756175367902.png
860,3660,221-52-56-69,cache/1756175367907.png
860,1519,99-106-43-42,cache/1756175367913.png
438,4564,54-126-76-73,cache/1756175368469.png
438,6457,135-183-89-89,cache/1756175368479.png
438,3736,142-103-67-68,cache/1756175368488.png
438,2161,209-41-51-51,cache/1756175368495.png
438,2497,115-65-59-58,cache/1756175368501.png
438,2419,265-53-54-54,cache/1756175368506.png
438,2728,298-133-82-41,cache/1756175368513.png
438,1674,376-146-38-49,cache/1756175368519.png
59,4512,116-130-75-74,cache/1756175369033.png
59,3220,258-91-63-62,cache/1756175369039.png
59,3852,196-39-67-68,cache/1756175369044.png
59,7293,369-95-111-89,cache/1756175369050.png
783,4913,75-72-71-80,cache/1756175369561.png
783,4014,172-56-59-74,cache/1756175369567.png
783,1389,320-184-41-41,cache/1756175369573.png
783,1676,268-217-44-46,cache/1756175369578.png
783,1885,228-163-39-51,cache/1756175369583.png
783,1066,321-71-60-28,cache/1756175369588.png
783,2314,305-89-95-39,cache/1756175369593.png
783,7606,302-90-98-94,cache/1756175369598.png
155,2946,107-77-61-60,cache/1756175370090.png
155,3820,276-57-75-73,cache/1756175370097.png
155,4329,45-113-75-72,cache/1756175370103.png
155,9867,243-124-110-115,cache/1756175370110.png
155,5416,323-81-82-87,cache/1756175370118.png
155,2265,152-186-44-56,cache/1756175370125.png
155,3331,202-50-53-65,cache/1756175370130.png
155,2627,230-208-45-63,cache/1756175370136.png
780,5991,92-157-87-85,cache/1756175370461.png
780,3899,0-90-81-67,cache/1756175370468.png
780,2109,339-170-44-54,cache/1756175370474.png
31,7370,359-78-97-91,cache/1756175370839.png
31,1915,190-142-42-50,cache/1756175370846.png
31,2205,104-176-45-56,cache/1756175370851.png
31,5436,59-71-74-85,cache/1756175370855.png
31,1430,59-71-68-26,cache/1756175370861.png
44,5360,136-68-74-81,cache/1756175371209.png
44,1788,273-121-46-47,cache/1756175371222.png
682,4499,157-56-63-77,cache/1756175371657.png
682,4256,21-93-74-70,cache/1756175371666.png
682,2551,181-171-55-63,cache/1756175371673.png
682,8150,223-181-100-100,cache/1756175371679.png
682,1762,393-132-43-48,cache/1756175371687.png
682,2597,254-52-56-56,cache/1756175371692.png
682,2675,312-185-55-61,cache/1756175371698.png
682,1355,72-164-41-39,cache/1756175371703.png
52,4769,310-71-67-80,cache/1756175371988.png
52,1960,86-133-50-48,cache/1756175371994.png
52,1744,230-156-37-50,cache/1756175371998.png
52,1221,182-95-39-40,cache/1756175372002.png
418,9069,261-144-88-115,cache/1756175372409.png
418,4360,93-72-65-76,cache/1756175372417.png
418,4754,316-81-69-82,cache/1756175372423.png
418,3691,182-90-76-86,cache/1756175372429.png
418,2064,151-119-77-32,cache/1756175372435.png
418,7238,151-120-78-100,cache/1756175372440.png
57,2201,203-47-52-51,cache/1756175372825.png
57,11563,267-147-107-119,cache/1756175372830.png
57,3445,349-82-65-64,cache/1756175372839.png
57,5780,223-101-89-96,cache/1756175372844.png
973,2890,229-173-57-63,cache/1756175373110.png
640,6076,311-62-89-83,cache/1756175373514.png
640,4842,252-118-77-77,cache/1756175373522.png
640,4074,33-94-72-69,cache/1756175373529.png
640,1625,234-197-44-45,cache/1756175373535.png
640,3737,260-46-59-70,cache/1756175373540.png
640,3149,164-204-53-67,cache/1756175373547.png
640,4460,194-57-62-74,cache/1756175373553.png
144,7149,349-105-85-99,cache/1756175374034.png
144,3489,145-86-65-66,cache/1756175374046.png
144,6577,210-173-90-91,cache/1756175374057.png
144,3735,247-40-56-71,cache/1756175374064.png
144,9482,64-123-104-117,cache/1756175374070.png
200,11033,137-161-97-128,cache/1756175374595.png
200,6367,100-109-107-104,cache/1756175374606.png
200,4489,66-68-80-88,cache/1756175374614.png
200,1857,261-124-45-48,cache/1756175374621.png
200,3473,333-88-68-66,cache/1756175374626.png
200,1752,328-142-40-49,cache/1756175374632.png
693,8842,132-128-87-113,cache/1756175375070.png
693,2122,361-162-46-54,cache/1756175375078.png
693,7084,274-77-91-92,cache/1756175375083.png
693,1837,401-140-41-51,cache/1756175375090.png
693,2106,276-77-89-35,cache/1756175375095.png
700,8317,104-125-86-108,cache/1756175375526.png
700,2176,243-181-42-56,cache/1756175375536.png
700,4163,168-61-61-71,cache/1756175375541.png
700,1729,351-99-76-28,cache/1756175375547.png
700,6617,345-100-82-93,cache/1756175375553.png
600,8929,240-124-101-108,cache/1756175375965.png
600,5763,334-95-73-90,cache/1756175375975.png
600,3838,202-68-57-72,cache/1756175375982.png
600,1456,183-210-41-42,cache/1756175375988.png
600,2530,284-66-55-55,cache/1756175375993.png
600,1482,111-119-40-41,cache/1756175375998.png
705,11391,128-156-105-131,cache/1756175376462.png
705,5481,333-143-83-81,cache/1756175376471.png
705,3753,265-40-58-72,cache/1756175376482.png
705,5235,183-73-66-85,cache/1756175376490.png
705,1483,115-122-37-44,cache/1756175376497.png
705,2073,145-55-55-58,cache/1756175376502.png
705,1842,43-137-45-50,cache/1756175376508.png
324,3958,0-92-79-67,cache/1756175376995.png
324,4839,306-76-71-81,cache/1756175377002.png
324,4980,167-124-78-79,cache/1756175377008.png
324,2201,306-144-51-53,cache/1756175377015.png
324,3574,166-52-57-70,cache/1756175377021.png
324,5061,106-67-69-79,cache/1756175377027.png
324,6144,405-93-75-92,cache/1756175377036.png
324,1492,274-185-42-43,cache/1756175377043.png
661,10769,244-155-96-125,cache/1756175377539.png
661,2831,207-68-58-59,cache/1756175377548.png
661,2589,130-170-53-59,cache/1756175377554.png
661,4270,260-50-72-72,cache/1756175377559.png
661,1867,59-123-50-46,cache/1756175377565.png
661,5471,350-80-74-85,cache/1756175377571.png
661,1305,355-80-69-23,cache/1756175377577.png
