image_index,area,box,color,size,material,label
443,780,68-44-31-30,brown,small,metal,sphere
443,445,39-66-23-22,green,small,metal,cube
443,444,164-69-22-24,green,small,rubber,cube
101,382,130-60-20-21,cyan,small,rubber,cylinder
101,1861,153-50-48-48,cyan,large,rubber,sphere
168,1285,61-28-40-38,gray,small,rubber,cube
168,361,67-93-20-21,cyan,small,rubber,sphere
168,879,140-48-33-34,gray,small,metal,sphere
168,922,121-21-30-32,gray,small,rubber,cube
168,545,178-74-26-26,red,small,rubber,cube
168,1833,194-48-45-48,gray,large,rubber,cylinder
168,1991,104-59-41-53,green,large,rubber,cylinder
830,1004,90-27-33-33,brown,small,rubber,cube
830,1089,40-38-32-38,blue,small,rubber,cube
830,1253,49-77-39-39,blue,small,rubber,sphere
830,334,194-64-22-20,green,small,rubber,cube
830,495,182-76-25-25,red,small,rubber,cube
807,1447,77-88-42-43,purple,large,metal,sphere
807,383,176-64-20-20,purple,small,rubber,cube
807,1560,98-55-40-45,yellow,large,rubber,cube
288,486,38-78-21-25,purple,small,rubber,cube
288,1261,136-32-33-41,purple,small,metal,cube
288,609,138-96-23-29,yellow,small,rubber,cube
288,1207,165-58-38-38,red,small,rubber,sphere
240,2928,53-74-58-65,blue,large,rubber,cube
240,1183,177-43-36-43,blue,small,rubber,cube
240,1886,145-59-42-51,purple,large,rubber,cylinder
240,749,100-21-33-31,cyan,small,rubber,cylinder
111,649,72-30-27-28,green,small,rubber,sphere
111,517,86-86-20-26,gray,small,rubber,sphere
111,726,147-35-29-30,cyan,small,metal,sphere
111,1334,176-48-39-47,purple,large,rubber,cube
111,2335,144-70-46-57,cyan,large,rubber,cylinder
111,1875,21-44-49-46,yellow,large,rubber,cube
356,477,28-61-24-24,blue,small,metal,sphere
356,1404,74-32-38-41,green,large,rubber,cube
356,407,116-57-20-21,blue,small,rubber,cube
356,508,134-83-20-26,red,small,rubber,cylinder
356,1180,156-58-39-37,brown,small,metal,sphere
934,1002,7-49-36-34,cyan,small,metal,sphere
934,1103,80-37-32-41,green,small,rubber,cube
934,1553,151-47-38-45,red,large,rubber,cylinder
934,1161,56-60-37-38,green,small,rubber,sphere
749,912,77-52-33-33,purple,small,rubber,sphere
749,1168,116-36-31-39,cyan,small,metal,cube
749,681,185-45-31-32,cyan,small,metal,sphere
749,1348,124-78-40-40,gray,large,rubber,sphere
749,1584,27-41-44-46,yellow,large,rubber,cube
749,1576,154-53-39-48,green,large,rubber,cube
753,469,97-83-18-26,yellow,small,rubber,cube
753,1383,150-43-35-43,blue,large,rubber,sphere
753,1762,49-49-40-56,purple,large,rubber,cube
753,977,107-21-32-33,blue,small,metal,cube
119,2196,64-58-45-51,gray,large,rubber,sphere
119,482,128-25-27-28,cyan,small,metal,sphere
119,540,157-72-24-24,red,small,metal,cube
119,1489,105-40-38-44,purple,large,rubber,cube
445,2917,61-74-55-64,blue,large,rubber,cube
333,416,104-57-21-22,cyan,small,rubber,sphere
333,477,75-79-19-26,red,small,rubber,cube
333,455,154-62-23-24,blue,small,rubber,cube
333,524,127-86-20-27,cyan,small,rubber,cube
333,465,188-76-21-24,red,small,metal,cube
333,1673,17-48-42-47,gray,large,rubber,sphere
530,1206,174-37-35-39,red,small,rubber,cube
530,671,148-89-27-29,purple,small,rubber,cube
530,762,117-102-26-32,cyan,small,rubber,cube
530,1208,55-62-39-38,green,small,metal,sphere
530,1444,163-37-46-50,red,large,rubber,cylinder
323,1151,37-36-33-38,cyan,small,metal,cube
323,2760,62-86-49-64,red,large,rubber,cylinder
323,2082,171-58-49-54,purple,large,rubber,cube
323,622,191-45-36-41,red,small,rubber,sphere
832,1395,31-38-37-43,gray,large,rubber,cylinder
832,1048,63-27-31-38,cyan,small,rubber,cube
832,1340,66-68-41-40,purple,large,rubber,sphere
832,968,100-120-30-37,blue,small,metal,cylinder
174,738,66-96-28-31,blue,small,rubber,cube
174,1146,144-39-33-41,blue,small,rubber,cube
174,415,130-32-25-28,green,small,metal,sphere
174,1848,169-57-42-50,purple,large,rubber,cylinder
174,1514,59-48-36-45,red,large,rubber,cylinder
174,515,111-72-23-25,green,small,rubber,cube
284,577,122-26-26-26,purple,small,rubber,sphere
284,533,172-82-22-24,blue,small,rubber,cube
284,1677,131-51-38-48,green,large,rubber,cube
462,449,104-112-22-23,red,small,metal,sphere
462,340,148-90-20-20,cyan,small,metal,sphere
462,1681,60-45-42-47,brown,large,rubber,cube
149,594,126-31-26-27,cyan,small,rubber,sphere
149,1518,101-91-42-43,red,large,rubber,sphere
149,2085,34-58-51-53,gray,large,rubber,sphere
149,966,163-56-34-34,green,small,rubber,sphere
149,1531,93-44-39-44,cyan,large,rubber,cube
613,950,63-32-29-35,blue,small,rubber,cube
613,519,159-82-24-26,yellow,small,rubber,cube
684,660,79-100-24-31,blue,small,rubber,cube
684,905,147-29-29-35,gray,small,rubber,cube
684,2044,34-59-44-51,gray,large,metal,cube
956,1066,149-33-34-39,green,small,metal,cube
956,1768,171-51-42-49,purple,large,rubber,cube
956,1952,87-89-48-48,gray,large,metal,sphere
956,1712,107-60-44-52,yellow,large,rubber,sphere
956,1065,66-53-35-37,brown,small,rubber,sphere
581,1497,77-26-45-48,purple,large,rubber,cube
581,1115,78-35-30-38,purple,small,rubber,cube
581,501,65-78-21-25,gray,small,rubber,cube
581,452,171-39-33-19,purple,small,rubber,cube
581,701,138-90-31-29,gray,small,rubber,cube
581,2102,152-50-51-50,yellow,large,rubber,cube
581,1661,110-44-41-45,blue,large,metal,cube
343,1005,74-35-29-37,brown,small,rubber,cube
343,1513,23-45-41-40,gray,large,rubber,cube
343,2111,125-65-47-54,cyan,large,rubber,cube
343,1175,163-50-35-43,red,small,rubber,cylinder
188,1079,24-37-35-40,brown,small,rubber,cylinder
188,398,172-76-19-23,brown,small,metal,cube
188,1245,97-77-38-39,green,small,rubber,sphere
188,1082,113-34-29-38,purple,small,rubber,cube
397,915,80-27-28-34,green,small,metal,cube
397,1533,22-37-45-41,gray,large,rubber,cube
397,441,90-76-18-23,purple,small,rubber,cube
397,693,148-36-28-29,gray,small,metal,sphere
397,1308,117-77-40-39,gray,large,rubber,sphere
536,936,80-111-29-35,brown,small,rubber,cube
536,601,165-90-23-29,purple,small,rubber,cube
536,1118,108-17-36-35,yellow,small,rubber,cube
659,1202,93-39-32-40,cyan,small,rubber,cube
659,1179,132-63-38-38,purple,small,metal,sphere
764,666,92-35-27-28,cyan,small,rubber,sphere
764,537,78-80-24-26,cyan,small,rubber,sphere
764,1104,133-25-34-37,brown,small,rubber,cube
764,416,60-73-20-22,green,small,rubber,cube
764,1670,21-42-47-46,gray,large,rubber,cube
850,1137,63-29-38-38,green,small,rubber,cube
850,701,76-105-25-30,red,small,rubber,cube
850,725,126-36-29-30,purple,small,rubber,sphere
850,2285,146-63-50-58,cyan,large,rubber,cube
850,1164,39-63-38-37,cyan,small,metal,sphere
146,1285,26-39-36-40,gray,small,rubber,cylinder
146,696,93-111-23-32,red,small,rubber,cube
146,465,145-80-19-25,purple,small,rubber,cube
146,450,163-66-22-24,cyan,small,rubber,cube
146,1022,111-21-33-39,gray,small,rubber,cube
873,744,59-30-30-29,cyan,small,rubber,sphere
873,441,29-53-23-22,gray,small,rubber,cube
873,835,70-108-28-35,blue,small,rubber,cube
873,583,99-91-22-28,cyan,small,rubber,cube
873,342,129-49-21-21,blue,small,rubber,cube
873,1531,165-67-44-42,cyan,large,metal,sphere
654,925,76-26-28-35,cyan,small,rubber,cube
654,1042,154-30-31-37,cyan,small,rubber,cube
654,1634,29-52-40-47,blue,large,rubber,sphere
654,1767,131-69-42-55,yellow,large,rubber,cylinder
654,3423,81-86-62-71,red,large,metal,cube
757,1140,49-35-32-39,brown,small,rubber,cube
757,508,67-91-20-27,green,small,metal,cube
757,982,126-23-31-34,cyan,small,metal,cylinder
757,531,164-77-25-26,cyan,small,rubber,sphere
757,710,127-110-23-30,green,small,metal,cube
757,826,96-45-31-32,red,small,metal,sphere
863,946,123-21-28-34,cyan,small,rubber,cube
863,475,69-68-22-24,yellow,small,rubber,cube
676,314,103-86-23-26,brown,small,rubber,cube
676,394,120-61-21-22,yellow,small,rubber,cube
676,389,158-52-21-22,cyan,small,rubber,cube
676,673,154-96-24-28,yellow,small,rubber,cube
676,425,135-75-19-24,blue,small,rubber,cube
676,472,203-66-24-25,green,small,rubber,cube
676,2104,73-87-53-53,brown,large,metal,sphere
985,416,28-58-22-23,red,small,rubber,cube
985,1676,185-48-42-47,cyan,large,rubber,cylinder
985,1345,116-71-40-41,cyan,large,rubber,sphere
382,795,81-33-31-31,red,small,metal,sphere
382,1785,151-38-45-45,brown,large,rubber,cube
382,433,207-62-22-23,cyan,small,rubber,cube
382,577,117-76-23-27,yellow,small,rubber,cube
382,3206,24-64-63-63,green,large,rubber,cube
187,1254,184-43-36-39,green,small,rubber,cube
170,2449,126-77-45-60,green,large,rubber,sphere
170,2055,57-64-43-54,red,large,rubber,cylinder
170,1705,169-55-40-49,purple,large,rubber,cylinder
170,392,102-71-17-23,cyan,small,rubber,cube
170,1448,199-44-40-47,green,large,rubber,cube
249,784,89-47-31-31,cyan,small,metal,sphere
249,473,165-87-22-25,purple,small,rubber,cube
975,821,73-49-33-34,yellow,small,rubber,sphere
975,1293,125-40-33-42,blue,small,rubber,cube
975,686,151-95-25-28,blue,small,rubber,cube
975,1343,90-68-40-41,green,large,metal,sphere
975,413,41-69-20-23,yellow,small,rubber,cube
161,610,80-50-30-32,cyan,small,metal,sphere
161,471,93-89-19-25,gray,small,metal,cube
161,1431,127-82-42-42,brown,large,rubber,sphere
161,1717,147-53-49-50,green,large,rubber,cube
161,585,109-32-26-26,purple,small,metal,sphere
161,710,65-50-45-32,cyan,small,rubber,sphere
161,1412,16-49-37-44,green,large,rubber,cube
161,1706,53-60-39-48,green,large,rubber,cylinder
782,1298,44-38-35-41,gray,small,rubber,cube
782,1568,201-45-38-46,green,large,rubber,sphere
782,1333,96-33-36-39,green,large,rubber,cube
224,2144,105-64-42-56,purple,large,rubber,cylinder
224,401,41-67-19-23,red,small,metal,cube
224,1814,148-43-47-48,cyan,large,rubber,cube
915,1437,69-74-41-42,cyan,large,rubber,sphere
915,902,147-44-33-33,blue,small,rubber,sphere
915,1533,102-34-41-43,purple,large,rubber,cube
915,537,178-69-26-25,gray,small,rubber,cube
81,600,83-29-26-27,blue,small,rubber,sphere
81,326,48-49-33-16,blue,small,rubber,cube
81,1090,155-34-32-37,blue,small,rubber,cylinder
81,2510,115-79-46-60,purple,large,rubber,cylinder
81,524,112-23-24-25,red,small,rubber,sphere
81,1923,44-61-42-52,green,large,rubber,sphere
456,765,97-116-23-32,yellow,small,rubber,cube
456,1910,119-64-40-52,cyan,large,rubber,cylinder
456,492,188-71-26-24,purple,small,rubber,cube
456,1017,136-47-41-41,purple,small,rubber,cube
337,1093,90-42-34-40,red,small,rubber,cube
337,553,165-78-26-26,cyan,small,rubber,cube
337,1885,109-64-39-51,gray,large,rubber,cylinder
401,1202,56-32-33-39,purple,small,rubber,cube
401,2991,131-70-56-61,green,large,metal,cube
401,1722,178-54-42-52,blue,large,rubber,sphere
425,334,151-92-20-20,green,small,metal,sphere
425,452,112-65-23-22,gray,small,metal,cube
96,454,67-75-19-24,purple,small,rubber,cube
96,1066,103-21-35-34,brown,small,rubber,cube
96,1893,167-58-43-51,red,large,rubber,cylinder
96,472,127-66-23-25,green,small,rubber,cube
913,1076,41-42-33-40,green,small,rubber,cylinder
913,879,188-51-34-32,green,small,rubber,sphere
913,469,138-83-23-26,green,small,rubber,sphere
913,1556,103-92-43-44,red,large,metal,sphere
913,1055,63-64-36-36,green,small,rubber,sphere
47,758,114-20-25-31,green,small,rubber,cube
47,2002,72-69-41-53,cyan,large,rubber,cylinder
47,2324,175-45-48-59,purple,large,metal,sphere
217,897,75-26-28-34,cyan,small,rubber,cube
217,1270,84-78-39-39,purple,small,rubber,sphere
217,511,58-77-24-25,red,small,rubber,cube
217,829,170-47-31-31,green,small,rubber,sphere
217,533,115-25-24-26,brown,small,rubber,sphere
217,555,139-102-21-28,green,small,rubber,cube
103,1837,116-70-39-50,gray,large,rubber,cylinder
103,1281,16-46-37-41,yellow,small,rubber,sphere
586,710,68-47-32-27,gray,small,rubber,sphere
586,435,42-77-20-24,green,small,metal,cube
586,2190,71-71-43-56,yellow,large,rubber,cylinder
586,1268,154-69-39-39,red,small,metal,sphere
359,427,26-62-21-21,blue,small,rubber,cube
359,573,75-90-22-28,cyan,small,rubber,cube
359,1204,142-36-33-41,yellow,small,rubber,cube
359,1115,106-55-36-37,brown,small,rubber,sphere
359,2156,165-59-46-54,purple,large,rubber,cylinder
173,1625,77-85-44-45,green,large,metal,sphere
173,1432,138-35-43-39,purple,large,rubber,cube
173,595,178-78-28-27,red,small,rubber,cube
173,962,111-17-35-34,blue,small,rubber,cube
173,1349,134-71-40-40,green,large,metal,sphere
569,1282,42-35-40-40,yellow,small,rubber,cube
569,805,131-27-27-32,purple,small,rubber,cube
569,449,123-89-18-26,brown,small,rubber,cylinder
569,419,71-66-22-23,green,small,rubber,cube
569,1658,162-52-43-48,purple,large,rubber,cube
728,1259,46-31-50-40,blue,small,rubber,cube
728,550,58-91-22-27,purple,small,rubber,cube
728,1263,153-40-34-40,green,small,rubber,cube
728,772,114-22-25-32,green,small,rubber,cube
728,508,182-76-24-26,green,small,rubber,cube
728,362,35-65-18-22,gray,small,rubber,cube
494,1539,2-42-45-43,blue,large,rubber,cube
494,1404,113-39-39-41,purple,large,rubber,cube
494,2671,42-71-56-58,red,large,rubber,cube
785,817,93-23-26-32,brown,small,rubber,cube
785,902,142-29-30-36,yellow,small,rubber,cube
785,606,138-97-22-30,blue,small,rubber,cylinder
785,1974,162-47-50-49,red,large,rubber,sphere
868,1029,75-34-31-38,green,small,rubber,cube
868,548,56-79-24-25,green,small,rubber,cube
868,1646,102-48-37-46,blue,large,metal,cube
365,752,32-40-34-30,green,small,rubber,cube
365,669,121-106-23-31,cyan,small,rubber,cylinder
365,2093,142-52-51-50,green,large,rubber,sphere
365,1982,36-62-44-51,red,large,rubber,cylinder
365,568,103-93-24-28,cyan,small,rubber,cube
365,2746,32-40-48-73,red,large,rubber,cylinder
285,857,85-42-32-32,blue,small,rubber,sphere
285,749,154-35-30-30,brown,small,metal,sphere
285,1473,147-76-43-42,yellow,large,metal,sphere
285,1213,56-64-38-38,purple,small,rubber,sphere
399,412,133-59-22-21,blue,small,rubber,cube
399,2787,103-80-48-64,cyan,large,rubber,cylinder
399,1064,97-33-30-38,brown,small,rubber,cube
121,464,63-83-19-25,red,small,rubber,cube
121,987,137-33-31-37,blue,small,rubber,cylinder
121,1064,156-58-36-35,blue,small,rubber,sphere
121,455,86-40-29-20,purple,small,metal,sphere
562,564,88-30-25-26,yellow,small,rubber,sphere
562,434,93-112-23-23,green,small,metal,sphere
562,658,126-36-27-28,red,small,rubber,sphere
562,2454,91-63-53-57,purple,large,rubber,cube
274,1009,88-34-35-37,cyan,small,rubber,cube
274,376,79-60-20-21,red,small,rubber,cube
274,582,128-27-28-23,yellow,small,metal,cube
274,504,155-75-26-25,purple,small,rubber,cube
274,1631,100-91-44-46,cyan,large,metal,sphere
274,1704,116-46-64-46,purple,large,rubber,cube
274,1694,116-46-44-46,purple,large,rubber,cube
579,1310,121-28-39-40,purple,large,rubber,cube
579,986,188-51-35-34,purple,small,metal,sphere
686,1210,54-40-34-39,yellow,small,rubber,cube
686,428,38-75-20-23,gray,small,metal,cube
686,660,61-93-26-27,yellow,small,rubber,cube
686,370,178-64-19-21,yellow,small,rubber,cube
686,853,149-36-35-38,cyan,small,rubber,cube
686,465,123-82-19-25,green,small,rubber,cube
243,962,21-46-35-33,green,small,metal,sphere
243,1685,57-79-45-45,cyan,large,metal,sphere
243,693,139-40-31-26,yellow,small,metal,sphere
243,506,183-79-22-26,purple,small,metal,cube
243,1046,98-115-34-39,green,small,rubber,sphere
243,380,190-65-24-23,blue,small,rubber,cube
243,2539,127-65-48-58,green,large,metal,cube
282,794,55-40-32-31,purple,small,metal,sphere
282,953,125-48-34-35,cyan,small,metal,sphere
282,2838,76-68-53-62,gray,large,rubber,cylinder
282,1316,155-64-40-39,cyan,large,metal,sphere
282,169,69-67-21-22,gray,small,rubber,cube
580,1086,136-59-39-50,green,small,rubber,cube
580,2788,112-79-50-63,red,large,metal,cube
580,1076,81-87-34-47,gray,small,rubber,sphere
378,616,52-92-23-29,gray,small,rubber,cube
378,902,154-42-33-32,blue,small,rubber,sphere
378,343,156-85-20-20,red,small,rubber,sphere
378,1902,189-50-45-50,gray,large,rubber,cylinder
378,2119,102-92-50-52,cyan,large,metal,sphere
378,1208,66-59-38-38,brown,small,rubber,sphere
378,1776,22-41-46-48,purple,large,rubber,cube
254,934,36-39-40-32,yellow,small,rubber,cube
254,2505,79-82-45-61,brown,large,rubber,cylinder
254,994,118-56-35-35,brown,small,metal,sphere
254,1767,182-44-49-46,green,large,rubber,cube
254,2098,38-61-54-56,red,large,rubber,sphere
79,1347,47-63-41-40,red,large,metal,sphere
79,422,155-67-20-23,green,small,rubber,cube
105,1423,67-39-36-40,brown,large,rubber,cube
105,547,101-23-25-26,purple,small,rubber,sphere
105,1110,153-32-31-38,red,small,rubber,cylinder
105,545,130-28-24-27,red,small,metal,sphere
105,571,120-86-21-26,blue,small,rubber,cube
105,435,188-67-21-24,yellow,small,rubber,cube
105,1128,134-32-50-38,red,small,rubber,cylinder
739,645,78-28-28-28,cyan,small,rubber,sphere
739,736,74-96-29-31,green,small,rubber,cube
739,483,133-88-20-27,cyan,small,rubber,sphere
739,667,116-108-23-31,purple,small,rubber,sphere
739,1687,97-53-37-48,red,large,rubber,cylinder
739,1597,181-47-41-45,green,large,rubber,cylinder
203,745,33-40-30-29,yellow,small,rubber,sphere
203,838,125-24-26-33,green,small,rubber,cube
203,329,153-49-21-19,gray,small,rubber,cube
203,393,104-62-19-21,cyan,small,rubber,sphere
124,2588,107-86-47-62,cyan,large,rubber,cylinder
124,1738,65-57-39-50,brown,large,rubber,cylinder
95,1307,14-41-37-41,purple,large,rubber,cube
95,1701,76-95-45-46,cyan,large,metal,sphere
95,583,55-87-24-27,purple,small,rubber,cube
95,1341,189-41-37-42,yellow,large,rubber,cylinder
95,1443,133-83-42-41,yellow,large,metal,sphere
95,458,163-65-24-23,yellow,small,rubber,cube
95,1355,164-41-62-42,yellow,large,rubber,sphere
389,483,88-74-21-25,purple,small,rubber,cube
389,511,61-83-21-25,red,small,rubber,cube
389,363,191-64-19-21,blue,small,metal,cube
389,513,117-21-24-30,green,small,metal,cube
389,2499,124-74-46-60,cyan,large,rubber,cylinder
389,1079,101-35-30-37,green,small,rubber,cube
596,2696,124-70-53-58,gray,large,rubber,cube
127,1401,70-42-35-44,cyan,large,rubber,cylinder
127,863,95-28-29-38,purple,small,rubber,cube
127,534,51-92-22-27,blue,small,rubber,cube
127,2045,182-48-52-48,green,large,rubber,sphere
127,1512,127-61-40-52,blue,large,rubber,cube
127,2990,101-94-50-65,gray,large,rubber,cylinder
647,673,67-29-28-29,green,small,rubber,sphere
647,572,73-73-25-26,yellow,small,rubber,sphere
647,1423,112-68-41-41,gray,large,metal,sphere
153,554,121-27-26-28,green,small,rubber,sphere
153,1128,141-36-33-41,blue,small,rubber,cylinder
153,2096,160-49-45-68,blue,large,rubber,sphere
758,393,137-106-20-21,brown,small,rubber,sphere
758,2163,46-67-45-55,purple,large,rubber,cylinder
758,1104,100-58-36-37,green,small,metal,sphere
758,439,164-65-20-22,brown,small,metal,cube
791,1494,70-37-42-43,blue,large,rubber,sphere
791,2814,112-75-57-63,brown,large,rubber,cube
884,1424,57-68-42-41,brown,large,metal,sphere
12,814,123-23-27-32,purple,small,rubber,cube
12,2118,166-54-53-51,red,large,rubber,sphere
12,2006,47-65-43-53,brown,large,rubber,sphere
437,1342,64-33-35-39,red,large,rubber,cube
437,824,130-25-35-35,gray,small,rubber,cube
437,402,39-67-19-23,brown,small,rubber,cube
818,1660,36-41-47-45,purple,large,rubber,cube
818,1361,61-76-41-41,cyan,large,metal,sphere
818,2404,108-77-44-60,green,large,metal,sphere
818,1122,128-54-37-47,cyan,small,rubber,cube
818,1675,36-41-54-74,purple,large,rubber,cube
70,782,117-21-25-31,purple,small,rubber,cube
70,496,188-74-23-23,gray,small,rubber,cube
70,2695,95-84-47-63,blue,large,rubber,cylinder
70,1918,61-59-51-55,blue,large,rubber,cube
357,1206,73-35-32-39,cyan,small,metal,cube
357,1288,48-74-40-40,green,small,metal,sphere
357,561,89-101-21-29,green,small,rubber,cube
357,1247,170-40-35-40,yellow,small,rubber,cylinder
357,1290,111-31-38-39,yellow,small,rubber,cube
990,735,55-40-29-30,purple,small,rubber,sphere
990,1464,84-42-36-43,purple,large,rubber,cube
990,500,61-75-23-24,green,small,rubber,cube
990,490,89-128-23-25,purple,small,rubber,sphere
990,1045,155-31-31-37,red,small,rubber,cylinder
990,1375,118-79-40-41,brown,large,rubber,sphere
990,1991,181-51-50-46,yellow,large,rubber,cube
743,1404,82-32-40-41,cyan,large,rubber,cube
743,1201,130-41-34-42,cyan,small,rubber,cylinder
743,1932,153-65-42-53,brown,large,rubber,cylinder
743,1645,30-53-41-48,brown,large,rubber,cylinder
584,720,68-39-29-29,green,small,rubber,sphere
584,749,101-21-25-32,purple,small,metal,cylinder
584,633,122-33-27-27,green,small,metal,sphere
584,1449,136-82-42-42,purple,large,rubber,sphere
584,352,173-79-18-24,green,small,rubber,cube
895,1011,64-38-39-39,purple,small,rubber,cube
895,3048,62-83-60-67,brown,large,rubber,cube
895,778,154-46-31-30,red,small,metal,sphere
895,1275,137-78-39-39,brown,small,metal,sphere
895,1491,88-47-40-44,brown,large,rubber,cube
968,741,39-39-30-29,purple,small,metal,sphere
968,500,66-94-20-26,blue,small,rubber,cube
968,624,115-112-22-31,brown,small,rubber,cube
968,425,172-80-19-24,purple,small,rubber,cube
968,1721,118-45-45-47,blue,large,rubber,cube
854,1427,22-43-38-43,yellow,large,rubber,cylinder
854,400,128-27-24-26,brown,small,rubber,cube
854,713,140-37-29-29,green,small,metal,sphere
854,593,114-87-22-27,green,small,metal,cube
854,532,74-73-24-25,yellow,small,rubber,cube
954,897,23-47-34-33,brown,small,metal,sphere
954,1249,81-38-38-41,green,small,rubber,cube
954,429,65-32-25-27,green,small,metal,sphere
954,1160,143-34-32-38,purple,small,metal,cube
954,536,120-94-20-28,gray,small,rubber,cube
954,1925,54-61-42-52,yellow,large,rubber,sphere
954,1757,172-45-46-47,cyan,large,rubber,cube
213,592,119-27-26-27,purple,small,metal,sphere
213,1656,82-48-40-45,cyan,large,rubber,cylinder
950,1274,75-33-38-38,cyan,small,rubber,cube
950,816,146-44-30-32,gray,small,rubber,sphere
950,690,132-95-28-31,green,small,rubber,sphere
950,452,172-81-20-25,red,small,rubber,cube
950,955,111-26-32-34,red,small,rubber,cube
683,680,84-39-28-28,purple,small,rubber,sphere
683,1608,31-53-40-47,brown,large,rubber,cylinder
683,2209,133-71-44-56,green,large,rubber,cylinder
683,1537,188-51-40-44,purple,large,rubber,cube
683,1843,166-51-62-44,purple,large,rubber,cube
56,603,90-29-26-27,red,small,rubber,sphere
56,440,104-110-22-23,brown,small,rubber,sphere
56,847,171-37-39-39,blue,small,rubber,cube
56,358,127-93-20-20,red,small,rubber,sphere
56,1884,154-51-42-48,cyan,large,metal,cylinder
192,671,79-34-28-28,purple,small,rubber,sphere
192,823,85-113-29-33,green,small,rubber,sphere
192,278,68-117-19-24,gray,small,rubber,cube
192,542,123-26-24-25,purple,small,rubber,sphere
192,800,147-35-32-38,brown,small,rubber,cylinder
192,1465,163-47-38-44,purple,large,rubber,cylinder
192,591,29-63-27-30,purple,small,rubber,cube
192,605,28-60-43-33,purple,small,rubber,cube
531,822,89-45-31-31,purple,small,rubber,sphere
531,610,127-86-25-28,brown,small,rubber,cube
531,579,111-31-27-28,green,small,rubber,sphere
685,1160,55-37-32-39,yellow,small,rubber,cube
685,2454,138-70-50-54,red,large,rubber,cylinder
685,1110,168-53-38-47,blue,small,rubber,cube
34,1679,154-52-40-45,gray,large,metal,cylinder
34,897,104-33-28-35,green,small,rubber,cube
532,628,155-95-23-29,cyan,small,rubber,cube
532,1504,40-71-41-43,cyan,large,rubber,sphere
532,1653,127-51-40-50,cyan,large,rubber,cylinder
532,3491,82-77-58-70,cyan,large,metal,cylinder
843,889,78-106-31-35,yellow,small,metal,cube
843,523,103-92-21-28,blue,small,rubber,sphere
843,428,179-71-21-24,blue,small,rubber,cube
874,741,60-30-31-28,yellow,small,rubber,cube
874,988,202-51-35-33,cyan,small,metal,sphere
874,906,116-25-28-34,red,small,rubber,cylinder
874,1193,143-32-34-40,gray,small,rubber,cube
874,3244,81-81-59-68,green,large,rubber,sphere
874,1789,57-53-50-53,brown,large,rubber,cube
874,758,59-30-32-51,yellow,small,rubber,cube
8,380,24-56-22-21,gray,small,rubber,cube
8,626,56-89-25-30,purple,small,rubber,cube
8,897,191-45-34-33,purple,small,metal,sphere
8,763,107-95-29-32,yellow,small,rubber,cube
8,661,114-21-26-31,yellow,small,rubber,cube
8,1274,95-21-44-38,yellow,small,metal,sphere
927,687,77-30-29-29,blue,small,metal,sphere
927,661,133-26-27-28,red,small,metal,sphere
927,1992,111-56-41-53,yellow,large,rubber,cube
927,1931,174-51-45-51,yellow,large,rubber,cylinder
927,1692,44-31-61-62,cyan,large,rubber,cylinder
927,1682,44-46-40-47,blue,large,rubber,cylinder
379,950,4-48-35-33,green,small,rubber,sphere
379,359,44-51-20-20,yellow,small,rubber,cube
379,440,84-113-22-23,blue,small,rubber,sphere
379,619,69-92-27-30,yellow,small,rubber,cube
379,435,50-78-19-24,brown,small,rubber,cube
379,1437,191-43-40-43,cyan,large,rubber,sphere
379,1034,93-26-36-34,red,small,rubber,cube
379,2068,107-50-49-51,gray,large,rubber,sphere
379,972,4-48-60-33,green,small,rubber,sphere
379,1453,171-43-60-43,cyan,large,rubber,sphere
559,339,179-61-19-22,purple,small,metal,cube
559,494,198-74-23-25,cyan,small,rubber,cube
559,512,171-79-21-27,blue,small,rubber,cube
559,873,105-18-27-33,red,small,rubber,cube
559,449,123-103-22-23,red,small,metal,sphere
559,2458,12-41-60-55,gray,large,rubber,sphere
559,715,48-84-29-30,yellow,small,rubber,cube
725,1466,82-32-35-53,cyan,large,rubber,cylinder
725,367,53-95-20-21,gray,small,rubber,sphere
725,351,188-59-18-22,purple,small,rubber,cube
725,949,105-18-34-36,blue,small,rubber,cube
725,1908,134-63-42-55,purple,large,rubber,cylinder
725,792,125-106-29-32,gray,small,metal,sphere
936,867,66-44-33-34,cyan,small,rubber,sphere
936,799,95-25-28-36,gray,small,rubber,cube
936,3092,91-64-78-65,red,large,rubber,cube
936,1918,185-47-44-50,blue,large,rubber,cube
936,1190,113-43-46-43,cyan,small,rubber,cube
595,888,13-50-34-32,brown,small,rubber,sphere
595,898,79-27-28-35,green,small,rubber,cube
595,430,104-121-22-23,yellow,small,rubber,sphere
595,614,88-99-25-30,yellow,small,rubber,cube
595,1322,176-39-45-42,blue,large,rubber,cube
595,1185,114-29-36-38,purple,small,rubber,cube
595,1797,152-61-41-50,brown,large,rubber,cylinder
208,592,84-98-22-29,green,small,rubber,cube
208,1449,28-43-38-44,purple,large,rubber,cylinder
465,1132,150-34-32-38,brown,small,rubber,cube
465,836,126-22-27-34,yellow,small,rubber,cube
465,514,72-78-24-24,green,small,rubber,cube
623,597,82-34-27-28,cyan,small,metal,sphere
623,483,53-83-22-26,green,small,rubber,cube
623,375,35-74-18-23,red,small,rubber,cube
623,1169,154-36-33-37,blue,small,metal,cylinder
623,497,149-93-20-26,purple,small,metal,cube
623,1485,186-49-40-44,gray,large,rubber,sphere
623,770,113-23-34-32,blue,small,rubber,cube
623,1268,105-45-32-42,gray,small,rubber,cube
623,3335,77-87-60-72,gray,large,metal,cube
196,1615,52-85-44-45,gray,large,metal,sphere
196,536,125-53-34-30,cyan,small,rubber,sphere
196,1169,157-35-39-40,green,small,rubber,cube
196,464,39-71-21-23,purple,small,rubber,cube
196,2609,131-64-56-61,red,large,rubber,sphere
304,725,148-42-29-29,blue,small,metal,sphere
304,913,123-26-34-33,gray,small,rubber,cube
391,503,42-80-21-25,yellow,small,rubber,cube
391,2537,135-65-54-59,purple,large,rubber,cube
391,509,73-73-24-24,blue,small,rubber,cube
476,752,71-98-28-32,gray,small,rubber,cylinder
476,969,153-53-34-33,red,small,metal,sphere
476,1312,115-70-39-40,brown,large,rubber,sphere
826,859,12-45-33-31,cyan,small,metal,sphere
826,810,59-51-33-31,cyan,small,metal,sphere
826,2335,64-77-45-58,purple,large,rubber,cylinder
826,713,151-37-30-29,red,small,metal,sphere
826,1981,104-60-45-54,brown,large,rubber,cube
734,920,18-43-34-32,red,small,metal,sphere
734,408,83-98-21-22,gray,small,metal,sphere
734,480,194-69-22-24,brown,small,rubber,cube
972,1034,118-28-31-36,red,small,rubber,cube
383,875,84-29-31-38,cyan,small,rubber,cube
383,1379,43-39-37-43,purple,large,rubber,cylinder
383,564,118-27-27-30,green,small,metal,sphere
383,823,137-37-31-32,purple,small,rubber,sphere
383,563,138-87-21-28,cyan,small,rubber,sphere
383,636,163-79-28-27,gray,small,rubber,sphere
383,1869,96-53-39-51,blue,large,rubber,cylinder
906,1857,7-39-50-45,yellow,large,rubber,sphere
906,588,85-78-24-27,cyan,small,rubber,cube
906,664,122-28-28-28,purple,small,rubber,sphere
906,487,59-68-22-25,green,small,rubber,cube
906,2343,7-39-74-54,green,large,rubber,cube
402,709,103-118-23-32,blue,small,rubber,sphere
402,345,189-60-19-21,cyan,small,rubber,cube
402,514,126-36-29-28,yellow,small,rubber,cube
402,1893,28-59-43-51,green,large,rubber,sphere
402,1766,141-47-47-48,blue,large,rubber,cube
735,543,117-26-25-25,cyan,small,rubber,sphere
735,1575,3-46-48-45,gray,large,rubber,cube
735,2117,38-60-44-52,green,large,rubber,cube
244,937,13-50-34-33,blue,small,rubber,sphere
244,793,50-35-32-38,red,small,rubber,cube
244,887,116-28-28-34,blue,small,metal,cube
244,911,179-41-45-39,purple,small,rubber,cube
244,447,134-91-19-25,green,small,rubber,cube
244,1999,62-51-49-50,cyan,large,rubber,cube
244,1420,161-57-51-49,blue,large,rubber,cube
244,2776,131-59-57-74,cyan,large,metal,cube
244,2967,131-55-80-78,cyan,large,rubber,cube
577,1264,79-38-34-40,blue,small,rubber,cylinder
577,2859,73-77-52-62,yellow,large,rubber,cylinder
577,780,139-36-30-31,purple,small,rubber,sphere
577,1579,36-46-40-46,red,large,rubber,cylinder
547,1957,140-69-41-52,purple,large,rubber,cylinder
547,2514,94-69-46-67,red,large,rubber,sphere
967,622,59-89-26-29,brown,small,rubber,cube
967,440,168-75-20-23,brown,small,metal,cylinder
967,1046,101-30-30-35,blue,small,rubber,cube
238,952,65-37-33-40,cyan,small,rubber,cube
238,260,101-86-14-28,red,small,rubber,cube
238,728,132-36-29-30,purple,small,rubber,sphere
238,440,171-77-20-24,purple,small,rubber,cube
238,2778,112-81-48-64,cyan,large,rubber,cylinder
238,1705,39-52-40-48,cyan,large,rubber,sphere
238,393,209-65-20-22,red,small,metal,cube
186,406,60-84-19-23,green,small,metal,cube
186,1121,114-39-32-38,cyan,small,rubber,cube
186,1441,72-50-37-41,cyan,large,metal,cube
998,2182,127-56-51-53,brown,large,rubber,cube
998,1929,51-62-42-52,cyan,large,rubber,cylinder
802,433,56-59-22-22,gray,small,rubber,cube
802,1811,75-90-46-48,cyan,large,metal,sphere
802,874,128-42-32-33,red,small,metal,sphere
802,673,141-25-29-35,blue,small,rubber,cube
802,657,122-91-25-31,green,small,rubber,cube
802,2067,190-47-49-51,purple,large,rubber,cube
802,441,38-72-21-24,blue,small,rubber,cube
344,421,46-37-30-21,red,small,metal,sphere
344,2573,119-85-46-62,purple,large,rubber,cylinder
344,1540,41-52-46-48,purple,large,rubber,cube
344,1142,165-64-37-37,purple,small,metal,sphere
344,2284,72-64-51-56,red,large,rubber,cube
344,1248,98-39-42-41,yellow,small,rubber,cube
344,408,124-29-26-28,cyan,small,rubber,sphere
344,1633,98-30-52-50,yellow,large,rubber,cube
649,1712,81-95-45-46,yellow,large,metal,sphere
649,948,127-28-29-35,cyan,small,rubber,cube
649,778,172-42-31-30,red,small,rubber,sphere
609,384,88-57-20-22,cyan,small,rubber,cylinder
609,562,160-53-33-33,cyan,small,rubber,cube
609,3813,86-90-67-69,green,large,metal,cube
609,1919,137-64-43-54,gray,large,rubber,cube
609,895,109-21-29-32,green,small,rubber,cube
643,646,119-20-25-32,green,small,rubber,cube
643,1168,134-35-31-39,purple,small,rubber,cube
643,396,165-58-22-22,gray,small,rubber,cube
643,1199,30-63-38-38,purple,small,metal,sphere
643,400,100-71-17-23,purple,small,rubber,cube
643,1190,133-35-51-41,purple,small,rubber,cylinder
660,1478,129-38-40-44,red,large,rubber,cube
660,557,112-24-25-26,yellow,small,rubber,sphere
660,2083,166-57-45-50,blue,large,metal,cylinder
605,1299,86-33-39-38,green,small,rubber,cube
605,863,124-28-27-32,purple,small,metal,cube
605,657,155-88-28-29,cyan,small,rubber,cube
605,1522,22-48-39-45,purple,large,rubber,cylinder
53,555,98-80-23-27,blue,small,rubber,cube
53,685,76-103-23-29,red,small,rubber,cube
53,593,124-25-26-26,blue,small,rubber,sphere
53,500,128-86-20-27,blue,small,rubber,cube
53,569,158-93-22-28,yellow,small,rubber,cube
53,1660,41-50-40-48,brown,large,rubber,cylinder
53,835,110-114-27-34,yellow,small,rubber,cube
607,675,63-43-33-41,green,small,rubber,cube
607,722,93-29-28-28,gray,small,rubber,cube
607,1912,141-62-41-52,purple,large,rubber,cylinder
607,402,37-72-20-23,blue,small,metal,cube
607,1973,72-57-43-49,blue,large,rubber,cube
766,730,87-33-29-30,cyan,small,metal,sphere
766,452,33-76-21-24,brown,small,rubber,cube
766,1461,163-36-39-45,purple,large,rubber,cube
766,680,138-28-28-28,purple,small,metal,sphere
766,617,136-100-22-29,green,small,metal,sphere
766,1591,52-41-39-46,purple,large,rubber,cube
206,1960,49-66-42-52,gray,large,rubber,cylinder
206,1889,123-51-46-48,cyan,large,rubber,cube
180,809,58-41-31-32,green,small,metal,sphere
180,510,76-29-27-27,green,small,metal,sphere
180,358,164-50-21-19,gray,small,rubber,cube
180,346,117-76-19-26,red,small,rubber,cube
180,2982,130-69-59-65,brown,large,rubber,cube
180,1569,12-46-40-45,green,large,rubber,sphere
180,977,133-69-55-29,gray,small,metal,sphere
417,1247,19-44-35-40,yellow,small,rubber,cylinder
417,646,77-98-27-29,red,small,rubber,cube
417,565,131-90-26-27,green,small,rubber,cube
417,863,105-28-26-33,green,small,metal,cube
417,1901,144-55-49-49,cyan,large,rubber,cube
420,967,75-27-28-35,red,small,rubber,cube
420,592,91-82-24-27,green,small,rubber,cube
420,1899,181-47-46-45,yellow,large,rubber,cube
420,827,111-20-27-30,purple,small,rubber,cube
420,752,87-82-29-34,green,small,rubber,cube
414,1052,80-33-31-36,blue,small,rubber,cube
414,913,181-53-34-32,brown,small,metal,sphere
414,592,137-44-30-31,cyan,small,rubber,sphere
414,1950,49-66-42-52,brown,large,rubber,cylinder
414,1621,113-58-36-48,red,large,rubber,cylinder
414,434,154-71-21-22,green,small,metal,cube
928,375,78-49-21-21,brown,small,rubber,cube
928,407,22-41-33-19,cyan,small,metal,sphere
928,1882,78-87-48-49,red,large,rubber,sphere
928,683,155-48-39-24,purple,small,rubber,cylinder
928,3007,138-64-60-65,gray,large,rubber,sphere
928,1607,196-43-41-46,yellow,large,rubber,cylinder
928,2547,15-54-58-55,gray,large,rubber,cube
958,1045,126-33-30-37,cyan,small,rubber,cylinder
958,491,120-75-23-24,gray,small,rubber,cube
102,757,62-32-30-31,brown,small,rubber,sphere
102,464,30-61-23-22,cyan,small,rubber,cube
102,388,142-50-20-20,red,small,rubber,cube
102,669,126-97-23-30,yellow,small,rubber,sphere
102,527,184-80-22-27,blue,small,rubber,cube
102,688,102-28-28-29,yellow,small,metal,sphere
269,1153,73-35-32-36,cyan,small,rubber,cube
269,424,94-113-22-23,blue,small,rubber,sphere
269,2022,173-55-50-46,green,large,rubber,cube
955,1163,12-39-49-46,gray,small,rubber,cube
955,889,74-41-33-33,gray,small,rubber,sphere
955,3746,56-78-67-73,purple,large,rubber,cube
955,1686,31-56-44-53,green,large,rubber,cube
955,1540,148-71-45-43,red,large,metal,sphere
955,738,112-15-32-32,blue,small,rubber,cube
657,606,66-35-28-26,red,small,metal,sphere
657,485,126-30-25-27,red,small,rubber,sphere
657,675,143-40-27-29,brown,small,metal,sphere
657,1463,17-48-38-43,brown,large,rubber,cylinder
657,1407,168-45-37-43,green,large,rubber,cylinder
657,1897,55-61-40-50,gray,large,rubber,cylinder
657,462,103-114-22-24,blue,small,metal,sphere
590,426,85-81-19-25,yellow,small,rubber,cube
590,1008,145-32-30-36,yellow,small,rubber,cube
590,1228,135-74-39-39,green,small,metal,sphere
590,573,125-107-21-29,green,small,rubber,cube
590,1078,184-62-36-35,green,small,metal,sphere
590,1288,64-46-34-43,green,small,rubber,cube
590,366,32-69-18-22,gray,small,rubber,cube
487,578,56-33-28-31,gray,small,rubber,sphere
487,1257,129-35-33-41,yellow,small,rubber,cylinder
487,352,160-93-20-20,red,small,rubber,sphere
487,1826,74-40-46-48,yellow,large,rubber,cube
487,1115,199-52-39-36,gray,small,metal,sphere
650,544,76-93-28-32,red,small,rubber,cube
650,2101,91-101-50-51,yellow,large,metal,sphere
870,1277,63-44-33-41,blue,small,rubber,cube
870,1172,156-38-33-40,cyan,small,rubber,cube
870,466,144-85-20-26,green,small,rubber,cube
870,1616,90-91-44-45,gray,large,rubber,sphere
870,1062,106-35-30-37,red,small,rubber,cylinder
870,319,123-28-24-27,blue,small,rubber,sphere
870,468,183-72-24-24,purple,small,rubber,cube
762,440,86-62-22-23,yellow,small,rubber,cube
762,1210,160-34-39-44,blue,small,rubber,cube
762,1939,42-52-44-47,brown,large,rubber,cylinder
762,770,110-35-30-31,cyan,small,metal,sphere
90,457,96-86-19-25,cyan,small,rubber,cube
90,394,123-75-17-23,purple,small,rubber,cube
156,761,99-96-27-32,blue,small,rubber,sphere
156,1547,49-74-43-43,yellow,large,rubber,sphere
156,1066,122-22-36-33,green,small,rubber,cube
156,840,163-39-32-32,yellow,small,rubber,sphere
156,530,172-82-23-26,gray,small,rubber,sphere
156,2050,1-44-53-48,yellow,large,rubber,sphere
156,1833,113-53-39-51,red,large,rubber,cylinder
823,419,87-39-30-28,gray,small,metal,sphere
823,986,192-51-36-33,yellow,small,rubber,sphere
823,540,114-19-25-25,cyan,small,rubber,sphere
823,373,178-76-20-27,purple,small,rubber,cube
823,2689,133-75-51-58,purple,large,rubber,cube
823,1812,89-53-41-48,blue,large,rubber,cube
837,1058,13-49-36-35,green,small,metal,sphere
837,506,96-120-24-25,yellow,small,metal,sphere
837,911,155-35-36-40,yellow,small,rubber,cube
837,3280,128-71-63-69,cyan,large,metal,sphere
837,1975,171-49-55-53,red,large,rubber,cube
572,342,56-54-19-21,yellow,small,rubber,cube
572,1247,133-70-39-38,yellow,small,metal,sphere
662,2198,89-62-46-53,gray,large,rubber,sphere
662,1640,181-52-41-46,red,large,rubber,cylinder
662,1360,137-45-34-42,gray,large,rubber,cube
892,1373,136-45-35-40,red,large,metal,cylinder
892,378,181-68-21-22,gray,small,metal,cube
421,563,95-31-25-26,purple,small,metal,sphere
421,497,159-84-23-23,purple,small,rubber,cube
421,2242,106-80-42-57,blue,large,rubber,cylinder
363,503,77-76-24-24,yellow,small,rubber,cube
363,452,53-83-20-25,yellow,small,rubber,cube
363,381,154-60-20-21,gray,small,rubber,cube
363,1600,111-84-43-45,cyan,large,metal,sphere
363,1460,23-52-40-45,cyan,large,rubber,cylinder
737,894,20-51-33-32,purple,small,rubber,sphere
737,653,76-40-27-28,red,small,metal,sphere
737,440,55-80-19-24,brown,small,rubber,cube
737,611,163-41-31-39,gray,small,rubber,cube
737,2068,133-67-42-54,red,large,rubber,cylinder
737,714,92-29-30-32,red,small,metal,cube
448,1097,14-40-37-45,blue,small,rubber,cube
448,746,99-118-24-32,gray,small,rubber,sphere
448,736,130-36-29-30,yellow,small,rubber,sphere
448,2731,66-68-56-63,blue,large,rubber,cube
448,1622,37-51-51-53,blue,large,rubber,cube
448,1104,14-40-74-45,blue,small,rubber,cube
969,592,82-89-25-29,green,small,rubber,cube
969,829,142-49-31-31,blue,small,metal,sphere
969,471,172-79-20-23,brown,small,rubber,cylinder
969,761,109-105-29-32,green,small,rubber,sphere
935,452,57-83-20-25,gray,small,rubber,cube
935,531,98-88-20-26,gray,small,rubber,cube
935,2603,119-78-47-59,purple,large,metal,cylinder
935,1359,77-44-34-43,brown,large,rubber,cylinder
935,1956,162-56-46-47,purple,large,rubber,cube
935,771,104-19-25-32,cyan,small,metal,cube
141,720,59-41-30-29,purple,small,metal,sphere
141,561,76-93-22-27,blue,small,rubber,cube
141,468,157-85-20-25,cyan,small,rubber,cylinder
141,456,35-68-23-22,gray,small,rubber,cube
128,1119,96-29-35-35,red,small,rubber,cube
574,363,59-100-21-21,brown,small,rubber,sphere
574,444,81-77-19-25,green,small,metal,cube
574,691,127-111-24-32,green,small,rubber,sphere
574,965,105-16-34-33,red,small,rubber,cube
574,1338,129-69-40-41,cyan,large,metal,sphere
395,1008,79-31-29-36,brown,small,rubber,cube
395,508,63-89-20-26,brown,small,rubber,cylinder
395,1109,139-35-31-38,purple,small,rubber,cube
395,453,122-26-25-26,green,small,metal,sphere
395,1451,44-48-37-44,yellow,large,rubber,cylinder
553,977,119-24-30-36,gray,small,rubber,cube
553,563,153-96-23-28,gray,small,rubber,cylinder
553,2349,14-56-56-54,gray,large,rubber,sphere
553,1834,159-47-44-45,green,large,rubber,cube
553,2637,82-82-46-63,yellow,large,rubber,sphere
672,510,90-88-20-26,yellow,small,rubber,cube
672,922,151-31-32-38,yellow,small,rubber,cube
672,2371,141-74-46-59,red,large,rubber,cylinder
672,1541,167-48-47-50,gray,large,rubber,sphere
672,1976,29-61-46-52,red,large,rubber,cylinder
672,839,108-109-31-35,purple,small,metal,cube
83,489,107-92-19-26,green,small,rubber,cube
83,2003,62-53-49-51,blue,large,rubber,cube
872,1402,40-38-39-42,red,large,rubber,cube
872,913,138-34-39-36,yellow,small,rubber,cube
872,2206,120-66-42-56,green,large,rubber,cylinder
872,1461,162-46-36-45,green,large,rubber,cylinder
65,888,68-58-37-27,cyan,small,rubber,sphere
65,3476,63-85-54-67,purple,large,rubber,cylinder
503,574,162-92-22-28,green,small,rubber,cube
503,3606,81-77-65-72,cyan,large,metal,cube
503,672,152-41-31-32,gray,small,rubber,sphere
687,332,114-27-24-21,red,small,rubber,sphere
687,976,118-40-38-39,gray,small,rubber,cube
687,1647,137-56-38-47,red,large,rubber,cylinder
496,632,130-88-26-29,gray,small,rubber,cube
118,337,39-59-19-21,blue,small,rubber,cube
118,441,73-79-19-23,brown,small,rubber,cube
477,753,86-31-27-32,purple,small,rubber,cube
477,1228,138-38-36-37,blue,small,rubber,cube
477,429,170-83-19-24,gray,small,rubber,cube
477,1850,95-88-47-49,red,large,rubber,sphere
477,1582,65-49-36-51,yellow,large,rubber,cube
477,243,95-88-19-23,gray,small,rubber,cube
21,1548,74-37-42-43,brown,large,rubber,cube
21,392,23-58-22-22,yellow,small,rubber,cube
21,2238,148-64-46-56,green,large,rubber,sphere
245,1119,53-31-39-37,cyan,small,rubber,cube
245,1078,139-34-37-39,cyan,small,rubber,cube
245,382,137-61-21-21,green,small,rubber,cube
245,578,128-92-22-27,blue,small,rubber,cube
245,431,171-82-20-23,brown,small,metal,cube
245,946,72-57-34-34,red,small,rubber,sphere
245,419,88-114-21-22,gray,small,metal,sphere
754,957,61-31-29-35,green,small,rubber,cube
754,765,132-47-31-31,red,small,rubber,sphere
754,1818,184-47-49-45,red,large,rubber,cube
754,1197,109-69-38-39,yellow,small,rubber,sphere
754,1032,27-59-35-35,red,small,rubber,sphere
912,714,167-41-42-35,green,small,rubber,cube
912,1684,161-58-41-49,brown,large,rubber,cube
72,1422,32-34-43-42,cyan,large,rubber,cube
72,1276,47-76-40-39,purple,small,rubber,sphere
72,609,76-110-22-30,gray,small,rubber,cube
72,1016,130-32-30-37,blue,small,rubber,cube
72,1804,104-62-38-51,purple,large,rubber,cube
72,380,163-72-18-22,purple,small,rubber,cube
673,945,52-32-30-36,purple,small,rubber,cube
673,1195,167-41-34-39,cyan,small,rubber,cube
673,964,30-57-35-33,yellow,small,metal,sphere
620,443,178-59-23-22,green,small,rubber,cube
620,1098,128-57-36-36,purple,small,metal,sphere
759,728,91-118-24-33,yellow,small,rubber,cylinder
759,424,142-79-18-24,cyan,small,rubber,cube
759,611,112-32-26-27,cyan,small,rubber,sphere
205,1053,69-63-35-35,red,small,metal,sphere
205,1291,105-36-39-39,gray,small,rubber,cube
205,2311,134-64-52-57,yellow,large,rubber,cube
900,1643,90-96-44-45,red,large,rubber,sphere
900,1643,67-60-39-50,purple,large,rubber,cube
747,408,78-74-18-23,blue,small,rubber,cube
747,721,153-40-29-29,purple,small,metal,sphere
747,506,149-80-23-26,purple,small,rubber,cube
747,899,107-19-32-32,blue,small,rubber,cube
768,1748,85-25-39-60,gray,large,rubber,cube
768,451,63-76-19-25,yellow,small,rubber,cube
768,1199,147-35-33-40,green,small,metal,cube
768,1576,133-81-43-44,blue,large,rubber,sphere
768,518,187-71-26-26,yellow,small,rubber,cube
46,456,78-83-19-25,cyan,small,rubber,cube
46,1655,141-55-38-47,purple,large,rubber,cylinder
828,2165,68-65-42-52,gray,large,rubber,cube
593,794,55-33-30-35,red,small,rubber,cube
593,1455,60-85-42-42,cyan,large,metal,sphere
593,1050,148-36-31-37,cyan,small,rubber,cylinder
593,1323,120-79-40-41,purple,large,metal,sphere
593,1799,21-49-48-46,purple,large,rubber,cube
899,787,39-39-31-30,brown,small,metal,sphere
899,1080,92-17-35-35,purple,small,rubber,cube
136,958,190-50-34-33,gray,small,rubber,sphere
136,2904,61-66-64-61,blue,large,rubber,cube
949,1446,5-44-40-42,brown,large,rubber,cylinder
949,2733,64-77-48-63,purple,large,rubber,cylinder
949,1050,133-47-34-39,cyan,small,rubber,sphere
949,457,183-72-20-24,blue,small,rubber,cube
949,1215,51-57-55-49,red,small,rubber,cube
492,1920,61-32-43-54,brown,large,metal,cube
492,382,61-32-31-17,green,small,rubber,cube
492,690,91-110-23-29,blue,small,rubber,cube
492,777,161-38-32-37,yellow,small,rubber,cube
492,345,131-103-19-21,brown,small,rubber,sphere
492,443,137-78-20-23,gray,small,rubber,cube
492,1852,177-53-48-44,yellow,large,rubber,cube
492,863,107-53-32-33,red,small,metal,sphere
740,606,85-97-21-29,blue,small,rubber,sphere
740,802,122-44-31-31,red,small,metal,sphere
740,619,119-88-24-27,gray,small,rubber,sphere
740,1987,162-49-51-48,brown,large,rubber,cube
740,1481,33-47-38-44,green,large,rubber,cube
740,1490,33-47-57-44,green,large,rubber,cube
287,879,92-27-27-33,green,small,rubber,cube
287,405,38-74-19-22,blue,small,rubber,cube
287,556,71-87-22-25,red,small,rubber,cube
287,521,166-78-24-26,yellow,small,rubber,cube
287,1678,110-87-44-46,blue,large,metal,sphere
287,1351,137-45-34-42,gray,large,rubber,cube
328,757,87-38-30-30,cyan,small,metal,sphere
328,559,58-93-22-28,yellow,small,rubber,cube
328,1297,177-42-37-42,red,small,rubber,cylinder
328,899,122-24-28-34,gray,small,rubber,cylinder
328,1322,148-69-40-40,cyan,large,metal,sphere
328,463,54-67-22-23,purple,small,rubber,cube
125,1503,33-39-45-43,green,large,rubber,cube
125,464,157-36-29-26,purple,small,rubber,cube
125,398,177-63-20-20,brown,small,rubber,cube
125,2392,66-65-48-57,blue,large,metal,cube
125,1573,140-51-37-46,blue,large,rubber,cylinder
125,516,113-24-24-25,green,small,rubber,sphere
772,855,77-29-27-33,red,small,rubber,cube
772,1187,115-33-36-37,blue,small,rubber,cube
772,3303,89-80-66-68,cyan,large,rubber,cube
360,1355,129-77-41-40,brown,large,rubber,sphere
49,941,141-26-29-36,purple,small,rubber,cube
49,1067,181-58-36-35,cyan,small,metal,sphere
49,1967,45-64-43-52,yellow,large,rubber,sphere
644,731,75-35-29-30,green,small,metal,sphere
644,459,37-75-21-24,red,small,rubber,cube
644,703,82-104-24-32,blue,small,rubber,cube
644,542,116-23-25-25,green,small,metal,sphere
644,2141,134-61-43-55,cyan,large,rubber,cylinder
644,1780,155-41-84-46,brown,large,rubber,cube
644,1783,195-41-44-46,brown,large,rubber,cube
811,1045,84-42-33-38,gray,small,rubber,cylinder
811,3967,83-42-65-90,gray,large,rubber,cube
811,2848,90-69-58-62,gray,large,rubber,cube
798,932,21-48-34-32,green,small,metal,sphere
798,591,99-30-26-27,green,small,metal,sphere
798,362,146-95-20-21,blue,small,rubber,sphere
798,1231,157-62-39-38,cyan,small,metal,sphere
798,366,127-53-20-20,blue,small,metal,cube
241,929,75-25-29-35,purple,small,rubber,cube
241,451,87-115-22-23,gray,small,rubber,sphere
241,925,147-48-33-33,red,small,rubber,sphere
241,1029,115-16-34-35,green,small,rubber,cube
241,1584,134-84-44-44,red,large,rubber,sphere
241,606,175-83-28-28,yellow,small,rubber,cube
241,1610,44-47-39-47,green,large,rubber,cylinder
918,367,133-59-21-20,cyan,small,rubber,cube
918,1694,83-92-45-46,gray,large,rubber,sphere
996,898,36-48-33-33,purple,small,rubber,sphere
996,473,89-27-25-26,brown,small,metal,sphere
996,1502,105-36-42-43,green,large,rubber,cube
996,2353,129-73-46-58,gray,large,rubber,cylinder
996,1651,70-49-37-51,gray,large,rubber,cylinder
567,959,47-49-34-34,gray,small,metal,sphere
621,342,174-84-20-20,cyan,small,metal,sphere
621,1514,92-45-35-45,green,large,rubber,cube
11,2835,114-82-51-61,red,large,rubber,cylinder
11,1721,47-58-40-49,brown,large,rubber,cylinder
11,438,193-73-21-24,red,small,metal,cube
89,818,98-24-26-33,cyan,small,rubber,cube
89,416,138-80-18-24,brown,small,rubber,cube
89,1955,170-53-51-48,green,large,rubber,cube
460,991,21-47-35-33,cyan,small,rubber,sphere
460,1184,75-21-37-37,cyan,small,rubber,cube
460,772,84-111-25-34,brown,small,rubber,cylinder
460,368,130-48-20-20,cyan,small,rubber,sphere
460,608,149-77-27-28,gray,small,rubber,sphere
460,1786,190-49-44-48,blue,large,rubber,sphere
864,355,104-93-20-20,green,small,metal,sphere
864,516,177-82-22-26,cyan,small,rubber,cylinder
864,1085,14-55-37-35,red,small,rubber,sphere
712,992,19-53-36-33,cyan,small,metal,sphere
712,445,99-115-22-23,yellow,small,rubber,sphere
712,763,124-102-29-32,brown,small,rubber,cube
712,1289,53-69-40-39,purple,small,metal,sphere
712,446,179-72-22-24,green,small,rubber,cube
712,545,110-23-27-31,gray,small,rubber,cube
712,1142,125-31-33-37,yellow,small,rubber,cube
32,998,87-25-29-36,brown,small,rubber,cylinder
32,1030,25-49-36-35,yellow,small,rubber,sphere
32,496,48-78-21-26,gray,small,rubber,cube
32,779,95-100-26-32,green,small,rubber,cube
32,475,167-74-21-25,purple,small,rubber,cube
32,599,128-90-22-29,green,small,metal,sphere
369,404,33-64-22-20,cyan,small,rubber,cube
369,1443,127-85-42-42,gray,large,rubber,sphere
369,354,163-82-18-24,blue,small,rubber,cube
369,1929,79-68-40-52,green,large,rubber,cylinder
327,865,18-52-34-33,purple,small,rubber,sphere
327,473,99-25-25-30,blue,small,metal,cube
327,516,139-91-21-26,purple,small,rubber,cube
327,1961,174-52-50-49,brown,large,rubber,cube
327,628,109-36-27-27,red,small,metal,sphere
327,2557,43-51-53-65,green,large,rubber,cube
962,662,98-35-28-29,red,small,metal,sphere
962,1019,46-42-34-38,brown,small,rubber,cube
962,493,166-83-22-26,brown,small,rubber,cube
962,2723,50-68-57-60,cyan,large,rubber,cube
962,1719,137-46-45-45,yellow,large,rubber,cube
570,1087,103-29-30-38,gray,small,rubber,cube
570,1354,40-66-41-40,red,large,rubber,sphere
652,1597,86-36-42-44,green,large,metal,cube
652,1329,166-68-40-39,green,large,rubber,sphere
902,1148,57-38-32-39,gray,small,rubber,cube
902,870,185-48-33-32,cyan,small,metal,sphere
902,1371,97-75-40-41,gray,large,metal,sphere
346,340,90-55-20-20,yellow,small,rubber,cube
346,659,97-107-24-30,gray,small,rubber,cube
346,628,134-31-28-35,red,small,rubber,cube
346,1099,147-43-33-40,purple,small,rubber,cylinder
346,372,169-75-18-22,green,small,metal,cube
346,1034,117-66-35-36,brown,small,metal,sphere
992,1076,74-30-31-37,green,small,rubber,cube
992,906,165-47-34-33,cyan,small,metal,sphere
628,586,60-96-23-28,brown,small,rubber,cylinder
628,1378,140-33-36-39,green,large,rubber,cube
628,2757,115-82-48-64,red,large,rubber,cylinder
628,514,185-76-24-26,purple,small,rubber,cube
628,1945,84-48-49-52,cyan,large,rubber,sphere
628,1478,197-44-41-45,red,large,rubber,cylinder
965,614,97-24-26-27,blue,small,rubber,sphere
965,725,72-94-27-31,purple,small,rubber,cube
965,1467,150-41-37-45,blue,large,rubber,cylinder
965,545,134-29-28-28,brown,small,rubber,sphere
965,2245,43-52-54-54,cyan,large,rubber,cube
24,800,90-115-25-32,brown,small,rubber,cube
24,777,154-46-33-34,gray,small,rubber,sphere
24,2011,8-48-52-48,blue,large,rubber,cube
24,925,108-27-27-34,purple,small,rubber,cube
24,2476,114-60-54-58,gray,large,rubber,cube
875,971,10-48-35-33,yellow,small,rubber,sphere
875,2843,63-74-55-64,gray,large,rubber,sphere
875,510,124-88-20-27,cyan,small,rubber,cube
113,1801,120-59-39-50,gray,large,rubber,cylinder
113,1291,94-34-39-40,cyan,small,rubber,cube
204,765,72-45-30-30,green,small,rubber,sphere
204,882,165-51-33-32,cyan,small,rubber,sphere
204,2208,129-76-44-57,red,large,rubber,cylinder
204,371,40-70-18-22,yellow,small,rubber,cube
250,1076,123-32-30-38,purple,small,rubber,cylinder
250,404,179-61-23-23,red,small,rubber,cube
250,522,159-74-24-26,yellow,small,rubber,cube
250,1169,54-64-37-37,purple,small,metal,sphere
755,994,16-53-35-33,purple,small,metal,sphere
755,357,77-53-20-20,brown,small,rubber,cube
755,374,79-105-21-21,brown,small,rubber,sphere
755,870,150-32-29-36,yellow,small,rubber,cube
755,806,126-48-32-32,red,small,metal,sphere
755,1706,183-52-50-47,brown,large,rubber,cube
755,2649,142-67-57-60,yellow,large,rubber,cube
755,512,110-22-25-25,green,small,metal,sphere
941,613,139-32-27-29,cyan,small,metal,sphere
941,1716,128-82-45-46,cyan,large,rubber,sphere
941,1898,171-56-44-50,red,large,rubber,cylinder
941,2037,40-48-50-48,green,large,rubber,sphere
941,796,113-41-30-31,blue,small,rubber,sphere
731,1142,38-36-34-38,brown,small,rubber,cylinder
731,694,73-46-30-32,blue,small,metal,sphere
731,490,56-86-20-26,blue,small,rubber,cube
731,2545,107-79-46-61,yellow,large,rubber,cylinder
731,1547,148-48-37-46,gray,large,rubber,cube
731,1110,94-58-37-48,blue,small,rubber,cube
361,826,28-45-32-31,red,small,rubber,sphere
361,587,131-88-25-28,purple,small,rubber,cube
361,1589,87-54-36-47,yellow,large,rubber,cylinder
361,463,58-69-23-23,green,small,rubber,cube
361,864,28-45-47-45,red,small,rubber,sphere
177,1319,54-31-37-39,brown,large,rubber,cube
177,1465,60-74-42-42,gray,large,metal,sphere
177,665,126-104-25-30,gray,small,rubber,cylinder
550,1367,67-36-40-41,blue,large,rubber,cube
550,389,28-60-22-22,yellow,small,rubber,cube
550,277,89-28-24-26,purple,small,rubber,sphere
550,2330,133-76-45-58,blue,large,rubber,sphere
550,1217,92-68-37-39,gray,small,rubber,sphere
191,300,81-85-15-27,green,small,rubber,cube
191,411,203-64-21-20,green,small,metal,cube
191,705,161-40-29-29,purple,small,rubber,sphere
191,492,117-29-25-25,gray,small,metal,sphere
191,496,166-80-22-26,brown,small,rubber,cube
191,2632,92-79-48-62,purple,large,rubber,cylinder
790,953,63-32-29-35,red,small,rubber,cylinder
790,1477,97-89-43-43,purple,large,metal,sphere
629,492,85-87-20-26,purple,small,metal,cube
629,660,101-111-22-31,blue,small,rubber,sphere
629,960,199-49-35-34,yellow,small,rubber,sphere
629,582,116-96-26-30,blue,small,rubber,cube
629,1165,145-54-36-41,red,small,rubber,sphere
882,1417,5-42-39-42,brown,large,metal,cylinder
882,387,53-55-21-21,cyan,small,rubber,cube
882,504,76-32-28-28,red,small,rubber,sphere
882,658,69-102-24-30,yellow,small,rubber,cylinder
882,1178,164-35-33-39,yellow,small,rubber,cube
882,444,153-77-19-24,red,small,rubber,cube
882,1302,96-68-40-40,yellow,large,rubber,sphere
882,537,186-71-27-25,blue,small,rubber,cube
882,918,90-46-34-42,red,small,rubber,sphere
271,1066,145-32-31-38,gray,small,rubber,cylinder
271,1041,110-20-34-35,yellow,small,rubber,cube
271,1064,58-60-36-36,red,small,metal,sphere
271,644,84-103-23-28,blue,small,rubber,cube
857,1372,55-41-42-39,gray,large,rubber,cube
857,2405,59-74-46-59,red,large,rubber,sphere
857,418,157-41-29-32,purple,small,rubber,cube
857,497,157-87-22-25,gray,small,rubber,cube
857,1821,129-49-47-48,cyan,large,rubber,cube
732,903,64-50-33-33,purple,small,rubber,sphere
732,862,85-28-28-32,red,small,rubber,sphere
732,1100,146-38-33-38,purple,small,rubber,cube
732,660,96-106-23-31,green,small,rubber,cube
732,1642,172-52-40-46,purple,large,rubber,cube
185,1003,79-25-29-36,red,small,rubber,cube
185,628,43-35-31-30,purple,small,rubber,cube
185,3153,70-94-53-65,green,large,rubber,sphere
185,1680,155-37-46-46,red,large,rubber,sphere
185,617,131-82-27-28,brown,small,rubber,cube
185,1065,52-55-36-35,green,small,metal,sphere
769,1447,21-35-41-43,blue,large,rubber,cube
769,696,66-33-29-29,red,small,rubber,sphere
769,1745,169-50-42-48,brown,large,rubber,cylinder
769,918,109-24-28-34,green,small,rubber,cube
979,776,94-26-25-31,red,small,rubber,cube
979,1468,25-38-44-40,green,large,rubber,cube
979,480,50-76-22-22,purple,small,rubber,cube
979,902,185-50-33-32,green,small,rubber,sphere
979,3041,113-77-56-62,green,large,rubber,cube
979,457,73-69-22-23,red,small,rubber,cube
997,889,62-29-39-34,red,small,rubber,cylinder
997,803,161-42-31-31,red,small,metal,sphere
997,515,165-87-21-26,yellow,small,rubber,cube
997,1361,76-50-36-42,green,large,rubber,cube
997,3702,67-88-62-71,yellow,large,metal,cube
997,1147,120-65-37-38,cyan,small,metal,sphere
435,1253,25-39-36-40,brown,small,rubber,cylinder
435,1083,159-34-32-37,green,small,rubber,cube
435,3396,71-74-63-69,purple,large,rubber,cube
435,452,56-68-24-25,gray,small,rubber,cube
305,1329,125-34-40-39,brown,large,rubber,cube
305,941,188-51-34-33,gray,small,metal,sphere
305,1408,114-76-41-41,yellow,large,metal,sphere
305,1931,22-48-50-48,blue,large,rubber,cube
305,331,103-73-17-23,brown,small,rubber,cube
15,713,87-38-29-29,red,small,metal,sphere
15,646,61-94-27-29,yellow,small,rubber,cube
15,929,123-25-29-35,red,small,rubber,cylinder
15,1033,46-59-36-35,gray,small,rubber,sphere
4,1462,8-39-39-43,green,large,rubber,cube
4,1927,175-51-44-51,gray,large,rubber,cylinder
4,836,149-36-31-32,gray,small,metal,sphere
4,1630,46-68-43-45,brown,large,rubber,sphere
231,588,178-42-35-24,cyan,small,rubber,cube
231,561,131-38-31-38,cyan,small,rubber,cube
231,1585,121-53-36-48,brown,large,rubber,cylinder
231,995,101-23-35-35,purple,small,rubber,cube
231,1795,167-58-42-50,red,large,rubber,cylinder
469,845,132-27-27-32,green,small,rubber,cube
469,387,175-61-22-21,gray,small,rubber,cube
469,483,129-95-21-29,green,small,rubber,sphere
469,1972,86-94-48-50,purple,large,metal,sphere
469,404,94-71-18-23,cyan,small,rubber,cube
469,1598,24-46-42-46,green,large,rubber,cube
816,390,76-63-20-21,green,small,rubber,cube
816,1281,44-38-35-40,cyan,small,rubber,cube
816,505,119-23-22-26,yellow,small,rubber,sphere
816,943,141-27-29-36,red,small,rubber,cylinder
816,1049,176-62-36-36,cyan,small,metal,sphere
816,2095,137-72-43-55,green,large,rubber,sphere
816,2569,83-85-46-62,purple,large,rubber,cylinder
55,1337,36-38-36-42,green,large,metal,cube
55,497,65-74-23-26,cyan,small,rubber,cube
55,1057,122-31-30-37,green,small,rubber,cube
851,1198,52-40-33-40,cyan,small,rubber,cylinder
851,391,122-73-17-23,yellow,small,rubber,cube
851,376,186-67-19-22,yellow,small,rubber,cube
461,572,101-31-25-26,brown,small,rubber,sphere
461,446,86-89-19-24,purple,small,metal,cube
461,2110,109-76-42-55,green,large,rubber,sphere
461,1659,145-48-43-44,purple,large,rubber,cube
461,466,36-72-24-23,cyan,small,rubber,cube
694,370,30-55-21-20,cyan,small,metal,cube
694,526,73-86-25-27,purple,small,rubber,cube
694,1056,142-32-31-38,red,small,rubber,cylinder
694,1448,94-84-42-42,red,large,rubber,sphere
409,991,71-52-35-34,blue,small,metal,sphere
409,884,78-117-31-35,yellow,small,rubber,cube
409,670,115-27-28-29,red,small,metal,sphere
409,1812,126-57-39-51,brown,large,rubber,cylinder
631,616,98-31-27-27,brown,small,rubber,sphere
631,1102,43-58-36-37,blue,small,rubber,sphere
631,2095,156-64-45-53,yellow,large,rubber,cylinder
73,705,54-35-29-29,red,small,rubber,sphere
73,971,20-51-35-33,purple,small,rubber,sphere
73,1473,77-78-42-42,gray,large,rubber,sphere
73,484,140-83-20-26,green,small,rubber,cube
73,351,69-69-19-22,blue,small,rubber,cube
73,802,102-21-26-32,cyan,small,rubber,cube
27,1177,57-35-32-39,cyan,small,rubber,cube
27,1336,145-41-35-42,cyan,large,rubber,cylinder
27,645,140-99-23-30,purple,small,rubber,cube
27,1411,103-37-36-41,gray,large,rubber,sphere
509,419,31-57-22-22,red,small,metal,cube
509,529,86-83-20-27,red,small,rubber,cube
509,1044,172-49-36-35,cyan,small,rubber,sphere
509,420,63-69-19-23,cyan,small,rubber,cube
846,855,31-48-32-31,cyan,small,metal,sphere
846,854,72-35-29-35,purple,small,rubber,cube
846,724,69-96-28-30,purple,small,rubber,cube
846,1006,158-37-32-37,green,small,rubber,cube
846,530,165-84-22-25,purple,small,rubber,cube
846,1456,95-49-34-44,cyan,large,rubber,cube
846,649,112-24-25-29,green,small,metal,cube
846,1065,180-57-37-36,purple,small,metal,sphere
331,955,2-49-35-32,gray,small,metal,sphere
331,819,84-25-28-34,green,small,rubber,cube
331,299,59-38-29-14,cyan,small,rubber,cube
331,1297,160-36-36-41,gray,small,rubber,cube
331,597,153-92-22-27,purple,small,metal,cube
331,2910,104-88-48-65,blue,large,rubber,sphere
331,203,99-84-19-25,cyan,small,rubber,cube
331,1056,104-88-48-26,blue,small,rubber,sphere
506,772,89-45-30-31,purple,small,metal,sphere
506,711,51-41-29-28,purple,small,metal,sphere
506,579,68-97-21-28,green,small,rubber,cube
506,376,57-80-18-24,red,small,rubber,cube
506,1287,191-44-36-41,yellow,small,rubber,cube
506,943,146-31-29-34,brown,small,metal,cube
506,588,129-106-21-29,blue,small,rubber,cube
506,422,146-73-19-22,blue,small,metal,cube
495,1445,65-38-41-41,blue,large,rubber,sphere
495,408,25-62-22-20,yellow,small,rubber,cube
495,401,109-78-17-24,blue,small,rubber,sphere
495,1091,121-33-30-36,cyan,small,rubber,cube
495,1501,161-51-37-45,purple,large,rubber,cube
104,858,45-51-32-32,cyan,small,rubber,sphere
104,604,85-32-27-26,purple,small,metal,sphere
104,823,140-44-32-28,green,small,metal,cube
104,1580,97-93-43-45,brown,large,metal,sphere
104,402,163-69-19-22,cyan,small,rubber,cube
104,526,72-89-21-26,gray,small,rubber,cube
104,825,116-25-36-33,brown,small,rubber,cube
160,1124,61-32-31-39,red,small,rubber,cube
160,591,62-95-22-29,gray,small,rubber,cube
160,1188,146-28-41-39,green,small,rubber,cube
160,1839,176-45-46-44,cyan,large,rubber,cube
160,2159,105-64-42-56,yellow,large,rubber,cylinder
316,595,84-31-26-27,gray,small,metal,sphere
316,1431,122-40-41-42,red,large,rubber,cube
316,1450,160-51-36-45,brown,large,rubber,cylinder
575,525,44-78-26-25,brown,small,rubber,cube
575,544,98-95-20-26,yellow,small,rubber,cube
575,954,166-42-35-40,purple,small,rubber,cube
575,1109,127-47-35-44,purple,small,rubber,cube
575,2144,145-67-46-56,purple,large,rubber,cube
575,722,119-103-28-33,purple,small,metal,cube
502,572,94-22-26-26,cyan,small,rubber,sphere
502,741,146-26-38-37,gray,small,rubber,cube
502,1202,134-38-34-42,gray,small,rubber,cube
502,1234,116-67-38-39,red,small,rubber,sphere
502,461,57-72-19-24,gray,small,metal,cube
342,409,187-64-22-20,green,small,rubber,cube
342,952,114-60-33-34,red,small,rubber,sphere
342,1185,40-61-37-39,green,small,metal,sphere
916,989,81-40-38-43,gray,small,rubber,cube
916,376,159-95-20-21,yellow,small,rubber,sphere
916,1842,84-87-47-48,yellow,large,rubber,sphere
916,1139,113-22-38-37,yellow,small,rubber,cube
916,1691,63-56-41-52,cyan,large,rubber,cylinder
455,1297,57-27-40-38,brown,small,rubber,cube
455,351,14-61-19-21,purple,small,rubber,cube
455,674,86-115-23-31,green,small,rubber,sphere
455,1181,139-36-39-42,blue,small,rubber,cube
455,822,122-22-33-34,yellow,small,rubber,cube
455,557,121-99-21-28,yellow,small,rubber,sphere
455,2332,53-66-49-54,yellow,large,rubber,sphere
455,1732,162-56-41-48,cyan,large,rubber,cylinder
455,926,100-54-33-35,blue,small,rubber,sphere
521,819,22-45-32-31,gray,small,rubber,sphere
521,2747,111-70-56-62,cyan,large,rubber,cube
521,1137,75-68-35-38,cyan,small,metal,sphere
619,1624,62-84-44-44,yellow,large,rubber,sphere
619,382,54-74-24-22,brown,small,rubber,cube
619,1231,177-41-36-39,cyan,small,rubber,cylinder
619,607,139-45-33-39,green,small,rubber,cube
619,2041,122-59-44-52,red,large,rubber,cylinder
51,1097,152-33-32-37,purple,small,rubber,cube
51,1476,15-44-39-44,purple,large,rubber,cylinder
51,2054,88-64-41-54,brown,large,rubber,cylinder
51,676,112-19-25-30,cyan,small,rubber,cube
761,2307,61-63-51-56,cyan,large,rubber,cube
761,422,162-68-20-24,gray,small,rubber,cube
976,558,56-89-23-28,purple,small,rubber,cube
976,1179,95-28-37-37,gray,small,rubber,cube
810,844,89-23-26-34,purple,small,rubber,cube
810,792,56-43-31-30,blue,small,metal,sphere
810,1887,148-53-44-47,cyan,large,rubber,cube
810,1519,188-45-40-44,yellow,large,rubber,cube
66,499,88-88-19-26,red,small,rubber,cylinder
66,343,136-31-25-27,red,small,rubber,sphere
66,1212,119-40-32-40,green,small,rubber,cube
66,1897,38-48-49-47,yellow,large,rubber,cube
66,1810,155-58-41-50,purple,large,rubber,cylinder
66,1491,195-45-40-46,blue,large,rubber,cube
66,1552,174-45-61-46,blue,large,rubber,cube
513,716,57-92-29-31,blue,small,rubber,cube
498,414,160-62-22-22,brown,small,rubber,cube
498,476,131-74-23-24,green,small,rubber,sphere
498,1059,101-31-30-36,red,small,rubber,cube
422,993,91-34-28-36,brown,small,rubber,cube
422,1236,59-77-39-38,green,small,metal,sphere
422,978,31-63-36-35,green,small,rubber,sphere
19,1547,29-41-42-40,yellow,large,rubber,cube
19,1021,99-21-34-34,green,small,rubber,cube
19,2109,79-68-42-55,cyan,large,rubber,cylinder
473,1181,41-36-33-39,purple,small,rubber,cube
473,561,72-95-21-28,purple,small,rubber,cube
473,776,164-39-35-24,purple,small,metal,cube
473,2057,96-51-47-51,yellow,large,rubber,cube
473,2293,160-63-46-53,green,large,metal,cube
775,1087,34-37-36-42,green,small,rubber,cube
775,2332,75-75-44-58,purple,large,rubber,cylinder
775,846,136-44-31-32,green,small,rubber,sphere
775,1934,189-46-50-49,brown,large,rubber,sphere
775,1260,54-55-39-50,red,small,rubber,cylinder
775,2368,59-61-60-72,purple,large,rubber,cylinder
349,414,90-120-21-23,red,small,rubber,sphere
349,576,78-94-24-28,yellow,small,metal,cube
349,530,127-24-26-32,blue,small,rubber,cube
349,331,159-76-22-22,green,small,rubber,cube
349,567,148-88-26-27,gray,small,rubber,sphere
349,1236,111-39-33-39,purple,small,rubber,cube
260,415,68-62-20-21,blue,small,rubber,cube
260,412,29-57-23-22,purple,small,rubber,cube
260,466,46-79-20-25,red,small,rubber,cube
260,513,102-86-20-26,green,small,rubber,cube
260,1101,186-54-37-36,cyan,small,metal,sphere
388,1310,161-38-36-43,green,large,rubber,cube
388,2283,124-61-46-57,gray,large,rubber,cylinder
388,1357,111-24-40-39,brown,large,rubber,cube
388,2567,59-53-56-72,green,large,rubber,cylinder
522,1178,90-37-36-39,blue,small,rubber,cube
522,834,16-46-33-30,yellow,small,metal,sphere
522,654,116-19-25-31,brown,small,rubber,cube
522,650,142-32-27-29,gray,small,rubber,sphere
522,2707,89-90-47-64,red,large,rubber,cylinder
522,2054,131-63-46-51,yellow,large,rubber,cube
522,1975,176-59-45-47,purple,large,metal,cube
522,421,85-66-21-22,red,small,metal,cube
904,1572,53-34-37-51,yellow,large,rubber,cube
904,431,67-62-22-23,red,small,rubber,sphere
904,2462,132-65-53-59,gray,large,rubber,sphere
904,1193,157-51-47-45,brown,small,rubber,cube
69,1302,69-35-34-39,green,large,rubber,cube
69,546,39-73-26-25,yellow,small,rubber,cube
457,384,101-62-19-22,green,small,metal,cube
457,1838,104-99-46-48,cyan,large,rubber,sphere
457,2142,41-68-44-55,cyan,large,rubber,sphere
457,931,146-27-30-36,green,small,rubber,cube
457,1385,16-52-43-48,cyan,large,rubber,sphere
457,1599,120-60-39-50,purple,large,rubber,cylinder
329,1194,64-42-34-41,red,small,rubber,cylinder
329,749,31-42-30-29,yellow,small,rubber,sphere
329,1263,81-75-39-39,yellow,small,rubber,sphere
329,884,145-35-31-37,gray,small,rubber,cube
329,935,162-53-34-32,green,small,metal,sphere
329,777,116-106-29-33,purple,small,rubber,cube
329,1119,104-25-36-36,brown,small,rubber,cube
329,450,35-71-23-23,green,small,rubber,cube
9,828,54-37-31-37,brown,small,rubber,cube
9,1192,136-34-38-37,blue,small,rubber,cube
9,2106,67-56-49-53,gray,large,rubber,sphere
9,405,32-67-20-21,gray,small,rubber,cube
352,1064,47-33-32-38,green,small,rubber,cube
352,952,131-27-28-36,brown,small,rubber,cube
352,2150,74-64-42-52,green,large,metal,cube
352,2316,125-69-45-56,green,large,metal,sphere
352,1742,5-43-48-46,green,large,rubber,sphere
352,1646,165-54-43-51,red,large,rubber,cube
352,1466,194-45-45-43,purple,large,rubber,cube
923,1368,170-41-36-41,blue,large,rubber,cube
294,1302,64-42-36-42,purple,large,rubber,cube
294,551,77-76-25-25,purple,small,rubber,cube
294,473,86-115-23-24,brown,small,metal,sphere
294,1178,168-35-34-39,yellow,small,rubber,cube
294,349,160-90-20-20,red,small,metal,sphere
294,655,135-96-23-30,brown,small,rubber,cylinder
294,1304,64-42-56-42,purple,large,rubber,cube
806,386,18-57-23-21,red,small,rubber,cube
806,585,99-108-21-30,yellow,small,rubber,cube
806,436,116-90-18-25,green,small,rubber,cube
632,760,169-43-30-30,blue,small,rubber,sphere
632,1200,123-33-35-37,cyan,small,rubber,cube
632,436,158-83-19-25,green,small,rubber,cube
632,612,120-105-22-28,blue,small,rubber,cube
632,2000,78-71-40-54,green,large,rubber,cube
632,714,62-55-33-35,blue,small,rubber,sphere
23,388,43-39-31-18,brown,small,rubber,sphere
23,1378,176-39-36-42,brown,large,rubber,cube
23,1118,124-66-36-37,brown,small,rubber,sphere
23,1563,40-54-39-47,gray,large,rubber,sphere
540,392,24-58-23-21,yellow,small,rubber,cube
540,353,55-52-20-21,blue,small,rubber,cube
540,439,61-81-19-24,red,small,rubber,cube
540,566,132-28-26-26,purple,small,metal,sphere
540,590,162-89-25-25,green,small,rubber,cube
540,2504,108-82-45-61,red,large,rubber,cylinder
540,1103,186-59-37-36,green,small,metal,sphere
540,1409,79-49-34-44,blue,large,rubber,cube
491,556,99-95-21-28,green,small,rubber,cube
491,2168,120-59-43-52,red,large,rubber,cube
332,1710,162-48-40-48,yellow,large,rubber,cylinder
332,1850,10-38-41-60,gray,large,rubber,sphere
110,814,13-47-33-32,cyan,small,rubber,sphere
110,1194,167-40-39-40,purple,small,rubber,cube
110,1351,115-82-41-41,red,large,metal,sphere
110,758,105-20-25-32,purple,small,rubber,cube
110,1329,141-48-35-44,blue,large,rubber,cylinder
110,377,35-72-19-23,purple,small,metal,cube
787,857,79-46-32-33,green,small,rubber,sphere
787,580,121-27-27-27,brown,small,metal,sphere
746,685,140-92-25-28,purple,small,rubber,cube
746,2578,11-55-58-56,blue,large,rubber,sphere
746,858,61-40-33-33,gray,small,metal,sphere
885,985,14-53-35-33,brown,small,rubber,sphere
885,1001,14-53-57-33,gray,small,rubber,sphere
885,372,50-55-21-21,brown,small,rubber,cube
885,1922,161-61-43-51,green,large,rubber,sphere
885,1461,100-79-42-42,green,large,metal,sphere
184,1200,75-39-33-42,cyan,small,rubber,cube
184,2726,93-64-56-61,green,large,rubber,cube
819,377,160-55-21-20,purple,small,rubber,cube
139,918,19-44-35-32,purple,small,metal,sphere
139,384,161-63-19-22,cyan,small,metal,cube
139,1542,50-72-43-43,gray,large,metal,sphere
139,431,30-73-20-24,blue,small,metal,cube
139,1337,19-44-35-53,purple,large,metal,sphere
518,670,92-30-28-28,blue,small,rubber,sphere
518,371,173-52-20-21,purple,small,rubber,cube
518,2286,95-66-44-57,brown,large,rubber,cylinder
518,522,60-69-24-25,purple,small,rubber,cube
549,359,92-47-20-20,green,small,rubber,sphere
549,355,16-57-19-21,blue,small,metal,cube
549,1400,59-67-41-41,yellow,large,rubber,sphere
549,799,101-19-26-33,blue,small,rubber,cube
549,413,118-68-18-23,blue,small,rubber,cube
413,1167,34-32-34-39,gray,small,rubber,cylinder
413,3372,63-83-63-71,purple,large,metal,cube
413,2122,169-61-52-52,red,large,rubber,sphere
601,743,53-38-30-30,yellow,small,metal,sphere
601,486,52-80-21-25,gray,small,rubber,cube
601,691,115-36-29-28,cyan,small,metal,sphere
601,592,150-94-21-27,green,small,rubber,cube
601,2819,84-86-49-65,brown,large,rubber,cylinder
601,322,89-57-19-21,green,small,rubber,cube
888,1198,85-37-32-39,brown,small,rubber,cylinder
888,438,27-60-23-21,yellow,small,rubber,cube
888,644,147-93-24-27,yellow,small,rubber,cube
164,626,88-102-22-30,purple,small,rubber,sphere
164,929,182-47-35-32,green,small,metal,sphere
164,936,161-47-56-33,green,small,rubber,sphere
164,1900,123-59-40-51,cyan,large,rubber,cylinder
943,712,65-29-31-37,green,small,rubber,cube
943,1191,165-32-34-39,red,small,rubber,cylinder
943,481,175-80-21-26,purple,small,rubber,cube
943,3855,78-94-70-65,yellow,large,rubber,cube
943,1495,34-42-46-50,blue,large,rubber,cube
943,1745,59-69-44-57,gray,large,rubber,cylinder
943,674,82-54-35-35,green,small,metal,sphere
157,1420,7-43-39-43,green,large,rubber,cube
157,438,99-77-18-25,green,small,rubber,cube
157,662,122-32-28-29,red,small,rubber,sphere
157,1186,181-41-35-41,cyan,small,rubber,cube
157,782,115-101-30-33,blue,small,rubber,cube
157,365,60-65-18-22,brown,small,rubber,cube
157,2119,148-64-44-55,cyan,large,rubber,cylinder
157,661,150-65-42-18,cyan,small,rubber,cube
129,528,65-31-28-23,red,small,metal,sphere
129,1258,146-38-33-41,red,small,rubber,cylinder
129,608,118-22-33-35,cyan,small,rubber,cube
129,546,146-90-21-27,brown,small,rubber,cube
129,2027,65-50-49-51,blue,large,rubber,cube
426,964,74-31-29-34,yellow,small,rubber,cube
426,578,124-29-26-26,yellow,small,metal,sphere
426,650,118-87-27-29,cyan,small,rubber,cube
426,2238,143-56-53-54,brown,large,rubber,cube
555,1306,69-33-36-39,purple,large,rubber,cube
555,500,91-74-23-25,gray,small,rubber,sphere
555,1495,119-48-36-46,purple,large,rubber,cube
546,1230,169-39-35-40,gray,small,rubber,cylinder
546,957,136-29-30-35,blue,small,rubber,cube
546,484,173-81-21-25,purple,small,rubber,cube
546,3157,79-81-51-70,blue,large,rubber,sphere
546,446,61-67-21-23,red,small,rubber,cube
463,1355,51-30-40-40,yellow,large,rubber,cube
463,1003,133-27-29-36,gray,small,rubber,cylinder
463,1523,125-71-43-43,cyan,large,metal,sphere
220,405,83-79-18-24,brown,small,rubber,cube
220,1307,148-45-34-42,green,large,rubber,cube
220,1021,99-32-28-37,cyan,small,rubber,cube
154,1404,47-49-36-43,purple,large,rubber,cube
154,2231,88-75-73-57,blue,large,rubber,sphere
154,2225,88-75-42-57,blue,large,rubber,cylinder
394,709,50-35-29-29,yellow,small,rubber,sphere
394,757,93-39-29-30,green,small,metal,sphere
394,568,125-23-26-25,green,small,metal,sphere
394,640,132-99-25-30,cyan,small,rubber,cube
394,1003,13-54-35-34,yellow,small,rubber,sphere
394,1003,13-54-62-34,yellow,small,rubber,sphere
394,1892,140-58-45-53,green,large,rubber,cylinder
394,429,117-73-18-23,blue,small,rubber,cube
449,453,44-61-23-22,purple,small,rubber,cube
449,703,138-33-29-29,gray,small,metal,sphere
675,1411,16-42-38-43,red,large,rubber,cylinder
675,422,102-102-22-22,purple,small,rubber,sphere
675,967,134-27-29-36,red,small,rubber,cube
675,2362,72-56-53-54,brown,large,rubber,sphere
736,1088,57-31-32-38,brown,small,rubber,cube
736,1365,60-78-41-41,purple,large,rubber,sphere
736,656,98-111-22-31,red,small,rubber,cube
736,652,138-37-32-33,red,small,rubber,cube
736,1822,168-47-50-48,yellow,large,rubber,sphere
736,1423,23-46-38-44,purple,large,rubber,cylinder
736,1708,128-57-38-49,brown,large,rubber,cylinder
736,708,103-38-29-29,brown,small,metal,sphere
847,695,86-32-28-29,gray,small,rubber,sphere
847,666,60-97-27-29,blue,small,rubber,cube
847,1090,164-35-32-39,purple,small,rubber,cube
847,381,147-59-21-22,gray,small,rubber,cube
847,514,162-77-25-26,purple,small,rubber,cube
847,449,127-70-21-24,yellow,small,rubber,cube
847,1675,96-95-44-46,purple,large,metal,sphere
578,1389,43-41-36-43,yellow,large,rubber,cylinder
578,1991,136-47-48-48,yellow,large,rubber,cube
585,410,72-64-21-22,purple,small,rubber,cube
585,579,113-27-25-26,gray,small,rubber,sphere
411,956,78-31-29-36,red,small,metal,cube
411,860,23-49-33-31,purple,small,rubber,sphere
411,2324,71-77-44-58,gray,large,rubber,sphere
411,418,45-78-19-23,green,small,metal,cube
411,999,108-24-35-34,gray,small,rubber,cube
411,1758,129-48-45-47,blue,large,rubber,cube
610,1276,76-34-35-40,brown,small,rubber,cube
610,1361,159-43-36-43,red,large,rubber,cylinder
610,1590,34-50-39-46,green,large,rubber,cube
497,717,72-52-34-32,cyan,small,metal,sphere
497,1089,114-28-35-34,green,small,rubber,cube
497,703,163-39-32-37,green,small,rubber,cube
497,2658,82-72-50-58,cyan,large,rubber,cylinder
497,1902,145-58-42-48,yellow,large,metal,cylinder
497,3403,72-52-60-78,cyan,large,rubber,sphere
745,1260,172-40-35-41,blue,small,rubber,cylinder
745,1362,108-79-40-41,green,large,metal,sphere
745,1720,71-60-38-49,purple,large,rubber,cylinder
774,751,66-40-30-30,purple,small,rubber,sphere
774,690,96-107-23-31,cyan,small,rubber,cylinder
774,419,34-67-19-23,gray,small,rubber,cube
729,693,71-39-29-29,green,small,rubber,sphere
729,626,99-96-23-28,red,small,rubber,cube
729,637,146-34-27-27,blue,small,rubber,sphere
729,787,104-20-29-31,yellow,small,rubber,cube
856,2283,56-74-45-57,blue,large,rubber,sphere
856,438,131-81-19-25,blue,small,rubber,cube
856,391,177-66-19-22,brown,small,rubber,cube
856,1413,100-37-40-40,blue,large,rubber,cube
793,1207,150-30-33-39,brown,small,rubber,cube
793,389,201-63-21-22,gray,small,rubber,cylinder
13,754,93-45-30-30,cyan,small,metal,sphere
13,1246,56-34-39-38,purple,small,rubber,cube
13,668,72-97-27-30,gray,small,rubber,cube
13,1229,140-45-34-40,cyan,small,rubber,cylinder
13,438,137-84-19-24,cyan,small,rubber,cylinder
13,410,34-68-20-21,red,small,metal,cube
68,769,102-116-24-34,red,small,rubber,cylinder
68,1285,171-38-36-41,purple,small,rubber,cylinder
68,515,127-72-24-25,red,small,rubber,cube
68,837,90-23-27-33,cyan,small,rubber,cube
68,1166,126-25-37-36,cyan,small,rubber,cube
558,646,159-40-31-23,brown,small,rubber,cube
558,2880,111-77-57-63,blue,large,rubber,cube
558,1812,75-68-40-53,yellow,large,rubber,cube
813,1373,53-81-41-41,red,large,metal,sphere
813,1759,131-50-43-49,yellow,large,rubber,cube
201,465,79-79-19-25,blue,small,rubber,cube
201,769,152-40-30-30,cyan,small,rubber,sphere
201,2052,9-50-52-51,brown,large,rubber,cube
201,1453,190-44-39-43,green,large,rubber,sphere
201,683,103-91-27-30,red,small,rubber,sphere
286,639,119-31-27-27,yellow,small,metal,sphere
286,368,120-103-20-20,cyan,small,rubber,sphere
286,1529,31-43-39-44,red,large,rubber,cube
655,1575,10-38-45-40,gray,large,rubber,sphere
655,1411,165-43-37-43,green,large,rubber,sphere
655,1009,125-30-30-36,cyan,small,rubber,cube
655,577,152-93-22-28,cyan,small,rubber,cube
268,912,62-31-30-36,red,small,rubber,cube
268,1028,150-33-30-36,blue,small,rubber,cube
268,857,120-24-27-31,yellow,small,rubber,cube
268,1883,80-58-39-50,green,large,rubber,sphere
948,897,35-50-34-33,red,small,rubber,sphere
948,1058,85-33-30-37,red,small,rubber,cube
948,537,57-74-25-25,brown,small,rubber,cube
948,1328,149-68-40-40,brown,large,metal,sphere
17,850,70-45-32-32,red,small,rubber,sphere
17,666,74-105-23-31,yellow,small,rubber,cylinder
17,626,135-30-27-27,brown,small,rubber,sphere
17,516,122-90-20-27,gray,small,rubber,cube
17,1577,199-47-40-45,brown,large,rubber,cylinder
17,1788,23-49-42-48,cyan,large,rubber,cube
514,1472,28-35-43-41,purple,large,rubber,cube
514,1041,95-33-30-36,blue,small,rubber,cube
514,1715,70-86-46-46,purple,large,rubber,sphere
514,889,137-41-33-39,blue,small,rubber,cube
514,1927,185-46-51-45,red,large,rubber,cube
514,2340,113-64-48-57,brown,large,metal,cube
908,445,43-77-21-25,gray,small,rubber,cube
908,398,182-62-20-22,brown,small,rubber,cube
908,725,152-35-29-29,brown,small,metal,sphere
908,2733,69-67-55-62,brown,large,rubber,cylinder
908,1166,103-49-37-47,yellow,small,rubber,cube
961,384,72-100-20-21,cyan,small,rubber,sphere
961,1115,33-60-37-37,purple,small,rubber,sphere
961,1954,166-60-43-52,yellow,large,rubber,cylinder
222,1130,59-33-32-38,green,small,rubber,cube
222,749,92-113-24-33,red,small,rubber,cylinder
222,1430,97-73-41-43,cyan,large,metal,sphere
222,517,113-23-24-25,blue,small,rubber,sphere
222,464,71-72-20-23,blue,small,rubber,cube
222,1478,122-44-45-46,cyan,large,rubber,sphere
815,770,76-48-30-30,green,small,rubber,sphere
815,2508,107-87-46-61,yellow,large,rubber,cylinder
815,1641,146-63-40-50,purple,large,rubber,cylinder
930,1243,53-35-34-40,red,small,rubber,cube
930,1223,141-41-35-44,cyan,small,rubber,cube
930,1857,110-55-39-51,green,large,rubber,cube
930,2122,76-98-51-52,red,large,metal,sphere
143,1445,69-84-42-42,cyan,large,metal,sphere
143,1647,170-56-41-47,brown,large,rubber,cylinder
750,548,57-46-28-26,green,small,rubber,cube
750,262,95-98-18-22,green,small,rubber,cube
750,959,192-48-35-34,cyan,small,rubber,sphere
750,1018,123-32-30-37,green,small,rubber,cube
750,842,149-45-32-31,purple,small,rubber,sphere
750,1985,107-94-49-50,cyan,large,metal,sphere
750,507,172-69-25-24,green,small,rubber,cube
386,919,98-22-27-34,green,small,metal,cube
386,1046,136-28-30-37,cyan,small,rubber,cube
386,1603,194-47-42-45,red,large,rubber,sphere
386,2048,124-65-52-54,purple,large,rubber,cylinder
386,1230,32-65-39-38,green,small,metal,sphere
907,1780,102-42-45-47,green,large,rubber,cube
91,1527,128-34-42-42,green,large,rubber,cube
91,1663,45-49-40-48,cyan,large,rubber,cylinder
91,2162,89-67-42-56,gray,large,rubber,cylinder
914,1074,82-32-30-38,cyan,small,rubber,cube
914,934,189-48-34-32,cyan,small,rubber,sphere
914,1094,155-58-36-36,purple,small,rubber,sphere
914,3234,84-82-54-66,gray,large,metal,cylinder
641,1294,44-39-35-42,yellow,small,rubber,cube
641,602,71-97-22-28,red,small,rubber,cube
641,900,143-48-33-33,cyan,small,metal,sphere
641,483,169-85-20-26,brown,small,metal,cube
641,2065,179-52-52-49,blue,large,rubber,cube
641,988,110-18-31-42,gray,small,rubber,cube
641,1819,90-57-39-51,yellow,large,rubber,cylinder
430,607,21-50-32-32,red,small,rubber,sphere
430,618,63-35-27-27,brown,small,metal,sphere
430,416,155-56-31-30,brown,small,rubber,cube
430,1843,138-66-40-52,yellow,large,rubber,cylinder
430,1031,35-64-36-34,yellow,small,metal,sphere
276,2504,135-61-53-60,cyan,large,rubber,cube
276,421,189-69-20-23,cyan,small,rubber,cube
944,698,62-34-28-28,green,small,metal,sphere
944,689,126-39-41-28,red,small,rubber,sphere
944,1535,188-44-40-44,green,large,rubber,cylinder
944,2972,39-66-59-61,red,large,rubber,cube
944,1010,99-22-35-33,green,small,rubber,sphere
944,2297,134-53-53-54,cyan,large,rubber,cube
933,1051,82-31-29-37,blue,small,rubber,cylinder
933,679,61-97-27-29,blue,small,rubber,cube
933,1123,179-41-41-41,yellow,small,rubber,cube
933,2546,105-83-46-62,brown,large,rubber,cylinder
933,1849,160-60-42-51,purple,large,rubber,cylinder
30,641,80-25-27-28,cyan,small,rubber,sphere
30,544,59-74-25-26,green,small,rubber,cube
30,769,154-35-30-31,green,small,rubber,sphere
30,3227,98-83-56-68,cyan,large,rubber,cylinder
824,393,31-64-19-22,gray,small,rubber,cube
824,1221,165-59-39-38,cyan,small,metal,sphere
824,1425,64-71-41-41,cyan,large,rubber,sphere
824,1129,118-28-34-35,purple,small,metal,cube
702,476,16-60-25-23,brown,small,rubber,cube
702,690,55-91-28-29,yellow,small,rubber,cube
702,423,42-77-20-25,gray,small,rubber,cube
702,1036,144-29-41-37,green,small,rubber,cube
702,1620,88-85-44-45,blue,large,rubber,sphere
702,1048,141-54-35-35,brown,small,metal,sphere
966,583,121-24-26-27,green,small,metal,sphere
966,1930,176-55-44-52,purple,large,rubber,cube
966,787,99-41-30-31,red,small,rubber,sphere
126,3103,64-82-51-67,blue,large,rubber,sphere
126,521,115-85-20-27,cyan,small,rubber,cylinder
126,1023,45-61-40-39,purple,small,metal,sphere
126,1716,5-46-43-48,gray,large,rubber,cylinder
126,440,178-71-20-24,gray,small,rubber,cube
311,1405,44-35-41-40,gray,large,rubber,cube
311,996,96-22-30-43,yellow,small,rubber,cube
311,741,100-22-26-32,yellow,small,metal,cube
311,822,122-50-31-32,yellow,small,metal,sphere
311,721,133-26-27-32,red,small,rubber,cube
410,1449,21-41-38-42,purple,large,rubber,cube
410,561,68-96-22-28,yellow,small,rubber,cube
410,432,152-80-19-24,brown,small,rubber,cube
410,625,103-30-27-28,brown,small,rubber,sphere
297,1410,44-31-41-41,gray,large,rubber,cube
297,446,101-74-18-24,green,small,metal,cube
297,1327,125-41-38-43,purple,large,rubber,cylinder
297,1336,125-41-60-43,purple,large,metal,cube
297,627,121-98-22-30,blue,small,rubber,cube
297,1451,205-46-34-47,cyan,large,metal,cylinder
297,1386,143-68-42-41,green,large,rubber,sphere
86,1288,51-41-34-42,cyan,small,rubber,cube
86,869,77-31-29-36,purple,small,rubber,cube
86,698,97-118-23-32,brown,small,rubber,cylinder
86,419,87-79-18-24,brown,small,rubber,cube
86,700,123-102-26-31,yellow,small,metal,cube
86,1124,170-61-38-36,green,small,metal,sphere
270,692,89-30-29-29,yellow,small,rubber,sphere
270,1273,38-36-35-41,gray,small,rubber,cube
270,403,72-109-21-22,gray,small,rubber,sphere
270,485,173-83-22-25,gray,small,rubber,sphere
270,563,118-96-21-28,yellow,small,rubber,sphere
270,402,67-70-19-24,red,small,rubber,cube
132,954,50-42-35-41,green,small,metal,cube
132,376,101-102-20-20,blue,small,metal,sphere
132,2139,68-57-50-51,green,large,rubber,cube
403,361,162-55-21-20,green,small,rubber,cube
403,395,152-101-21-22,cyan,small,rubber,sphere
403,596,124-79-26-28,blue,small,rubber,cube
403,1664,91-42-41-46,red,large,rubber,cylinder
690,449,7-59-24-23,purple,small,rubber,cube
690,449,69-106-22-24,green,small,metal,sphere
690,2082,168-54-46-52,red,large,rubber,cube
690,1890,45-48-43-46,cyan,large,rubber,cube
720,635,71-94-27-29,yellow,small,rubber,cube
720,825,159-49-31-32,brown,small,rubber,sphere
720,576,155-85-28-27,gray,small,rubber,sphere
720,1452,83-52-34-45,purple,large,rubber,cube
616,900,78-52-33-33,yellow,small,rubber,sphere
616,1480,20-41-39-42,blue,large,rubber,cube
616,567,91-82-25-27,blue,small,rubber,sphere
338,571,91-28-26-26,brown,small,rubber,sphere
338,855,68-47-31-32,green,small,rubber,sphere
338,637,139-32-28-27,yellow,small,metal,sphere
952,805,9-48-32-30,green,small,rubber,sphere
952,1115,48-40-32-38,gray,small,rubber,cube
952,971,141-32-38-36,gray,small,rubber,cube
952,1372,173-49-37-42,purple,large,rubber,cylinder
952,1674,90-98-45-46,green,large,metal,sphere
952,1797,118-56-45-48,gray,large,rubber,cube
542,1233,30-36-43-41,blue,small,rubber,cube
542,679,96-92-26-30,gray,small,rubber,cube
542,710,137-36-29-29,cyan,small,rubber,sphere
542,1234,45-64-39-39,gray,small,rubber,sphere
814,1068,39-39-30-39,blue,small,rubber,cube
814,1296,141-34-39-40,red,small,rubber,cube
814,379,119-112-21-21,gray,small,rubber,cube
814,1066,176-63-36-35,green,small,metal,sphere
814,1491,69-49-37-45,blue,large,rubber,cube
779,657,73-93-25-29,cyan,small,rubber,cube
779,1517,114-40-35-43,green,large,rubber,cube
779,892,136-23-34-39,cyan,small,rubber,cube
779,1742,195-43-43-48,yellow,large,rubber,cube
779,2075,42-54-53-55,yellow,large,rubber,cube
370,1309,60-32-41-40,green,large,rubber,cube
370,791,169-43-31-30,purple,small,rubber,sphere
370,553,124-26-25-26,red,small,metal,sphere
370,455,160-77-20-24,yellow,small,rubber,cube
370,2622,97-83-46-63,gray,large,rubber,sphere
300,858,67-32-37-34,purple,small,rubber,cube
300,900,187-48-34-32,green,small,metal,sphere
300,2403,100-73-44-59,brown,large,rubber,cylinder
300,933,74-53-34-35,yellow,small,rubber,sphere
300,2388,100-73-65-58,brown,large,rubber,cylinder
20,588,94-26-26-27,cyan,small,metal,sphere
20,3514,66-94-56-65,blue,large,rubber,cylinder
20,382,132-101-20-22,green,small,rubber,sphere
20,353,159-95-20-20,blue,small,rubber,sphere
20,2108,40-57-54-56,gray,large,rubber,cube
20,1125,18-48-37-46,cyan,small,rubber,cube
20,1549,179-46-39-45,cyan,large,rubber,cylinder
227,1170,89-20-36-37,yellow,small,rubber,cube
227,470,36-62-24-24,red,small,rubber,cube
227,574,73-80-25-27,red,small,rubber,sphere
227,1241,146-34-34-40,green,small,rubber,cylinder
227,2851,99-85-49-65,gray,large,rubber,sphere
227,341,61-67-18-23,purple,small,rubber,cube
227,1073,100-85-47-28,gray,small,rubber,sphere
910,1474,30-35-42-43,purple,large,rubber,cube
910,548,71-95-21-28,red,small,rubber,cube
910,1441,190-42-39-43,brown,large,rubber,cylinder
910,2752,129-78-49-63,red,large,rubber,cube
645,872,81-115-31-36,cyan,small,rubber,cube
645,349,163-46-20-20,green,small,rubber,cube
645,592,140-101-22-29,cyan,small,rubber,cube
236,938,66-29-29-34,green,small,rubber,cube
236,392,95-105-21-21,yellow,small,metal,sphere
236,1022,156-34-32-38,green,small,rubber,cube
236,1010,178-55-35-34,red,small,rubber,sphere
236,342,157-91-20-20,green,small,metal,sphere
236,1137,101-31-38-37,gray,small,rubber,cube
371,1656,68-46-43-44,purple,large,rubber,cube
371,2612,88-87-46-62,red,large,rubber,cylinder
371,447,147-82-20-25,yellow,small,rubber,cube
334,696,85-102-27-31,blue,small,rubber,cube
334,974,132-44-40-37,green,small,rubber,cube
334,1208,172-37-34-41,red,small,rubber,cube
334,481,166-75-23-25,cyan,small,rubber,cube
334,1538,45-49-38-46,cyan,large,rubber,cylinder
334,2042,123-68-42-55,blue,large,rubber,sphere
18,431,98-27-24-24,brown,small,metal,sphere
18,1316,131-44-34-42,purple,large,rubber,cylinder
18,2235,57-56-52-53,purple,large,rubber,cube
18,1575,183-50-40-45,cyan,large,rubber,cylinder
416,393,127-58-20-22,blue,small,rubber,cube
713,817,63-31-30-35,red,small,rubber,cube
713,944,77-52-34-33,yellow,small,metal,sphere
713,1307,148-41-35-41,purple,large,rubber,cylinder
713,1722,21-53-42-48,gray,large,rubber,cylinder
165,827,52-38-31-32,cyan,small,rubber,sphere
165,1204,156-30-44-33,cyan,small,rubber,cube
165,2752,150-58-64-59,brown,large,rubber,cube
165,1631,9-43-42-46,blue,large,rubber,cylinder
165,1127,99-38-34-38,red,small,metal,cube
165,4336,69-38-64-95,red,large,rubber,cube
165,822,118-19-34-33,brown,small,rubber,cube
106,956,19-49-35-34,green,small,rubber,sphere
106,928,55-30-31-35,gray,small,rubber,cube
106,1750,74-93-46-47,cyan,large,metal,sphere
106,868,159-37-35-36,gray,small,rubber,cube
106,2804,139-73-53-58,green,large,rubber,cube
106,1905,175-53-53-51,cyan,large,rubber,cube
106,1998,51-59-55-54,yellow,large,rubber,cube
107,2522,67-78-46-61,blue,large,rubber,sphere
107,1598,122-37-47-41,gray,large,rubber,sphere
107,625,114-20-33-30,blue,small,rubber,cube
508,1324,60-36-39-41,cyan,large,rubber,cube
508,828,24-48-32-30,cyan,small,metal,sphere
508,499,167-78-24-23,purple,small,rubber,cube
508,1216,176-47-35-43,gray,small,rubber,cylinder
508,1182,101-69-36-38,cyan,small,metal,sphere
3,423,87-112-22-23,yellow,small,rubber,sphere
3,821,133-44-32-31,purple,small,metal,sphere
3,606,143-27-29-34,blue,small,rubber,cube
3,2059,18-55-46-50,gray,large,rubber,sphere
3,618,111-26-26-28,purple,small,metal,sphere
61,432,60-75-19-24,red,small,rubber,cube
61,584,81-95-21-28,green,small,rubber,cube
61,555,140-79-24-25,brown,small,rubber,cube
61,688,124-107-24-31,gray,small,rubber,cylinder
137,477,22-62-24-22,purple,small,metal,cube
137,3320,68-79-57-69,cyan,large,rubber,cylinder
137,1392,123-28-40-40,red,large,rubber,sphere
137,381,126-96-19-22,cyan,small,metal,sphere
137,622,63-63-39-33,yellow,small,rubber,cube
845,862,15-50-33-31,brown,small,metal,sphere
845,754,118-23-26-31,red,small,rubber,cylinder
845,752,139-44-29-30,cyan,small,metal,sphere
845,1640,95-96-44-45,brown,large,rubber,sphere
845,1809,164-53-47-49,cyan,large,rubber,cylinder
845,1362,84-67-39-49,green,large,rubber,sphere
355,1166,16-39-36-40,purple,small,rubber,cube
355,728,72-39-29-30,purple,small,rubber,sphere
355,1507,61-84-43-43,brown,large,metal,sphere
355,813,116-22-30-30,green,small,rubber,cube
355,494,144-89-20-26,yellow,small,rubber,cube
355,1015,41-65-37-38,red,small,metal,sphere
355,1797,118-48-47-47,yellow,large,rubber,cube
169,882,89-114-30-34,blue,small,rubber,cube
169,1582,179-55-40-49,green,large,rubber,cube
169,683,29-47-33-29,cyan,small,rubber,sphere
169,980,76-54-34-34,green,small,metal,sphere
169,1232,37-67-40-38,cyan,small,metal,sphere
169,1003,105-31-29-37,blue,small,rubber,cylinder
482,672,141-32-29-36,cyan,small,rubber,cube
482,1599,117-51-37-46,red,large,rubber,cylinder
482,1644,162-46-39-45,cyan,large,rubber,cube
715,873,85-107-30-35,green,small,rubber,sphere
715,950,146-30-30-35,cyan,small,rubber,cube
715,1578,16-43-43-45,red,large,rubber,cube
715,1013,97-22-34-33,cyan,small,rubber,cube
715,2276,111-69-44-57,yellow,large,rubber,cylinder
651,790,147-40-31-30,cyan,small,metal,sphere
390,1416,120-40-35-43,yellow,large,rubber,cube
390,476,23-64-25-23,brown,small,rubber,cube
390,923,79-57-36-34,green,small,metal,sphere
390,2801,87-84-48-64,gray,large,rubber,cylinder
239,1083,57-28-32-37,blue,small,rubber,cube
239,537,91-84-21-27,green,small,rubber,cube
239,448,145-62-21-22,gray,small,rubber,cube
239,519,179-79-23-27,purple,small,rubber,cube
239,1322,101-36-33-42,cyan,large,rubber,cylinder
239,430,35-67-20-24,red,small,metal,cube
312,1689,176-39-46-47,green,large,rubber,cube
312,1074,131-33-34-42,yellow,small,rubber,cube
312,1739,49-49-40-49,blue,large,rubber,cylinder
312,2528,102-59-53-59,gray,large,rubber,cube
210,576,131-29-26-26,yellow,small,rubber,sphere
781,888,53-46-33-32,purple,small,metal,sphere
781,562,117-22-25-26,green,small,rubber,sphere
920,381,65-97-20-21,red,small,metal,sphere
920,781,89-119-24-34,cyan,small,rubber,sphere
920,1679,125-86-45-46,cyan,large,metal,sphere
920,2720,159-54-59-65,red,large,rubber,cube
920,1488,99-31-39-43,cyan,large,rubber,cube
920,394,62-65-18-23,purple,small,rubber,cube
789,457,127-79-19-25,blue,small,rubber,cube
789,1004,103-30-29-36,cyan,small,rubber,cube
789,2130,80-64-42-55,purple,large,rubber,cylinder
84,416,66-59-22-22,green,small,rubber,cube
84,978,47-34-32-37,green,small,rubber,cube
84,1109,167-36-33-39,purple,small,rubber,cylinder
84,481,176-79-21-25,red,small,rubber,cylinder
84,1081,137-55-36-36,purple,small,metal,sphere
681,1200,48-37-34-39,gray,small,metal,cube
681,555,74-100-21-28,purple,small,rubber,cube
681,805,141-48-31-31,red,small,rubber,sphere
681,483,132-91-20-26,red,small,rubber,cube
681,1156,169-66-38-37,cyan,small,metal,sphere
123,420,136-64-20-22,gray,small,metal,cube
123,1036,119-31-30-38,cyan,small,rubber,cube
123,1461,119-31-37-55,cyan,large,rubber,cube
123,1740,26-49-41-47,cyan,large,rubber,cube
93,1390,169-37-38-39,red,large,rubber,cylinder
93,1925,56-63-41-52,green,large,rubber,sphere
145,913,137-28-28-34,red,small,rubber,cube
175,848,49-39-36-41,cyan,small,rubber,cube
175,614,162-41-29-30,blue,small,metal,sphere
175,424,146-82-19-24,red,small,rubber,cube
175,2019,179-55-51-47,gray,large,rubber,sphere
175,1601,69-50-39-45,blue,large,rubber,cube
548,459,70-83-19-25,purple,small,rubber,cube
548,421,147-41-30-19,brown,small,rubber,cube
548,2009,138-57-45-48,green,large,rubber,cube
841,390,109-63-17-23,red,small,rubber,cube
841,461,24-55-24-22,blue,small,metal,cube
841,1176,139-28-33-39,green,small,rubber,cube
841,2753,168-55-60-57,red,large,rubber,cube
841,1488,69-68-42-43,brown,large,metal,sphere
604,1105,83-39-31-38,green,small,rubber,cube
604,1147,38-42-37-40,cyan,small,rubber,cube
604,417,143-64-22-22,cyan,small,rubber,cube
604,437,170-79-20-24,purple,small,rubber,cube
604,1238,48-70-39-39,brown,small,rubber,sphere
604,587,102-24-25-31,yellow,small,rubber,cube
246,718,57-40-29-29,blue,small,rubber,sphere
246,393,95-105-21-22,purple,small,rubber,sphere
246,632,118-88-26-29,yellow,small,rubber,cube
246,392,192-71-20-22,green,small,rubber,cube
246,1625,140-56-38-47,cyan,large,rubber,cylinder
116,1147,78-31-31-39,yellow,small,rubber,cube
116,640,137-27-27-28,red,small,rubber,sphere
116,525,32-68-26-25,gray,small,rubber,cube
116,1501,78-31-47-45,yellow,large,rubber,cylinder
925,1051,87-33-30-35,red,small,metal,cube
925,590,96-100-21-29,green,small,rubber,cube
925,542,74-80-23-26,cyan,small,rubber,cube
925,737,144-38-32-39,purple,small,rubber,cube
925,1521,163-49-37-45,cyan,large,rubber,cylinder
925,2086,117-65-42-54,green,large,rubber,cylinder
925,370,31-64-19-21,cyan,small,rubber,cube
831,1522,31-40-42-45,cyan,large,rubber,cylinder
831,347,54-93-20-20,blue,small,rubber,sphere
831,1511,180-46-39-45,red,large,rubber,cylinder
831,1520,164-45-55-45,red,large,rubber,cylinder
820,1170,72-28-37-37,blue,small,rubber,cube
820,2776,87-94-48-65,green,large,rubber,sphere
869,1771,49-43-46-46,cyan,large,rubber,cube
869,1860,172-53-45-51,purple,large,rubber,cube
809,987,53-35-34-41,blue,small,rubber,cube
809,618,65-99-23-30,red,small,rubber,cylinder
809,526,86-127-24-26,brown,small,metal,sphere
809,1387,130-74-41-41,red,large,rubber,sphere
809,1079,108-28-30-38,red,small,rubber,cube
809,1704,179-49-42-47,purple,large,rubber,cylinder
809,2202,18-52-51-50,green,large,rubber,sphere
776,1834,34-52-48-46,red,large,rubber,cube
776,1832,34-52-71-46,red,large,rubber,cube
776,752,110-23-25-30,blue,small,rubber,cube
98,928,14-50-34-33,cyan,small,metal,sphere
98,618,79-38-29-27,blue,small,rubber,sphere
98,782,103-22-26-33,brown,small,rubber,cylinder
98,2237,120-73-43-57,blue,large,rubber,sphere
656,892,136-24-28-34,gray,small,rubber,cylinder
656,730,133-97-28-31,yellow,small,metal,cube
656,810,108-41-30-31,cyan,small,metal,sphere
656,824,97-105-30-34,yellow,small,rubber,cube
656,480,163-72-21-23,brown,small,rubber,cube
439,957,66-31-29-35,purple,small,rubber,cube
439,637,90-114-22-30,red,small,rubber,cylinder
439,502,115-79-23-26,blue,small,rubber,cube
257,627,59-31-29-36,green,small,rubber,cube
257,1278,73-41-33-41,purple,small,rubber,cylinder
257,800,119-23-26-31,red,small,rubber,cube
257,1950,137-60-42-52,purple,large,rubber,cylinder
195,1431,62-32-41-41,yellow,large,rubber,cube
195,369,34-59-19-22,cyan,small,rubber,cube
195,729,148-40-31-30,green,small,rubber,sphere
195,3196,90-93-52-66,gray,large,rubber,sphere
195,1973,122-64-48-57,purple,large,metal,cylinder
195,593,113-24-26-27,cyan,small,metal,sphere
423,914,76-53-33-33,cyan,small,metal,sphere
423,504,69-36-28-26,red,small,rubber,sphere
423,380,100-105-20-21,gray,small,rubber,sphere
423,503,148-77-23-24,green,small,rubber,cube
423,1845,34-61-42-50,brown,large,rubber,cylinder
423,1521,148-43-45-45,purple,large,rubber,cube
977,1684,80-84-45-46,green,large,metal,sphere
977,554,117-28-25-25,red,small,rubber,sphere
977,574,142-88-22-26,yellow,small,rubber,cube
5,900,76-53-33-32,gray,small,metal,sphere
5,678,88-95-27-30,blue,small,rubber,cube
5,828,157-46-32-31,yellow,small,metal,sphere
5,534,130-28-26-26,yellow,small,metal,sphere
5,1094,32-61-37-36,yellow,small,rubber,sphere
653,822,49-35-30-31,cyan,small,metal,cube
653,1858,40-64-41-51,purple,large,rubber,cylinder
653,1102,16-48-35-42,blue,small,rubber,cube
653,1560,78-53-39-44,gray,large,metal,cube
653,1097,153-64-36-36,gray,small,rubber,sphere
663,575,82-38-30-28,brown,small,metal,sphere
663,698,53-89-28-31,green,small,rubber,cube
663,1166,121-24-36-36,red,small,rubber,cube
663,734,158-34-29-30,red,small,metal,sphere
663,422,182-56-23-22,blue,small,rubber,cube
663,1577,34-46-39-46,brown,large,rubber,cylinder
663,1130,86-57-37-38,blue,small,rubber,sphere
674,515,183-79-23-24,green,small,metal,cube
674,481,156-85-20-25,yellow,small,rubber,cube
674,1262,97-41-32-41,blue,small,rubber,cylinder
865,924,17-52-34-33,red,small,metal,sphere
865,799,57-45-31-30,yellow,small,metal,sphere
488,1545,59-81-43-43,cyan,large,rubber,sphere
488,811,165-40-31-31,green,small,metal,sphere
488,1099,132-28-33-36,green,small,metal,cylinder
488,668,115-106-23-31,cyan,small,rubber,sphere
488,1056,99-21-35-35,gray,small,rubber,cube
488,366,93-71-18-23,cyan,small,rubber,cube
849,1271,83-39-32-41,green,small,rubber,cube
849,356,63-97-20-20,red,small,metal,sphere
849,2612,118-78-47-58,cyan,large,metal,cylinder
849,1605,24-45-44-45,gray,large,rubber,sphere
849,1567,162-50-38-47,cyan,large,rubber,cylinder
120,1598,74-86-44-45,green,large,metal,sphere
120,1953,167-61-44-52,purple,large,rubber,cylinder
120,470,121-71-22-24,purple,small,rubber,cube
179,459,80-76-22-24,gray,small,rubber,cube
179,958,133-36-29-35,cyan,small,rubber,cube
179,2256,113-68-49-56,brown,large,rubber,cube
291,1258,50-37-35-40,red,small,rubber,cube
291,2913,49-76-51-60,cyan,large,rubber,cube
291,796,159-38-31-30,green,small,rubber,sphere
291,380,187-62-19-22,red,small,rubber,cube
291,365,163-93-20-21,purple,small,metal,sphere
291,441,147-73-20-25,green,small,rubber,cube
302,932,171-46-34-33,purple,small,metal,sphere
302,400,88-68-18-23,red,small,rubber,cube
315,929,36-51-34-32,purple,small,metal,sphere
315,476,148-85-21-25,gray,small,rubber,cube
315,1793,179-57-43-49,red,large,rubber,cylinder
315,2656,95-84-47-63,cyan,large,rubber,cylinder
315,659,102-32-28-28,cyan,small,rubber,sphere
315,1368,129-44-34-44,green,large,metal,cube
697,822,148-37-31-31,red,small,rubber,sphere
697,424,180-60-22-24,cyan,small,rubber,cube
697,391,144-99-21-21,red,small,metal,sphere
697,463,126-114-23-23,brown,small,metal,sphere
876,632,32-46-31-32,purple,small,metal,sphere
876,2427,119-77-45-58,green,large,rubber,sphere
876,1070,47-53-36-43,yellow,small,rubber,sphere
838,1879,72-62-40-52,purple,large,rubber,sphere
701,1213,72-27-36-37,blue,small,rubber,cube
701,554,101-97-20-28,cyan,small,rubber,cube
701,420,136-61-22-22,gray,small,rubber,cube
701,1219,157-65-39-38,purple,small,metal,sphere
701,407,58-73-18-23,green,small,rubber,cube
701,718,112-35-28-29,cyan,small,metal,sphere
88,1023,164-34-42-41,cyan,small,rubber,cube
88,2522,110-78-46-61,yellow,large,rubber,sphere
88,1629,138-45-45-47,blue,large,rubber,cube
251,1180,50-60-38-39,blue,small,metal,sphere
251,1448,90-77-42-42,cyan,large,rubber,sphere
251,432,144-65-20-23,gray,small,metal,cube
375,1166,43-35-33-39,brown,small,rubber,cylinder
375,639,84-32-27-27,brown,small,rubber,sphere
375,353,71-96-20-20,cyan,small,metal,sphere
375,1489,189-46-39-44,red,large,rubber,cylinder
375,517,112-75-24-27,brown,small,rubber,sphere
40,734,40-45-30-30,yellow,small,rubber,sphere
40,360,89-107-20-20,blue,small,metal,sphere
40,830,173-52-32-31,purple,small,metal,sphere
122,908,58-45-33-33,green,small,metal,sphere
122,1395,169-34-40-43,green,large,rubber,cube
122,759,103-17-26-32,blue,small,rubber,cube
198,494,64-86-21-25,blue,small,metal,cube
198,1781,0-43-47-45,red,large,rubber,cube
198,2800,104-83-49-64,gray,large,rubber,cylinder
198,532,188-71-26-25,cyan,small,rubber,cube
198,718,121-63-37-31,blue,small,rubber,sphere
14,848,97-21-26-32,green,small,rubber,cube
14,540,49-78-24-27,purple,small,rubber,cube
444,880,78-45-32-32,gray,small,metal,sphere
444,987,136-28-29-35,red,small,rubber,cube
444,383,132-100-20-22,purple,small,rubber,sphere
444,497,34-67-24-23,brown,small,rubber,cube
897,349,28-56-19-21,cyan,small,rubber,cube
897,375,185-63-20-22,gray,small,rubber,cube
897,1806,79-40-36-60,cyan,large,rubber,cylinder
350,797,95-21-25-32,green,small,rubber,cube
350,1137,47-35-33-38,cyan,small,rubber,cube
350,384,118-62-19-22,blue,small,rubber,cube
724,1522,77-49-35-46,cyan,large,rubber,cylinder
724,1177,115-68-37-38,purple,small,metal,sphere
314,971,175-44-35-34,cyan,small,metal,sphere
314,852,103-38-32-32,purple,small,rubber,sphere
723,945,123-24-31-32,yellow,small,rubber,cube
277,1028,10-52-36-34,purple,small,rubber,sphere
277,1665,75-85-45-46,brown,large,rubber,sphere
277,365,140-96-20-21,cyan,small,rubber,sphere
277,1681,162-52-40-47,yellow,large,rubber,cylinder
277,668,142-40-29-31,gray,small,metal,sphere
878,450,154-77-20-24,red,small,rubber,cube
878,2348,33-59-54-55,gray,large,rubber,cube
878,891,101-26-27-34,yellow,small,rubber,cube
878,1048,191-55-36-35,gray,small,metal,sphere
307,414,83-76-18-23,red,small,rubber,cube
307,539,123-28-25-25,green,small,metal,sphere
171,860,88-45-32-33,red,small,rubber,sphere
171,539,69-92-21-30,brown,small,rubber,cube
171,860,118-17-26-34,cyan,small,rubber,cylinder
171,3046,93-78-57-67,blue,large,rubber,cube
171,1446,132-50-37-47,green,large,metal,cylinder
171,2023,164-64-46-53,green,large,rubber,sphere
318,889,31-52-34-33,red,small,rubber,sphere
318,436,64-85-19-24,gray,small,rubber,cube
318,1005,148-60-35-34,cyan,small,rubber,sphere
74,1006,44-65-36-34,brown,small,rubber,sphere
74,884,162-55-32-32,yellow,small,metal,sphere
74,2421,111-71-53-59,blue,large,rubber,cube
261,1128,87-32-31-36,green,small,rubber,cube
261,780,162-40-30-30,blue,small,rubber,sphere
261,2073,46-63-44-53,green,large,rubber,cylinder
261,2312,109-69-44-58,red,large,rubber,cylinder
565,402,22-56-22-20,red,small,rubber,cube
565,1129,70-28-34-36,green,small,rubber,cube
565,1027,124-22-35-34,green,small,rubber,cube
565,2110,142-54-50-53,green,large,rubber,sphere
58,1153,51-36-33-38,purple,small,rubber,cube
58,637,136-85-26-28,purple,small,rubber,cube
627,328,173-53-21-20,red,small,rubber,cube
627,346,159-60-19-22,cyan,small,metal,cube
627,2590,99-72-46-60,blue,large,rubber,sphere
627,482,57-65-23-25,purple,small,rubber,cube
931,343,55-47-20-20,red,small,metal,cube
931,1552,64-87-44-43,brown,large,metal,sphere
931,2168,119-55-65-53,yellow,large,rubber,cube
840,903,173-44-33-32,green,small,metal,sphere
840,1758,104-84-46-46,green,large,metal,sphere
840,1444,96-35-39-41,purple,large,rubber,cube
41,781,50-33-30-37,cyan,small,rubber,cube
41,1267,69-44-35-42,brown,small,rubber,cube
41,1700,94-85-45-47,purple,large,metal,sphere
41,1397,49-72-41-41,brown,large,metal,sphere
41,1144,132-61-38-38,gray,small,rubber,sphere
172,454,16-55-25-22,gray,small,rubber,cube
172,494,80-113-24-24,blue,small,metal,sphere
172,1333,160-61-41-40,green,large,metal,sphere
172,1569,43-42-38-46,purple,large,rubber,cube
172,573,130-89-22-28,red,small,rubber,cube
289,1732,11-40-46-42,brown,large,rubber,sphere
289,525,49-83-22-26,red,small,rubber,cube
289,1185,141-30-33-37,brown,small,rubber,cube
289,1739,191-48-43-48,blue,large,rubber,sphere
289,2370,116-68-44-58,green,large,rubber,sphere
289,1051,106-26-34-35,blue,small,rubber,cube
289,1868,78-52-43-50,cyan,large,rubber,cube
500,479,83-92-19-26,cyan,small,rubber,cube
500,1336,99-46-33-43,cyan,large,rubber,cube
500,961,33-55-35-34,blue,small,metal,sphere
829,668,99-114-22-32,yellow,small,rubber,cube
829,804,184-46-33-31,blue,small,rubber,sphere
829,536,114-99-24-29,brown,small,rubber,cube
829,546,143-80-24-26,yellow,small,rubber,cube
829,1209,93-25-37-38,yellow,small,rubber,cube
829,494,180-72-25-25,green,small,rubber,cube
829,1320,180-46-37-51,cyan,large,rubber,cube
773,476,51-84-20-25,blue,small,rubber,cube
773,552,83-95-20-28,red,small,rubber,cube
773,3014,106-82-51-62,purple,large,metal,cylinder
404,1103,72-27-36-34,brown,small,rubber,cube
404,848,86-109-30-34,red,small,rubber,cube
404,387,132-101-21-21,gray,small,rubber,sphere
376,452,56-76-22-23,red,small,rubber,cube
376,1186,127-44-31-40,red,small,rubber,cylinder
376,1035,158-36-30-38,cyan,small,rubber,cylinder
376,450,118-24-23-23,green,small,metal,sphere
199,832,35-49-32-30,yellow,small,metal,sphere
199,572,71-87-25-27,gray,small,rubber,cube
199,431,143-44-30-17,red,small,rubber,sphere
199,598,109-31-27-27,green,small,rubber,sphere
636,1274,48-40-35-41,yellow,small,rubber,cube
636,516,80-90-21-27,cyan,small,rubber,cylinder
25,1185,36-42-35-39,green,small,rubber,cube
25,992,86-35-29-36,green,small,rubber,cube
25,880,132-53-32-33,gray,small,rubber,sphere
25,2015,84-71-41-54,cyan,large,rubber,cylinder
25,387,66-73-19-24,yellow,small,rubber,cube
733,670,64-32-28-28,yellow,small,rubber,sphere
733,878,22-38-34-40,blue,small,rubber,cube
733,408,97-81-18-24,gray,small,rubber,cube
733,549,80-95-21-28,brown,small,rubber,cube
733,1076,35-58-36-36,purple,small,rubber,sphere
597,1552,117-86-43-43,green,large,metal,sphere
597,758,48-37-32-38,green,small,metal,cube
597,1756,53-58-40-49,cyan,large,rubber,sphere
181,960,35-49-34-34,gray,small,rubber,sphere
181,895,59-30-29-36,gray,small,rubber,cube
181,512,96-83-20-25,brown,small,metal,cube
181,433,191-75-20-24,brown,small,metal,cube
181,465,169-79-20-25,yellow,small,rubber,cube
181,574,145-94-22-28,yellow,small,rubber,cube
181,1292,100-23-50-34,green,small,rubber,cube
499,1256,4-41-37-43,green,small,rubber,sphere
499,695,68-31-29-29,cyan,small,metal,sphere
499,1253,4-41-60-43,green,small,rubber,cube
499,2533,54-79-48-61,cyan,large,rubber,sphere
499,2139,115-67-42-56,green,large,rubber,cylinder
499,493,173-71-24-25,green,small,rubber,cube
499,1063,95-18-34-35,purple,small,rubber,cube
499,1577,31-59-51-51,red,large,rubber,cube
1,1358,23-43-37-42,gray,large,rubber,cylinder
1,421,56-78-19-23,green,small,metal,cube
1,509,76-92-20-26,yellow,small,rubber,cube
1,1079,193-43-36-42,blue,small,rubber,cube
1,572,132-100-21-28,cyan,small,rubber,cube
1,1196,172-65-38-38,purple,small,metal,sphere
1,1627,131-49-39-47,blue,large,metal,cylinder
215,1112,26-38-34-39,yellow,small,rubber,cube
215,1173,146-43-35-39,yellow,small,rubber,cube
215,430,140-77-20-24,yellow,small,rubber,cube
215,1943,52-63-41-52,blue,large,rubber,cylinder
100,994,44-55-35-34,green,small,metal,sphere
367,1139,74-28-37-35,brown,small,rubber,cube
367,1541,12-41-46-44,cyan,large,rubber,cube
367,438,40-75-20-24,cyan,small,rubber,cube
367,515,116-26-24-24,yellow,small,rubber,sphere
367,505,153-87-21-26,purple,small,rubber,cube
367,385,67-70-18-22,green,small,rubber,cube
909,1016,66-30-31-36,gray,small,rubber,cube
909,1169,174-46-34-42,brown,small,rubber,cylinder
909,1613,142-58-38-47,yellow,large,rubber,cylinder
909,1359,93-80-40-41,gray,large,metal,sphere
528,459,98-75-21-24,purple,small,rubber,cube
528,829,124-27-27-32,cyan,small,rubber,cylinder
896,1218,73-24-38-38,brown,small,rubber,cube
896,895,20-47-33-32,gray,small,rubber,sphere
896,1508,174-38-42-45,purple,large,rubber,cube
896,1526,129-34-43-43,cyan,large,rubber,cube
896,698,118-97-28-30,red,small,rubber,cube
896,1144,95-63-37-37,purple,small,metal,sphere
852,815,74-26-39-37,green,small,rubber,cube
852,1035,62-38-33-41,yellow,small,rubber,sphere
852,691,91-113-23-32,yellow,small,rubber,cube
852,1196,119-34-31-40,purple,small,rubber,cube
852,1179,74-65-38-38,brown,small,metal,sphere
717,1765,123-38-45-47,blue,large,rubber,sphere
717,1759,48-50-40-49,blue,large,rubber,cylinder
717,398,176-64-19-23,purple,small,rubber,cube
504,1578,62-38-41-43,gray,large,rubber,cube
504,544,96-26-27-27,yellow,small,metal,sphere
504,456,85-82-19-26,cyan,small,rubber,cube
504,2050,180-51-52-52,purple,large,rubber,cube
504,740,111-111-24-31,gray,small,rubber,cube
622,413,51-77-19-24,gray,small,rubber,cube
622,364,149-56-20-20,yellow,small,rubber,cube
622,414,190-60-23-21,cyan,small,rubber,cube
622,354,141-98-20-20,cyan,small,rubber,sphere
622,1779,10-47-49-44,yellow,large,rubber,sphere
622,2073,73-64-42-50,yellow,large,rubber,cube
970,352,177-54-20-20,blue,small,metal,cube
970,1800,196-47-43-49,gray,large,rubber,sphere
970,1593,108-80-44-44,brown,large,metal,sphere
290,1052,51-56-36-35,brown,small,metal,sphere
290,1375,131-44-35-43,red,large,rubber,cylinder
353,1239,57-31-33-41,cyan,small,rubber,cube
353,1521,144-34-41-45,blue,large,rubber,cylinder
353,3289,81-89-53-70,red,large,rubber,cylinder
353,1110,113-62-38-39,gray,small,metal,sphere
326,692,77-39-29-29,yellow,small,metal,sphere
326,908,49-51-33-33,gray,small,rubber,sphere
326,530,144-44-30-29,cyan,small,rubber,sphere
326,1019,128-57-35-36,cyan,small,rubber,sphere
341,262,34-63-20-22,cyan,small,rubber,cube
341,829,71-46-32-32,gray,small,rubber,sphere
341,555,67-29-29-32,red,small,rubber,cube
341,2769,76-88-48-64,green,large,rubber,sphere
341,463,41-76-20-23,green,small,rubber,cube
341,1457,161-35-43-42,red,large,rubber,sphere
341,690,119-37-29-28,cyan,small,metal,sphere
341,2645,128-68-56-60,blue,large,rubber,cube
744,816,53-31-37-31,brown,small,rubber,cube
744,665,85-102-26-30,cyan,small,rubber,sphere
744,1003,145-32-31-36,green,small,rubber,cube
744,2229,126-64-48-56,blue,large,rubber,cube
744,910,100-53-33-35,purple,small,metal,sphere
744,505,176-73-24-24,yellow,small,rubber,cube
744,1183,34-46-34-43,brown,small,rubber,cube
744,1722,61-61-40-51,green,large,rubber,cylinder
599,1207,80-25-39-39,brown,small,rubber,cube
599,2944,75-85-49-62,brown,large,metal,cylinder
599,338,162-46-20-21,cyan,small,rubber,cube
599,1915,176-58-44-51,red,large,rubber,cylinder
599,820,112-41-31-31,blue,small,rubber,sphere
599,652,205-50-33-36,blue,small,rubber,sphere
599,411,33-69-20-24,brown,small,rubber,cylinder
599,1124,75-85-48-25,brown,small,metal,cube
87,1022,8-45-36-34,brown,small,rubber,sphere
87,1337,90-35-33-42,purple,large,rubber,cube
87,677,135-27-28-29,red,small,metal,sphere
87,549,164-84-22-28,purple,small,rubber,cube
87,503,127-112-24-25,green,small,metal,sphere
87,1856,196-45-43-49,purple,large,rubber,cube
87,633,108-18-27-33,red,small,rubber,cube
87,1334,52-61-40-40,green,large,metal,sphere
92,362,20-59-21-21,gray,small,rubber,cube
92,906,190-49-34-32,brown,small,rubber,sphere
92,796,116-19-26-32,brown,small,rubber,cube
92,3000,77-78-58-66,cyan,large,rubber,cube
92,2529,130-70-56-61,red,large,rubber,cube
92,3005,44-78-91-66,cyan,large,rubber,cube
92,1184,42-71-39-39,green,small,rubber,sphere
727,1539,125-82-43-43,brown,large,rubber,sphere
727,1899,21-54-44-51,cyan,large,rubber,cylinder
727,339,151-65-18-23,cyan,small,rubber,cube
978,696,64-39-28-29,gray,small,rubber,sphere
978,572,82-102-21-29,cyan,small,rubber,cube
978,1093,113-25-35-35,red,small,rubber,cube
978,947,143-54-34-34,purple,small,metal,sphere
38,1221,59-30-36-39,cyan,small,rubber,cube
38,426,80-76-18-24,blue,small,rubber,cube
38,1011,114-25-30-35,brown,small,rubber,cube
183,733,77-41-29-29,brown,small,metal,sphere
183,735,76-100-28-31,purple,small,rubber,cube
183,381,175-59-22-20,yellow,small,rubber,cube
183,431,162-74-20-24,brown,small,rubber,cube
183,470,136-78-20-25,blue,small,metal,cube
372,551,41-77-25-26,purple,small,rubber,cube
372,2457,74-78-45-60,purple,large,rubber,sphere
229,1193,120-28-34-38,gray,small,rubber,cube
229,526,35-72-25-26,cyan,small,rubber,cube
229,2753,75-68-48-60,yellow,large,rubber,cylinder
568,902,49-47-33-33,cyan,small,rubber,sphere
568,1116,144-28-33-38,yellow,small,rubber,cube
568,1413,99-76-41-41,brown,large,metal,sphere
568,509,172-73-25-25,brown,small,rubber,cube
568,1793,83-69-57-48,brown,large,metal,sphere
415,593,49-84-27-28,blue,small,rubber,cube
415,1075,112-35-31-40,gray,small,rubber,cube
415,1007,134-58-35-34,red,small,metal,sphere
452,747,36-38-30-30,blue,small,metal,sphere
452,2606,103-74-48-58,green,large,rubber,cube
452,1305,171-42-40-45,red,large,rubber,cylinder
452,1083,146-61-36-36,cyan,small,metal,sphere
507,1238,85-34-37-37,brown,small,rubber,cube
507,458,166-83-20-24,blue,small,rubber,cube
507,393,130-73-20-22,blue,small,rubber,cube
50,1237,164-38-34-40,purple,small,rubber,cube
50,1895,86-101-47-49,green,large,rubber,sphere
50,1252,163-38-51-52,purple,small,rubber,cube
485,665,68-29-31-25,yellow,small,rubber,cube
485,1638,142-43-44-45,cyan,large,rubber,cube
485,1516,67-52-36-45,red,large,rubber,cylinder
611,1246,35-35-36-39,blue,small,rubber,cube
611,1614,97-84-44-45,brown,large,rubber,sphere
279,1282,64-34-33-42,yellow,small,rubber,cube
279,373,93-99-20-20,yellow,small,metal,sphere
279,473,184-77-21-25,blue,small,rubber,cube
0,685,126-35-29-28,purple,small,metal,sphere
0,654,152-84-30-27,gray,small,rubber,cube
0,2814,71-66-56-61,gray,large,rubber,cube
0,1348,40-44-36-43,gray,large,rubber,cylinder
207,1689,38-50-40-48,green,large,rubber,cube
207,2606,110-71-47-57,brown,large,rubber,cylinder
207,2270,157-62-45-55,purple,large,metal,cylinder
689,950,122-24-30-34,green,small,rubber,cube
689,640,135-102-22-30,green,small,rubber,cube
689,419,164-73-19-23,brown,small,rubber,cube
78,1266,43-34-39-37,gray,small,rubber,sphere
78,515,79-97-20-27,gray,small,metal,sphere
78,1156,134-37-33-38,red,small,rubber,cylinder
78,401,132-79-18-23,purple,small,metal,cube
78,765,110-23-26-31,gray,small,rubber,cube
808,550,92-88-20-28,blue,small,rubber,cube
808,812,168-41-32-30,green,small,rubber,sphere
808,1701,13-45-41-47,cyan,large,rubber,cube
808,1465,107-34-41-40,cyan,large,rubber,cube
159,670,72-32-28-28,blue,small,metal,sphere
159,2786,67-81-49-64,brown,large,rubber,sphere
159,349,156-53-20-20,brown,small,rubber,cube
159,466,150-80-19-25,purple,small,rubber,cube
678,1203,75-29-40-35,gray,small,rubber,sphere
678,639,94-110-22-31,cyan,small,rubber,cube
678,2360,54-58-51-55,purple,large,rubber,cube
678,1973,159-51-49-47,cyan,large,rubber,sphere
678,1594,11-43-42-47,brown,large,rubber,cylinder
957,1999,135-68-42-54,purple,large,rubber,cylinder
957,2882,76-81-54-65,brown,large,metal,cylinder
957,1245,65-59-42-48,red,small,rubber,cube
991,1297,78-22-39-39,yellow,small,rubber,cube
991,557,31-75-25-24,green,small,rubber,cube
991,854,118-17-26-33,gray,small,rubber,cylinder
991,354,143-89-20-21,yellow,small,metal,sphere
991,3135,78-85-51-68,brown,large,rubber,sphere
706,1552,29-30-45-44,red,large,rubber,cube
706,835,120-40-32-32,green,small,metal,sphere
706,390,199-64-20-22,red,small,rubber,cube
706,2130,92-65-42-56,green,large,rubber,sphere
706,474,53-71-22-26,yellow,small,rubber,cube
303,1002,60-30-30-35,cyan,small,rubber,cube
303,588,122-29-27-28,cyan,small,metal,sphere
303,515,183-77-23-27,red,small,rubber,cube
303,2526,135-65-50-59,gray,large,metal,cube
190,441,87-112-22-23,purple,small,rubber,sphere
190,1216,96-67-38-39,brown,small,rubber,sphere
247,1290,126-25-39-38,cyan,small,rubber,cube
247,445,170-75-21-25,blue,small,rubber,cube
247,2187,128-68-43-56,green,large,rubber,sphere
247,2093,37-64-45-54,brown,large,rubber,sphere
42,748,63-43-30-30,yellow,small,rubber,sphere
42,463,139-78-20-23,cyan,small,rubber,cube
42,1547,96-54-36-46,brown,large,rubber,cylinder
858,405,94-54-21-22,blue,small,rubber,cube
858,425,159-69-20-23,green,small,rubber,cube
587,1159,93-38-31-39,blue,small,rubber,cube
587,936,40-52-34-32,brown,small,metal,sphere
587,648,127-107-23-30,cyan,small,rubber,cylinder
587,1963,126-55-44-49,gray,large,rubber,cube
867,525,73-93-20-27,blue,small,rubber,cylinder
867,519,116-20-24-25,cyan,small,rubber,sphere
867,1652,38-52-40-47,purple,large,rubber,cylinder
867,1413,143-45-36-44,cyan,large,rubber,cylinder
867,1660,38-52-53-66,purple,large,rubber,cylinder
150,816,77-44-30-32,green,small,rubber,sphere
150,2135,172-51-54-50,red,large,rubber,cube
529,875,90-46-32-32,cyan,small,metal,sphere
529,956,144-50-33-33,gray,small,rubber,sphere
529,801,135-101-31-34,purple,small,rubber,cube
529,278,137-101-28-17,purple,small,rubber,cube
529,1077,110-23-36-36,red,small,rubber,sphere
666,1060,59-32-31-38,green,small,rubber,cube
666,1866,142-64-40-52,purple,large,rubber,cylinder
666,1279,59-32-44-45,green,small,rubber,cube
75,1284,81-34-37-40,purple,small,rubber,cylinder
75,422,37-55-23-22,brown,small,rubber,cube
75,664,44-84-28-30,red,small,rubber,sphere
75,771,137-97-29-33,cyan,small,rubber,cube
75,3613,77-87-57-71,blue,large,rubber,cube
75,693,108-23-27-34,yellow,small,rubber,cube
545,1373,142-75-41-41,blue,large,metal,sphere
626,378,27-59-22-19,yellow,small,rubber,cube
626,856,177-48-32-32,gray,small,rubber,sphere
626,1955,122-64-40-52,cyan,large,rubber,cylinder
626,1269,96-48-45-46,gray,small,rubber,cube
859,411,61-44-29-29,yellow,small,metal,sphere
859,381,147-65-20-21,gray,small,rubber,cube
366,1801,65-25-52-59,red,large,metal,sphere
366,1359,65-39-44-45,red,large,rubber,cube
366,591,48-78-26-27,brown,small,rubber,cube
366,964,121-32-31-38,cyan,small,rubber,cube
366,817,163-40-31-31,brown,small,rubber,sphere
366,1635,193-46-41-46,purple,large,rubber,cylinder
366,1763,96-52-38-49,brown,large,rubber,cylinder
692,1203,130-43-33-41,gray,small,rubber,cube
692,540,173-76-27-26,blue,small,rubber,cube
692,2129,94-69-41-55,yellow,large,rubber,sphere
267,529,45-74-22-25,green,small,rubber,cube
267,1298,168-34-36-41,red,small,rubber,cylinder
267,1920,80-43-45-49,blue,large,rubber,cube
354,414,20-57-23-21,gray,small,rubber,cube
354,1596,114-88-43-45,green,large,metal,sphere
354,1251,91-22-36-43,cyan,small,rubber,sphere
354,2260,54-72-45-57,gray,large,rubber,cylinder
233,438,17-63-23-23,green,small,rubber,cube
396,1005,50-32-32-38,blue,small,rubber,cube
396,1393,150-34-39-39,gray,large,rubber,cube
396,2770,128-69-57-63,yellow,large,rubber,cube
396,1730,22-53-42-48,purple,large,rubber,cylinder
396,1743,91-40-45-47,red,large,rubber,cube
262,448,91-115-22-24,brown,small,rubber,sphere
262,482,120-24-25-23,brown,small,metal,sphere
262,749,114-45-32-31,red,small,rubber,sphere
262,1533,193-45-40-45,blue,large,rubber,cylinder
262,1346,102-71-40-41,brown,large,metal,sphere
573,571,85-28-27-32,gray,small,rubber,cube
573,864,124-25-29-32,brown,small,rubber,cube
573,1114,161-37-44-35,red,small,rubber,cube
573,1135,161-62-37-37,purple,small,rubber,sphere
573,1317,94-44-33-42,cyan,large,rubber,cylinder
573,841,108-107-30-34,cyan,small,metal,cube
557,410,138-30-26-29,brown,small,rubber,sphere
557,1706,111-39-44-46,blue,large,rubber,cube
557,1156,26-48-51-49,red,small,rubber,cube
557,2206,45-66-45-55,green,large,rubber,sphere
945,401,44-54-22-20,yellow,small,rubber,cube
945,352,138-92-20-20,cyan,small,rubber,sphere
945,1913,92-49-43-49,yellow,large,rubber,cylinder
151,603,133-98-22-27,green,small,rubber,cube
442,422,166-79-20-23,cyan,small,rubber,cube
442,1494,190-50-39-44,green,large,rubber,cube
442,1841,58-63-40-51,yellow,large,rubber,cylinder
442,228,87-29-25-18,purple,small,metal,sphere
442,1809,97-54-43-48,purple,large,rubber,cube
442,675,89-38-40-29,cyan,small,rubber,cube
767,1514,56-33-43-43,cyan,large,rubber,cube
767,1381,65-78-41-41,red,large,metal,sphere
767,1313,170-69-41-39,gray,large,metal,sphere
767,1100,117-19-34-43,yellow,small,rubber,cube
36,894,82-108-31-36,green,small,rubber,sphere
36,2220,138-43-63-48,cyan,large,rubber,cube
602,1151,57-31-32-36,green,small,rubber,cube
602,1325,92-44-32-42,yellow,large,rubber,cube
602,541,132-78-25-26,cyan,small,rubber,cube
602,347,157-93-20-20,brown,small,metal,sphere
602,879,105-22-35-34,cyan,small,rubber,cube
510,418,26-55-23-22,green,small,metal,sphere
510,767,55-36-30-30,gray,small,metal,sphere
510,612,79-102-22-29,green,small,rubber,cube
510,2804,115-83-48-65,cyan,large,rubber,sphere
510,394,186-66-20-23,yellow,small,rubber,cube
523,1666,57-39-47-44,gray,large,rubber,cylinder
523,946,141-42-49-42,cyan,small,rubber,sphere
523,510,32-69-22-24,red,small,rubber,cube
523,2194,138-60-44-56,purple,large,rubber,cube
924,941,91-21-28-34,cyan,small,metal,cube
924,513,65-77-22-26,purple,small,rubber,cube
924,1237,123-28-39-39,cyan,small,rubber,cube
924,431,144-56-22-23,green,small,rubber,cube
924,3923,82-90-69-69,purple,large,rubber,cube
924,1373,43-42-37-45,red,large,rubber,cube
76,938,21-51-34-33,cyan,small,rubber,sphere
76,699,57-35-29-29,cyan,small,rubber,sphere
76,203,63-82-18-24,blue,small,rubber,cube
76,687,146-28-36-35,gray,small,rubber,cube
76,1301,137-42-33-42,yellow,large,rubber,cube
76,3017,68-79-60-67,red,large,rubber,cube
76,1150,98-24-36-37,blue,small,rubber,cube
76,373,121-71-17-23,blue,small,rubber,cube
556,1057,77-33-30-37,blue,small,metal,cube
556,592,124-31-32-36,red,small,rubber,cube
556,1630,130-44-41-46,yellow,large,rubber,cube
556,459,87-68-22-23,green,small,rubber,cube
710,1027,30-35-35-39,red,small,rubber,cylinder
710,730,137-35-30-30,brown,small,metal,sphere
710,561,181-81-23-25,green,small,rubber,cube
710,499,92-71-22-25,green,small,rubber,cube
710,2471,40-62-53-59,yellow,large,rubber,cube
710,766,112-96-29-32,brown,small,metal,cube
406,1270,76-31-39-38,blue,small,rubber,cube
406,1378,7-44-39-41,cyan,large,rubber,cube
406,339,93-76-24-24,red,small,rubber,cube
406,1021,197-52-36-34,red,small,metal,sphere
406,1666,100-85-44-45,red,large,rubber,sphere
322,1475,36-43-42-40,gray,large,rubber,cube
322,2329,56-77-45-58,yellow,large,rubber,cylinder
583,394,64-58-21-21,red,small,rubber,cube
583,1265,167-39-35-40,gray,small,rubber,cylinder
64,768,77-39-30-30,gray,small,rubber,sphere
64,650,116-31-27-28,purple,small,metal,sphere
64,362,142-58-19-21,yellow,small,rubber,cube
64,1258,148-31-40-38,gray,small,rubber,cube
64,1314,152-70-41-39,gray,large,rubber,sphere
7,1551,8-45-42-42,brown,large,rubber,cube
709,594,121-21-26-26,gray,small,rubber,sphere
709,451,172-80-20-24,green,small,metal,cube
709,2268,38-63-46-55,purple,large,metal,cube
709,1550,109-48-35-46,cyan,large,rubber,cube
709,1840,172-43-40-61,cyan,large,rubber,cylinder
433,979,58-30-30-35,yellow,small,rubber,cube
433,1573,187-49-41-46,green,large,rubber,sphere
433,1987,45-65-42-53,cyan,large,rubber,cylinder
665,373,44-51-21-22,brown,small,rubber,cube
665,2199,116-74-47-66,gray,large,metal,sphere
756,365,189-63-19-22,gray,small,rubber,cube
756,2178,132-71-43-57,blue,large,rubber,sphere
756,1168,91-67-37-38,cyan,small,rubber,sphere
598,798,38-39-31-31,green,small,metal,sphere
598,351,74-94-20-20,gray,small,metal,sphere
598,665,147-30-28-28,red,small,metal,sphere
598,887,186-44-33-32,gray,small,metal,sphere
598,611,136-102-22-30,cyan,small,rubber,cube
730,1118,121-22-36-35,green,small,rubber,cube
730,1741,43-53-41-48,gray,large,rubber,cylinder
80,1339,10-38-38-42,purple,large,rubber,cylinder
80,2458,49-74-46-60,yellow,large,rubber,cylinder
80,1375,143-34-39-41,cyan,large,rubber,cube
80,364,184-62-18-22,brown,small,rubber,cylinder
80,3628,96-84-64-73,red,large,metal,cube
138,738,143-38-30-30,cyan,small,metal,sphere
138,1152,25-45-37-44,purple,small,rubber,cube
138,2477,45-66-51-60,brown,large,rubber,cube
453,944,76-28-28-35,cyan,small,rubber,cube
453,1159,44-36-33-39,blue,small,rubber,cube
453,1245,144-41-34-41,red,small,rubber,cylinder
453,810,114-21-25-32,green,small,rubber,cube
453,643,136-90-27-29,cyan,small,rubber,sphere
453,1119,173-60-37-37,gray,small,rubber,sphere
453,392,33-71-19-22,red,small,rubber,cube
112,738,36-39-31-28,red,small,metal,sphere
112,1161,136-26-36-38,gray,small,rubber,cube
112,1771,72-49-48-51,brown,large,rubber,cube
167,952,93-31-29-36,blue,small,rubber,cube
167,413,29-58-23-21,red,small,rubber,cube
167,1146,168-36-34-39,purple,small,rubber,cube
167,1545,198-47-41-44,gray,large,rubber,sphere
167,1923,109-61-40-52,red,large,rubber,cylinder
167,384,68-69-18-22,yellow,small,rubber,cube
890,554,71-102-21-28,purple,small,rubber,cube
890,491,179-74-24-24,brown,small,rubber,cube
890,1120,36-66-37-37,yellow,small,rubber,sphere
890,1882,93-30-45-55,yellow,large,rubber,cube
163,531,42-76-25-25,red,small,rubber,cube
163,348,67-96-20-20,cyan,small,metal,sphere
163,291,186-62-23-20,cyan,small,rubber,cube
163,408,183-75-19-23,red,small,metal,cube
163,746,108-41-29-30,blue,small,rubber,sphere
938,884,52-47-33-32,purple,small,rubber,sphere
938,682,78-112-23-31,purple,small,rubber,cube
938,559,59-97-22-29,cyan,small,rubber,cube
938,1123,157-35-32-39,purple,small,rubber,cube
938,866,105-23-26-34,green,small,rubber,cube
938,1146,183-58-38-37,cyan,small,metal,sphere
511,650,91-36-28-28,red,small,rubber,sphere
511,1217,40-42-34-39,green,small,rubber,cube
511,356,156-54-20-20,yellow,small,rubber,sphere
511,888,128-26-28-31,brown,small,metal,cube
511,1034,117-60-35-36,green,small,metal,sphere
114,1108,75-40-33-41,blue,small,rubber,cube
114,492,140-86-20-26,gray,small,rubber,cube
114,642,118-98-23-29,purple,small,rubber,cube
114,1102,51-58-36-37,blue,small,rubber,sphere
505,1018,36-39-36-39,gray,small,rubber,cube
505,1268,127-37-33-41,red,small,rubber,cube
505,683,115-21-32-33,green,small,rubber,cube
505,725,148-95-27-30,purple,small,rubber,cube
505,1753,87-85-46-47,brown,large,metal,sphere
505,1361,41-67-41-40,brown,large,metal,sphere
560,262,61-56-23-19,red,small,rubber,cube
560,693,50-32-30-29,yellow,small,metal,sphere
560,764,71-104-25-33,purple,small,rubber,cylinder
560,1299,163-32-35-41,green,small,rubber,cube
560,1000,121-19-30-34,red,small,metal,cube
560,569,115-85-21-27,brown,small,rubber,sphere
560,531,68-65-24-25,yellow,small,rubber,cube
109,804,32-43-31-31,green,small,rubber,sphere
109,1069,70-27-32-35,yellow,small,rubber,cube
109,810,89-113-30-34,yellow,small,rubber,cube
109,527,118-22-25-25,cyan,small,rubber,sphere
812,1213,34-42-34-41,green,small,rubber,cube
812,540,71-32-26-25,yellow,small,rubber,sphere
812,1306,160-37-39-40,green,large,rubber,cube
812,2532,120-74-51-57,cyan,large,metal,cube
812,909,73-55-33-34,green,small,rubber,sphere
459,1101,96-35-30-38,blue,small,rubber,cube
459,1292,44-42-35-41,purple,small,rubber,cylinder
459,480,71-77-20-25,cyan,small,rubber,cube
842,409,26-54-22-22,red,small,rubber,cube
842,944,148-50-34-34,yellow,small,metal,sphere
842,470,133-81-20-28,cyan,small,rubber,cube
842,1718,191-52-43-48,brown,large,rubber,cylinder
842,2715,86-78-47-58,green,large,metal,cube
842,932,87-78-45-20,green,small,metal,sphere
471,379,59-61-21-21,brown,small,rubber,cube
471,2413,65-82-45-59,blue,large,rubber,sphere
471,2398,142-66-54-58,red,large,rubber,cube
471,1057,177-55-38-47,cyan,small,rubber,cube
471,356,97-69-21-22,green,small,rubber,sphere
603,1723,54-58-39-49,cyan,large,rubber,cylinder
603,2299,121-61-51-56,yellow,large,rubber,sphere
603,384,191-71-19-22,purple,small,rubber,cube
603,896,110-45-33-42,green,small,rubber,cube
278,804,43-36-31-31,red,small,rubber,sphere
278,778,95-96-28-33,purple,small,rubber,cube
278,788,134-25-34-38,cyan,small,rubber,cube
278,1719,107-37-45-45,blue,large,rubber,cube
278,553,58-71-25-26,blue,small,rubber,cube
989,391,187-72-19-23,purple,small,rubber,cube
679,563,155-89-22-28,yellow,small,rubber,cube
679,3556,79-87-64-72,brown,large,metal,cube
486,1613,45-39-44-45,green,large,rubber,cube
486,610,62-97-23-27,cyan,small,rubber,cube
486,1634,133-46-41-44,blue,large,rubber,cylinder
486,975,109-17-33-33,brown,small,rubber,cube
486,948,94-54-33-34,purple,small,rubber,sphere
483,779,176-45-30-30,green,small,rubber,sphere
483,1873,90-68-39-52,purple,large,rubber,cylinder
483,1880,90-68-75-52,purple,large,rubber,cube
848,1008,90-32-29-36,green,small,rubber,cube
848,903,128-28-28-34,blue,small,rubber,cylinder
848,2311,34-57-53-55,cyan,large,rubber,cube
848,358,122-90-20-20,cyan,small,metal,sphere
642,1069,87-37-31-38,green,small,rubber,cube
642,1847,55-60-41-51,red,large,rubber,cylinder
642,1288,136-72-40-40,red,small,rubber,sphere
642,1164,143-46-40-42,brown,small,rubber,cube
387,863,173-48-32-31,cyan,small,metal,sphere
387,1699,60-57-38-47,gray,large,rubber,cylinder
387,908,112-52-32-32,cyan,small,metal,sphere
387,387,152-72-18-22,purple,small,rubber,cube
67,772,68-106-29-34,yellow,small,rubber,cube
67,1890,102-45-46-50,blue,large,rubber,cube
67,1230,150-66-39-38,gray,small,metal,sphere
6,425,102-100-21-22,gray,small,rubber,sphere
6,2104,23-46-50-53,green,large,rubber,cube
6,1933,145-40-49-49,blue,large,rubber,cube
308,1318,162-38-37-43,blue,large,rubber,cube
308,491,207-63-24-22,purple,small,rubber,cube
308,2766,132-71-50-63,gray,large,rubber,cylinder
308,1040,100-17-33-34,blue,small,rubber,cube
308,561,38-67-26-26,blue,small,rubber,cube
534,1268,51-39-36-41,blue,small,rubber,cube
534,968,131-23-31-35,yellow,small,rubber,cube
534,1907,75-62-40-54,green,large,rubber,cube
534,1735,109-91-46-47,cyan,large,metal,sphere
534,1838,0-44-49-44,cyan,large,rubber,cube
534,513,79-31-26-30,purple,small,rubber,cube
964,1012,81-31-29-37,blue,small,rubber,cube
964,408,120-64-20-22,red,small,rubber,cube
964,1762,170-61-42-49,brown,large,rubber,cylinder
301,415,75-62-22-22,purple,small,metal,cube
301,1575,79-86-43-44,purple,large,metal,sphere
301,2354,119-61-53-56,yellow,large,rubber,cube
479,468,91-123-22-24,gray,small,rubber,sphere
479,371,127-62-19-22,gray,small,rubber,cube
479,1020,45-56-35-35,green,small,rubber,sphere
479,967,109-21-31-33,purple,small,rubber,cube
479,840,18-43-32-32,gray,small,rubber,sphere
479,1981,153-58-44-52,cyan,large,rubber,cube
447,741,162-39-30-30,yellow,small,rubber,sphere
447,2115,41-68-44-55,brown,large,rubber,cylinder
447,919,76-56-34-37,gray,small,rubber,sphere
887,491,45-76-23-26,green,small,rubber,sphere
887,1296,68-77-39-39,purple,small,metal,sphere
887,1731,129-60-38-49,gray,large,rubber,sphere
887,1849,172-51-47-44,gray,large,rubber,cube
887,669,111-35-28-29,green,small,metal,sphere
393,549,96-96-20-28,red,small,rubber,cube
393,398,132-60-20-21,blue,small,rubber,sphere
393,509,164-75-23-24,blue,small,rubber,cube
393,487,188-68-24-24,brown,small,rubber,cube
393,645,107-31-28-27,cyan,small,metal,sphere
582,912,52-41-35-31,purple,small,metal,sphere
582,619,119-22-26-29,green,small,rubber,sphere
582,262,154-37-30-19,yellow,small,rubber,cube
582,2940,48-72-51-65,brown,large,rubber,sphere
582,2192,135-45-50-51,purple,large,rubber,cube
408,1333,17-37-37-41,red,large,rubber,cylinder
408,929,93-23-27-35,brown,small,rubber,cylinder
408,437,73-58-22-23,cyan,small,rubber,cube
408,2152,162-62-45-55,green,large,rubber,cylinder
408,1459,203-44-36-46,cyan,large,rubber,sphere
493,688,68-36-28-29,green,small,metal,sphere
493,948,95-22-31-33,red,small,rubber,cube
493,745,167-41-30-29,purple,small,rubber,sphere
493,854,137-26-30-32,purple,small,metal,cube
493,1567,115-92-43-44,yellow,large,rubber,sphere
493,1422,130-54-36-46,blue,large,rubber,sphere
778,1378,148-37-41-39,cyan,large,rubber,cube
778,2633,37-62-69-55,brown,large,rubber,cube
608,2940,64-82-51-66,yellow,large,rubber,sphere
608,673,169-85-29-29,blue,small,rubber,cube
608,368,130-98-20-21,cyan,small,metal,sphere
608,1557,205-46-34-48,purple,large,rubber,cube
608,1626,102-52-38-50,purple,large,rubber,cylinder
571,631,57-43-30-24,yellow,small,rubber,sphere
571,869,116-28-28-32,purple,small,rubber,cube
571,1257,165-43-34-40,purple,small,rubber,cube
571,381,119-99-20-22,purple,small,rubber,sphere
571,2622,48-66-53-56,brown,large,rubber,cube
932,413,32-61-23-22,blue,small,rubber,cube
932,1023,45-34-32-37,yellow,small,rubber,cube
932,885,75-27-28-34,purple,small,rubber,cube
932,1003,145-38-32-40,green,small,rubber,cube
932,616,149-92-26-27,green,small,rubber,cube
932,3456,80-86-62-71,red,large,rubber,cube
932,1018,165-56-35-35,cyan,small,metal,sphere
932,1024,145-38-50-47,green,small,rubber,cylinder
862,577,70-96-22-29,purple,small,rubber,cube
862,816,187-44-30-32,purple,small,rubber,sphere
862,581,151-47-36-21,red,small,metal,cube
862,1933,102-96-48-49,brown,large,metal,sphere
862,1963,146-63-41-52,brown,large,rubber,cylinder
862,1193,27-56-38-40,red,small,metal,sphere
862,1356,110-34-39-39,cyan,large,rubber,cube
216,996,57-30-30-36,gray,small,rubber,cube
216,405,175-74-19-23,blue,small,rubber,cube
216,1963,87-67-40-53,green,large,rubber,cube
527,600,49-82-27-27,red,small,rubber,cube
527,1657,119-40-44-46,purple,large,rubber,cube
527,1049,77-57-35-36,brown,small,metal,sphere
527,371,179-65-19-22,purple,small,metal,cube
711,896,125-21-28-34,brown,small,rubber,cylinder
711,1145,151-34-34-40,cyan,small,rubber,cube
711,1597,20-49-41-47,blue,large,rubber,sphere
711,1949,171-60-45-52,gray,large,rubber,sphere
711,1485,110-81-43-42,gray,large,metal,sphere
624,1444,80-33-40-41,cyan,large,rubber,cube
624,388,153-55-21-20,purple,small,rubber,cube
624,585,170-77-27-27,green,small,rubber,cube
624,1522,43-73-43-43,blue,large,rubber,sphere
223,854,32-52-32-32,green,small,metal,sphere
223,445,179-74-21-22,yellow,small,rubber,cube
140,1217,47-40-40-37,red,small,rubber,cube
140,1204,172-43-34-40,green,small,rubber,cube
140,1966,58-72-41-53,brown,large,rubber,cylinder
140,2343,109-83-43-58,green,large,metal,cylinder
140,373,38-73-18-22,cyan,small,rubber,cube
140,1284,122-60-46-46,red,small,rubber,cube
566,644,100-89-26-30,green,small,rubber,sphere
566,474,32-67-24-25,yellow,small,rubber,cube
566,452,185-62-24-24,yellow,small,rubber,cube
698,686,52-40-28-28,cyan,small,rubber,sphere
698,387,40-63-21-22,blue,small,rubber,cube
698,615,63-91-25-28,red,small,rubber,cube
698,1011,170-58-36-34,gray,small,metal,sphere
292,356,59-44-20-20,green,small,metal,cube
292,852,80-106-31-36,yellow,small,rubber,cube
292,646,51-93-23-29,cyan,small,metal,cube
292,279,154-55-22-20,blue,small,rubber,sphere
292,2141,127-64-43-56,red,large,rubber,cylinder
292,1750,8-41-47-48,yellow,large,rubber,cube
292,450,210-65-23-24,brown,small,rubber,cube
797,856,86-51-32-34,purple,small,metal,sphere
797,1003,60-32-30-37,cyan,small,rubber,cube
797,783,129-44-30-32,purple,small,rubber,sphere
797,2754,104-74-56-62,red,large,rubber,cube
797,979,98-24-34-37,green,small,rubber,cube
54,627,85-111-22-30,yellow,small,rubber,sphere
54,1547,155-52-38-45,purple,large,rubber,cylinder
54,771,110-19-25-32,yellow,small,rubber,cube
54,2329,38-65-51-60,cyan,large,rubber,cylinder
512,599,90-96-21-29,gray,small,rubber,sphere
512,716,149-37-29-29,brown,small,rubber,sphere
512,1038,71-55-36-35,cyan,small,rubber,sphere
512,1330,149-68-40-40,green,large,rubber,sphere
512,1540,32-44-38-44,blue,large,metal,cube
921,1714,3-40-49-46,cyan,large,rubber,sphere
921,946,54-52-34-34,cyan,small,metal,sphere
921,396,82-77-18-24,green,small,rubber,cube
921,639,126-30-27-28,cyan,small,metal,sphere
921,1723,3-40-83-46,cyan,large,rubber,cube
921,1416,98-80-41-41,blue,large,rubber,sphere
664,703,85-25-28-33,yellow,small,rubber,cube
664,386,132-86-19-25,blue,small,rubber,cube
664,1368,142-45-35-43,purple,large,rubber,cylinder
664,1305,103-32-38-39,brown,large,rubber,cube
664,3540,73-87-65-72,red,large,metal,cube
664,421,182-73-20-23,brown,small,metal,cube
380,357,97-112-20-20,red,small,rubber,sphere
380,568,96-103-21-29,red,small,rubber,cylinder
189,589,145-41-30-32,red,small,rubber,sphere
189,591,144-95-23-29,gray,small,rubber,sphere
189,1759,161-51-41-49,cyan,large,rubber,cylinder
189,2063,36-61-44-53,brown,large,rubber,cylinder
147,1296,47-30-37-40,cyan,small,rubber,cube
147,2723,76-80-48-64,purple,large,rubber,cylinder
147,412,121-75-19-25,red,small,rubber,cylinder
844,987,38-39-33-39,cyan,small,rubber,cube
844,650,98-109-22-31,green,small,rubber,sphere
844,1197,150-31-37-39,green,small,rubber,cube
844,893,183-50-33-32,blue,small,rubber,sphere
844,382,127-70-17-23,yellow,small,metal,cube
844,1070,54-62-36-37,cyan,small,rubber,sphere
539,1082,78-31-30-35,blue,small,rubber,cube
539,429,53-60-22-22,gray,small,rubber,cube
539,514,93-87-20-26,cyan,small,metal,cube
539,1507,179-40-43-41,brown,large,rubber,cube
539,392,117-101-21-21,gray,small,metal,sphere
539,1010,149-53-35-35,red,small,metal,sphere
94,1803,128-39-46-47,blue,large,rubber,cube
94,434,62-72-19-24,blue,small,rubber,cube
45,580,90-29-27-26,purple,small,metal,sphere
115,995,49-37-31-38,red,small,rubber,cube
115,402,119-79-17-23,yellow,small,rubber,cube
115,2044,140-72-42-54,red,large,rubber,cylinder
115,1337,48-37-37-49,red,large,rubber,cylinder
434,898,60-39-32-38,red,small,rubber,cube
434,362,20-65-19-21,cyan,small,metal,cube
434,498,82-86-20-25,gray,small,rubber,sphere
434,1958,153-56-43-48,cyan,large,rubber,cylinder
434,1397,20-55-57-35,cyan,large,metal,sphere
618,342,63-45-20-20,green,small,rubber,cube
618,755,91-38-30-30,green,small,rubber,sphere
618,374,160-60-23-21,green,small,rubber,cube
618,2328,131-74-45-59,red,large,rubber,cylinder
618,550,85-23-28-33,cyan,small,rubber,cube
929,1100,72-32-30-38,purple,small,metal,cube
929,958,36-41-36-33,purple,small,rubber,cube
929,1296,144-36-34-39,gray,small,metal,cylinder
929,884,114-109-30-35,red,small,rubber,cube
929,1310,35-68-40-39,red,large,rubber,sphere
929,403,103-68-18-23,gray,small,rubber,cube
929,985,116-25-29-34,gray,small,metal,cube
929,701,184-60-23-38,red,small,rubber,cube
751,1573,65-35-43-43,red,large,rubber,cube
751,675,138-32-28-28,purple,small,rubber,sphere
751,406,129-103-21-22,green,small,rubber,sphere
751,1897,180-55-44-50,green,large,rubber,cube
319,1420,67-77-41-41,gray,large,rubber,sphere
319,1351,97-41-33-43,gray,large,rubber,cylinder
319,616,113-101-22-30,yellow,small,rubber,cube
340,1395,2-40-39-42,gray,large,rubber,cylinder
258,927,145-50-32-34,gray,small,rubber,sphere
258,379,126-100-20-21,cyan,small,metal,sphere
258,2191,174-59-47-52,yellow,large,rubber,cube
544,1353,61-35-37-39,blue,large,rubber,cube
544,530,87-84-20-27,cyan,small,rubber,sphere
544,784,149-93-30-32,yellow,small,rubber,cube
544,248,151-93-28-14,yellow,small,rubber,cube
544,1733,170-50-41-47,gray,large,rubber,cylinder
544,1022,96-24-32-34,purple,small,metal,cube
544,450,37-68-22-24,green,small,rubber,cube
221,632,122-33-27-28,cyan,small,metal,sphere
221,2658,83-76-46-62,green,large,rubber,cylinder
221,1957,154-58-49-50,green,large,rubber,sphere
221,1270,30-59-40-37,gray,small,metal,sphere
680,341,76-83-15-26,red,small,metal,cube
680,1850,27-55-43-50,purple,large,rubber,cube
680,3273,90-80-56-66,blue,large,metal,cube
680,452,96-30-25-29,gray,small,rubber,cube
680,480,194-71-23-25,gray,small,rubber,cube
680,1446,111-39-38-40,blue,large,rubber,cube
953,1539,28-37-42-41,yellow,large,rubber,cube
953,904,178-50-34-33,yellow,small,metal,sphere
953,368,141-104-20-21,cyan,small,rubber,sphere
22,637,99-33-27-28,blue,small,metal,sphere
22,1004,129-25-31-33,yellow,small,rubber,cylinder
22,1718,12-48-45-42,green,large,rubber,sphere
22,1223,106-70-38-39,brown,small,rubber,sphere
273,1058,80-24-36-36,brown,small,rubber,cube
273,371,31-56-21-21,blue,small,rubber,cube
273,354,172-55-20-20,cyan,small,rubber,cube
273,495,116-20-22-25,gray,small,metal,sphere
273,371,130-63-18-22,yellow,small,rubber,cube
273,1622,85-91-44-45,purple,large,metal,sphere
63,1646,7-44-44-42,blue,large,rubber,cube
63,785,122-19-26-32,blue,small,rubber,cube
63,401,194-71-20-23,yellow,small,rubber,cube
63,2673,93-87-47-63,gray,large,rubber,sphere
193,2496,65-76-50-60,yellow,large,rubber,cube
193,433,114-88-19-25,gray,small,rubber,cube
193,1320,53-49-46-44,green,large,rubber,cube
193,2874,135-36-49-76,cyan,large,rubber,cube
193,842,146-36-38-27,cyan,small,rubber,cube
606,1034,165-49-36-35,green,small,rubber,sphere
606,1396,69-68-41-41,purple,large,rubber,sphere
963,768,85-101-26-33,gray,small,rubber,cube
963,2683,28-46-59-58,blue,large,rubber,cube
963,2318,132-65-45-57,red,large,rubber,cylinder
351,452,165-75-21-22,red,small,metal,cube
351,1725,69-38-44-50,purple,large,rubber,cube
162,555,72-95-22-28,yellow,small,rubber,cube
162,1768,181-39-48-44,red,large,rubber,cube
162,919,123-30-30-39,purple,small,rubber,cube
162,504,170-88-21-26,red,small,rubber,cube
162,1504,35-44-38-45,blue,large,rubber,sphere
162,2067,89-49-48-53,brown,large,rubber,cube
658,1042,64-31-31-37,purple,small,rubber,cube
658,729,116-39-29-30,green,small,rubber,sphere
658,2429,129-77-46-60,purple,large,rubber,cylinder
658,1099,191-58-37-36,gray,small,rubber,sphere
786,1213,24-41-35-39,purple,small,rubber,cube
786,880,89-26-35-34,yellow,small,rubber,cube
786,1112,56-31-39-37,green,small,rubber,cube
786,390,100-105-21-21,yellow,small,metal,sphere
786,989,156-36-33-36,blue,small,rubber,cube
786,461,130-83-19-25,cyan,small,rubber,cube
786,399,150-74-18-23,brown,small,rubber,cylinder
786,1510,179-50-39-44,cyan,large,rubber,cylinder
298,695,118-99-24-29,cyan,small,rubber,cube
298,1462,57-73-42-42,green,large,metal,sphere
796,870,50-48-33-33,brown,small,metal,sphere
796,533,83-79-24-25,cyan,small,rubber,cube
796,1000,144-56-35-35,brown,small,metal,sphere
796,1268,110-71-38-40,green,small,metal,sphere
877,1091,54-29-32-37,brown,small,rubber,cube
877,603,132-24-26-27,red,small,rubber,sphere
877,1087,111-55-36-36,blue,small,metal,sphere
648,531,87-30-25-26,brown,small,rubber,sphere
648,916,175-44-32-40,red,small,rubber,cube
648,3174,93-83-58-66,red,large,rubber,cube
648,1592,148-56-38-46,cyan,large,rubber,cylinder
648,389,96-68-22-19,green,small,rubber,cube
275,426,60-76-19-23,red,small,metal,cube
424,952,80-44-34-34,yellow,small,rubber,sphere
424,1332,161-61-41-39,gray,large,metal,sphere
263,793,61-40-30-31,green,small,rubber,sphere
263,426,173-60-23-23,yellow,small,rubber,cube
263,613,164-83-29-27,gray,small,rubber,sphere
263,1027,25-53-35-36,green,small,rubber,sphere
263,1922,91-55-41-49,cyan,large,rubber,cylinder
263,1087,110-30-40-41,purple,small,rubber,cube
805,960,199-53-35-32,green,small,metal,sphere
805,837,143-49-32-31,blue,small,rubber,sphere
805,970,108-56-34-34,red,small,metal,sphere
458,1365,178-40-37-42,cyan,large,rubber,cylinder
458,983,114-52-34-34,green,small,metal,sphere
458,1814,50-42-47-47,green,large,rubber,cube
537,2321,36-66-46-56,red,large,metal,cube
537,1961,107-56-42-49,red,large,metal,cylinder
148,961,15-48-35-33,brown,small,metal,sphere
148,1295,126-41-34-43,blue,small,rubber,cylinder
148,1180,77-64-38-39,blue,small,rubber,sphere
148,1562,109-81-44-43,blue,large,rubber,sphere
321,1058,80-27-33-35,gray,small,rubber,cube
321,890,43-53-33-33,cyan,small,metal,sphere
321,735,118-21-24-30,green,small,rubber,cube
321,1233,96-75-38-39,green,small,metal,sphere
321,1732,146-55-42-49,purple,large,rubber,cube
35,2365,116-73-44-58,cyan,large,rubber,cylinder
35,1042,52-56-35-35,cyan,small,rubber,sphere
999,727,44-44-32-33,blue,small,rubber,sphere
999,2773,82-83-48-64,green,large,rubber,sphere
999,1105,54-66-38-39,brown,small,rubber,sphere
999,400,187-70-19-23,green,small,rubber,cube
999,336,152-91-20-20,cyan,small,metal,sphere
407,353,38-58-20-21,red,small,rubber,cube
407,1396,178-47-38-43,gray,large,rubber,cylinder
283,1058,124-27-34-35,red,small,rubber,cube
283,1006,157-38-34-38,brown,small,metal,cylinder
283,2722,106-70-70-61,purple,large,rubber,cube
283,1515,179-51-39-44,brown,large,rubber,cylinder
612,507,77-86-20-26,gray,small,rubber,sphere
612,1604,133-82-44-44,cyan,large,metal,sphere
612,1055,93-20-35-34,blue,small,rubber,cube
374,403,104-115-22-22,gray,small,rubber,sphere
374,336,187-62-20-21,yellow,small,rubber,cube
374,454,118-97-20-26,blue,small,rubber,cylinder
374,434,133-85-22-25,cyan,small,rubber,cube
374,2057,26-57-52-51,yellow,large,rubber,cube
564,494,131-77-21-23,gray,small,metal,cube
564,1761,157-44-47-44,red,large,rubber,cube
564,1262,102-36-34-38,red,small,metal,cylinder
564,2437,72-73-45-59,purple,large,rubber,cylinder
237,1034,83-32-29-37,gray,small,rubber,cube
237,592,95-100-21-28,green,small,rubber,sphere
237,2703,34-66-59-59,gray,large,rubber,sphere
237,1165,129-63-38-38,brown,small,metal,sphere
634,1700,33-39-45-47,blue,large,rubber,cube
634,461,142-93-20-28,red,small,rubber,cube
634,981,100-21-28-36,brown,small,rubber,cube
634,1835,101-93-46-48,gray,large,rubber,sphere
634,492,158-66-24-25,purple,small,rubber,cube
634,457,88-73-19-24,brown,small,rubber,cube
428,389,56-59-21-22,red,small,metal,cube
428,535,120-22-25-26,cyan,small,rubber,sphere
428,545,168-83-22-27,yellow,small,rubber,cube
428,1802,161-48-51-46,red,large,rubber,cube
428,2809,82-82-48-64,blue,large,rubber,cylinder
428,457,118-63-22-24,purple,small,rubber,cube
428,1596,40-31-39-50,blue,large,rubber,cylinder
252,354,89-53-19-21,blue,small,rubber,cube
252,613,75-28-27-27,gray,small,metal,sphere
252,613,44-85-26-27,brown,small,rubber,cube
252,887,164-33-34-39,red,small,rubber,cylinder
252,2267,175-52-56-53,cyan,large,rubber,cube
252,1563,86-82-43-44,yellow,large,metal,sphere
252,719,113-21-26-31,red,small,metal,cube
252,1711,112-47-43-47,red,large,rubber,cube
256,1431,72-54-35-44,red,large,rubber,cylinder
256,762,104-113-28-33,brown,small,metal,cube
209,484,107-88-19-26,cyan,small,rubber,cylinder
209,669,136-98-27-30,cyan,small,rubber,cube
209,1113,110-32-30-37,green,small,metal,cube
209,1602,143-58-39-48,green,large,rubber,cylinder
348,792,48-39-31-31,blue,small,metal,sphere
348,1303,76-74-39-40,cyan,large,metal,sphere
348,948,142-31-30-38,brown,small,rubber,cube
348,410,136-59-21-22,red,small,rubber,cube
348,503,115-77-22-26,cyan,small,rubber,cube
348,410,128-108-22-22,cyan,small,metal,sphere
993,764,131-39-31-30,cyan,small,metal,sphere
993,1860,47-57-41-50,gray,large,rubber,cylinder
384,1822,130-61-39-51,purple,large,rubber,cylinder
384,2769,79-89-48-64,green,large,rubber,cylinder
99,426,42-64-21-21,gray,small,rubber,cube
99,855,170-44-32-33,purple,small,metal,sphere
99,1014,138-53-35-36,blue,small,rubber,sphere
670,1954,84-61-40-52,green,large,rubber,sphere
219,688,89-27-29-29,red,small,metal,sphere
219,790,141-34-31-31,gray,small,metal,sphere
219,1528,123-77-43-43,green,large,metal,sphere
219,2075,181-51-50-54,red,large,rubber,cube
219,1679,24-35-42-53,cyan,large,rubber,cube
484,833,25-43-32-31,cyan,small,metal,sphere
484,1836,180-53-44-49,red,large,rubber,cube
484,2032,107-42-52-53,yellow,large,rubber,cube
484,1355,74-44-34-43,purple,large,rubber,cube
464,1320,123-42-38-43,red,large,rubber,cylinder
464,1285,107-71-39-40,blue,small,rubber,sphere
464,505,183-67-25-25,brown,small,rubber,cube
994,839,121-44-32-32,blue,small,rubber,sphere
889,1294,55-28-40-38,yellow,small,rubber,cube
889,727,114-38-30-29,cyan,small,metal,sphere
889,667,117-22-36-33,green,small,rubber,sphere
833,1216,95-35-35-37,green,small,rubber,cube
788,370,84-108-20-21,red,small,rubber,sphere
788,505,61-79-23-26,brown,small,rubber,cube
788,548,149-86-23-25,yellow,small,rubber,cube
142,991,126-27-29-36,brown,small,rubber,cylinder
142,394,152-52-22-21,cyan,small,rubber,cube
142,540,124-79-22-25,cyan,small,rubber,cube
142,1157,187-56-38-36,purple,small,metal,sphere
142,1386,51-69-41-41,yellow,large,rubber,sphere
142,1663,51-48-41-62,green,large,rubber,sphere
822,1353,58-37-36-40,cyan,large,rubber,cube
822,432,174-61-22-22,cyan,small,rubber,cube
822,1491,102-81-42-43,green,large,metal,sphere
264,2319,47-59-50-55,gray,large,rubber,cube
777,486,52-80-23-26,yellow,small,rubber,cube
777,1924,122-67-40-52,cyan,large,rubber,cylinder
71,401,70-104-21-22,green,small,rubber,sphere
71,335,104-86-20-20,blue,small,metal,sphere
71,1050,115-17-35-34,red,small,rubber,cube
71,394,163-55-21-21,red,small,rubber,cube
71,2049,11-44-53-49,brown,large,rubber,sphere
71,1861,188-51-44-50,gray,large,rubber,sphere
313,594,68-83-25-28,yellow,small,rubber,cube
313,364,203-63-20-21,red,small,rubber,cube
313,1591,115-81-44-44,green,large,rubber,sphere
313,398,183-68-19-22,red,small,metal,cube
272,700,64-38-28-29,red,small,rubber,sphere
696,1609,128-41-37-45,brown,large,metal,cube
373,839,38-49-32-31,cyan,small,metal,sphere
373,1067,109-25-36-36,purple,small,rubber,cube
853,722,80-36-28-30,blue,small,rubber,sphere
853,2964,66-88-52-62,brown,large,rubber,cylinder
853,904,189-47-34-32,blue,small,rubber,sphere
946,385,55-64-19-22,purple,small,rubber,cube
946,1476,143-77-43-42,yellow,large,metal,sphere
946,2986,83-76-55-64,blue,large,metal,cube
617,614,81-100-22-30,red,small,rubber,cube
795,1420,73-75-41-42,yellow,large,rubber,sphere
795,1295,140-42-34-42,red,small,rubber,cylinder
795,1753,120-87-45-46,cyan,large,rubber,sphere
795,1677,179-52-41-46,blue,large,rubber,sphere
741,1131,43-32-33-39,yellow,small,rubber,cylinder
741,2782,75-78-51-60,brown,large,metal,sphere
741,2057,146-67-43-54,purple,large,rubber,cylinder
741,387,129-70-17-23,blue,small,rubber,cube
588,1492,84-34-42-43,red,large,rubber,cube
588,539,64-30-26-29,cyan,small,rubber,cube
588,2183,111-66-42-57,purple,large,rubber,cylinder
588,1885,178-55-44-50,blue,large,rubber,cylinder
214,1353,38-44-36-42,yellow,large,rubber,cylinder
214,401,92-77-18-24,red,small,rubber,cube
695,730,80-30-29-30,green,small,metal,sphere
695,1068,155-48-36-36,red,small,rubber,sphere
695,1097,114-19-34-35,green,small,rubber,cube
695,405,145-92-23-22,red,small,metal,sphere
695,642,178-80-29-29,gray,small,rubber,cube
695,3543,88-90-56-69,cyan,large,rubber,sphere
695,2391,21-48-55-55,gray,large,rubber,cube
901,1310,28-39-36-41,red,large,rubber,cylinder
901,571,44-80-25-25,blue,small,rubber,cube
901,1834,175-43-49-45,gray,large,rubber,cube
398,868,88-47-32-32,green,small,metal,sphere
398,545,163-88-22-27,cyan,small,rubber,cube
398,1031,125-57-35-35,green,small,metal,sphere
429,984,92-31-28-35,cyan,small,rubber,cube
429,1477,161-37-43-40,red,large,rubber,sphere
429,1514,125-49-36-45,red,large,rubber,cylinder
429,1509,127-36-77-42,red,large,rubber,cube
429,1435,58-73-41-42,brown,large,metal,sphere
336,1062,87-28-31-36,blue,small,rubber,cube
336,360,71-103-20-21,red,small,rubber,sphere
336,478,97-126-23-24,cyan,small,metal,sphere
336,681,134-35-28-29,gray,small,rubber,sphere
336,520,135-87-21-27,purple,small,rubber,cube
336,1580,38-52-39-46,brown,large,rubber,cylinder
986,1414,34-32-39-39,yellow,large,rubber,cube
986,1940,153-46-47-47,yellow,large,rubber,cube
299,1354,82-75-40-41,red,large,metal,sphere
299,1004,148-35-30-36,blue,small,rubber,cube
299,1861,43-55-46-47,purple,large,rubber,cube
926,1055,91-26-33-35,brown,small,rubber,cylinder
926,1112,41-34-35-37,purple,small,rubber,cube
926,1181,134-31-35-37,yellow,small,rubber,cube
926,588,104-79-25-27,blue,small,rubber,sphere
639,1418,72-31-40-40,purple,large,rubber,cube
639,2021,141-49-45-48,blue,large,rubber,cube
639,591,110-78-24-27,gray,small,rubber,cylinder
980,1013,137-23-30-36,purple,small,metal,cylinder
980,2210,59-60-57-56,red,large,rubber,sphere
980,1157,97-20-36-36,yellow,small,rubber,cube
325,1207,149-35-33-40,blue,small,rubber,cylinder
325,1672,84-54-37-48,gray,large,rubber,cylinder
242,924,57-51-33-33,cyan,small,metal,sphere
242,1538,173-40-43-40,green,large,rubber,cube
242,671,134-36-28-28,cyan,small,metal,sphere
242,1130,115-63-36-37,red,small,rubber,sphere
894,1205,32-66-39-38,yellow,small,rubber,sphere
894,1080,163-59-36-35,yellow,small,rubber,sphere
894,389,122-68-18-23,red,small,metal,cube
405,598,70-33-27-25,red,small,metal,sphere
405,379,103-97-20-21,blue,small,metal,sphere
405,1027,196-52-36-34,cyan,small,metal,sphere
405,507,169-84-21-26,yellow,small,rubber,cube
405,1080,68-58-36-36,red,small,rubber,sphere
614,685,135-95-25-30,blue,small,rubber,cube
614,543,154-73-24-25,green,small,rubber,cube
614,1963,93-45-69-51,green,large,rubber,sphere
614,1928,94-46-47-48,green,large,rubber,sphere
748,1128,58-34-33-39,purple,small,rubber,cylinder
748,481,91-79-20-24,gray,small,rubber,cube
748,1320,167-37-36-41,green,large,rubber,cube
748,953,107-15-32-32,green,small,rubber,cube
905,1421,83-40-41-43,green,large,rubber,cube
905,528,122-87-20-27,yellow,small,rubber,cube
85,1106,109-31-31-37,brown,small,rubber,cube
589,1683,92-63-37-49,blue,large,rubber,cylinder
784,1101,44-38-34-39,cyan,small,rubber,cube
784,476,165-48-32-31,brown,small,rubber,sphere
784,1916,145-59-42-51,red,large,rubber,cylinder
784,1896,98-49-49-51,purple,large,rubber,cylinder
784,2876,48-69-57-60,purple,large,rubber,cube
466,344,159-93-21-20,green,small,rubber,sphere
466,3053,88-96-52-63,purple,large,rubber,cylinder
466,1687,131-49-39-49,cyan,large,rubber,cylinder
466,1235,53-64-39-39,cyan,small,rubber,sphere
526,441,29-56-24-22,yellow,small,rubber,cube
526,690,123-110-23-32,brown,small,metal,sphere
60,584,53-37-30-26,blue,small,metal,sphere
60,400,158-63-20-23,brown,small,metal,cube
60,1830,60-57-40-50,purple,large,rubber,cylinder
133,705,90-33-29-29,red,small,metal,sphere
133,830,174-41-32-31,yellow,small,metal,sphere
133,1335,153-74-41-40,red,large,metal,sphere
635,735,70-34-29-30,green,small,metal,sphere
635,412,144-101-21-22,yellow,small,metal,sphere
635,1300,178-62-41-39,blue,small,rubber,sphere
635,1476,63-72-42-43,gray,large,rubber,sphere
635,1114,31-56-38-37,gray,small,rubber,sphere
971,1312,53-31-41-35,gray,large,rubber,sphere
971,547,102-20-24-26,cyan,small,rubber,sphere
971,598,171-80-27-27,red,small,rubber,cube
971,2061,186-50-53-52,green,large,rubber,sphere
971,2618,44-65-54-57,brown,large,rubber,cube
971,391,26-62-19-23,cyan,small,rubber,cube
971,393,126-44-15-34,blue,small,rubber,sphere
472,1099,115-36-30-38,gray,small,rubber,cube
472,424,144-77-19-24,yellow,small,rubber,cube
472,2041,45-69-43-54,gray,large,rubber,sphere
451,971,82-32-31-38,yellow,small,rubber,cube
451,383,155-52-21-20,red,small,rubber,cube
451,336,154-84-20-20,cyan,small,metal,sphere
451,2157,43-50-52-51,yellow,large,rubber,cube
501,730,85-100-28-32,red,small,rubber,cube
501,445,82-77-18-23,blue,small,rubber,cube
501,1120,164-36-32-38,purple,small,rubber,cylinder
501,567,145-81-26-27,purple,small,rubber,cube
501,931,103-29-28-35,cyan,small,rubber,cube
501,1707,39-51-42-48,yellow,large,rubber,cube
335,1768,72-99-46-47,brown,large,rubber,sphere
335,1425,21-46-39-43,red,large,rubber,cylinder
228,430,90-63-21-23,brown,small,rubber,cube
228,603,23-39-34-24,gray,small,rubber,sphere
228,675,91-90-27-30,blue,small,rubber,cube
228,835,114-24-26-33,purple,small,rubber,cube
228,508,127-85-20-27,yellow,small,rubber,cube
228,2330,21-55-55-52,purple,large,rubber,cube
392,608,93-27-26-27,brown,small,rubber,sphere
392,1676,64-44-38-54,red,large,rubber,cube
392,1892,128-59-40-51,purple,large,rubber,sphere
880,653,74-26-27-28,blue,small,metal,sphere
880,419,92-59-20-23,blue,small,rubber,cube
880,1087,28-38-39-43,blue,small,rubber,cube
880,629,142-89-25-28,purple,small,rubber,cube
880,1963,43-59-43-53,purple,large,rubber,cylinder
880,821,100-107-30-35,gray,small,rubber,cube
880,1012,119-53-35-35,red,small,metal,sphere
880,542,177-71-26-25,gray,small,rubber,cube
880,906,108-15-28-33,gray,small,rubber,cube
947,1334,48-41-36-43,yellow,large,rubber,cylinder
947,673,67-102-24-31,red,small,rubber,cylinder
947,1027,172-51-36-35,brown,small,rubber,sphere
947,2217,89-65-43-56,gray,large,rubber,cylinder
637,919,81-32-28-33,purple,small,rubber,cube
637,368,23-62-22-21,gray,small,rubber,cube
637,683,94-106-23-31,blue,small,rubber,sphere
637,1094,119-28-36-35,red,small,rubber,cube
364,958,11-50-35-33,green,small,metal,sphere
364,528,67-95-20-27,brown,small,rubber,cube
364,952,139-53-34-34,brown,small,rubber,sphere
364,3297,84-98-59-61,gray,large,metal,cube
364,959,11-50-64-33,green,small,metal,sphere
561,1302,100-28-39-39,green,large,rubber,cube
561,1772,134-45-45-47,gray,large,rubber,cylinder
881,877,13-42-33-31,gray,small,metal,sphere
881,589,74-95-22-28,blue,small,rubber,cube
881,661,131-104-23-30,blue,small,rubber,cube
881,1463,164-43-37-44,green,large,rubber,cube
881,500,207-66-26-24,brown,small,rubber,cube
881,795,113-40-31-31,blue,small,rubber,sphere
881,453,101-28-26-27,red,small,metal,sphere
881,2406,56-54-42-69,blue,large,rubber,sphere
519,664,81-29-27-28,purple,small,rubber,sphere
519,1310,24-32-45-43,yellow,large,rubber,cube
519,746,141-34-30-29,cyan,small,metal,sphere
519,915,172-43-34-32,cyan,small,metal,sphere
519,2072,49-57-43-53,red,large,rubber,cylinder
524,1437,75-30-42-41,purple,large,rubber,cube
524,356,30-63-20-23,blue,small,rubber,cube
524,1263,128-36-32-41,yellow,small,rubber,cylinder
266,427,39-58-22-22,gray,small,rubber,cube
266,476,68-79-20-25,brown,small,rubber,cube
266,765,85-98-28-33,brown,small,rubber,sphere
266,873,124-48-33-34,brown,small,rubber,sphere
266,2194,148-62-45-56,cyan,large,rubber,cylinder
266,780,113-25-28-35,brown,small,rubber,cube
995,964,15-46-35-34,brown,small,metal,sphere
995,860,131-20-28-35,purple,small,rubber,cube
995,3569,103-91-60-68,yellow,large,rubber,cube
995,1296,123-60-39-46,green,small,rubber,cube
995,1291,93-35-43-43,gray,small,rubber,cube
995,1873,72-69-43-57,red,large,rubber,cube
995,484,186-74-20-24,red,small,rubber,cube
940,2310,130-54-52-55,yellow,large,rubber,cube
940,420,34-69-20-24,cyan,small,rubber,cube
940,1525,81-44-35-46,gray,large,rubber,cylinder
10,1375,134-31-40-40,green,large,rubber,cube
10,448,130-75-19-25,purple,small,rubber,cube
10,1821,14-47-45-49,green,large,rubber,cube
10,1924,189-42-50-47,green,large,rubber,cube
295,1002,123-23-32-34,green,small,rubber,cube
295,1927,92-94-48-49,red,large,rubber,sphere
834,364,59-99-20-20,cyan,small,rubber,sphere
834,1132,197-56-38-36,green,small,rubber,sphere
2,391,23-63-20-20,blue,small,rubber,cube
2,576,98-30-26-26,yellow,small,metal,sphere
2,1096,158-37-33-39,purple,small,metal,cube
2,2594,98-87-46-62,gray,large,rubber,cylinder
2,1687,68-66-44-54,yellow,large,rubber,cube
2,2735,157-37-66-64,purple,large,rubber,cylinder
794,899,88-32-28-35,cyan,small,rubber,cube
794,798,33-46-32-32,green,small,rubber,sphere
794,2765,123-72-55-62,gray,large,rubber,cube
794,2235,55-61-49-52,green,large,rubber,sphere
552,669,98-38-31-27,gray,small,rubber,sphere
552,409,129-71-18-23,purple,small,metal,cube
552,2162,79-62-44-53,red,large,rubber,cube
552,2875,79-39-67-76,red,large,rubber,cube
419,305,88-31-26-19,cyan,small,metal,sphere
419,965,142-31-30-35,purple,small,rubber,cube
419,598,122-80-26-28,gray,small,rubber,cube
419,725,34-36-43-37,gray,small,rubber,cube
419,1634,89-43-42-44,cyan,large,rubber,cube
419,592,110-23-27-30,green,small,rubber,cube
419,1595,43-50-39-46,green,large,rubber,cylinder
525,351,41-61-18-22,yellow,small,rubber,cube
525,658,82-39-29-29,brown,small,metal,sphere
525,556,64-80-24-27,gray,small,rubber,cube
525,1361,172-41-37-42,purple,large,rubber,cylinder
525,565,130-30-28-28,green,small,metal,sphere
525,1405,117-75-41-41,brown,large,rubber,sphere
525,1292,106-49-41-47,blue,small,rubber,cube
525,699,94-22-33-27,blue,small,rubber,cube
131,405,51-56-22-21,red,small,metal,cube
131,446,18-60-24-22,gray,small,rubber,cube
131,3235,54-78-59-65,purple,large,rubber,cube
131,1300,128-66-40-39,gray,small,metal,sphere
541,1283,138-66-40-40,cyan,small,metal,sphere
541,418,113-102-22-22,cyan,small,metal,sphere
33,376,61-94-20-21,cyan,small,rubber,sphere
33,369,156-49-21-20,green,small,rubber,cube
33,593,143-96-22-29,purple,small,rubber,cube
33,466,114-64-22-24,blue,small,rubber,cube
226,1363,21-41-37-42,gray,large,rubber,cylinder
226,1612,113-50-36-51,yellow,large,rubber,cylinder
792,1287,34-43-35-40,cyan,small,rubber,cube
792,863,151-53-32-32,gray,small,rubber,sphere
792,512,134-96-20-27,yellow,small,rubber,sphere
792,2147,86-68-45-53,cyan,large,rubber,cylinder
440,1122,79-26-36-36,blue,small,rubber,cube
440,568,58-92-22-28,brown,small,rubber,cylinder
440,1251,171-38-35-40,blue,small,rubber,sphere
440,467,119-114-23-24,yellow,small,rubber,sphere
440,1525,27-42-38-45,gray,large,rubber,cube
440,1966,123-56-41-49,yellow,large,rubber,cube
440,465,93-65-22-23,red,small,metal,cube
43,455,101-74-19-23,yellow,small,rubber,cube
43,1249,131-40-33-41,green,small,rubber,cube
43,1184,158-62-38-38,red,small,rubber,sphere
43,1631,42-50-39-47,yellow,large,rubber,cylinder
446,1954,75-98-48-49,brown,large,rubber,sphere
446,651,126-28-27-28,brown,small,metal,sphere
446,894,23-42-34-33,gray,small,rubber,sphere
871,1277,31-39-35-41,green,small,rubber,cube
871,833,70-46-32-32,green,small,metal,sphere
871,1342,79-74-41-40,yellow,large,metal,sphere
871,1946,160-61-43-52,red,large,rubber,cylinder
871,834,175-45-38-44,brown,small,rubber,cube
381,976,86-27-29-36,purple,small,rubber,cube
381,396,171-55-22-21,brown,small,rubber,cube
381,2408,37-62-51-58,yellow,large,rubber,cube
194,1137,78-37-31-39,yellow,small,rubber,cube
194,2130,28-57-50-53,yellow,large,rubber,cube
911,1547,170-47-38-46,green,large,rubber,cube
911,2315,125-71-44-58,yellow,large,rubber,cylinder
911,2091,58-51-50-51,gray,large,rubber,sphere
911,428,68-36-30-19,purple,small,metal,sphere
911,771,103-19-26-32,red,small,rubber,cube
719,1295,15-40-37-41,brown,small,metal,cylinder
719,894,49-30-39-40,green,small,rubber,cube
719,432,81-112-22-23,gray,small,metal,sphere
719,763,124-29-30-29,cyan,small,rubber,cube
719,1505,69-45-36-44,cyan,large,rubber,cube
719,390,182-70-19-23,red,small,metal,cube
719,2316,124-54-60-52,red,large,rubber,cube
368,661,89-30-30-38,red,small,rubber,cube
368,940,182-47-34-33,cyan,small,metal,sphere
368,1590,134-38-42-44,blue,large,rubber,cube
368,478,175-82-21-25,cyan,small,rubber,cube
368,375,123-103-20-21,brown,small,metal,sphere
368,1543,97-48-35-46,green,large,rubber,cube
368,1747,64-91-45-47,gray,large,metal,sphere
368,451,55-73-20-25,cyan,small,rubber,cube
454,1606,12-37-46-45,blue,large,rubber,cube
454,625,75-33-29-31,blue,small,metal,sphere
454,622,53-80-27-28,purple,small,rubber,cube
454,2967,99-71-56-63,red,large,rubber,cube
454,2198,153-62-44-59,blue,large,rubber,cylinder
454,998,92-51-39-48,purple,small,rubber,cube
538,836,25-42-32-31,yellow,small,metal,sphere
538,962,64-27-33-38,green,small,rubber,cube
538,755,78-53-34-33,gray,small,rubber,sphere
538,760,142-44-31-33,green,small,rubber,sphere
538,577,140-85-25-29,blue,small,rubber,sphere
538,2187,165-55-53-51,red,large,rubber,sphere
538,2147,95-71-42-56,green,large,rubber,cube
538,1268,105-32-38-39,green,small,rubber,cube
835,809,47-42-31-31,yellow,small,rubber,sphere
835,1326,152-42-44-41,yellow,large,rubber,cube
835,487,182-74-25-25,gray,small,rubber,cube
835,2262,132-70-45-56,gray,large,rubber,sphere
835,1427,96-35-40-41,blue,large,rubber,cube
835,2274,132-69-71-57,gray,large,rubber,sphere
385,1182,84-25-37-36,blue,small,rubber,cube
385,1002,147-30-32-35,cyan,small,metal,cylinder
385,362,177-55-21-21,red,small,rubber,cube
385,772,130-98-30-32,cyan,small,rubber,cube
385,1200,144-62-38-38,green,small,metal,sphere
883,902,79-47-33-32,purple,small,metal,sphere
883,838,35-41-32-31,blue,small,rubber,sphere
883,671,91-93-26-31,red,small,rubber,sphere
883,456,117-66-21-25,brown,small,rubber,cube
230,836,35-38-32-31,gray,small,metal,sphere
230,694,142-42-29-29,red,small,metal,sphere
230,2714,134-72-49-62,cyan,large,rubber,cylinder
230,1533,165-50-43-52,green,large,rubber,cube
984,1125,66-35-40-39,cyan,small,rubber,cube
984,1366,77-81-40-42,cyan,large,metal,sphere
984,1803,41-57-47-52,red,large,rubber,cube
984,1279,179-46-36-43,blue,small,rubber,cube
345,501,83-30-27-27,purple,small,metal,sphere
345,550,117-26-25-27,yellow,small,rubber,sphere
345,295,175-55-22-20,cyan,small,rubber,cube
345,286,138-60-20-22,yellow,small,rubber,cube
345,2833,43-68-58-62,blue,large,rubber,cube
345,1178,150-61-37-38,gray,small,metal,sphere
345,1439,93-48-36-45,purple,large,rubber,cylinder
232,338,43-56-21-19,red,small,rubber,cube
232,810,99-112-24-33,purple,small,rubber,cube
232,1336,188-42-38-41,purple,large,rubber,cylinder
232,687,155-37-28-28,purple,small,metal,sphere
232,959,105-22-34-32,gray,small,rubber,cube
232,1132,125-60-37-37,cyan,small,metal,sphere
760,880,78-27-27-34,blue,small,rubber,cube
760,815,29-50-33-32,brown,small,rubber,sphere
760,409,43-77-18-23,cyan,small,rubber,cube
760,981,136-32-29-36,green,small,rubber,cube
760,1462,179-42-40-39,cyan,large,rubber,cylinder
760,477,130-88-20-25,yellow,small,rubber,cube
760,2780,62-71-56-61,yellow,large,rubber,cube
855,384,80-57-20-21,green,small,rubber,cube
855,651,139-33-28-28,cyan,small,metal,sphere
855,1726,100-84-45-47,purple,large,rubber,sphere
699,451,88-121-22-23,yellow,small,rubber,sphere
699,1152,142-35-32-39,green,small,rubber,cube
771,1279,172-45-35-40,red,small,rubber,cube
771,1286,156-45-51-41,red,small,rubber,cylinder
771,956,115-27-30-33,gray,small,rubber,cube
771,356,70-72-23-20,brown,small,rubber,cube
982,882,187-46-33-31,yellow,small,rubber,sphere
982,1192,131-35-34-39,green,small,metal,cylinder
982,627,163-88-25-26,yellow,small,rubber,cube
982,303,175-75-19-25,green,small,rubber,cube
982,403,40-69-19-23,red,small,metal,cube
982,2448,64-60-53-56,blue,large,rubber,cube
533,449,16-62-23-21,purple,small,metal,cube
533,1943,149-58-41-52,green,large,rubber,cube
533,418,90-73-18-24,green,small,rubber,cube
533,1493,92-39-42-43,brown,large,rubber,cube
633,965,58-28-34-36,gray,small,rubber,cube
633,1004,150-29-32-38,brown,small,rubber,cylinder
633,817,132-100-30-33,brown,small,rubber,cube
633,2493,47-69-47-59,cyan,large,rubber,cylinder
633,1274,31-42-38-45,purple,small,rubber,cube
633,1113,183-52-51-35,purple,small,rubber,sphere
633,1214,105-34-32-40,blue,small,rubber,cube
633,404,93-24-24-28,purple,small,metal,sphere
633,1248,136-61-39-39,cyan,small,metal,sphere
615,1003,121-29-29-36,green,small,rubber,cube
615,1476,3-45-40-44,blue,large,rubber,sphere
615,1133,159-64-37-37,green,small,rubber,sphere
480,436,53-59-22-22,cyan,small,rubber,cube
480,572,66-76-26-27,green,small,rubber,cube
922,388,27-58-21-22,brown,small,rubber,cube
922,538,137-77-24-26,yellow,small,rubber,sphere
152,576,105-96-21-28,purple,small,rubber,cube
152,594,49-84-26-29,blue,small,rubber,cube
152,858,123-45-32-32,brown,small,metal,sphere
152,1485,178-44-39-44,red,large,rubber,cylinder
152,417,149-73-19-23,blue,small,rubber,cube
152,1160,80-64-38-38,brown,small,rubber,sphere
861,1111,50-36-32-38,purple,small,rubber,cylinder
861,394,191-65-20-20,purple,small,rubber,cube
861,643,131-34-28-27,yellow,small,metal,sphere
861,1261,88-79-39-39,red,small,rubber,sphere
861,386,74-73-22-24,green,small,rubber,cube
638,318,54-61-20-22,red,small,rubber,cube
638,1392,127-78-40-42,blue,large,rubber,sphere
638,2135,70-57-49-52,brown,large,rubber,cube
668,1108,83-39-30-38,yellow,small,rubber,cube
668,1160,139-32-37-36,gray,small,rubber,cube
668,1354,18-46-37-41,gray,large,rubber,cylinder
668,3394,78-80-62-70,gray,large,metal,cube
668,2101,141-69-42-55,gray,large,rubber,cylinder
722,457,91-119-23-23,green,small,metal,sphere
722,442,58-80-19-25,yellow,small,rubber,cube
432,508,91-94-19-27,gray,small,rubber,cube
432,837,128-32-29-36,gray,small,rubber,cube
432,2311,119-78-44-58,blue,large,rubber,sphere
432,1073,107-55-36-46,brown,small,rubber,cube
441,2551,68-79-47-62,green,large,rubber,sphere
441,1345,109-25-39-40,blue,large,rubber,cube
765,860,75-29-36-32,blue,small,rubber,cube
765,487,150-81-21-25,green,small,metal,cube
765,1415,195-46-39-42,purple,large,rubber,cylinder
765,548,112-30-25-26,blue,small,rubber,sphere
235,679,58-35-29-29,green,small,metal,sphere
235,1868,179-49-53-49,gray,large,rubber,cube
62,748,70-34-30-29,yellow,small,metal,sphere
178,947,32-45-34-33,blue,small,rubber,sphere
178,797,88-37-31-31,green,small,rubber,sphere
178,3151,90-85-51-68,yellow,large,rubber,cylinder
178,2219,132-60-49-58,cyan,large,metal,cylinder
178,333,188-67-20-23,cyan,small,rubber,cube
470,748,58-35-30-30,yellow,small,metal,sphere
470,1782,113-95-46-47,blue,large,rubber,sphere
470,1602,132-49-38-47,brown,large,rubber,cylinder
983,1016,120-22-32-34,cyan,small,metal,cube
983,1169,50-56-38-38,red,small,rubber,sphere
983,2739,140-67-50-58,yellow,large,rubber,cube
959,3231,140-70-63-65,brown,large,metal,cube
959,924,102-20-28-34,red,small,rubber,cube
959,2100,24-57-46-54,blue,large,rubber,sphere
960,867,93-30-27-33,red,small,rubber,cube
960,433,69-82-19-24,red,small,rubber,cube
320,703,82-37-30-28,cyan,small,metal,sphere
320,2060,160-41-44-59,gray,large,rubber,sphere
320,1233,36-66-39-38,green,small,rubber,sphere
320,2048,84-64-41-54,green,large,rubber,cylinder
320,763,113-111-24-32,gray,small,metal,cube
77,1122,65-28-29-50,brown,small,rubber,cube
77,560,77-99-21-28,cyan,small,rubber,cylinder
77,885,140-50-32-33,cyan,small,metal,sphere
77,590,134-91-25-28,green,small,rubber,cube
77,1929,185-48-51-48,cyan,large,rubber,sphere
77,1913,30-53-47-47,blue,large,rubber,cube
77,749,103-40-29-30,purple,small,rubber,sphere
520,1302,148-44-34-42,brown,large,rubber,cylinder
898,3415,56-84-61-72,blue,large,rubber,sphere
898,1648,122-86-45-45,cyan,large,metal,sphere
898,1527,21-44-39-48,purple,large,rubber,cube
898,1660,160-49-40-47,red,large,rubber,cylinder
898,744,51-68-39-34,red,small,rubber,sphere
898,1399,110-56-38-50,red,large,rubber,cube
478,1213,164-41-33-41,purple,small,rubber,cube
478,2044,44-69-44-54,purple,large,rubber,cylinder
478,2362,101-80-44-59,yellow,large,rubber,cylinder
478,411,145-65-21-23,blue,small,rubber,cube
594,527,103-80-23-26,yellow,small,rubber,sphere
594,1387,148-47-37-43,cyan,large,rubber,cylinder
594,911,111-37-30-38,purple,small,rubber,sphere
671,1297,4-44-38-40,cyan,small,rubber,cylinder
671,415,50-81-19-24,green,small,rubber,cube
671,1078,147-31-32-36,gray,small,metal,cylinder
669,1800,23-40-49-46,purple,large,rubber,cube
669,755,93-22-32-35,yellow,small,rubber,cube
669,2675,117-76-46-63,brown,large,rubber,sphere
669,1278,102-44-34-44,red,small,rubber,cylinder
669,3164,161-50-76-60,green,large,rubber,sphere
704,774,64-47-34-34,brown,small,rubber,sphere
704,2621,131-74-47-62,green,large,rubber,cylinder
704,2199,83-64-43-55,red,large,rubber,cylinder
704,755,109-42-32-33,cyan,small,rubber,sphere
704,529,36-68-25-25,purple,small,rubber,cube
704,2153,169-54-53-57,green,large,rubber,cube
253,786,60-43-30-31,red,small,metal,sphere
253,2464,85-66-52-57,green,large,rubber,cube
253,900,111-44-32-39,purple,small,rubber,cube
211,399,135-71-18-23,red,small,rubber,cube
691,772,165-37-30-30,cyan,small,rubber,sphere
691,476,161-80-21-25,blue,small,metal,cylinder
691,446,32-69-21-25,red,small,rubber,cube
450,760,97-113-24-33,purple,small,rubber,sphere
450,2763,37-66-57-63,cyan,large,rubber,cube
450,1586,181-46-41-45,cyan,large,rubber,cylinder
450,774,107-39-30-30,yellow,small,rubber,sphere
490,582,95-25-26-27,yellow,small,rubber,sphere
490,468,56-85-20-26,blue,small,rubber,cube
490,850,115-48-31-32,green,small,rubber,sphere
490,905,163-37-33-38,purple,small,metal,cube
490,3095,95-91-51-65,green,large,rubber,cube
490,992,33-58-35-35,gray,small,rubber,sphere
490,1097,153-63-36-36,brown,small,metal,sphere
358,1911,115-46-47-49,brown,large,rubber,cube
974,1168,94-33-32-38,blue,small,rubber,cube
974,1933,8-48-52-48,red,large,rubber,sphere
974,695,108-19-33-34,green,small,rubber,cube
591,1017,165-40-32-39,green,small,rubber,cube
591,1456,131-55-41-48,blue,large,rubber,cube
591,856,99-78-45-20,red,small,metal,cube
591,2642,98-78-47-58,red,large,metal,cylinder
708,2518,50-76-47-58,red,large,rubber,cube
708,689,138-37-28-28,green,small,metal,sphere
708,394,180-57-23-20,gray,small,rubber,cube
937,1062,76-29-30-36,purple,small,rubber,cube
937,510,80-92-20-27,green,small,rubber,cube
937,504,189-75-23-23,gray,small,rubber,cube
801,2396,132-68-46-56,cyan,large,rubber,cylinder
259,519,100-84-21-25,red,small,metal,cube
259,684,129-33-28-29,brown,small,rubber,sphere
176,386,68-96-21-21,red,small,metal,sphere
176,1052,182-51-36-35,brown,small,metal,sphere
176,925,111-24-29-34,gray,small,metal,cube
677,510,115-84-20-27,yellow,small,rubber,cube
677,477,54-65-23-24,green,small,rubber,sphere
431,903,28-47-33-32,red,small,metal,sphere
431,2876,65-78-49-62,cyan,large,rubber,cylinder
431,972,136-28-29-36,brown,small,rubber,cylinder
431,623,122-86-25-29,yellow,small,metal,cube
431,1772,177-47-46-44,green,large,rubber,cube
431,861,99-24-29-34,green,small,rubber,cube
981,682,148-42-31-31,cyan,small,metal,sphere
981,771,140-95-30-31,red,small,metal,cube
981,3408,72-76-59-69,gray,large,rubber,cylinder
981,1545,120-54-39-51,green,large,rubber,cube
981,417,183-68-19-24,red,small,rubber,cube
981,581,112-24-26-27,cyan,small,metal,sphere
981,855,54-64-39-40,purple,small,rubber,sphere
987,1346,82-39-36-40,yellow,large,rubber,cube
987,1268,126-74-39-39,yellow,small,metal,sphere
707,409,121-50-21-22,cyan,small,rubber,sphere
707,1862,15-43-47-51,purple,large,rubber,cube
377,1214,20-41-35-39,gray,small,rubber,cylinder
377,903,54-44-34-40,red,small,rubber,cylinder
377,564,136-29-27-31,green,small,rubber,cube
377,459,119-85-19-25,green,small,rubber,cube
377,1048,93-25-35-34,purple,small,rubber,cube
377,2412,61-69-48-53,gray,large,rubber,cube
377,2298,148-58-55-53,blue,large,rubber,cube
377,1108,124-48-35-43,blue,small,rubber,cube
427,1618,7-42-47-42,red,large,rubber,cube
427,1256,55-34-39-37,brown,small,rubber,cube
427,857,137-30-30-32,cyan,small,rubber,cube
427,630,141-93-24-29,cyan,small,rubber,cube
427,3511,77-82-64-70,green,large,metal,cube
427,1272,111-46-33-42,red,small,rubber,cylinder
427,879,59-73-38-41,brown,small,metal,sphere
97,1122,87-34-30-38,brown,small,rubber,cube
97,2437,58-75-46-60,red,large,rubber,cylinder
97,682,143-32-51-50,purple,small,rubber,sphere
97,674,143-32-28-29,purple,small,rubber,sphere
97,1883,118-61-40-51,red,large,rubber,cylinder
97,1474,8-44-40-44,blue,large,rubber,cylinder
97,1484,8-44-63-44,blue,large,rubber,sphere
475,752,44-36-30-30,green,small,metal,sphere
475,1018,77-28-37-38,cyan,small,rubber,cube
475,622,89-98-22-29,gray,small,rubber,cube
475,1432,103-35-38-47,cyan,large,rubber,cylinder
535,1346,31-45-41-41,blue,large,rubber,cube
535,943,88-30-32-34,green,small,rubber,cube
535,490,105-90-19-26,red,small,rubber,sphere
535,543,154-85-23-25,red,small,rubber,cube
535,1792,184-50-49-47,purple,large,rubber,cube
535,1761,64-58-39-48,green,large,rubber,cube
817,1196,78-35-32-39,cyan,small,metal,cube
817,1121,132-24-38-33,blue,small,rubber,cylinder
817,1906,190-43-49-45,purple,large,rubber,cube
817,1753,124-55-39-51,red,large,rubber,cylinder
817,2177,98-98-50-53,gray,large,metal,sphere
817,2503,33-64-49-56,gray,large,rubber,cube
135,623,101-83-25-28,yellow,small,rubber,cube
135,2324,35-52-54-53,green,large,rubber,cube
515,444,74-96-17-27,purple,small,rubber,cube
515,983,138-31-32-35,purple,small,rubber,cube
515,3117,74-89-69-65,green,large,metal,cube
39,1240,147-32-39-39,brown,small,rubber,cube
39,547,141-90-21-27,red,small,rubber,cube
39,1090,40-58-37-36,red,small,rubber,sphere
158,607,74-30-27-27,gray,small,metal,sphere
158,2370,74-82-44-59,green,large,rubber,sphere
158,1772,179-55-43-48,gray,large,rubber,cube
158,1104,144-68-36-36,purple,small,rubber,sphere
218,2028,35-51-50-49,green,large,rubber,sphere
218,2476,86-76-45-60,red,large,rubber,cylinder
218,719,111-25-31-33,green,small,rubber,cube
467,434,55-59-23-22,gray,small,rubber,cube
467,631,71-97-22-30,cyan,small,rubber,cube
467,911,123-37-31-39,yellow,small,rubber,cube
467,2072,102-61-41-53,green,large,rubber,cylinder
225,351,172-50-21-20,gray,small,rubber,cube
225,1973,12-47-49-46,gray,large,rubber,cube
225,2178,138-65-44-56,blue,large,rubber,sphere
225,2293,66-59-48-53,brown,large,rubber,cube
225,1325,118-42-43-46,brown,large,rubber,cube
225,482,194-72-24-25,red,small,rubber,cube
763,1554,17-36-44-40,yellow,large,rubber,cube
763,993,162-50-35-34,yellow,small,rubber,sphere
763,1064,111-54-35-36,purple,small,metal,sphere
166,528,54-31-30-33,green,small,rubber,cube
166,1178,152-35-33-39,red,small,rubber,cylinder
166,488,118-84-20-25,red,small,rubber,cube
166,563,148-90-21-28,yellow,small,rubber,sphere
166,450,180-75-21-24,cyan,small,rubber,cube
166,1028,58-46-39-31,green,small,rubber,cube
166,2628,51-73-48-62,yellow,large,rubber,cylinder
166,3638,51-46-48-89,green,large,rubber,cylinder
836,851,19-48-33-32,blue,small,rubber,sphere
836,533,72-89-20-26,blue,small,rubber,cube
836,932,145-32-29-34,blue,small,rubber,cylinder
836,793,120-26-26-32,cyan,small,rubber,cube
738,1554,201-46-38-45,yellow,large,rubber,sphere
803,407,21-59-22-22,blue,small,rubber,cube
803,546,47-81-24-28,cyan,small,rubber,cube
803,688,136-95-28-30,green,small,rubber,cube
803,1507,168-47-38-45,gray,large,rubber,sphere
803,757,98-39-30-30,blue,small,metal,sphere
330,574,63-45-29-32,green,small,rubber,cube
330,2541,61-78-47-61,red,large,rubber,sphere
330,868,126-19-27-34,green,small,rubber,cube
330,1928,26-54-53-57,gray,large,rubber,cube
330,1378,90-50-37-48,red,large,rubber,cylinder
134,821,28-46-31-31,green,small,metal,sphere
134,997,82-24-35-35,gray,small,rubber,cylinder
134,960,57-31-29-35,green,small,metal,cube
134,543,104-101-20-27,gray,small,rubber,cube
134,538,120-25-25-25,red,small,rubber,sphere
134,772,161-42-31-30,cyan,small,metal,sphere
134,458,143-69-22-23,yellow,small,rubber,cube
362,1459,66-85-42-43,green,large,metal,sphere
362,1139,148-41-32-39,red,small,rubber,cylinder
362,623,128-92-26-29,yellow,small,rubber,sphere
362,1096,109-34-32-36,brown,small,metal,cylinder
718,709,81-33-37-36,gray,small,rubber,cube
718,484,119-97-19-26,blue,small,rubber,cube
718,516,146-88-23-27,purple,small,rubber,cube
718,1599,93-47-42-45,purple,large,rubber,cube
212,1166,33-44-34-41,blue,small,rubber,cube
212,887,95-113-31-35,cyan,small,rubber,cube
212,1148,165-37-33-39,red,small,rubber,cylinder
212,2098,61-55-50-51,cyan,large,rubber,cube
212,2070,110-63-43-51,green,large,rubber,cylinder
117,487,190-61-26-23,brown,small,rubber,cube
117,1399,111-68-41-41,yellow,large,rubber,sphere
592,1220,133-24-37-37,green,small,rubber,cube
592,608,178-75-28-26,green,small,rubber,cube
592,1571,92-74-44-45,cyan,large,metal,sphere
592,1469,76-43-41-47,gray,large,rubber,sphere
280,610,85-25-26-27,purple,small,metal,sphere
280,1506,134-41-38-45,red,large,rubber,cylinder
280,1711,185-51-43-48,red,large,rubber,cylinder
752,934,155-36-31-34,brown,small,rubber,cylinder
752,451,155-90-19-28,yellow,small,rubber,cube
752,1593,44-57-39-47,yellow,large,rubber,sphere
752,2402,111-85-44-60,purple,large,rubber,cylinder
752,390,157-68-20-22,gray,small,rubber,cube
752,868,112-85-43-24,purple,small,rubber,cube
942,318,26-62-20-20,purple,small,rubber,cube
942,527,104-91-20-27,yellow,small,rubber,sphere
942,745,165-40-30-30,yellow,small,rubber,sphere
942,463,167-84-20-24,red,small,metal,cube
942,1463,195-46-40-43,blue,large,rubber,cylinder
942,475,36-72-24-25,brown,small,rubber,cube
942,1211,109-40-32-40,gray,small,rubber,cube
281,1317,55-35-40-39,purple,large,rubber,cube
281,365,30-62-20-21,yellow,small,rubber,cube
281,478,80-80-21-23,gray,small,rubber,cube
28,850,14-46-33-31,purple,small,rubber,sphere
28,637,66-35-27-27,purple,small,metal,sphere
28,1410,63-76-42-41,yellow,large,rubber,sphere
28,1868,178-48-50-48,red,large,rubber,cube
28,756,108-98-29-32,red,small,rubber,cube
800,1736,63-84-47-46,gray,large,metal,sphere
800,682,118-34-29-28,yellow,small,metal,sphere
646,1103,148-43-34-37,gray,small,rubber,cube
646,2935,128-74-58-65,brown,large,metal,cube
646,1695,184-53-42-48,red,large,rubber,cylinder
646,2453,75-65-49-57,red,large,rubber,cube
646,963,103-25-28-36,purple,small,rubber,cube
646,1042,130-74-56-31,gray,small,rubber,sphere
866,1075,68-34-32-37,cyan,small,rubber,cube
866,326,41-60-20-23,red,small,rubber,cube
866,545,126-99-20-29,brown,small,rubber,sphere
866,1053,186-58-36-35,yellow,small,rubber,sphere
866,548,102-21-25-26,blue,small,rubber,sphere
866,2046,60-70-42-54,green,large,rubber,sphere
296,1052,80-24-32-36,blue,small,rubber,cube
296,858,136-27-29-34,yellow,small,rubber,cube
296,1770,175-45-62-48,green,large,rubber,cube
296,2025,121-57-47-51,green,large,rubber,cube
481,398,18-64-20-22,green,small,metal,cube
481,650,98-26-28-27,cyan,small,metal,sphere
481,1507,58-74-43-43,brown,large,metal,sphere
481,1407,141-39-35-44,brown,large,rubber,cylinder
481,470,183-74-22-24,purple,small,rubber,cylinder
481,1997,98-95-49-49,gray,large,metal,sphere
821,659,77-31-37-31,purple,small,rubber,cube
821,708,99-111-27-32,green,small,rubber,cube
821,439,136-30-23-26,brown,small,rubber,cube
821,810,153-37-30-36,red,small,rubber,cube
821,566,139-95-23-27,purple,small,rubber,cube
821,526,116-87-24-26,red,small,rubber,cube
821,1910,163-56-50-49,cyan,large,metal,cube
821,1703,8-42-50-48,gray,large,rubber,sphere
821,1603,83-48-43-45,red,large,rubber,cube
799,1569,122-82-44-44,blue,large,rubber,sphere
799,2332,29-62-49-52,green,large,rubber,cube
630,974,125-28-28-35,red,small,rubber,cube
630,954,187-49-34-33,gray,small,rubber,sphere
630,464,169-82-20-25,green,small,rubber,cube
474,439,82-78-19-24,green,small,rubber,cube
474,2118,134-68-43-55,blue,large,rubber,sphere
309,1303,140-31-40-38,yellow,large,rubber,cube
468,412,78-62-21-23,red,small,rubber,cube
468,528,79-125-28-27,gray,small,rubber,cube
468,1250,139-40-33-41,green,small,rubber,cube
468,481,131-88-19-26,blue,small,rubber,sphere
468,2123,170-55-52-50,purple,large,rubber,cube
468,381,60-73-18-22,red,small,rubber,cube
891,1191,95-38-31-41,cyan,small,rubber,cube
891,431,119-112-22-22,purple,small,rubber,sphere
891,1604,17-41-43-47,green,large,rubber,cube
891,1769,179-54-43-49,red,large,rubber,cylinder
891,1983,58-63-42-53,cyan,large,rubber,cylinder
891,970,126-53-34-34,green,small,metal,sphere
827,796,76-55-37-30,cyan,small,rubber,sphere
827,2426,78-75-45-60,yellow,large,rubber,sphere
827,926,169-49-33-34,blue,small,rubber,sphere
827,645,161-87-28-28,green,small,rubber,cube
827,674,73-33-30-32,blue,small,rubber,cube
827,881,113-21-29-32,blue,small,metal,cylinder
667,863,23-48-33-31,red,small,metal,sphere
667,513,82-80-22-26,yellow,small,rubber,cube
667,693,95-104-25-31,blue,small,metal,cylinder
667,520,144-89-20-26,red,small,rubber,cube
667,372,179-69-18-22,red,small,rubber,cube
248,609,134-35-27-27,green,small,rubber,sphere
248,3722,82-86-66-73,red,large,metal,cube
248,1094,58-73-40-41,brown,small,rubber,sphere
29,431,164-63-22-23,purple,small,rubber,cube
29,1834,12-42-49-46,yellow,large,rubber,cube
29,706,107-35-28-30,purple,small,rubber,sphere
182,1374,38-74-42-41,blue,large,metal,sphere
182,698,99-99-27-30,red,small,rubber,cube
182,1623,152-39-43-43,brown,large,rubber,cube
182,1963,77-51-46-51,purple,large,rubber,cube
714,1227,62-41-33-41,green,small,rubber,cube
714,772,86-29-28-34,gray,small,rubber,cube
714,567,102-100-20-29,yellow,small,rubber,cylinder
48,1577,62-88-44-44,red,large,metal,sphere
48,431,131-77-18-24,green,small,rubber,cube
939,1201,60-31-36-36,purple,small,rubber,cube
939,1202,131-39-32-40,green,small,rubber,cube
939,734,126-98-29-32,gray,small,rubber,cube
939,423,188-73-20-23,cyan,small,metal,cylinder
26,1065,88-35-29-37,red,small,rubber,cube
26,454,178-65-24-22,brown,small,rubber,cube
26,390,72-71-18-23,purple,small,rubber,cube
26,2291,94-72-43-57,red,large,rubber,cylinder
886,1387,17-44-38-42,red,large,rubber,cylinder
886,974,86-24-33-34,purple,small,rubber,cube
886,789,168-43-31-30,red,small,rubber,sphere
886,508,172-81-24-27,purple,small,rubber,cube
886,3029,101-77-59-65,red,large,rubber,cube
825,2551,82-51-50-73,purple,large,rubber,cylinder
688,1513,48-34-43-42,purple,large,rubber,cube
688,448,13-61-25-22,red,small,rubber,cube
688,622,90-27-27-27,yellow,small,metal,sphere
688,556,77-79-25-27,green,small,rubber,sphere
688,1005,122-26-29-36,purple,small,rubber,cube
688,972,188-50-35-34,blue,small,rubber,sphere
688,1430,103-79-41-41,cyan,large,metal,sphere
516,357,140-46-20-20,cyan,small,rubber,cube
516,1938,170-47-45-47,green,large,metal,cube
516,1358,95-25-39-40,red,large,rubber,cube
919,786,63-40-31-31,green,small,rubber,sphere
919,533,80-80-22-26,purple,small,rubber,cube
919,922,134-26-28-34,purple,small,rubber,cube
919,1192,102-34-31-38,yellow,small,rubber,cube
703,1270,142-32-39-38,blue,small,rubber,cube
703,1114,104-62-36-38,brown,small,rubber,sphere
703,1716,184-47-46-47,yellow,large,rubber,cube
517,1404,23-35-38-43,green,large,rubber,cube
517,1527,58-75-43-44,brown,large,rubber,sphere
517,1172,137-22-33-36,purple,small,metal,cube
517,1911,122-92-48-48,brown,large,rubber,sphere
517,435,116-74-18-24,red,small,rubber,sphere
517,522,170-81-22-27,cyan,small,metal,cylinder
517,1089,177-51-38-37,yellow,small,rubber,sphere
517,1333,96-39-34-45,blue,large,rubber,cube
563,370,88-51-19-21,brown,small,rubber,cube
563,1076,197-48-37-35,brown,small,rubber,sphere
563,1150,157-30-34-40,blue,small,rubber,cube
563,760,122-110-25-34,purple,small,rubber,cube
563,455,26-68-21-24,green,small,metal,cube
563,717,101-87-28-31,red,small,rubber,cube
742,469,88-113-23-23,gray,small,metal,sphere
742,416,120-71-18-24,purple,small,rubber,cube
742,2015,25-53-46-53,green,large,rubber,cube
554,1089,81-29-30-38,cyan,small,rubber,cube
554,394,178-54-21-20,purple,small,rubber,cube
554,360,171-91-20-20,blue,small,rubber,sphere
554,411,130-76-22-25,yellow,small,rubber,cube
554,556,54-71-25-25,yellow,small,rubber,sphere
554,3550,82-79-60-70,yellow,large,rubber,cube
310,527,101-28-25-25,red,small,rubber,sphere
310,2047,111-64-45-53,blue,large,rubber,cylinder
310,480,164-75-25-24,brown,small,rubber,cube
310,918,83-57-32-35,gray,small,metal,sphere
716,865,44-43-32-33,brown,small,rubber,sphere
716,755,83-37-29-30,brown,small,rubber,sphere
716,391,105-112-21-22,brown,small,rubber,sphere
716,1294,60-74-40-39,cyan,small,rubber,sphere
716,669,114-28-28-28,green,small,metal,sphere
716,551,149-94-21-28,cyan,small,rubber,cube
716,411,155-79-24-24,brown,small,rubber,cube
255,382,80-105-21-21,blue,small,rubber,sphere
255,542,52-85-23-28,cyan,small,rubber,cube
255,1193,135-36-39-42,blue,small,rubber,cube
255,670,121-16-34-32,purple,small,rubber,cube
255,1610,111-49-36-48,green,large,rubber,cube
893,548,99-90-22-26,green,small,rubber,cube
893,378,194-64-20-22,green,small,rubber,cube
893,438,36-69-23-24,purple,small,metal,cube
130,1320,86-30-38-39,purple,large,rubber,cube
130,479,76-77-23-25,brown,small,rubber,cube
130,710,58-94-29-30,yellow,small,rubber,cube
130,931,163-39-33-42,brown,small,rubber,cube
130,1544,19-47-40-45,red,large,rubber,cylinder
130,1615,138-51-38-48,brown,large,rubber,cylinder
879,942,46-53-34-33,yellow,small,rubber,sphere
879,405,194-59-24-22,gray,small,rubber,cube
721,1135,65-37-33-40,cyan,small,rubber,cube
721,415,123-103-21-23,brown,small,rubber,sphere
721,2725,145-67-51-56,gray,large,rubber,cube
721,1683,0-44-43-46,cyan,large,rubber,cube
721,882,185-60-34-38,yellow,small,metal,sphere
721,1366,77-69-40-40,cyan,large,metal,sphere
347,2419,73-70-45-58,gray,large,rubber,cylinder
347,1651,123-51-40-47,brown,large,rubber,cylinder
339,429,32-62-25-20,yellow,small,rubber,cube
339,471,39-81-21-26,brown,small,rubber,cube
339,926,185-44-33-33,gray,small,rubber,sphere
339,437,166-75-20-24,red,small,rubber,cube
339,602,137-100-23-30,red,small,rubber,cylinder
339,964,108-23-29-35,cyan,small,rubber,cube
543,2847,64-84-54-65,green,large,rubber,cube
543,1490,19-46-41-45,blue,large,rubber,cube
543,439,192-71-23-24,brown,small,rubber,cube
726,1033,91-21-33-34,blue,small,rubber,cube
726,729,47-36-30-29,blue,small,metal,sphere
726,349,78-98-20-20,red,small,rubber,sphere
726,458,60-83-20-25,green,small,rubber,cube
804,1086,84-28-35-34,gray,small,rubber,cube
804,922,46-54-34-33,green,small,rubber,sphere
489,1057,133-27-30-37,red,small,rubber,cylinder
489,708,169-33-40-23,cyan,small,rubber,cube
489,884,128-101-31-34,brown,small,rubber,cube
489,2438,32-64-48-58,yellow,large,rubber,cylinder
489,2461,159-51-57-54,yellow,large,rubber,cube
576,470,119-41-28-29,purple,small,metal,sphere
576,2319,84-80-44-58,brown,large,rubber,cylinder
576,1636,133-51-40-44,cyan,large,rubber,sphere
576,776,50-76-36-32,yellow,small,rubber,cube
234,996,46-44-38-31,purple,small,rubber,cube
234,715,83-31-29-30,cyan,small,metal,sphere
234,421,93-110-21-23,gray,small,metal,sphere
234,1632,169-42-42-43,red,large,metal,cylinder
234,644,129-36-32-27,green,small,rubber,sphere
234,597,136-24-38-37,gray,small,rubber,cube
234,2219,111-54-50-53,cyan,large,rubber,cube
234,2765,39-72-54-58,gray,large,rubber,cube
108,896,184-47-33-32,purple,small,rubber,sphere
293,1349,36-36-36-43,cyan,large,rubber,cylinder
293,553,41-80-24-27,brown,small,rubber,cube
293,384,204-62-20-21,blue,small,rubber,cube
293,410,119-18-26-32,brown,small,rubber,cube
293,364,151-95-20-20,red,small,metal,sphere
412,804,148-38-30-31,gray,small,rubber,sphere
412,2607,103-77-47-61,yellow,large,rubber,sphere
412,1117,73-57-37-38,gray,small,metal,sphere
951,1475,124-39-43-43,blue,large,rubber,cube
951,498,191-74-25-24,gray,small,rubber,cube
951,506,174-82-21-26,brown,small,rubber,cube
951,456,112-23-25-24,cyan,small,rubber,cube
951,1834,83-36-45-55,yellow,large,rubber,cube
860,365,50-53-20-20,purple,small,metal,cube
860,740,71-100-28-32,gray,small,rubber,cube
860,1048,54-99-45-33,gray,small,rubber,cube
860,2257,154-55-53-53,red,large,rubber,sphere
860,909,110-26-28-34,blue,small,rubber,cylinder
438,904,71-52-33-33,red,small,rubber,sphere
438,605,58-33-28-29,green,small,rubber,sphere
438,1565,68-92-43-43,brown,large,rubber,sphere
438,604,133-27-26-26,cyan,small,metal,sphere
438,1117,27-63-38-36,red,small,rubber,sphere
438,2011,146-67-43-53,purple,large,rubber,sphere
438,536,105-20-24-26,yellow,small,rubber,sphere
438,927,29-52-75-33,red,small,rubber,sphere
438,272,188-75-18-22,cyan,small,metal,cube
59,775,129-46-31-30,brown,small,rubber,sphere
59,1814,184-48-48-44,gray,large,rubber,cube
59,968,98-20-33-33,green,small,rubber,cube
59,1123,58-65-37-37,blue,small,metal,sphere
783,1000,86-28-29-37,red,small,rubber,cube
783,1192,38-36-34-40,green,small,rubber,cube
783,471,114-82-19-25,green,small,metal,cube
783,437,132-109-23-22,gray,small,metal,sphere
783,2149,151-36-49-56,purple,large,rubber,cube
155,728,54-39-29-29,blue,small,metal,sphere
155,547,76-93-21-28,blue,small,rubber,cube
155,935,138-29-37-36,red,small,rubber,cube
155,1319,162-41-40-43,blue,large,metal,cube
155,816,101-25-26-32,blue,small,metal,cube
155,1066,23-57-36-35,purple,small,metal,sphere
155,3066,115-63-61-71,purple,large,rubber,cube
780,943,5-46-35-32,yellow,small,metal,sphere
780,1486,46-79-43-42,gray,large,metal,sphere
780,487,170-86-21-26,red,small,rubber,cube
31,1320,30-36-36-42,blue,large,rubber,cylinder
31,526,52-88-22-28,cyan,small,rubber,cube
31,1806,179-39-49-45,gray,large,rubber,cube
31,474,95-71-20-24,green,small,rubber,cube
44,1327,68-34-36-40,green,large,rubber,cube
44,664,95-101-22-31,cyan,small,rubber,sphere
44,427,136-61-23-22,green,small,rubber,cube
682,1039,11-46-36-35,green,small,metal,sphere
682,1096,79-28-30-38,blue,small,rubber,cube
682,616,90-86-27-30,red,small,rubber,cube
682,346,36-82-20-20,purple,small,metal,sphere
682,644,127-26-28-27,green,small,metal,sphere
682,645,156-93-27-30,yellow,small,rubber,cube
682,2019,111-90-49-51,yellow,large,rubber,sphere
52,1172,155-36-33-39,cyan,small,rubber,cube
52,440,115-78-18-25,yellow,small,rubber,cube
418,1064,47-36-31-38,red,small,rubber,cylinder
418,1160,158-41-34-40,gray,small,rubber,cylinder
418,2243,130-72-44-57,blue,large,rubber,cylinder
418,903,91-45-37-44,yellow,small,rubber,cube
57,652,68-89-26-28,purple,small,rubber,cube
57,831,175-41-31-32,gray,small,rubber,sphere
57,2813,134-74-52-58,gray,large,metal,cylinder
57,547,102-23-25-26,red,small,metal,sphere
57,1435,111-51-44-47,purple,large,rubber,cube
973,695,115-87-27-30,purple,small,rubber,cube
640,1005,16-47-36-34,cyan,small,metal,sphere
640,785,82-102-26-33,cyan,small,rubber,cube
640,1466,156-31-43-41,red,large,rubber,sphere
640,918,130-24-29-34,purple,small,rubber,cube
640,392,117-99-21-22,yellow,small,rubber,sphere
640,1191,126-59-38-38,red,small,rubber,sphere
640,1122,97-29-30-36,brown,small,metal,cube
144,842,73-44-31-31,yellow,small,rubber,sphere
144,891,123-21-28-34,gray,small,rubber,cylinder
144,1742,174-53-42-48,brown,large,rubber,cylinder
144,1657,105-87-44-45,brown,large,metal,sphere
144,2334,32-62-52-57,brown,large,rubber,cube
200,1103,33-34-40-44,purple,small,rubber,cube
200,2729,69-81-48-63,gray,large,rubber,sphere
200,852,167-44-33-33,green,small,metal,sphere
200,446,131-63-21-23,yellow,small,rubber,cube
200,428,164-71-19-24,cyan,small,rubber,cube
200,1562,50-55-53-51,brown,large,rubber,cube
693,1762,137-39-45-45,purple,large,rubber,cube
693,511,181-81-22-27,yellow,small,rubber,cube
693,2191,66-64-43-56,cyan,large,rubber,cylinder
700,1008,84-31-30-34,purple,small,rubber,cube
700,526,122-91-20-27,brown,small,rubber,cylinder
700,2080,52-61-43-55,purple,large,rubber,cylinder
700,1642,172-50-41-46,gray,large,rubber,sphere
600,368,91-105-20-21,purple,small,rubber,sphere
600,626,142-33-27-28,gray,small,rubber,sphere
600,2231,120-63-50-53,yellow,large,rubber,cube
600,1423,167-48-36-44,gray,large,rubber,sphere
600,973,101-34-28-36,brown,small,rubber,cylinder
705,1314,90-37-34-42,cyan,large,rubber,cylinder
705,906,133-21-28-35,brown,small,rubber,cylinder
705,1366,167-72-40-40,purple,large,rubber,sphere
705,3150,58-62-58-81,yellow,large,rubber,cube
705,564,73-28-26-29,gray,small,metal,sphere
324,960,4-46-35-33,cyan,small,metal,sphere
324,863,83-26-28-34,green,small,rubber,cube
324,1230,53-34-34-39,yellow,small,rubber,cube
324,1177,153-38-35-40,yellow,small,rubber,cube
324,365,137-93-20-21,cyan,small,rubber,sphere
324,1533,203-46-36-46,cyan,large,rubber,cylinder
324,1238,84-62-38-39,green,small,metal,sphere
324,550,153-72-25-26,cyan,small,rubber,cube
661,447,30-62-24-22,cyan,small,rubber,cube
661,624,65-85-26-29,purple,small,rubber,cube
661,1339,175-41-36-41,blue,large,rubber,sphere
661,1030,130-25-35-36,red,small,rubber,cube
661,2656,122-78-47-62,yellow,large,rubber,cylinder
661,696,104-34-28-29,yellow,small,rubber,sphere
